history_id,asset_id,date,task_type,defect_type,action_taken,duration_minutes,maintenance_status,defect_resolved,condition_before,condition_after,remarks
HST-00001,AST-ENG-0079,2025-11-23,Rail Replacement,Defective Alumino-Thermic (AT) Weld Joint,Repaired and calibrated Defective Alumino-Thermic (AT) Weld Joint,125,Completed,Yes,Fair,Good,Maintenance executed under standard Engineering divisional safety window.
HST-00002,AST-S&T-0212,2025-12-13,Track Circuit Maintenance,Ballast Resistance Leakage (Low Ballast Resistance),Joint safety inspection and rectified Ballast Resistance Leakage (Low Ballast Resistance),71,Completed,Yes,Fair,Good,Maintenance executed under standard S&T divisional safety window.
HST-00003,AST-ENG-0021,2026-08-04,Ballast Cleaning,Level Crossing Ballast Deep Screening,Executed scheduled overhaul of Ballast Cleaning,365,Completed,Yes,Poor,Good,Maintenance executed under standard Engineering divisional safety window.
HST-00004,AST-TRD-0423,2026-01-17,OHE Component Replacement,Traction Substation 25kV Vacuum Circuit Breaker (VCB) Fault,Replaced defective wear components for Traction Substation 25kV Vacuum Circuit Breaker (VCB) Fault,225,Completed,Yes,Degraded,Good,Maintenance executed under standard TRD divisional safety window.
HST-00005,AST-TRD-0444,2026-08-09,OHE Component Replacement,Traction Substation 132kV Isolator Contact Blade Pitting,Repaired and calibrated Traction Substation 132kV Isolator Contact Blade Pitting,163,Completed,Yes,Critical,Good,Maintenance executed under standard TRD divisional safety window.
HST-00006,AST-ENG-0001,2025-09-12,Ballast Cleaning,Cess / Drainage Deepening,Joint safety inspection and rectified Cess / Drainage Deepening,295,Completed,Yes,Degraded,Good,Maintenance executed under standard Engineering divisional safety window.
HST-00007,AST-TRD-0487,2026-08-05,OHE Wire Maintenance,Anti-Creep Wire Sagging,Joint safety inspection and rectified Anti-Creep Wire Sagging,148,Completed,Yes,Critical,Good,Maintenance executed under standard TRD divisional safety window.
HST-00008,AST-S&T-0207,2026-01-01,Axle Counter Maintenance,Axle Counter Evaluator Card Failure,Routine preventive servicing and functional testing,83,Completed,Yes,Degraded,Good,Maintenance executed under standard S&T divisional safety window.
HST-00009,AST-S&T-0369,2025-12-12,Signal Maintenance,Integrated Power Supply (IPS) Module Failure,Replaced defective wear components for Integrated Power Supply (IPS) Module Failure,132,Completed,Yes,Critical,Good,Maintenance executed under standard S&T divisional safety window.
HST-00010,AST-ENG-0061,2026-05-17,Sleeper Replacement,Damaged Elastic Rail Clips (ERC),Executed scheduled overhaul of Sleeper Replacement,70,Requires Follow-up,Partial,Fair,Fair,Maintenance executed under standard Engineering divisional safety window.
HST-00011,AST-ENG-0167,2026-03-27,Track Inspection,Ballast Deficiency / Shoulder Loss,Executed scheduled overhaul of Track Inspection,168,Completed,Yes,Degraded,Good,Maintenance executed under standard Engineering divisional safety window.
HST-00012,AST-S&T-0269,2025-10-10,Point Machine Maintenance,Ground Connection Rodding Buckling,Executed scheduled overhaul of Point Machine Maintenance,109,Completed,Yes,Poor,Good,Maintenance executed under standard S&T divisional safety window.
HST-00013,AST-ENG-0020,2026-06-04,Track Inspection,Formation / Embankment Settlement,Replaced defective wear components for Formation / Embankment Settlement,243,Completed,Yes,Critical,Good,Maintenance executed under standard Engineering divisional safety window.
HST-00014,AST-TRD-0435,2026-03-23,OHE Wire Maintenance,Contact Wire Splice Sleeve Deformation,Routine preventive servicing and functional testing,98,Completed,Yes,Fair,Good,Maintenance executed under standard TRD divisional safety window.
HST-00015,AST-TRD-0478,2025-10-03,OHE Wire Maintenance,Contact Wire Splice Sleeve Deformation,Executed scheduled overhaul of OHE Wire Maintenance,94,Requires Follow-up,Partial,Fair,Fair,Maintenance executed under standard TRD divisional safety window.
HST-00016,AST-TRD-0454,2026-05-29,OHE Component Replacement,Section Insulator Runner Wear,Joint safety inspection and rectified Section Insulator Runner Wear,175,Completed,Yes,Fair,Good,Maintenance executed under standard TRD divisional safety window.
HST-00017,AST-ENG-0168,2025-12-16,Track Tamping,Bridge Transition Approach Settlement,Routine preventive servicing and functional testing,226,Completed,Yes,Degraded,Good,Maintenance executed under standard Engineering divisional safety window.
HST-00018,AST-TRD-0501,2026-05-10,OHE Wire Maintenance,Anti-Creep Wire Sagging,Executed scheduled overhaul of OHE Wire Maintenance,121,Completed,Yes,Degraded,Good,Maintenance executed under standard TRD divisional safety window.
HST-00019,AST-ENG-0018,2026-05-16,Sleeper Replacement,Broken PSC Sleeper,Joint safety inspection and rectified Broken PSC Sleeper,141,Completed,Yes,Fair,Good,Maintenance executed under standard Engineering divisional safety window.
HST-00020,AST-S&T-0341,2025-09-28,Point Machine Maintenance,Point Machine Motor Replacement,Replaced defective wear components for Point Machine Motor Replacement,128,Completed,Yes,Fair,Good,Maintenance executed under standard S&T divisional safety window.
HST-00021,AST-S&T-0217,2026-01-19,Track Circuit Maintenance,Glued Insulated Rail Joint (GJ) Failure,Replaced defective wear components for Glued Insulated Rail Joint (GJ) Failure,201,Completed,Yes,Degraded,Good,Maintenance executed under standard S&T divisional safety window.
HST-00022,AST-TRD-0578,2025-12-25,Contact Wire Replacement,In-Span Splice Elimination,Routine preventive servicing and functional testing,238,Completed,Yes,Fair,Good,Maintenance executed under standard TRD divisional safety window.
HST-00023,AST-TRD-0449,2026-05-17,OHE Wire Maintenance,Cross Feeder Wire Vibration Fatigue,Executed scheduled overhaul of OHE Wire Maintenance,104,Completed,Yes,Poor,Good,Maintenance executed under standard TRD divisional safety window.
HST-00024,AST-TRD-0535,2025-11-21,Contact Wire Replacement,Contact Wire Parting / Snap Incident,Routine preventive servicing and functional testing,257,Completed,Yes,Degraded,Good,Maintenance executed under standard TRD divisional safety window.
HST-00025,AST-S&T-0353,2026-01-16,Telecom Equipment Maintenance,Optical Fibre Cable (OFC) Attenuation Surge,Joint safety inspection and rectified Optical Fibre Cable (OFC) Attenuation Surge,178,Completed,Yes,Critical,Good,Maintenance executed under standard S&T divisional safety window.
HST-00026,AST-S&T-0335,2025-12-13,Signal Inspection,Aspect Current Sensor Anomaly,Executed scheduled overhaul of Signal Inspection,34,Completed,Yes,Critical,Good,Maintenance executed under standard S&T divisional safety window.
HST-00027,AST-ENG-0132,2026-04-25,Points & Crossing Maintenance,Check Rail Clearance Error,Executed scheduled overhaul of Points & Crossing Maintenance,116,Completed,Yes,Degraded,Good,Maintenance executed under standard Engineering divisional safety window.
HST-00028,AST-TRD-0445,2026-06-09,Contact Wire Replacement,Loop Line Contact Wire Heavy Carbonization,Repaired and calibrated Loop Line Contact Wire Heavy Carbonization,239,Completed,Yes,Degraded,Good,Maintenance executed under standard TRD divisional safety window.
HST-00029,AST-S&T-0357,2026-03-16,Signal Inspection,Calling-on Signal Aspect Failure,Replaced defective wear components for Calling-on Signal Aspect Failure,71,Completed,Yes,Fair,Good,Maintenance executed under standard S&T divisional safety window.
HST-00030,AST-ENG-0199,2025-09-27,Rail Grinding,Gauge Corner Micro-Spalling on High Rail,Executed scheduled overhaul of Rail Grinding,253,Completed,Yes,Critical,Good,Maintenance executed under standard Engineering divisional safety window.
HST-00031,AST-TRD-0528,2026-01-17,Tower Wagon Inspection,Routine Catenary & OHE Profile Survey,Repaired and calibrated Routine Catenary & OHE Profile Survey,240,Completed,Yes,Fair,Good,Maintenance executed under standard TRD divisional safety window.
HST-00032,AST-S&T-0233,2026-02-21,Axle Counter Maintenance,Reset Box Pushbutton Key Interlock Seizure,Routine preventive servicing and functional testing,37,Completed,Yes,Critical,Good,Maintenance executed under standard S&T divisional safety window.
HST-00033,AST-TRD-0470,2026-03-15,Contact Wire Replacement,Severe Contact Wire Wear (< 74 sq mm),Repaired and calibrated Severe Contact Wire Wear (< 74 sq mm),385,Completed,Yes,Critical,Good,Maintenance executed under standard TRD divisional safety window.
HST-00034,AST-TRD-0453,2026-01-13,OHE Wire Maintenance,Contact Wire Kink / Mechanical Damage,Executed scheduled overhaul of OHE Wire Maintenance,239,Completed,Yes,Poor,Good,Maintenance executed under standard TRD divisional safety window.
HST-00035,AST-S&T-0331,2026-06-16,Axle Counter Maintenance,Track Device (Sensor) Misalignment,Repaired and calibrated Track Device (Sensor) Misalignment,66,Completed,Yes,Poor,Good,Maintenance executed under standard S&T divisional safety window.
HST-00036,AST-TRD-0552,2026-05-23,OHE Component Replacement,Traction Substation 132kV Isolator Contact Blade Pitting,Repaired and calibrated Traction Substation 132kV Isolator Contact Blade Pitting,137,Completed,Yes,Critical,Good,Maintenance executed under standard TRD divisional safety window.
HST-00037,AST-S&T-0215,2026-06-10,Telecom Equipment Maintenance,VHF / MTRC Radio Base Station Fault,Executed scheduled overhaul of Telecom Equipment Maintenance,68,Completed,Yes,Critical,Good,Maintenance executed under standard S&T divisional safety window.
HST-00038,AST-ENG-0009,2025-12-12,Rail Replacement,Excessive Rail Wear Beyond Limit,Repaired and calibrated Excessive Rail Wear Beyond Limit,243,Completed,Yes,Degraded,Good,Maintenance executed under standard Engineering divisional safety window.
HST-00039,AST-ENG-0033,2026-01-01,Rail Grinding,Rolling Contact Fatigue / Head Checking,Replaced defective wear components for Rolling Contact Fatigue / Head Checking,309,Requires Follow-up,Partial,Fair,Fair,Maintenance executed under standard Engineering divisional safety window.
HST-00040,AST-TRD-0423,2026-01-27,Contact Wire Replacement,In-Span Splice Elimination,Repaired and calibrated In-Span Splice Elimination,203,Completed,Yes,Degraded,Good,Maintenance executed under standard TRD divisional safety window.
HST-00041,AST-TRD-0419,2026-04-21,OHE Component Replacement,Traction Substation 132kV Isolator Contact Blade Pitting,Repaired and calibrated Traction Substation 132kV Isolator Contact Blade Pitting,222,Completed,Yes,Fair,Good,Maintenance executed under standard TRD divisional safety window.
HST-00042,AST-TRD-0443,2026-08-17,OHE Inspection,Section Insulator Arcing Horn Burn,Executed scheduled overhaul of OHE Inspection,94,Completed,Yes,Degraded,Good,Maintenance executed under standard TRD divisional safety window.
HST-00043,AST-TRD-0501,2025-10-05,OHE Inspection,Catenary Dropper Missing / Damaged,Routine preventive servicing and functional testing,72,Requires Follow-up,Partial,Degraded,Fair,Maintenance executed under standard TRD divisional safety window.
HST-00044,AST-ENG-0103,2026-06-28,Rail Replacement,Defective Alumino-Thermic (AT) Weld Joint,Joint safety inspection and rectified Defective Alumino-Thermic (AT) Weld Joint,186,Completed,Yes,Fair,Good,Maintenance executed under standard Engineering divisional safety window.
HST-00045,AST-ENG-0121,2026-04-10,Rail Replacement,Rail End Batter at Joint,Repaired and calibrated Rail End Batter at Joint,98,Completed,Yes,Degraded,Good,Maintenance executed under standard Engineering divisional safety window.
HST-00046,AST-ENG-0008,2026-02-23,Ballast Cleaning,Level Crossing Ballast Deep Screening,Executed scheduled overhaul of Ballast Cleaning,271,Completed,Yes,Critical,Good,Maintenance executed under standard Engineering divisional safety window.
HST-00047,AST-S&T-0365,2026-04-28,Signal Maintenance,Signal Post Corrosion & Alignment Tilt,Joint safety inspection and rectified Signal Post Corrosion & Alignment Tilt,143,Completed,Yes,Poor,Good,Maintenance executed under standard S&T divisional safety window.
HST-00048,AST-S&T-0341,2025-11-16,Signal Maintenance,Signal Post Corrosion & Alignment Tilt,Repaired and calibrated Signal Post Corrosion & Alignment Tilt,167,Completed,Yes,Critical,Good,Maintenance executed under standard S&T divisional safety window.
HST-00049,AST-ENG-0121,2026-05-01,Points & Crossing Maintenance,Worn Switch Rail / Tongue Rail Chipped,Routine preventive servicing and functional testing,173,Completed,Yes,Poor,Good,Maintenance executed under standard Engineering divisional safety window.
HST-00050,AST-S&T-0382,2026-03-09,Point Machine Maintenance,Crank Handle Interlock Microswitch Jam,Replaced defective wear components for Crank Handle Interlock Microswitch Jam,54,Completed,Yes,Poor,Good,Maintenance executed under standard S&T divisional safety window.
HST-00051,AST-TRD-0584,2026-07-04,OHE Inspection,Thermal Hotspot in Isolator / Jumper,Joint safety inspection and rectified Thermal Hotspot in Isolator / Jumper,117,Completed,Yes,Critical,Good,Maintenance executed under standard TRD divisional safety window.
HST-00052,AST-ENG-0124,2025-09-27,Rail Replacement,Excessive Rail Wear Beyond Limit,Joint safety inspection and rectified Excessive Rail Wear Beyond Limit,314,Completed,Yes,Critical,Good,Maintenance executed under standard Engineering divisional safety window.
HST-00053,AST-ENG-0191,2026-02-20,Rail Replacement,Excessive Rail Wear Beyond Limit,Routine preventive servicing and functional testing,231,Completed,Yes,Critical,Good,Maintenance executed under standard Engineering divisional safety window.
HST-00054,AST-TRD-0544,2026-02-23,OHE Component Replacement,Traction Substation 25kV Vacuum Circuit Breaker (VCB) Fault,Repaired and calibrated Traction Substation 25kV Vacuum Circuit Breaker (VCB) Fault,171,Completed,Yes,Poor,Good,Maintenance executed under standard TRD divisional safety window.
HST-00055,AST-S&T-0340,2026-07-11,Signal Inspection,Route Indicator Lamp Burnout,Replaced defective wear components for Route Indicator Lamp Burnout,66,Completed,Yes,Degraded,Good,Maintenance executed under standard S&T divisional safety window.
HST-00056,AST-TRD-0507,2026-04-03,OHE Wire Maintenance,Contact Wire Kink / Mechanical Damage,Repaired and calibrated Contact Wire Kink / Mechanical Damage,151,Completed,Yes,Critical,Good,Maintenance executed under standard TRD divisional safety window.
HST-00057,AST-S&T-0256,2025-10-12,Signal Inspection,Shunt Signal Position Light Defect,Joint safety inspection and rectified Shunt Signal Position Light Defect,56,Completed,Yes,Fair,Good,Maintenance executed under standard S&T divisional safety window.
HST-00058,AST-TRD-0456,2025-11-24,OHE Inspection,Catenary Dropper Missing / Damaged,Repaired and calibrated Catenary Dropper Missing / Damaged,70,Completed,Yes,Degraded,Good,Maintenance executed under standard TRD divisional safety window.
HST-00059,AST-TRD-0421,2026-02-11,OHE Inspection,Thermal Hotspot in Isolator / Jumper,Repaired and calibrated Thermal Hotspot in Isolator / Jumper,84,Completed,Yes,Critical,Good,Maintenance executed under standard TRD divisional safety window.
HST-00060,AST-TRD-0551,2026-04-02,OHE Component Replacement,Auto-Tensioning Device (ATD) Weight Jam,Replaced defective wear components for Auto-Tensioning Device (ATD) Weight Jam,138,Completed,Yes,Poor,Good,Maintenance executed under standard TRD divisional safety window.
HST-00061,AST-S&T-0276,2025-12-02,Point Machine Maintenance,Crank Handle Interlock Microswitch Jam,Replaced defective wear components for Crank Handle Interlock Microswitch Jam,48,Completed,Yes,Degraded,Good,Maintenance executed under standard S&T divisional safety window.
HST-00062,AST-S&T-0263,2025-09-23,Signal Inspection,Signal Cable Insulation Degradation,Executed scheduled overhaul of Signal Inspection,106,Completed,Yes,Fair,Good,Maintenance executed under standard S&T divisional safety window.
HST-00063,AST-TRD-0402,2025-11-13,Tower Wagon Inspection,Overline Structure / Bridge Clearance Audit,Joint safety inspection and rectified Overline Structure / Bridge Clearance Audit,176,Completed,Yes,Critical,Good,Maintenance executed under standard TRD divisional safety window.
HST-00064,AST-S&T-0332,2026-04-27,Point Machine Maintenance,Point Machine Motor Replacement,Executed scheduled overhaul of Point Machine Maintenance,127,Completed,Yes,Fair,Good,Maintenance executed under standard S&T divisional safety window.
HST-00065,AST-TRD-0580,2026-01-14,Tower Wagon Inspection,Substation Feeder Jumper Maintenance,Replaced defective wear components for Substation Feeder Jumper Maintenance,158,Requires Follow-up,Partial,Fair,Fair,Maintenance executed under standard TRD divisional safety window.
HST-00066,AST-ENG-0024,2026-06-19,Rail Grinding,Rail Lip / Fin Formation,Joint safety inspection and rectified Rail Lip / Fin Formation,135,Completed,Yes,Critical,Good,Maintenance executed under standard Engineering divisional safety window.
HST-00067,AST-ENG-0012,2025-10-05,Ballast Cleaning,Shoulder Ballast Contamination,Executed scheduled overhaul of Ballast Cleaning,289,Completed,Yes,Degraded,Good,Maintenance executed under standard Engineering divisional safety window.
HST-00068,AST-TRD-0442,2026-02-27,Contact Wire Replacement,Contact Wire Parting / Snap Incident,Routine preventive servicing and functional testing,321,Completed,Yes,Critical,Good,Maintenance executed under standard TRD divisional safety window.
HST-00069,AST-S&T-0286,2026-04-06,Telecom Equipment Maintenance,Emergency Control Telephone (EC) Socket Defect,Repaired and calibrated Emergency Control Telephone (EC) Socket Defect,58,Completed,Yes,Poor,Good,Maintenance executed under standard S&T divisional safety window.
HST-00070,AST-ENG-0086,2026-07-15,Rail Grinding,Gauge Corner Micro-Spalling on High Rail,Executed scheduled overhaul of Rail Grinding,305,Requires Follow-up,Partial,Fair,Fair,Maintenance executed under standard Engineering divisional safety window.
HST-00071,AST-ENG-0021,2025-09-22,Points & Crossing Maintenance,Loose Stretcher Bar Bolts,Joint safety inspection and rectified Loose Stretcher Bar Bolts,49,Completed,Yes,Poor,Good,Maintenance executed under standard Engineering divisional safety window.
HST-00072,AST-ENG-0162,2025-11-30,Rail Replacement,Excessive Rail Wear Beyond Limit,Routine preventive servicing and functional testing,316,Completed,Yes,Poor,Good,Maintenance executed under standard Engineering divisional safety window.
HST-00073,AST-ENG-0179,2025-12-12,Track Inspection,Switch Expansion Joint (SEJ) Gap Abnormality,Routine preventive servicing and functional testing,113,Completed,Yes,Fair,Good,Maintenance executed under standard Engineering divisional safety window.
HST-00074,AST-TRD-0518,2026-06-20,OHE Component Replacement,Insulator Flashover / Broken Porcelain Disc,Joint safety inspection and rectified Insulator Flashover / Broken Porcelain Disc,158,Completed,Yes,Poor,Good,Maintenance executed under standard TRD divisional safety window.
HST-00075,AST-ENG-0194,2026-01-15,Points & Crossing Maintenance,Switch Toe Gap Out of Tolerance,Executed scheduled overhaul of Points & Crossing Maintenance,90,Completed,Yes,Critical,Good,Maintenance executed under standard Engineering divisional safety window.
HST-00076,AST-ENG-0162,2026-05-05,Rail Replacement,Defective Alumino-Thermic (AT) Weld Joint,Joint safety inspection and rectified Defective Alumino-Thermic (AT) Weld Joint,145,Requires Follow-up,Partial,Poor,Fair,Maintenance executed under standard Engineering divisional safety window.
HST-00077,AST-S&T-0377,2025-12-30,Telecom Equipment Maintenance,VHF / MTRC Radio Base Station Fault,Routine preventive servicing and functional testing,116,Completed,Yes,Degraded,Good,Maintenance executed under standard S&T divisional safety window.
HST-00078,AST-TRD-0454,2026-05-21,OHE Wire Maintenance,Contact Wire Kink / Mechanical Damage,Routine preventive servicing and functional testing,231,Completed,Yes,Poor,Good,Maintenance executed under standard TRD divisional safety window.
HST-00079,AST-S&T-0388,2026-04-21,Point Machine Maintenance,Crank Handle Interlock Microswitch Jam,Repaired and calibrated Crank Handle Interlock Microswitch Jam,57,Completed,Yes,Poor,Good,Maintenance executed under standard S&T divisional safety window.
HST-00080,AST-ENG-0106,2026-07-17,Track Inspection,Buffer Stop Foundation Settlement,Executed scheduled overhaul of Track Inspection,74,Completed,Yes,Degraded,Good,Maintenance executed under standard Engineering divisional safety window.
HST-00081,AST-ENG-0062,2026-05-11,Track Tamping,Post-Renewal Track Stabilization,Repaired and calibrated Post-Renewal Track Stabilization,213,Completed,Yes,Poor,Good,Maintenance executed under standard Engineering divisional safety window.
HST-00082,AST-TRD-0540,2026-04-18,Contact Wire Replacement,Turnout Overlap Wire Renewal,Repaired and calibrated Turnout Overlap Wire Renewal,222,Completed,Yes,Poor,Good,Maintenance executed under standard TRD divisional safety window.
HST-00083,AST-TRD-0414,2026-02-25,Tower Wagon Inspection,Level Crossing Gate OHE Anti-Collision Guard Wire Sag,Repaired and calibrated Level Crossing Gate OHE Anti-Collision Guard Wire Sag,113,Completed,Yes,Poor,Good,Maintenance executed under standard TRD divisional safety window.
HST-00084,AST-ENG-0042,2026-06-13,Rail Replacement,Excessive Rail Wear Beyond Limit,Repaired and calibrated Excessive Rail Wear Beyond Limit,305,Completed,Yes,Poor,Good,Maintenance executed under standard Engineering divisional safety window.
HST-00085,AST-ENG-0152,2026-02-15,Track Inspection,Bridge Guard Rail Misalignment,Replaced defective wear components for Bridge Guard Rail Misalignment,131,Completed,Yes,Poor,Good,Maintenance executed under standard Engineering divisional safety window.
HST-00086,AST-TRD-0563,2026-03-18,OHE Inspection,Thermal Hotspot in Isolator / Jumper,Joint safety inspection and rectified Thermal Hotspot in Isolator / Jumper,98,Requires Follow-up,Partial,Poor,Fair,Maintenance executed under standard TRD divisional safety window.
HST-00087,AST-TRD-0424,2025-10-09,Contact Wire Replacement,Loop Line Contact Wire Heavy Carbonization,Executed scheduled overhaul of Contact Wire Replacement,183,Requires Follow-up,Partial,Degraded,Fair,Maintenance executed under standard TRD divisional safety window.
HST-00088,AST-ENG-0165,2026-08-13,Rail Grinding,Rail Surface Corrugation,Routine preventive servicing and functional testing,227,Completed,Yes,Degraded,Good,Maintenance executed under standard Engineering divisional safety window.
HST-00089,AST-ENG-0084,2026-05-06,Rail Grinding,Rail Surface Corrugation,Joint safety inspection and rectified Rail Surface Corrugation,285,Completed,Yes,Fair,Good,Maintenance executed under standard Engineering divisional safety window.
HST-00090,AST-S&T-0346,2025-11-09,Signal Maintenance,Electronic Interlocking (EI) VDU Communication Fault,Routine preventive servicing and functional testing,71,Completed,Yes,Fair,Good,Maintenance executed under standard S&T divisional safety window.
HST-00091,AST-ENG-0101,2025-12-12,Points & Crossing Maintenance,Worn CMS Crossing Nose,Executed scheduled overhaul of Points & Crossing Maintenance,255,Completed,Yes,Critical,Good,Maintenance executed under standard Engineering divisional safety window.
HST-00092,AST-TRD-0413,2025-10-25,OHE Inspection,Thermal Hotspot in Isolator / Jumper,Routine preventive servicing and functional testing,99,Completed,Yes,Degraded,Good,Maintenance executed under standard TRD divisional safety window.
HST-00093,AST-S&T-0291,2026-07-29,Track Circuit Maintenance,Ballast Resistance Leakage (Low Ballast Resistance),Executed scheduled overhaul of Track Circuit Maintenance,112,Completed,Yes,Critical,Good,Maintenance executed under standard S&T divisional safety window.
HST-00094,AST-S&T-0330,2026-04-22,Signal Inspection,Calling-on Signal Aspect Failure,Replaced defective wear components for Calling-on Signal Aspect Failure,61,Completed,Yes,Critical,Good,Maintenance executed under standard S&T divisional safety window.
HST-00095,AST-ENG-0081,2026-07-20,Ballast Cleaning,Level Crossing Ballast Deep Screening,Routine preventive servicing and functional testing,356,Completed,Yes,Critical,Good,Maintenance executed under standard Engineering divisional safety window.
HST-00096,AST-S&T-0287,2026-07-12,Axle Counter Maintenance,Axle Counter Evaluator Card Failure,Repaired and calibrated Axle Counter Evaluator Card Failure,116,Completed,Yes,Poor,Good,Maintenance executed under standard S&T divisional safety window.
HST-00097,AST-ENG-0174,2026-02-08,Track Tamping,Track Alignment & Level Deviation,Routine preventive servicing and functional testing,258,Completed,Yes,Critical,Good,Maintenance executed under standard Engineering divisional safety window.
HST-00098,AST-ENG-0116,2025-09-23,Points & Crossing Maintenance,Worn CMS Crossing Nose,Replaced defective wear components for Worn CMS Crossing Nose,271,Completed,Yes,Critical,Good,Maintenance executed under standard Engineering divisional safety window.
HST-00099,AST-ENG-0179,2025-09-21,Track Tamping,Bridge Transition Approach Settlement,Replaced defective wear components for Bridge Transition Approach Settlement,151,Completed,Yes,Poor,Good,Maintenance executed under standard Engineering divisional safety window.
HST-00100,AST-S&T-0381,2025-10-04,Signal Inspection,Calling-on Signal Aspect Failure,Replaced defective wear components for Calling-on Signal Aspect Failure,75,Completed,Yes,Degraded,Good,Maintenance executed under standard S&T divisional safety window.
HST-00101,AST-TRD-0554,2025-09-28,OHE Inspection,Neutral Section Transverse Slew Anomaly,Routine preventive servicing and functional testing,100,Completed,Yes,Fair,Good,Maintenance executed under standard TRD divisional safety window.
HST-00102,AST-S&T-0315,2025-10-31,Point Machine Maintenance,Ground Connection Rodding Buckling,Executed scheduled overhaul of Point Machine Maintenance,119,Completed,Yes,Poor,Good,Maintenance executed under standard S&T divisional safety window.
HST-00103,AST-ENG-0064,2026-01-17,Sleeper Replacement,Turnout Concrete Sleeper Fracture,Replaced defective wear components for Turnout Concrete Sleeper Fracture,199,Completed,Yes,Poor,Good,Maintenance executed under standard Engineering divisional safety window.
HST-00104,AST-ENG-0025,2026-04-16,Sleeper Replacement,Perished Grooved Rubber Sole Plates (GRSP),Repaired and calibrated Perished Grooved Rubber Sole Plates (GRSP),145,Completed,Yes,Fair,Good,Maintenance executed under standard Engineering divisional safety window.
HST-00105,AST-ENG-0050,2025-10-16,Track Tamping,Post-Renewal Track Stabilization,Replaced defective wear components for Post-Renewal Track Stabilization,173,Completed,Yes,Degraded,Good,Maintenance executed under standard Engineering divisional safety window.
HST-00106,AST-S&T-0381,2026-05-14,Signal Inspection,Aspect Current Sensor Anomaly,Replaced defective wear components for Aspect Current Sensor Anomaly,44,Completed,Yes,Fair,Good,Maintenance executed under standard S&T divisional safety window.
HST-00107,AST-ENG-0065,2026-08-11,Rail Replacement,Excessive Rail Wear Beyond Limit,Joint safety inspection and rectified Excessive Rail Wear Beyond Limit,229,Completed,Yes,Degraded,Good,Maintenance executed under standard Engineering divisional safety window.
HST-00108,AST-S&T-0210,2025-11-15,Telecom Equipment Maintenance,Yard CCTV Surveillance Node Offline,Routine preventive servicing and functional testing,73,Completed,Yes,Poor,Good,Maintenance executed under standard S&T divisional safety window.
HST-00109,AST-S&T-0330,2025-10-18,Telecom Equipment Maintenance,Passenger Information System (PIS) Display Node Link Drop,Routine preventive servicing and functional testing,80,Completed,Yes,Critical,Good,Maintenance executed under standard S&T divisional safety window.
HST-00110,AST-TRD-0403,2026-07-13,Tower Wagon Inspection,Level Crossing Gate OHE Anti-Collision Guard Wire Sag,Replaced defective wear components for Level Crossing Gate OHE Anti-Collision Guard Wire Sag,113,Completed,Yes,Poor,Good,Maintenance executed under standard TRD divisional safety window.
HST-00111,AST-TRD-0449,2026-04-06,Contact Wire Replacement,In-Span Splice Elimination,Joint safety inspection and rectified In-Span Splice Elimination,213,Completed,Yes,Degraded,Good,Maintenance executed under standard TRD divisional safety window.
HST-00112,AST-TRD-0417,2026-01-07,OHE Component Replacement,Section Insulator Runner Wear,Repaired and calibrated Section Insulator Runner Wear,133,Completed,Yes,Fair,Good,Maintenance executed under standard TRD divisional safety window.
HST-00113,AST-TRD-0418,2026-06-18,OHE Inspection,Catenary Dropper Missing / Damaged,Routine preventive servicing and functional testing,48,Completed,Yes,Poor,Good,Maintenance executed under standard TRD divisional safety window.
HST-00114,AST-ENG-0050,2026-01-15,Track Inspection,Track Geometry Gauge Variation,Executed scheduled overhaul of Track Inspection,108,Completed,Yes,Fair,Good,Maintenance executed under standard Engineering divisional safety window.
HST-00115,AST-TRD-0580,2026-04-22,OHE Component Replacement,Traction Substation 25kV Vacuum Circuit Breaker (VCB) Fault,Repaired and calibrated Traction Substation 25kV Vacuum Circuit Breaker (VCB) Fault,172,Completed,Yes,Fair,Good,Maintenance executed under standard TRD divisional safety window.
HST-00116,AST-TRD-0552,2026-04-25,OHE Wire Maintenance,Bridging Jumper Burning / Degradation,Routine preventive servicing and functional testing,147,Completed,Yes,Degraded,Good,Maintenance executed under standard TRD divisional safety window.
HST-00117,AST-TRD-0403,2025-11-07,OHE Wire Maintenance,Cross Feeder Wire Vibration Fatigue,Replaced defective wear components for Cross Feeder Wire Vibration Fatigue,112,Completed,Yes,Fair,Good,Maintenance executed under standard TRD divisional safety window.
HST-00118,AST-ENG-0179,2025-12-20,Track Inspection,Diamond Crossing Flange Wear,Replaced defective wear components for Diamond Crossing Flange Wear,123,Requires Follow-up,Partial,Fair,Fair,Maintenance executed under standard Engineering divisional safety window.
HST-00119,AST-ENG-0072,2026-05-27,Track Tamping,Bridge Transition Approach Settlement,Repaired and calibrated Bridge Transition Approach Settlement,239,Completed,Yes,Critical,Good,Maintenance executed under standard Engineering divisional safety window.
HST-00120,AST-S&T-0398,2026-03-23,Point Machine Maintenance,Point Machine Out of Adjustment / Flashover,Replaced defective wear components for Point Machine Out of Adjustment / Flashover,89,Completed,Yes,Poor,Good,Maintenance executed under standard S&T divisional safety window.
HST-00121,AST-ENG-0065,2026-05-29,Ballast Cleaning,Cess / Drainage Deepening,Joint safety inspection and rectified Cess / Drainage Deepening,255,Completed,Yes,Degraded,Good,Maintenance executed under standard Engineering divisional safety window.
HST-00122,AST-ENG-0175,2025-12-21,Track Inspection,Level Crossing Check Rail Flangeway Clogging,Repaired and calibrated Level Crossing Check Rail Flangeway Clogging,71,Requires Follow-up,Partial,Critical,Fair,Maintenance executed under standard Engineering divisional safety window.
HST-00123,AST-S&T-0334,2026-04-09,Axle Counter Maintenance,Track Device (Sensor) Misalignment,Joint safety inspection and rectified Track Device (Sensor) Misalignment,73,Completed,Yes,Critical,Good,Maintenance executed under standard S&T divisional safety window.
HST-00124,AST-TRD-0413,2026-06-23,Tower Wagon Inspection,Neutral Section (PTFE Type) Inspection,Executed scheduled overhaul of Tower Wagon Inspection,97,Completed,Yes,Poor,Good,Maintenance executed under standard TRD divisional safety window.
HST-00125,AST-TRD-0540,2026-05-25,Contact Wire Replacement,Loop Line Contact Wire Heavy Carbonization,Executed scheduled overhaul of Contact Wire Replacement,301,Completed,Yes,Degraded,Good,Maintenance executed under standard TRD divisional safety window.
HST-00126,AST-TRD-0525,2025-09-24,OHE Wire Maintenance,Bridging Jumper Burning / Degradation,Replaced defective wear components for Bridging Jumper Burning / Degradation,97,Completed,Yes,Fair,Good,Maintenance executed under standard TRD divisional safety window.
HST-00127,AST-S&T-0320,2026-05-21,Telecom Equipment Maintenance,Emergency Control Telephone (EC) Socket Defect,Routine preventive servicing and functional testing,51,Completed,Yes,Degraded,Good,Maintenance executed under standard S&T divisional safety window.
HST-00128,AST-ENG-0161,2026-07-17,Ballast Cleaning,Level Crossing Ballast Deep Screening,Executed scheduled overhaul of Ballast Cleaning,342,Completed,Yes,Poor,Good,Maintenance executed under standard Engineering divisional safety window.
HST-00129,AST-ENG-0154,2026-05-14,Track Inspection,Derailment Catch Siding Switch Inspection,Executed scheduled overhaul of Track Inspection,91,Completed,Yes,Degraded,Good,Maintenance executed under standard Engineering divisional safety window.
HST-00130,AST-ENG-0133,2025-12-12,Sleeper Replacement,Points & Crossing Special Turnout Sleeper Shift,Executed scheduled overhaul of Sleeper Replacement,242,Completed,Yes,Fair,Good,Maintenance executed under standard Engineering divisional safety window.
HST-00131,AST-ENG-0046,2025-11-01,Rail Replacement,Fractured Rail Segment,Executed scheduled overhaul of Rail Replacement,193,Completed,Yes,Critical,Good,Maintenance executed under standard Engineering divisional safety window.
HST-00132,AST-TRD-0463,2026-04-03,OHE Wire Maintenance,Anti-Creep Wire Sagging,Joint safety inspection and rectified Anti-Creep Wire Sagging,115,Completed,Yes,Critical,Good,Maintenance executed under standard TRD divisional safety window.
HST-00133,AST-ENG-0066,2026-04-16,Track Tamping,Track Alignment & Level Deviation,Routine preventive servicing and functional testing,278,Completed,Yes,Degraded,Good,Maintenance executed under standard Engineering divisional safety window.
HST-00134,AST-ENG-0085,2026-07-03,Sleeper Replacement,Damaged Elastic Rail Clips (ERC),Executed scheduled overhaul of Sleeper Replacement,113,Requires Follow-up,Partial,Poor,Fair,Maintenance executed under standard Engineering divisional safety window.
HST-00135,AST-TRD-0442,2026-04-04,Tower Wagon Inspection,Routine Catenary & OHE Profile Survey,Executed scheduled overhaul of Tower Wagon Inspection,203,Completed,Yes,Critical,Good,Maintenance executed under standard TRD divisional safety window.
HST-00136,AST-S&T-0260,2026-08-12,Signal Maintenance,Signal Blank / Lamp Failure,Executed scheduled overhaul of Signal Maintenance,106,Completed,Yes,Poor,Good,Maintenance executed under standard S&T divisional safety window.
HST-00137,AST-ENG-0114,2026-02-12,Rail Replacement,Fractured Rail Segment,Routine preventive servicing and functional testing,200,Completed,Yes,Degraded,Good,Maintenance executed under standard Engineering divisional safety window.
HST-00138,AST-TRD-0465,2026-01-25,Tower Wagon Inspection,Substation Feeder Jumper Maintenance,Executed scheduled overhaul of Tower Wagon Inspection,130,Completed,Yes,Fair,Good,Maintenance executed under standard TRD divisional safety window.
HST-00139,AST-S&T-0386,2025-09-26,Signal Maintenance,Signal Post Corrosion & Alignment Tilt,Routine preventive servicing and functional testing,150,Requires Follow-up,Partial,Fair,Fair,Maintenance executed under standard S&T divisional safety window.
HST-00140,AST-S&T-0378,2026-01-23,Signal Inspection,Aspect Current Sensor Anomaly,Joint safety inspection and rectified Aspect Current Sensor Anomaly,54,Completed,Yes,Poor,Good,Maintenance executed under standard S&T divisional safety window.
HST-00141,AST-S&T-0249,2025-12-02,Axle Counter Maintenance,Axle Counter Evaluator Card Failure,Replaced defective wear components for Axle Counter Evaluator Card Failure,88,Completed,Yes,Fair,Good,Maintenance executed under standard S&T divisional safety window.
HST-00142,AST-TRD-0531,2026-06-28,OHE Inspection,Mast Earthing Bond Disconnected,Routine preventive servicing and functional testing,52,Completed,Yes,Critical,Good,Maintenance executed under standard TRD divisional safety window.
HST-00143,AST-S&T-0299,2026-07-20,Point Machine Maintenance,Point Machine Motor Replacement,Replaced defective wear components for Point Machine Motor Replacement,142,Completed,Yes,Critical,Good,Maintenance executed under standard S&T divisional safety window.
HST-00144,AST-ENG-0130,2026-07-14,Points & Crossing Maintenance,Worn Switch Rail / Tongue Rail Chipped,Joint safety inspection and rectified Worn Switch Rail / Tongue Rail Chipped,148,Completed,Yes,Critical,Good,Maintenance executed under standard Engineering divisional safety window.
HST-00145,AST-ENG-0047,2025-10-25,Points & Crossing Maintenance,Check Rail Clearance Error,Repaired and calibrated Check Rail Clearance Error,118,Completed,Yes,Poor,Good,Maintenance executed under standard Engineering divisional safety window.
HST-00146,AST-TRD-0435,2025-09-14,OHE Inspection,Mast Earthing Bond Disconnected,Replaced defective wear components for Mast Earthing Bond Disconnected,68,Completed,Yes,Poor,Good,Maintenance executed under standard TRD divisional safety window.
HST-00147,AST-TRD-0487,2026-02-06,OHE Inspection,Thermal Hotspot in Isolator / Jumper,Repaired and calibrated Thermal Hotspot in Isolator / Jumper,104,Completed,Yes,Degraded,Good,Maintenance executed under standard TRD divisional safety window.
HST-00148,AST-S&T-0289,2026-01-02,Signal Maintenance,Electronic Interlocking (EI) VDU Communication Fault,Routine preventive servicing and functional testing,86,Completed,Yes,Poor,Good,Maintenance executed under standard S&T divisional safety window.
HST-00149,AST-S&T-0302,2026-07-05,Telecom Equipment Maintenance,Emergency Control Telephone (EC) Socket Defect,Replaced defective wear components for Emergency Control Telephone (EC) Socket Defect,51,Requires Follow-up,Partial,Degraded,Fair,Maintenance executed under standard S&T divisional safety window.
HST-00150,AST-TRD-0528,2026-04-14,Contact Wire Replacement,Loop Line Contact Wire Heavy Carbonization,Replaced defective wear components for Loop Line Contact Wire Heavy Carbonization,207,Completed,Yes,Critical,Good,Maintenance executed under standard TRD divisional safety window.
HST-00151,AST-TRD-0446,2026-02-18,Tower Wagon Inspection,Overline Structure / Bridge Clearance Audit,Repaired and calibrated Overline Structure / Bridge Clearance Audit,129,Completed,Yes,Critical,Good,Maintenance executed under standard TRD divisional safety window.
HST-00152,AST-ENG-0081,2026-03-06,Track Inspection,Diamond Crossing Flange Wear,Joint safety inspection and rectified Diamond Crossing Flange Wear,122,Completed,Yes,Fair,Good,Maintenance executed under standard Engineering divisional safety window.
HST-00153,AST-S&T-0387,2026-08-08,Signal Maintenance,Electronic Interlocking (EI) VDU Communication Fault,Routine preventive servicing and functional testing,79,Completed,Yes,Degraded,Good,Maintenance executed under standard S&T divisional safety window.
HST-00154,AST-ENG-0123,2026-02-27,Track Inspection,Switch Expansion Joint (SEJ) Gap Abnormality,Executed scheduled overhaul of Track Inspection,69,Completed,Yes,Poor,Good,Maintenance executed under standard Engineering divisional safety window.
HST-00155,AST-ENG-0085,2025-10-23,Rail Grinding,Rail Lip / Fin Formation,Joint safety inspection and rectified Rail Lip / Fin Formation,173,Completed,Yes,Critical,Good,Maintenance executed under standard Engineering divisional safety window.
HST-00156,AST-TRD-0588,2026-04-14,OHE Component Replacement,Section Insulator Runner Wear,Replaced defective wear components for Section Insulator Runner Wear,184,Completed,Yes,Degraded,Good,Maintenance executed under standard TRD divisional safety window.
HST-00157,AST-ENG-0034,2026-07-15,Sleeper Replacement,Turnout Concrete Sleeper Fracture,Routine preventive servicing and functional testing,322,Completed,Yes,Poor,Good,Maintenance executed under standard Engineering divisional safety window.
HST-00158,AST-TRD-0568,2026-03-21,Tower Wagon Inspection,Routine Catenary & OHE Profile Survey,Repaired and calibrated Routine Catenary & OHE Profile Survey,141,Completed,Yes,Poor,Good,Maintenance executed under standard TRD divisional safety window.
HST-00159,AST-S&T-0333,2025-10-13,Track Circuit Maintenance,Bond Wire Broken / Disconnected,Repaired and calibrated Bond Wire Broken / Disconnected,40,Completed,Yes,Fair,Good,Maintenance executed under standard S&T divisional safety window.
HST-00160,AST-ENG-0088,2026-01-30,Rail Replacement,Rail Burn / Scabbing Defect,Replaced defective wear components for Rail Burn / Scabbing Defect,137,Completed,Yes,Critical,Good,Maintenance executed under standard Engineering divisional safety window.
HST-00161,AST-S&T-0294,2026-01-10,Signal Inspection,Calling-on Signal Aspect Failure,Joint safety inspection and rectified Calling-on Signal Aspect Failure,47,Completed,Yes,Critical,Good,Maintenance executed under standard S&T divisional safety window.
HST-00162,AST-S&T-0354,2026-07-20,Axle Counter Maintenance,High Voltage Surge Suppressor Burnout,Joint safety inspection and rectified High Voltage Surge Suppressor Burnout,47,Completed,Yes,Degraded,Good,Maintenance executed under standard S&T divisional safety window.
HST-00163,AST-S&T-0380,2026-07-01,Telecom Equipment Maintenance,Passenger Information System (PIS) Display Node Link Drop,Replaced defective wear components for Passenger Information System (PIS) Display Node Link Drop,58,Completed,Yes,Critical,Good,Maintenance executed under standard S&T divisional safety window.
HST-00164,AST-S&T-0201,2025-10-26,Axle Counter Maintenance,Track Device (Sensor) Misalignment,Replaced defective wear components for Track Device (Sensor) Misalignment,57,Requires Follow-up,Partial,Poor,Fair,Maintenance executed under standard S&T divisional safety window.
HST-00165,AST-TRD-0442,2025-12-10,OHE Component Replacement,Insulator Flashover / Broken Porcelain Disc,Joint safety inspection and rectified Insulator Flashover / Broken Porcelain Disc,133,Completed,Yes,Fair,Good,Maintenance executed under standard TRD divisional safety window.
HST-00166,AST-TRD-0573,2026-06-03,OHE Wire Maintenance,Bridging Jumper Burning / Degradation,Executed scheduled overhaul of OHE Wire Maintenance,139,Completed,Yes,Poor,Good,Maintenance executed under standard TRD divisional safety window.
HST-00167,AST-S&T-0256,2026-08-08,Track Circuit Maintenance,Ballast Resistance Leakage (Low Ballast Resistance),Repaired and calibrated Ballast Resistance Leakage (Low Ballast Resistance),69,Completed,Yes,Critical,Good,Maintenance executed under standard S&T divisional safety window.
HST-00168,AST-TRD-0590,2026-06-27,OHE Wire Maintenance,Cross Feeder Wire Vibration Fatigue,Replaced defective wear components for Cross Feeder Wire Vibration Fatigue,83,Completed,Yes,Fair,Good,Maintenance executed under standard TRD divisional safety window.
HST-00169,AST-TRD-0465,2026-02-10,OHE Wire Maintenance,Contact Wire Kink / Mechanical Damage,Joint safety inspection and rectified Contact Wire Kink / Mechanical Damage,151,Completed,Yes,Critical,Good,Maintenance executed under standard TRD divisional safety window.
HST-00170,AST-S&T-0245,2026-08-04,Signal Maintenance,Signalling Relay Contact Oxidation (Q-Series),Replaced defective wear components for Signalling Relay Contact Oxidation (Q-Series),89,Completed,Yes,Degraded,Good,Maintenance executed under standard S&T divisional safety window.
HST-00171,AST-TRD-0498,2026-04-19,Contact Wire Replacement,Severe Contact Wire Wear (< 74 sq mm),Repaired and calibrated Severe Contact Wire Wear (< 74 sq mm),286,Requires Follow-up,Partial,Degraded,Fair,Maintenance executed under standard TRD divisional safety window.
HST-00172,AST-S&T-0201,2026-03-08,Telecom Equipment Maintenance,Emergency Control Telephone (EC) Socket Defect,Executed scheduled overhaul of Telecom Equipment Maintenance,67,Requires Follow-up,Partial,Critical,Fair,Maintenance executed under standard S&T divisional safety window.
HST-00173,AST-S&T-0215,2025-10-31,Signal Inspection,Route Indicator Lamp Burnout,Executed scheduled overhaul of Signal Inspection,78,Completed,Yes,Poor,Good,Maintenance executed under standard S&T divisional safety window.
HST-00174,AST-S&T-0205,2026-06-17,Telecom Equipment Maintenance,Optical Fibre Cable (OFC) Attenuation Surge,Executed scheduled overhaul of Telecom Equipment Maintenance,177,Completed,Yes,Poor,Good,Maintenance executed under standard S&T divisional safety window.
HST-00175,AST-TRD-0455,2026-03-12,OHE Inspection,Section Insulator Arcing Horn Burn,Routine preventive servicing and functional testing,120,Completed,Yes,Poor,Good,Maintenance executed under standard TRD divisional safety window.
HST-00176,AST-ENG-0029,2025-10-17,Track Tamping,Turnout Packing & Lining Fault,Repaired and calibrated Turnout Packing & Lining Fault,203,Completed,Yes,Poor,Good,Maintenance executed under standard Engineering divisional safety window.
HST-00177,AST-ENG-0077,2026-01-30,Track Inspection,Formation / Embankment Settlement,Repaired and calibrated Formation / Embankment Settlement,210,Completed,Yes,Critical,Good,Maintenance executed under standard Engineering divisional safety window.
HST-00178,AST-TRD-0430,2026-04-04,OHE Wire Maintenance,Anti-Creep Wire Sagging,Routine preventive servicing and functional testing,91,Completed,Yes,Fair,Good,Maintenance executed under standard TRD divisional safety window.
HST-00179,AST-ENG-0178,2026-06-07,Track Tamping,Post-Renewal Track Stabilization,Repaired and calibrated Post-Renewal Track Stabilization,177,Completed,Yes,Fair,Good,Maintenance executed under standard Engineering divisional safety window.
HST-00180,AST-TRD-0449,2026-06-18,OHE Wire Maintenance,Catenary Wire Strand Broken,Executed scheduled overhaul of OHE Wire Maintenance,264,Completed,Yes,Poor,Good,Maintenance executed under standard TRD divisional safety window.
HST-00181,AST-TRD-0597,2026-01-27,Tower Wagon Inspection,Neutral Section (PTFE Type) Inspection,Repaired and calibrated Neutral Section (PTFE Type) Inspection,141,Requires Follow-up,Partial,Critical,Fair,Maintenance executed under standard TRD divisional safety window.
HST-00182,AST-TRD-0489,2025-09-17,OHE Component Replacement,Traction Substation 25kV Vacuum Circuit Breaker (VCB) Fault,Joint safety inspection and rectified Traction Substation 25kV Vacuum Circuit Breaker (VCB) Fault,225,Completed,Yes,Poor,Good,Maintenance executed under standard TRD divisional safety window.
HST-00183,AST-S&T-0211,2026-02-16,Track Circuit Maintenance,Track Circuit Dropping / False Occupancy,Joint safety inspection and rectified Track Circuit Dropping / False Occupancy,75,Completed,Yes,Fair,Good,Maintenance executed under standard S&T divisional safety window.
HST-00184,AST-ENG-0153,2026-05-26,Track Inspection,Switch Expansion Joint (SEJ) Gap Abnormality,Joint safety inspection and rectified Switch Expansion Joint (SEJ) Gap Abnormality,116,Completed,Yes,Degraded,Good,Maintenance executed under standard Engineering divisional safety window.
HST-00185,AST-S&T-0202,2026-06-10,Telecom Equipment Maintenance,Passenger Information System (PIS) Display Node Link Drop,Routine preventive servicing and functional testing,71,Completed,Yes,Degraded,Good,Maintenance executed under standard S&T divisional safety window.
HST-00186,AST-TRD-0509,2025-10-19,Contact Wire Replacement,In-Span Splice Elimination,Replaced defective wear components for In-Span Splice Elimination,195,Completed,Yes,Degraded,Good,Maintenance executed under standard TRD divisional safety window.
HST-00187,AST-TRD-0533,2025-10-16,OHE Component Replacement,Traction Substation 132kV Isolator Contact Blade Pitting,Executed scheduled overhaul of OHE Component Replacement,204,Completed,Yes,Degraded,Good,Maintenance executed under standard TRD divisional safety window.
HST-00188,AST-ENG-0138,2025-12-26,Ballast Cleaning,Clogged / Foul Ballast Bed,Routine preventive servicing and functional testing,307,Completed,Yes,Poor,Good,Maintenance executed under standard Engineering divisional safety window.
HST-00189,AST-TRD-0402,2026-08-15,OHE Inspection,Section Insulator Arcing Horn Burn,Routine preventive servicing and functional testing,92,Completed,Yes,Critical,Good,Maintenance executed under standard TRD divisional safety window.
HST-00190,AST-S&T-0388,2026-07-29,Signal Inspection,Aspect Current Sensor Anomaly,Executed scheduled overhaul of Signal Inspection,37,Completed,Yes,Fair,Good,Maintenance executed under standard S&T divisional safety window.
HST-00191,AST-S&T-0204,2026-08-17,Telecom Equipment Maintenance,Yard CCTV Surveillance Node Offline,Routine preventive servicing and functional testing,50,Completed,Yes,Poor,Good,Maintenance executed under standard S&T divisional safety window.
HST-00192,AST-TRD-0582,2026-05-26,Tower Wagon Inspection,Overline Structure / Bridge Clearance Audit,Joint safety inspection and rectified Overline Structure / Bridge Clearance Audit,176,Completed,Yes,Degraded,Good,Maintenance executed under standard TRD divisional safety window.
HST-00193,AST-ENG-0017,2026-03-20,Points & Crossing Maintenance,Check Rail Clearance Error,Executed scheduled overhaul of Points & Crossing Maintenance,128,Completed,Yes,Poor,Good,Maintenance executed under standard Engineering divisional safety window.
HST-00194,AST-S&T-0203,2026-05-03,Point Machine Maintenance,Point Detection Contact Carbonization,Routine preventive servicing and functional testing,91,Completed,Yes,Poor,Good,Maintenance executed under standard S&T divisional safety window.
HST-00195,AST-S&T-0344,2026-01-12,Track Circuit Maintenance,Ballast Resistance Leakage (Low Ballast Resistance),Joint safety inspection and rectified Ballast Resistance Leakage (Low Ballast Resistance),94,Completed,Yes,Critical,Good,Maintenance executed under standard S&T divisional safety window.
HST-00196,AST-S&T-0234,2026-06-08,Track Circuit Maintenance,Track Relay Choke Coil Breakdown,Executed scheduled overhaul of Track Circuit Maintenance,63,Completed,Yes,Poor,Good,Maintenance executed under standard S&T divisional safety window.
HST-00197,AST-TRD-0523,2025-12-31,OHE Inspection,Thermal Hotspot in Isolator / Jumper,Executed scheduled overhaul of OHE Inspection,77,Completed,Yes,Critical,Good,Maintenance executed under standard TRD divisional safety window.
HST-00198,AST-S&T-0220,2026-02-21,Axle Counter Maintenance,Track Device (Sensor) Misalignment,Joint safety inspection and rectified Track Device (Sensor) Misalignment,78,Completed,Yes,Poor,Good,Maintenance executed under standard S&T divisional safety window.
HST-00199,AST-S&T-0268,2026-03-21,Signal Inspection,Route Indicator Lamp Burnout,Replaced defective wear components for Route Indicator Lamp Burnout,64,Completed,Yes,Fair,Good,Maintenance executed under standard S&T divisional safety window.
HST-00200,AST-TRD-0479,2026-04-01,Contact Wire Replacement,Contact Wire Parting / Snap Incident,Repaired and calibrated Contact Wire Parting / Snap Incident,306,Completed,Yes,Critical,Good,Maintenance executed under standard TRD divisional safety window.
HST-00201,AST-TRD-0433,2026-02-14,Contact Wire Replacement,In-Span Splice Elimination,Replaced defective wear components for In-Span Splice Elimination,292,Completed,Yes,Poor,Good,Maintenance executed under standard TRD divisional safety window.
HST-00202,AST-TRD-0531,2026-07-16,OHE Inspection,Neutral Section Transverse Slew Anomaly,Replaced defective wear components for Neutral Section Transverse Slew Anomaly,90,Completed,Yes,Poor,Good,Maintenance executed under standard TRD divisional safety window.
HST-00203,AST-S&T-0380,2026-02-02,Axle Counter Maintenance,Reset Box Pushbutton Key Interlock Seizure,Repaired and calibrated Reset Box Pushbutton Key Interlock Seizure,47,Completed,Yes,Fair,Good,Maintenance executed under standard S&T divisional safety window.
HST-00204,AST-TRD-0427,2025-10-23,OHE Wire Maintenance,Cross Feeder Wire Vibration Fatigue,Repaired and calibrated Cross Feeder Wire Vibration Fatigue,92,Completed,Yes,Degraded,Good,Maintenance executed under standard TRD divisional safety window.
HST-00205,AST-ENG-0065,2026-01-01,Rail Grinding,Turnout Switch & Stock Rail Profile Restoration,Replaced defective wear components for Turnout Switch & Stock Rail Profile Restoration,160,Completed,Yes,Fair,Good,Maintenance executed under standard Engineering divisional safety window.
HST-00206,AST-TRD-0568,2025-12-15,Tower Wagon Inspection,Neutral Section (PTFE Type) Inspection,Executed scheduled overhaul of Tower Wagon Inspection,143,Completed,Yes,Fair,Good,Maintenance executed under standard TRD divisional safety window.
HST-00207,AST-TRD-0540,2025-12-21,OHE Component Replacement,Cantilever Bracket Assembly Misalignment,Joint safety inspection and rectified Cantilever Bracket Assembly Misalignment,165,Completed,Yes,Critical,Good,Maintenance executed under standard TRD divisional safety window.
HST-00208,AST-ENG-0022,2026-05-02,Rail Replacement,Rail Burn / Scabbing Defect,Joint safety inspection and rectified Rail Burn / Scabbing Defect,191,Completed,Yes,Poor,Good,Maintenance executed under standard Engineering divisional safety window.
HST-00209,AST-TRD-0594,2025-11-30,Contact Wire Replacement,Loop Line Contact Wire Heavy Carbonization,Routine preventive servicing and functional testing,277,Completed,Yes,Critical,Good,Maintenance executed under standard TRD divisional safety window.
HST-00210,AST-TRD-0598,2026-02-17,OHE Component Replacement,Insulator Flashover / Broken Porcelain Disc,Executed scheduled overhaul of OHE Component Replacement,157,Completed,Yes,Poor,Good,Maintenance executed under standard TRD divisional safety window.
HST-00211,AST-S&T-0218,2025-09-29,Track Circuit Maintenance,Glued Insulated Rail Joint (GJ) Failure,Joint safety inspection and rectified Glued Insulated Rail Joint (GJ) Failure,151,Completed,Yes,Fair,Good,Maintenance executed under standard S&T divisional safety window.
HST-00212,AST-ENG-0126,2026-04-06,Points & Crossing Maintenance,Check Rail Clearance Error,Repaired and calibrated Check Rail Clearance Error,135,Completed,Yes,Fair,Good,Maintenance executed under standard Engineering divisional safety window.
HST-00213,AST-S&T-0339,2026-05-17,Telecom Equipment Maintenance,Passenger Information System (PIS) Display Node Link Drop,Replaced defective wear components for Passenger Information System (PIS) Display Node Link Drop,56,Completed,Yes,Critical,Good,Maintenance executed under standard S&T divisional safety window.
HST-00214,AST-S&T-0372,2025-09-24,Axle Counter Maintenance,Axle Counter Evaluator Card Failure,Executed scheduled overhaul of Axle Counter Maintenance,105,Completed,Yes,Poor,Good,Maintenance executed under standard S&T divisional safety window.
HST-00215,AST-S&T-0314,2025-10-06,Signal Maintenance,Signalling Relay Contact Oxidation (Q-Series),Replaced defective wear components for Signalling Relay Contact Oxidation (Q-Series),63,Completed,Yes,Poor,Good,Maintenance executed under standard S&T divisional safety window.
HST-00216,AST-S&T-0252,2025-12-12,Signal Inspection,Shunt Signal Position Light Defect,Repaired and calibrated Shunt Signal Position Light Defect,42,Completed,Yes,Critical,Good,Maintenance executed under standard S&T divisional safety window.
HST-00217,AST-S&T-0229,2026-04-09,Telecom Equipment Maintenance,Passenger Information System (PIS) Display Node Link Drop,Routine preventive servicing and functional testing,45,Requires Follow-up,Partial,Critical,Fair,Maintenance executed under standard S&T divisional safety window.
HST-00218,AST-ENG-0196,2026-04-19,Track Inspection,Ultrasonic Rail Flaw Detection (USFD) Anomaly,Joint safety inspection and rectified Ultrasonic Rail Flaw Detection (USFD) Anomaly,161,Completed,Yes,Poor,Good,Maintenance executed under standard Engineering divisional safety window.
HST-00219,AST-TRD-0414,2025-12-30,OHE Wire Maintenance,Cross Feeder Wire Vibration Fatigue,Repaired and calibrated Cross Feeder Wire Vibration Fatigue,116,Completed,Yes,Fair,Good,Maintenance executed under standard TRD divisional safety window.
HST-00220,AST-S&T-0261,2026-02-08,Point Machine Maintenance,Point Machine Motor Replacement,Joint safety inspection and rectified Point Machine Motor Replacement,97,Completed,Yes,Degraded,Good,Maintenance executed under standard S&T divisional safety window.
HST-00221,AST-ENG-0115,2025-11-12,Ballast Cleaning,Cess / Drainage Deepening,Replaced defective wear components for Cess / Drainage Deepening,280,Requires Follow-up,Partial,Poor,Fair,Maintenance executed under standard Engineering divisional safety window.
HST-00222,AST-S&T-0280,2026-07-02,Signal Inspection,Calling-on Signal Aspect Failure,Joint safety inspection and rectified Calling-on Signal Aspect Failure,67,Completed,Yes,Critical,Good,Maintenance executed under standard S&T divisional safety window.
HST-00223,AST-ENG-0174,2025-12-03,Track Inspection,Diamond Crossing Flange Wear,Replaced defective wear components for Diamond Crossing Flange Wear,145,Completed,Yes,Poor,Good,Maintenance executed under standard Engineering divisional safety window.
HST-00224,AST-TRD-0456,2026-04-29,Tower Wagon Inspection,Routine Catenary & OHE Profile Survey,Routine preventive servicing and functional testing,227,Requires Follow-up,Partial,Poor,Fair,Maintenance executed under standard TRD divisional safety window.
HST-00225,AST-ENG-0199,2025-09-18,Track Inspection,Ballast Deficiency / Shoulder Loss,Repaired and calibrated Ballast Deficiency / Shoulder Loss,167,Completed,Yes,Poor,Good,Maintenance executed under standard Engineering divisional safety window.
HST-00226,AST-TRD-0445,2026-03-14,OHE Inspection,Mast Earthing Bond Disconnected,Executed scheduled overhaul of OHE Inspection,47,Requires Follow-up,Partial,Poor,Fair,Maintenance executed under standard TRD divisional safety window.
HST-00227,AST-TRD-0519,2026-02-08,OHE Inspection,Mast Earthing Bond Disconnected,Replaced defective wear components for Mast Earthing Bond Disconnected,55,Completed,Yes,Fair,Good,Maintenance executed under standard TRD divisional safety window.
HST-00228,AST-S&T-0392,2026-02-17,Axle Counter Maintenance,Digital Axle Counter (SSDAC/HASDAC) Count Error,Routine preventive servicing and functional testing,58,Completed,Yes,Critical,Good,Maintenance executed under standard S&T divisional safety window.
HST-00229,AST-ENG-0067,2025-11-24,Track Tamping,Bridge Transition Approach Settlement,Repaired and calibrated Bridge Transition Approach Settlement,217,Completed,Yes,Degraded,Good,Maintenance executed under standard Engineering divisional safety window.
HST-00230,AST-TRD-0579,2026-02-04,Contact Wire Replacement,Severe Contact Wire Wear (< 74 sq mm),Repaired and calibrated Severe Contact Wire Wear (< 74 sq mm),331,Completed,Yes,Critical,Good,Maintenance executed under standard TRD divisional safety window.
HST-00231,AST-TRD-0416,2025-09-20,Tower Wagon Inspection,Level Crossing Gate OHE Anti-Collision Guard Wire Sag,Repaired and calibrated Level Crossing Gate OHE Anti-Collision Guard Wire Sag,114,Completed,Yes,Fair,Good,Maintenance executed under standard TRD divisional safety window.
HST-00232,AST-TRD-0526,2025-10-29,OHE Inspection,Contact Wire Height & Stagger Deviation,Replaced defective wear components for Contact Wire Height & Stagger Deviation,94,Completed,Yes,Fair,Good,Maintenance executed under standard TRD divisional safety window.
HST-00233,AST-TRD-0410,2026-03-18,OHE Inspection,Mast Earthing Bond Disconnected,Executed scheduled overhaul of OHE Inspection,55,Completed,Yes,Fair,Good,Maintenance executed under standard TRD divisional safety window.
HST-00234,AST-S&T-0384,2025-09-13,Telecom Equipment Maintenance,Yard CCTV Surveillance Node Offline,Routine preventive servicing and functional testing,66,Completed,Yes,Fair,Good,Maintenance executed under standard S&T divisional safety window.
HST-00235,AST-S&T-0374,2025-11-17,Track Circuit Maintenance,Ballast Resistance Leakage (Low Ballast Resistance),Routine preventive servicing and functional testing,107,Completed,Yes,Fair,Good,Maintenance executed under standard S&T divisional safety window.
HST-00236,AST-ENG-0116,2026-01-19,Rail Replacement,Curve Gauge Corner Shelling / Spalling,Joint safety inspection and rectified Curve Gauge Corner Shelling / Spalling,216,Completed,Yes,Fair,Good,Maintenance executed under standard Engineering divisional safety window.
HST-00237,AST-ENG-0127,2026-03-13,Track Inspection,Buffer Stop Foundation Settlement,Repaired and calibrated Buffer Stop Foundation Settlement,82,Completed,Yes,Critical,Good,Maintenance executed under standard Engineering divisional safety window.
HST-00238,AST-TRD-0570,2026-08-04,OHE Component Replacement,Traction Substation 132kV Isolator Contact Blade Pitting,Executed scheduled overhaul of OHE Component Replacement,203,Completed,Yes,Poor,Good,Maintenance executed under standard TRD divisional safety window.
HST-00239,AST-ENG-0092,2026-06-10,Track Inspection,Track Geometry Gauge Variation,Replaced defective wear components for Track Geometry Gauge Variation,102,Completed,Yes,Fair,Good,Maintenance executed under standard Engineering divisional safety window.
HST-00240,AST-ENG-0044,2026-05-12,Track Inspection,Ultrasonic Rail Flaw Detection (USFD) Anomaly,Replaced defective wear components for Ultrasonic Rail Flaw Detection (USFD) Anomaly,153,Completed,Yes,Critical,Good,Maintenance executed under standard Engineering divisional safety window.
HST-00241,AST-S&T-0320,2026-05-19,Signal Inspection,Calling-on Signal Aspect Failure,Replaced defective wear components for Calling-on Signal Aspect Failure,46,Completed,Yes,Degraded,Good,Maintenance executed under standard S&T divisional safety window.
HST-00242,AST-ENG-0085,2026-04-03,Ballast Cleaning,Station Yard Track Drain Choking,Replaced defective wear components for Station Yard Track Drain Choking,185,Completed,Yes,Fair,Good,Maintenance executed under standard Engineering divisional safety window.
HST-00243,AST-ENG-0094,2026-07-23,Track Inspection,Switch Expansion Joint (SEJ) Gap Abnormality,Replaced defective wear components for Switch Expansion Joint (SEJ) Gap Abnormality,79,Completed,Yes,Poor,Good,Maintenance executed under standard Engineering divisional safety window.
HST-00244,AST-S&T-0235,2026-07-12,Point Machine Maintenance,Point Detection Contact Carbonization,Executed scheduled overhaul of Point Machine Maintenance,98,Completed,Yes,Degraded,Good,Maintenance executed under standard S&T divisional safety window.
HST-00245,AST-S&T-0282,2026-07-10,Signal Maintenance,Signalling Relay Contact Oxidation (Q-Series),Repaired and calibrated Signalling Relay Contact Oxidation (Q-Series),76,Requires Follow-up,Partial,Degraded,Fair,Maintenance executed under standard S&T divisional safety window.
HST-00246,AST-ENG-0095,2026-01-11,Track Inspection,Track Geometry Gauge Variation,Repaired and calibrated Track Geometry Gauge Variation,118,Completed,Yes,Fair,Good,Maintenance executed under standard Engineering divisional safety window.
HST-00247,AST-TRD-0586,2026-01-24,Tower Wagon Inspection,Tunnel OHE Catenary Clearance Check,Executed scheduled overhaul of Tower Wagon Inspection,231,Completed,Yes,Critical,Good,Maintenance executed under standard TRD divisional safety window.
HST-00248,AST-ENG-0140,2026-01-14,Ballast Cleaning,Shoulder Ballast Contamination,Repaired and calibrated Shoulder Ballast Contamination,180,Completed,Yes,Poor,Good,Maintenance executed under standard Engineering divisional safety window.
HST-00249,AST-TRD-0594,2026-06-02,OHE Inspection,Mast Earthing Bond Disconnected,Replaced defective wear components for Mast Earthing Bond Disconnected,62,Completed,Yes,Degraded,Good,Maintenance executed under standard TRD divisional safety window.
HST-00250,AST-S&T-0295,2025-11-14,Point Machine Maintenance,Lock Slide Notch Wear & Burr,Routine preventive servicing and functional testing,95,Completed,Yes,Degraded,Good,Maintenance executed under standard S&T divisional safety window.
HST-00251,AST-S&T-0267,2026-03-15,Track Circuit Maintenance,Track Relay Choke Coil Breakdown,Executed scheduled overhaul of Track Circuit Maintenance,77,Completed,Yes,Fair,Good,Maintenance executed under standard S&T divisional safety window.
HST-00252,AST-TRD-0549,2026-01-07,OHE Wire Maintenance,Catenary Wire Strand Broken,Joint safety inspection and rectified Catenary Wire Strand Broken,232,Completed,Yes,Fair,Good,Maintenance executed under standard TRD divisional safety window.
HST-00253,AST-ENG-0160,2026-05-16,Sleeper Replacement,Damaged Elastic Rail Clips (ERC),Repaired and calibrated Damaged Elastic Rail Clips (ERC),84,Completed,Yes,Fair,Good,Maintenance executed under standard Engineering divisional safety window.
HST-00254,AST-TRD-0467,2026-05-17,OHE Wire Maintenance,Bridging Jumper Burning / Degradation,Joint safety inspection and rectified Bridging Jumper Burning / Degradation,136,Completed,Yes,Fair,Good,Maintenance executed under standard TRD divisional safety window.
HST-00255,AST-ENG-0162,2026-02-19,Ballast Cleaning,Clogged / Foul Ballast Bed,Joint safety inspection and rectified Clogged / Foul Ballast Bed,428,Completed,Yes,Critical,Good,Maintenance executed under standard Engineering divisional safety window.
HST-00256,AST-TRD-0427,2025-09-07,OHE Wire Maintenance,Cross Feeder Wire Vibration Fatigue,Replaced defective wear components for Cross Feeder Wire Vibration Fatigue,82,Completed,Yes,Critical,Good,Maintenance executed under standard TRD divisional safety window.
HST-00257,AST-ENG-0135,2025-12-29,Ballast Cleaning,Station Yard Track Drain Choking,Repaired and calibrated Station Yard Track Drain Choking,225,Completed,Yes,Fair,Good,Maintenance executed under standard Engineering divisional safety window.
HST-00258,AST-TRD-0447,2025-12-01,Contact Wire Replacement,Severe Contact Wire Wear (< 74 sq mm),Routine preventive servicing and functional testing,361,Requires Follow-up,Partial,Degraded,Fair,Maintenance executed under standard TRD divisional safety window.
HST-00259,AST-ENG-0127,2025-09-15,Rail Replacement,Rail Burn / Scabbing Defect,Repaired and calibrated Rail Burn / Scabbing Defect,115,Completed,Yes,Degraded,Good,Maintenance executed under standard Engineering divisional safety window.
HST-00260,AST-TRD-0580,2026-04-06,OHE Wire Maintenance,Anti-Creep Wire Sagging,Joint safety inspection and rectified Anti-Creep Wire Sagging,158,Completed,Yes,Fair,Good,Maintenance executed under standard TRD divisional safety window.
HST-00261,AST-ENG-0082,2025-09-29,Track Inspection,Formation / Embankment Settlement,Replaced defective wear components for Formation / Embankment Settlement,271,Completed,Yes,Critical,Good,Maintenance executed under standard Engineering divisional safety window.
HST-00262,AST-ENG-0149,2026-06-15,Ballast Cleaning,Cess / Drainage Deepening,Repaired and calibrated Cess / Drainage Deepening,190,Completed,Yes,Poor,Good,Maintenance executed under standard Engineering divisional safety window.
HST-00263,AST-ENG-0095,2025-09-11,Track Tamping,Turnout Packing & Lining Fault,Routine preventive servicing and functional testing,211,Completed,Yes,Fair,Good,Maintenance executed under standard Engineering divisional safety window.
HST-00264,AST-TRD-0492,2026-03-12,Contact Wire Replacement,Contact Wire Parting / Snap Incident,Executed scheduled overhaul of Contact Wire Replacement,311,Completed,Yes,Degraded,Good,Maintenance executed under standard TRD divisional safety window.
HST-00265,AST-TRD-0481,2025-10-21,Contact Wire Replacement,In-Span Splice Elimination,Routine preventive servicing and functional testing,264,Completed,Yes,Poor,Good,Maintenance executed under standard TRD divisional safety window.
HST-00266,AST-ENG-0067,2026-04-17,Rail Grinding,Turnout Switch & Stock Rail Profile Restoration,Joint safety inspection and rectified Turnout Switch & Stock Rail Profile Restoration,177,Completed,Yes,Poor,Good,Maintenance executed under standard Engineering divisional safety window.
HST-00267,AST-S&T-0221,2025-11-27,Telecom Equipment Maintenance,Emergency Control Telephone (EC) Socket Defect,Replaced defective wear components for Emergency Control Telephone (EC) Socket Defect,72,Completed,Yes,Fair,Good,Maintenance executed under standard S&T divisional safety window.
HST-00268,AST-ENG-0143,2026-04-23,Sleeper Replacement,Bridge Timber Sleeper Decay,Routine preventive servicing and functional testing,189,Completed,Yes,Degraded,Good,Maintenance executed under standard Engineering divisional safety window.
HST-00269,AST-TRD-0546,2026-04-13,OHE Wire Maintenance,Cross Feeder Wire Vibration Fatigue,Joint safety inspection and rectified Cross Feeder Wire Vibration Fatigue,118,Completed,Yes,Poor,Good,Maintenance executed under standard TRD divisional safety window.
HST-00270,AST-S&T-0324,2026-03-10,Signal Maintenance,Data Logger Channel Telemetry Lockout,Joint safety inspection and rectified Data Logger Channel Telemetry Lockout,68,Completed,Yes,Poor,Good,Maintenance executed under standard S&T divisional safety window.
HST-00271,AST-TRD-0574,2025-12-30,Tower Wagon Inspection,Overline Structure / Bridge Clearance Audit,Executed scheduled overhaul of Tower Wagon Inspection,120,Completed,Yes,Critical,Good,Maintenance executed under standard TRD divisional safety window.
HST-00272,AST-TRD-0582,2025-10-05,Tower Wagon Inspection,Neutral Section (PTFE Type) Inspection,Replaced defective wear components for Neutral Section (PTFE Type) Inspection,94,Completed,Yes,Degraded,Good,Maintenance executed under standard TRD divisional safety window.
HST-00273,AST-ENG-0187,2026-08-01,Points & Crossing Maintenance,Switch Toe Gap Out of Tolerance,Executed scheduled overhaul of Points & Crossing Maintenance,119,Completed,Yes,Fair,Good,Maintenance executed under standard Engineering divisional safety window.
HST-00274,AST-TRD-0464,2025-11-15,Tower Wagon Inspection,Neutral Section (PTFE Type) Inspection,Routine preventive servicing and functional testing,125,Completed,Yes,Degraded,Good,Maintenance executed under standard TRD divisional safety window.
HST-00275,AST-ENG-0185,2025-11-10,Points & Crossing Maintenance,Check Rail Clearance Error,Replaced defective wear components for Check Rail Clearance Error,103,Requires Follow-up,Partial,Fair,Fair,Maintenance executed under standard Engineering divisional safety window.
HST-00276,AST-TRD-0504,2025-11-03,Tower Wagon Inspection,Neutral Section (PTFE Type) Inspection,Executed scheduled overhaul of Tower Wagon Inspection,159,Completed,Yes,Critical,Good,Maintenance executed under standard TRD divisional safety window.
HST-00277,AST-ENG-0040,2026-01-09,Track Inspection,Diamond Crossing Flange Wear,Routine preventive servicing and functional testing,154,Completed,Yes,Fair,Good,Maintenance executed under standard Engineering divisional safety window.
HST-00278,AST-ENG-0064,2026-08-04,Ballast Cleaning,Station Yard Track Drain Choking,Executed scheduled overhaul of Ballast Cleaning,174,Completed,Yes,Poor,Good,Maintenance executed under standard Engineering divisional safety window.
HST-00279,AST-TRD-0595,2026-06-21,Tower Wagon Inspection,Overline Structure / Bridge Clearance Audit,Repaired and calibrated Overline Structure / Bridge Clearance Audit,163,Completed,Yes,Fair,Good,Maintenance executed under standard TRD divisional safety window.
HST-00280,AST-ENG-0167,2026-08-14,Track Inspection,Derailment Catch Siding Switch Inspection,Joint safety inspection and rectified Derailment Catch Siding Switch Inspection,72,Completed,Yes,Critical,Good,Maintenance executed under standard Engineering divisional safety window.
HST-00281,AST-TRD-0491,2025-12-03,OHE Component Replacement,Section Insulator Runner Wear,Executed scheduled overhaul of OHE Component Replacement,132,Completed,Yes,Critical,Good,Maintenance executed under standard TRD divisional safety window.
HST-00282,AST-ENG-0031,2025-09-29,Rail Grinding,Turnout Switch & Stock Rail Profile Restoration,Repaired and calibrated Turnout Switch & Stock Rail Profile Restoration,183,Requires Follow-up,Partial,Critical,Fair,Maintenance executed under standard Engineering divisional safety window.
HST-00283,AST-TRD-0499,2026-01-04,Contact Wire Replacement,Loop Line Contact Wire Heavy Carbonization,Joint safety inspection and rectified Loop Line Contact Wire Heavy Carbonization,251,Completed,Yes,Critical,Good,Maintenance executed under standard TRD divisional safety window.
HST-00284,AST-ENG-0110,2026-01-17,Ballast Cleaning,Shoulder Ballast Contamination,Joint safety inspection and rectified Shoulder Ballast Contamination,265,Completed,Yes,Degraded,Good,Maintenance executed under standard Engineering divisional safety window.
HST-00285,AST-TRD-0582,2026-04-21,Contact Wire Replacement,Severe Contact Wire Wear (< 74 sq mm),Repaired and calibrated Severe Contact Wire Wear (< 74 sq mm),268,Completed,Yes,Fair,Good,Maintenance executed under standard TRD divisional safety window.
HST-00286,AST-TRD-0469,2026-03-08,OHE Wire Maintenance,Catenary Wire Strand Broken,Joint safety inspection and rectified Catenary Wire Strand Broken,267,Requires Follow-up,Partial,Poor,Fair,Maintenance executed under standard TRD divisional safety window.
HST-00287,AST-TRD-0439,2026-07-26,OHE Component Replacement,Section Insulator Runner Wear,Replaced defective wear components for Section Insulator Runner Wear,189,Completed,Yes,Fair,Good,Maintenance executed under standard TRD divisional safety window.
HST-00288,AST-ENG-0168,2025-10-09,Track Inspection,Track Geometry Gauge Variation,Repaired and calibrated Track Geometry Gauge Variation,96,Completed,Yes,Fair,Good,Maintenance executed under standard Engineering divisional safety window.
HST-00289,AST-TRD-0494,2025-11-11,OHE Component Replacement,Traction Substation 25kV Vacuum Circuit Breaker (VCB) Fault,Executed scheduled overhaul of OHE Component Replacement,186,Completed,Yes,Critical,Good,Maintenance executed under standard TRD divisional safety window.
HST-00290,AST-ENG-0066,2026-06-18,Track Inspection,Fishplate Crack / Loose Bolt,Replaced defective wear components for Fishplate Crack / Loose Bolt,75,Completed,Yes,Degraded,Good,Maintenance executed under standard Engineering divisional safety window.
HST-00291,AST-S&T-0341,2025-09-14,Axle Counter Maintenance,Axle Counter Evaluator Card Failure,Routine preventive servicing and functional testing,79,Completed,Yes,Fair,Good,Maintenance executed under standard S&T divisional safety window.
HST-00292,AST-S&T-0267,2025-10-27,Axle Counter Maintenance,Axle Counter Evaluator Card Failure,Routine preventive servicing and functional testing,100,Completed,Yes,Critical,Good,Maintenance executed under standard S&T divisional safety window.
HST-00293,AST-S&T-0347,2026-06-16,Telecom Equipment Maintenance,Emergency Control Telephone (EC) Socket Defect,Replaced defective wear components for Emergency Control Telephone (EC) Socket Defect,48,Completed,Yes,Fair,Good,Maintenance executed under standard S&T divisional safety window.
HST-00294,AST-TRD-0450,2026-07-13,Tower Wagon Inspection,Neutral Section (PTFE Type) Inspection,Joint safety inspection and rectified Neutral Section (PTFE Type) Inspection,117,Completed,Yes,Critical,Good,Maintenance executed under standard TRD divisional safety window.
HST-00295,AST-S&T-0396,2026-02-01,Signal Inspection,LED Signal Aspect Intensity Drop,Joint safety inspection and rectified LED Signal Aspect Intensity Drop,74,Completed,Yes,Critical,Good,Maintenance executed under standard S&T divisional safety window.
HST-00296,AST-TRD-0542,2025-09-29,Tower Wagon Inspection,Routine Catenary & OHE Profile Survey,Routine preventive servicing and functional testing,175,Completed,Yes,Critical,Good,Maintenance executed under standard TRD divisional safety window.
HST-00297,AST-ENG-0045,2026-02-09,Track Inspection,Bridge Guard Rail Misalignment,Joint safety inspection and rectified Bridge Guard Rail Misalignment,136,Requires Follow-up,Partial,Fair,Fair,Maintenance executed under standard Engineering divisional safety window.
HST-00298,AST-TRD-0472,2026-01-06,Contact Wire Replacement,Contact Wire Parting / Snap Incident,Repaired and calibrated Contact Wire Parting / Snap Incident,216,Completed,Yes,Critical,Good,Maintenance executed under standard TRD divisional safety window.
HST-00299,AST-ENG-0152,2025-10-12,Points & Crossing Maintenance,Worn Switch Rail / Tongue Rail Chipped,Routine preventive servicing and functional testing,223,Completed,Yes,Fair,Good,Maintenance executed under standard Engineering divisional safety window.
HST-00300,AST-ENG-0173,2026-03-24,Ballast Cleaning,Clogged / Foul Ballast Bed,Repaired and calibrated Clogged / Foul Ballast Bed,290,Completed,Yes,Degraded,Good,Maintenance executed under standard Engineering divisional safety window.
HST-00301,AST-TRD-0501,2026-08-12,OHE Component Replacement,Insulator Flashover / Broken Porcelain Disc,Joint safety inspection and rectified Insulator Flashover / Broken Porcelain Disc,103,Completed,Yes,Degraded,Good,Maintenance executed under standard TRD divisional safety window.
HST-00302,AST-TRD-0424,2026-01-10,Tower Wagon Inspection,Level Crossing Gate OHE Anti-Collision Guard Wire Sag,Repaired and calibrated Level Crossing Gate OHE Anti-Collision Guard Wire Sag,101,Completed,Yes,Fair,Good,Maintenance executed under standard TRD divisional safety window.
HST-00303,AST-S&T-0355,2026-01-05,Track Circuit Maintenance,Track Lead Cable Sheath Damage,Joint safety inspection and rectified Track Lead Cable Sheath Damage,49,Completed,Yes,Critical,Good,Maintenance executed under standard S&T divisional safety window.
HST-00304,AST-S&T-0258,2025-10-29,Signal Inspection,LED Signal Aspect Intensity Drop,Replaced defective wear components for LED Signal Aspect Intensity Drop,63,Completed,Yes,Fair,Good,Maintenance executed under standard S&T divisional safety window.
HST-00305,AST-TRD-0419,2025-09-08,Contact Wire Replacement,Loop Line Contact Wire Heavy Carbonization,Joint safety inspection and rectified Loop Line Contact Wire Heavy Carbonization,258,Completed,Yes,Fair,Good,Maintenance executed under standard TRD divisional safety window.
HST-00306,AST-ENG-0192,2026-05-12,Ballast Cleaning,Station Yard Track Drain Choking,Replaced defective wear components for Station Yard Track Drain Choking,170,Completed,Yes,Fair,Good,Maintenance executed under standard Engineering divisional safety window.
HST-00307,AST-S&T-0327,2025-10-19,Signal Inspection,Route Indicator Lamp Burnout,Repaired and calibrated Route Indicator Lamp Burnout,49,Completed,Yes,Critical,Good,Maintenance executed under standard S&T divisional safety window.
HST-00308,AST-ENG-0185,2026-08-12,Ballast Cleaning,Shoulder Ballast Contamination,Routine preventive servicing and functional testing,184,Completed,Yes,Critical,Good,Maintenance executed under standard Engineering divisional safety window.
HST-00309,AST-S&T-0210,2025-12-30,Point Machine Maintenance,Lock Slide Notch Wear & Burr,Repaired and calibrated Lock Slide Notch Wear & Burr,87,Completed,Yes,Fair,Good,Maintenance executed under standard S&T divisional safety window.
HST-00310,AST-TRD-0512,2026-04-15,Tower Wagon Inspection,Substation Feeder Jumper Maintenance,Replaced defective wear components for Substation Feeder Jumper Maintenance,141,Completed,Yes,Critical,Good,Maintenance executed under standard TRD divisional safety window.
HST-00311,AST-S&T-0270,2025-11-02,Signal Inspection,Route Indicator Lamp Burnout,Replaced defective wear components for Route Indicator Lamp Burnout,55,Completed,Yes,Fair,Good,Maintenance executed under standard S&T divisional safety window.
HST-00312,AST-ENG-0066,2025-11-19,Rail Replacement,Rail End Batter at Joint,Joint safety inspection and rectified Rail End Batter at Joint,150,Completed,Yes,Poor,Good,Maintenance executed under standard Engineering divisional safety window.
HST-00313,AST-ENG-0199,2026-02-05,Track Tamping,Post-Renewal Track Stabilization,Repaired and calibrated Post-Renewal Track Stabilization,194,Completed,Yes,Poor,Good,Maintenance executed under standard Engineering divisional safety window.
HST-00314,AST-ENG-0151,2025-12-27,Rail Replacement,Corroded Rail Flange,Joint safety inspection and rectified Corroded Rail Flange,237,Completed,Yes,Critical,Good,Maintenance executed under standard Engineering divisional safety window.
HST-00315,AST-ENG-0017,2026-01-18,Points & Crossing Maintenance,Check Rail Clearance Error,Joint safety inspection and rectified Check Rail Clearance Error,147,Completed,Yes,Poor,Good,Maintenance executed under standard Engineering divisional safety window.
HST-00316,AST-TRD-0458,2026-05-25,OHE Inspection,Mast Earthing Bond Disconnected,Routine preventive servicing and functional testing,57,Completed,Yes,Poor,Good,Maintenance executed under standard TRD divisional safety window.
HST-00317,AST-TRD-0499,2025-09-14,OHE Inspection,Neutral Section Transverse Slew Anomaly,Executed scheduled overhaul of OHE Inspection,116,Completed,Yes,Degraded,Good,Maintenance executed under standard TRD divisional safety window.
HST-00318,AST-ENG-0061,2025-10-08,Ballast Cleaning,Shoulder Ballast Contamination,Joint safety inspection and rectified Shoulder Ballast Contamination,255,Requires Follow-up,Partial,Critical,Fair,Maintenance executed under standard Engineering divisional safety window.
HST-00319,AST-S&T-0281,2025-12-09,Axle Counter Maintenance,Digital Axle Counter (SSDAC/HASDAC) Count Error,Replaced defective wear components for Digital Axle Counter (SSDAC/HASDAC) Count Error,86,Completed,Yes,Degraded,Good,Maintenance executed under standard S&T divisional safety window.
HST-00320,AST-S&T-0265,2026-07-12,Track Circuit Maintenance,Track Relay Choke Coil Breakdown,Joint safety inspection and rectified Track Relay Choke Coil Breakdown,100,Completed,Yes,Poor,Good,Maintenance executed under standard S&T divisional safety window.
HST-00321,AST-TRD-0469,2026-03-08,Contact Wire Replacement,Contact Wire Parting / Snap Incident,Replaced defective wear components for Contact Wire Parting / Snap Incident,299,Completed,Yes,Fair,Good,Maintenance executed under standard TRD divisional safety window.
HST-00322,AST-S&T-0336,2025-12-22,Signal Inspection,Route Indicator Lamp Burnout,Executed scheduled overhaul of Signal Inspection,77,Completed,Yes,Fair,Good,Maintenance executed under standard S&T divisional safety window.
HST-00323,AST-TRD-0452,2026-07-05,OHE Inspection,Mast Earthing Bond Disconnected,Executed scheduled overhaul of OHE Inspection,75,Requires Follow-up,Partial,Poor,Fair,Maintenance executed under standard TRD divisional safety window.
HST-00324,AST-TRD-0401,2026-05-09,Tower Wagon Inspection,Routine Catenary & OHE Profile Survey,Routine preventive servicing and functional testing,157,Completed,Yes,Critical,Good,Maintenance executed under standard TRD divisional safety window.
HST-00325,AST-ENG-0190,2026-03-13,Sleeper Replacement,Points & Crossing Special Turnout Sleeper Shift,Joint safety inspection and rectified Points & Crossing Special Turnout Sleeper Shift,139,Completed,Yes,Critical,Good,Maintenance executed under standard Engineering divisional safety window.
HST-00326,AST-S&T-0328,2026-04-09,Signal Inspection,Shunt Signal Position Light Defect,Joint safety inspection and rectified Shunt Signal Position Light Defect,47,Completed,Yes,Critical,Good,Maintenance executed under standard S&T divisional safety window.
HST-00327,AST-TRD-0485,2026-01-04,OHE Inspection,Section Insulator Arcing Horn Burn,Routine preventive servicing and functional testing,107,Requires Follow-up,Partial,Poor,Fair,Maintenance executed under standard TRD divisional safety window.
HST-00328,AST-S&T-0300,2025-10-08,Axle Counter Maintenance,High Voltage Surge Suppressor Burnout,Executed scheduled overhaul of Axle Counter Maintenance,60,Requires Follow-up,Partial,Critical,Fair,Maintenance executed under standard S&T divisional safety window.
HST-00329,AST-ENG-0023,2026-02-01,Track Tamping,Crossover S-Curve Alignment Tamping,Joint safety inspection and rectified Crossover S-Curve Alignment Tamping,235,Requires Follow-up,Partial,Poor,Fair,Maintenance executed under standard Engineering divisional safety window.
HST-00330,AST-TRD-0540,2026-03-04,OHE Wire Maintenance,Bridging Jumper Burning / Degradation,Executed scheduled overhaul of OHE Wire Maintenance,136,Completed,Yes,Fair,Good,Maintenance executed under standard TRD divisional safety window.
HST-00331,AST-ENG-0029,2025-10-18,Track Inspection,Ballast Deficiency / Shoulder Loss,Replaced defective wear components for Ballast Deficiency / Shoulder Loss,208,Completed,Yes,Poor,Good,Maintenance executed under standard Engineering divisional safety window.
HST-00332,AST-TRD-0498,2026-03-27,OHE Wire Maintenance,Catenary Wire Strand Broken,Replaced defective wear components for Catenary Wire Strand Broken,253,Completed,Yes,Poor,Good,Maintenance executed under standard TRD divisional safety window.
HST-00333,AST-TRD-0486,2026-02-06,OHE Wire Maintenance,Contact Wire Splice Sleeve Deformation,Repaired and calibrated Contact Wire Splice Sleeve Deformation,141,Completed,Yes,Poor,Good,Maintenance executed under standard TRD divisional safety window.
HST-00334,AST-ENG-0068,2025-12-17,Track Inspection,Ultrasonic Rail Flaw Detection (USFD) Anomaly,Executed scheduled overhaul of Track Inspection,124,Completed,Yes,Critical,Good,Maintenance executed under standard Engineering divisional safety window.
HST-00335,AST-ENG-0036,2026-06-25,Rail Grinding,Rail Lip / Fin Formation,Routine preventive servicing and functional testing,207,Completed,Yes,Poor,Good,Maintenance executed under standard Engineering divisional safety window.
HST-00336,AST-TRD-0582,2025-09-21,OHE Component Replacement,Cantilever Bracket Assembly Misalignment,Executed scheduled overhaul of OHE Component Replacement,187,Completed,Yes,Degraded,Good,Maintenance executed under standard TRD divisional safety window.
HST-00337,AST-TRD-0503,2026-08-17,Contact Wire Replacement,Severe Contact Wire Wear (< 74 sq mm),Replaced defective wear components for Severe Contact Wire Wear (< 74 sq mm),387,Completed,Yes,Poor,Good,Maintenance executed under standard TRD divisional safety window.
HST-00338,AST-TRD-0471,2026-07-28,OHE Wire Maintenance,Anti-Creep Wire Sagging,Replaced defective wear components for Anti-Creep Wire Sagging,102,Completed,Yes,Fair,Good,Maintenance executed under standard TRD divisional safety window.
HST-00339,AST-TRD-0476,2025-10-01,Tower Wagon Inspection,Tunnel OHE Catenary Clearance Check,Replaced defective wear components for Tunnel OHE Catenary Clearance Check,177,Completed,Yes,Poor,Good,Maintenance executed under standard TRD divisional safety window.
HST-00340,AST-ENG-0158,2025-10-10,Track Inspection,Switch Expansion Joint (SEJ) Gap Abnormality,Replaced defective wear components for Switch Expansion Joint (SEJ) Gap Abnormality,105,Completed,Yes,Fair,Good,Maintenance executed under standard Engineering divisional safety window.
HST-00341,AST-S&T-0365,2026-08-06,Point Machine Maintenance,Crank Handle Interlock Microswitch Jam,Routine preventive servicing and functional testing,49,Completed,Yes,Fair,Good,Maintenance executed under standard S&T divisional safety window.
HST-00342,AST-S&T-0263,2025-10-25,Track Circuit Maintenance,Track Circuit Dropping / False Occupancy,Joint safety inspection and rectified Track Circuit Dropping / False Occupancy,78,Completed,Yes,Degraded,Good,Maintenance executed under standard S&T divisional safety window.
HST-00343,AST-TRD-0479,2026-01-07,OHE Component Replacement,Cantilever Bracket Assembly Misalignment,Joint safety inspection and rectified Cantilever Bracket Assembly Misalignment,151,Completed,Yes,Degraded,Good,Maintenance executed under standard TRD divisional safety window.
HST-00344,AST-ENG-0110,2026-05-02,Rail Replacement,Fractured Rail Segment,Executed scheduled overhaul of Rail Replacement,195,Completed,Yes,Critical,Good,Maintenance executed under standard Engineering divisional safety window.
HST-00345,AST-TRD-0416,2025-09-21,OHE Wire Maintenance,Contact Wire Kink / Mechanical Damage,Replaced defective wear components for Contact Wire Kink / Mechanical Damage,158,Completed,Yes,Degraded,Good,Maintenance executed under standard TRD divisional safety window.
HST-00346,AST-TRD-0568,2026-01-23,OHE Wire Maintenance,Contact Wire Kink / Mechanical Damage,Replaced defective wear components for Contact Wire Kink / Mechanical Damage,141,Completed,Yes,Degraded,Good,Maintenance executed under standard TRD divisional safety window.
HST-00347,AST-TRD-0570,2026-05-05,OHE Wire Maintenance,Catenary Wire Strand Broken,Joint safety inspection and rectified Catenary Wire Strand Broken,214,Completed,Yes,Degraded,Good,Maintenance executed under standard TRD divisional safety window.
HST-00348,AST-TRD-0481,2026-08-17,OHE Wire Maintenance,Bridging Jumper Burning / Degradation,Joint safety inspection and rectified Bridging Jumper Burning / Degradation,154,Completed,Yes,Critical,Good,Maintenance executed under standard TRD divisional safety window.
HST-00349,AST-TRD-0529,2026-06-20,OHE Wire Maintenance,Cross Feeder Wire Vibration Fatigue,Replaced defective wear components for Cross Feeder Wire Vibration Fatigue,103,Completed,Yes,Poor,Good,Maintenance executed under standard TRD divisional safety window.
HST-00350,AST-TRD-0420,2026-06-02,OHE Component Replacement,Traction Substation 25kV Vacuum Circuit Breaker (VCB) Fault,Joint safety inspection and rectified Traction Substation 25kV Vacuum Circuit Breaker (VCB) Fault,236,Completed,Yes,Critical,Good,Maintenance executed under standard TRD divisional safety window.
HST-00351,AST-S&T-0387,2026-05-08,Track Circuit Maintenance,Glued Insulated Rail Joint (GJ) Failure,Joint safety inspection and rectified Glued Insulated Rail Joint (GJ) Failure,175,Requires Follow-up,Partial,Fair,Fair,Maintenance executed under standard S&T divisional safety window.
HST-00352,AST-ENG-0123,2025-10-29,Ballast Cleaning,Clogged / Foul Ballast Bed,Executed scheduled overhaul of Ballast Cleaning,388,Completed,Yes,Fair,Good,Maintenance executed under standard Engineering divisional safety window.
HST-00353,AST-S&T-0323,2026-01-07,Track Circuit Maintenance,Ballast Resistance Leakage (Low Ballast Resistance),Routine preventive servicing and functional testing,74,Completed,Yes,Degraded,Good,Maintenance executed under standard S&T divisional safety window.
HST-00354,AST-ENG-0190,2025-10-06,Ballast Cleaning,Station Yard Track Drain Choking,Executed scheduled overhaul of Ballast Cleaning,234,Requires Follow-up,Partial,Degraded,Fair,Maintenance executed under standard Engineering divisional safety window.
HST-00355,AST-TRD-0426,2026-01-04,Tower Wagon Inspection,Level Crossing Gate OHE Anti-Collision Guard Wire Sag,Replaced defective wear components for Level Crossing Gate OHE Anti-Collision Guard Wire Sag,90,Completed,Yes,Critical,Good,Maintenance executed under standard TRD divisional safety window.
HST-00356,AST-S&T-0226,2026-01-25,Axle Counter Maintenance,Axle Counter Evaluator Card Failure,Joint safety inspection and rectified Axle Counter Evaluator Card Failure,102,Completed,Yes,Poor,Good,Maintenance executed under standard S&T divisional safety window.
HST-00357,AST-ENG-0129,2026-01-21,Track Inspection,Diamond Crossing Flange Wear,Joint safety inspection and rectified Diamond Crossing Flange Wear,96,Completed,Yes,Poor,Good,Maintenance executed under standard Engineering divisional safety window.
HST-00358,AST-ENG-0132,2026-05-19,Track Tamping,Bridge Transition Approach Settlement,Replaced defective wear components for Bridge Transition Approach Settlement,140,Completed,Yes,Fair,Good,Maintenance executed under standard Engineering divisional safety window.
HST-00359,AST-ENG-0082,2026-06-23,Points & Crossing Maintenance,Worn Switch Rail / Tongue Rail Chipped,Replaced defective wear components for Worn Switch Rail / Tongue Rail Chipped,155,Completed,Yes,Fair,Good,Maintenance executed under standard Engineering divisional safety window.
HST-00360,AST-ENG-0068,2026-04-06,Track Inspection,Switch Expansion Joint (SEJ) Gap Abnormality,Routine preventive servicing and functional testing,91,Requires Follow-up,Partial,Fair,Fair,Maintenance executed under standard Engineering divisional safety window.
HST-00361,AST-TRD-0538,2026-01-30,OHE Wire Maintenance,Catenary Wire Strand Broken,Routine preventive servicing and functional testing,266,Completed,Yes,Degraded,Good,Maintenance executed under standard TRD divisional safety window.
HST-00362,AST-TRD-0432,2026-06-05,OHE Inspection,Neutral Section Transverse Slew Anomaly,Joint safety inspection and rectified Neutral Section Transverse Slew Anomaly,67,Completed,Yes,Degraded,Good,Maintenance executed under standard TRD divisional safety window.
HST-00363,AST-S&T-0376,2026-02-23,Signal Inspection,Aspect Current Sensor Anomaly,Joint safety inspection and rectified Aspect Current Sensor Anomaly,50,Completed,Yes,Degraded,Good,Maintenance executed under standard S&T divisional safety window.
HST-00364,AST-ENG-0134,2025-12-15,Rail Replacement,Excessive Rail Wear Beyond Limit,Joint safety inspection and rectified Excessive Rail Wear Beyond Limit,316,Completed,Yes,Degraded,Good,Maintenance executed under standard Engineering divisional safety window.
HST-00365,AST-ENG-0114,2026-01-19,Track Inspection,Fishplate Crack / Loose Bolt,Joint safety inspection and rectified Fishplate Crack / Loose Bolt,76,Completed,Yes,Degraded,Good,Maintenance executed under standard Engineering divisional safety window.
HST-00366,AST-TRD-0532,2025-12-27,Tower Wagon Inspection,Routine Catenary & OHE Profile Survey,Routine preventive servicing and functional testing,167,Completed,Yes,Poor,Good,Maintenance executed under standard TRD divisional safety window.
HST-00367,AST-TRD-0583,2026-01-26,OHE Component Replacement,Section Insulator Runner Wear,Executed scheduled overhaul of OHE Component Replacement,177,Completed,Yes,Poor,Good,Maintenance executed under standard TRD divisional safety window.
HST-00368,AST-TRD-0447,2026-02-14,OHE Component Replacement,Traction Substation 25kV Vacuum Circuit Breaker (VCB) Fault,Replaced defective wear components for Traction Substation 25kV Vacuum Circuit Breaker (VCB) Fault,226,Completed,Yes,Degraded,Good,Maintenance executed under standard TRD divisional safety window.
HST-00369,AST-S&T-0389,2026-06-07,Signal Maintenance,Signalling Relay Contact Oxidation (Q-Series),Joint safety inspection and rectified Signalling Relay Contact Oxidation (Q-Series),67,Completed,Yes,Critical,Good,Maintenance executed under standard S&T divisional safety window.
HST-00370,AST-ENG-0040,2025-12-29,Ballast Cleaning,Cess / Drainage Deepening,Routine preventive servicing and functional testing,266,Requires Follow-up,Partial,Poor,Fair,Maintenance executed under standard Engineering divisional safety window.
HST-00371,AST-ENG-0084,2026-05-05,Sleeper Replacement,Broken PSC Sleeper,Replaced defective wear components for Broken PSC Sleeper,148,Completed,Yes,Fair,Good,Maintenance executed under standard Engineering divisional safety window.
HST-00372,AST-TRD-0594,2026-03-09,OHE Wire Maintenance,Cross Feeder Wire Vibration Fatigue,Executed scheduled overhaul of OHE Wire Maintenance,70,Completed,Yes,Degraded,Good,Maintenance executed under standard TRD divisional safety window.
HST-00373,AST-ENG-0098,2026-07-23,Sleeper Replacement,Turnout Concrete Sleeper Fracture,Executed scheduled overhaul of Sleeper Replacement,323,Completed,Yes,Poor,Good,Maintenance executed under standard Engineering divisional safety window.
HST-00374,AST-TRD-0572,2026-04-19,OHE Inspection,Mast Earthing Bond Disconnected,Executed scheduled overhaul of OHE Inspection,70,Completed,Yes,Fair,Good,Maintenance executed under standard TRD divisional safety window.
HST-00375,AST-TRD-0515,2025-11-10,OHE Wire Maintenance,Contact Wire Kink / Mechanical Damage,Repaired and calibrated Contact Wire Kink / Mechanical Damage,182,Completed,Yes,Degraded,Good,Maintenance executed under standard TRD divisional safety window.
HST-00376,AST-TRD-0556,2026-02-08,OHE Component Replacement,Traction Substation 132kV Isolator Contact Blade Pitting,Repaired and calibrated Traction Substation 132kV Isolator Contact Blade Pitting,156,Completed,Yes,Poor,Good,Maintenance executed under standard TRD divisional safety window.
HST-00377,AST-S&T-0293,2026-06-12,Signal Maintenance,Electronic Interlocking (EI) VDU Communication Fault,Executed scheduled overhaul of Signal Maintenance,94,Completed,Yes,Poor,Good,Maintenance executed under standard S&T divisional safety window.
HST-00378,AST-S&T-0225,2026-04-16,Signal Maintenance,Data Logger Channel Telemetry Lockout,Joint safety inspection and rectified Data Logger Channel Telemetry Lockout,73,Completed,Yes,Critical,Good,Maintenance executed under standard S&T divisional safety window.
HST-00379,AST-S&T-0377,2026-03-08,Track Circuit Maintenance,Glued Insulated Rail Joint (GJ) Failure,Joint safety inspection and rectified Glued Insulated Rail Joint (GJ) Failure,175,Completed,Yes,Critical,Good,Maintenance executed under standard S&T divisional safety window.
HST-00380,AST-S&T-0268,2026-07-30,Telecom Equipment Maintenance,Optical Fibre Cable (OFC) Attenuation Surge,Repaired and calibrated Optical Fibre Cable (OFC) Attenuation Surge,143,Completed,Yes,Poor,Good,Maintenance executed under standard S&T divisional safety window.
HST-00381,AST-TRD-0420,2025-10-04,OHE Component Replacement,Traction Substation 132kV Isolator Contact Blade Pitting,Joint safety inspection and rectified Traction Substation 132kV Isolator Contact Blade Pitting,159,Completed,Yes,Fair,Good,Maintenance executed under standard TRD divisional safety window.
HST-00382,AST-ENG-0180,2025-09-24,Sleeper Replacement,Points & Crossing Special Turnout Sleeper Shift,Routine preventive servicing and functional testing,230,Completed,Yes,Poor,Good,Maintenance executed under standard Engineering divisional safety window.
HST-00383,AST-S&T-0352,2025-12-07,Telecom Equipment Maintenance,Emergency Control Telephone (EC) Socket Defect,Joint safety inspection and rectified Emergency Control Telephone (EC) Socket Defect,48,Completed,Yes,Critical,Good,Maintenance executed under standard S&T divisional safety window.
HST-00384,AST-TRD-0573,2026-03-26,OHE Component Replacement,Cantilever Bracket Assembly Misalignment,Repaired and calibrated Cantilever Bracket Assembly Misalignment,176,Completed,Yes,Critical,Good,Maintenance executed under standard TRD divisional safety window.
HST-00385,AST-TRD-0449,2026-04-17,OHE Wire Maintenance,Catenary Wire Strand Broken,Replaced defective wear components for Catenary Wire Strand Broken,190,Completed,Yes,Fair,Good,Maintenance executed under standard TRD divisional safety window.
HST-00386,AST-TRD-0520,2025-10-08,OHE Wire Maintenance,Contact Wire Kink / Mechanical Damage,Repaired and calibrated Contact Wire Kink / Mechanical Damage,231,Requires Follow-up,Partial,Fair,Fair,Maintenance executed under standard TRD divisional safety window.
HST-00387,AST-ENG-0090,2026-03-23,Ballast Cleaning,Station Yard Track Drain Choking,Joint safety inspection and rectified Station Yard Track Drain Choking,172,Completed,Yes,Poor,Good,Maintenance executed under standard Engineering divisional safety window.
HST-00388,AST-S&T-0377,2026-04-26,Track Circuit Maintenance,Track Circuit Dropping / False Occupancy,Joint safety inspection and rectified Track Circuit Dropping / False Occupancy,52,Requires Follow-up,Partial,Fair,Fair,Maintenance executed under standard S&T divisional safety window.
HST-00389,AST-S&T-0270,2026-02-06,Axle Counter Maintenance,Digital Axle Counter (SSDAC/HASDAC) Count Error,Routine preventive servicing and functional testing,60,Completed,Yes,Poor,Good,Maintenance executed under standard S&T divisional safety window.
HST-00390,AST-S&T-0221,2026-07-21,Telecom Equipment Maintenance,Passenger Information System (PIS) Display Node Link Drop,Replaced defective wear components for Passenger Information System (PIS) Display Node Link Drop,51,Completed,Yes,Degraded,Good,Maintenance executed under standard S&T divisional safety window.
HST-00391,AST-ENG-0109,2026-04-04,Points & Crossing Maintenance,Loose Stretcher Bar Bolts,Repaired and calibrated Loose Stretcher Bar Bolts,59,Completed,Yes,Critical,Good,Maintenance executed under standard Engineering divisional safety window.
HST-00392,AST-S&T-0374,2026-04-19,Signal Maintenance,Signalling Relay Contact Oxidation (Q-Series),Routine preventive servicing and functional testing,61,Completed,Yes,Critical,Good,Maintenance executed under standard S&T divisional safety window.
HST-00393,AST-S&T-0282,2026-06-03,Signal Maintenance,Integrated Power Supply (IPS) Module Failure,Joint safety inspection and rectified Integrated Power Supply (IPS) Module Failure,137,Completed,Yes,Critical,Good,Maintenance executed under standard S&T divisional safety window.
HST-00394,AST-ENG-0104,2026-01-25,Track Inspection,Formation / Embankment Settlement,Routine preventive servicing and functional testing,259,Completed,Yes,Degraded,Good,Maintenance executed under standard Engineering divisional safety window.
HST-00395,AST-S&T-0395,2026-04-25,Track Circuit Maintenance,Ballast Resistance Leakage (Low Ballast Resistance),Routine preventive servicing and functional testing,81,Completed,Yes,Fair,Good,Maintenance executed under standard S&T divisional safety window.
HST-00396,AST-TRD-0471,2026-01-31,OHE Component Replacement,Insulator Flashover / Broken Porcelain Disc,Replaced defective wear components for Insulator Flashover / Broken Porcelain Disc,111,Completed,Yes,Critical,Good,Maintenance executed under standard TRD divisional safety window.
HST-00397,AST-S&T-0362,2026-04-30,Axle Counter Maintenance,Digital Axle Counter (SSDAC/HASDAC) Count Error,Executed scheduled overhaul of Axle Counter Maintenance,98,Completed,Yes,Poor,Good,Maintenance executed under standard S&T divisional safety window.
HST-00398,AST-ENG-0187,2026-03-29,Track Tamping,Post-Renewal Track Stabilization,Routine preventive servicing and functional testing,238,Requires Follow-up,Partial,Degraded,Fair,Maintenance executed under standard Engineering divisional safety window.
HST-00399,AST-ENG-0098,2026-03-29,Track Inspection,Ballast Deficiency / Shoulder Loss,Repaired and calibrated Ballast Deficiency / Shoulder Loss,172,Completed,Yes,Critical,Good,Maintenance executed under standard Engineering divisional safety window.
HST-00400,AST-TRD-0504,2025-09-10,OHE Component Replacement,Cantilever Bracket Assembly Misalignment,Routine preventive servicing and functional testing,156,Completed,Yes,Poor,Good,Maintenance executed under standard TRD divisional safety window.
HST-00401,AST-TRD-0441,2025-09-16,OHE Wire Maintenance,Bridging Jumper Burning / Degradation,Joint safety inspection and rectified Bridging Jumper Burning / Degradation,155,Completed,Yes,Critical,Good,Maintenance executed under standard TRD divisional safety window.
HST-00402,AST-ENG-0180,2026-01-29,Sleeper Replacement,Broken PSC Sleeper,Routine preventive servicing and functional testing,140,Completed,Yes,Poor,Good,Maintenance executed under standard Engineering divisional safety window.
HST-00403,AST-TRD-0551,2026-04-07,OHE Wire Maintenance,Contact Wire Kink / Mechanical Damage,Joint safety inspection and rectified Contact Wire Kink / Mechanical Damage,207,Completed,Yes,Critical,Good,Maintenance executed under standard TRD divisional safety window.
HST-00404,AST-ENG-0071,2026-06-16,Sleeper Replacement,Damaged Elastic Rail Clips (ERC),Executed scheduled overhaul of Sleeper Replacement,91,Completed,Yes,Poor,Good,Maintenance executed under standard Engineering divisional safety window.
HST-00405,AST-ENG-0133,2025-09-30,Points & Crossing Maintenance,Loose Stretcher Bar Bolts,Routine preventive servicing and functional testing,77,Completed,Yes,Poor,Good,Maintenance executed under standard Engineering divisional safety window.
HST-00406,AST-S&T-0383,2025-10-05,Signal Maintenance,Signal Blank / Lamp Failure,Routine preventive servicing and functional testing,84,Completed,Yes,Poor,Good,Maintenance executed under standard S&T divisional safety window.
HST-00407,AST-ENG-0148,2026-05-22,Points & Crossing Maintenance,Switch Toe Gap Out of Tolerance,Repaired and calibrated Switch Toe Gap Out of Tolerance,73,Completed,Yes,Critical,Good,Maintenance executed under standard Engineering divisional safety window.
HST-00408,AST-ENG-0179,2026-04-29,Ballast Cleaning,Clogged / Foul Ballast Bed,Executed scheduled overhaul of Ballast Cleaning,477,Completed,Yes,Critical,Good,Maintenance executed under standard Engineering divisional safety window.
HST-00409,AST-TRD-0432,2026-02-23,Contact Wire Replacement,Severe Contact Wire Wear (< 74 sq mm),Joint safety inspection and rectified Severe Contact Wire Wear (< 74 sq mm),351,Completed,Yes,Poor,Good,Maintenance executed under standard TRD divisional safety window.
HST-00410,AST-TRD-0578,2025-10-19,OHE Inspection,Catenary Dropper Missing / Damaged,Replaced defective wear components for Catenary Dropper Missing / Damaged,56,Completed,Yes,Degraded,Good,Maintenance executed under standard TRD divisional safety window.
HST-00411,AST-ENG-0164,2026-08-03,Rail Grinding,Rolling Contact Fatigue / Head Checking,Executed scheduled overhaul of Rail Grinding,374,Completed,Yes,Degraded,Good,Maintenance executed under standard Engineering divisional safety window.
HST-00412,AST-TRD-0455,2026-07-16,OHE Wire Maintenance,Contact Wire Kink / Mechanical Damage,Joint safety inspection and rectified Contact Wire Kink / Mechanical Damage,164,Completed,Yes,Critical,Good,Maintenance executed under standard TRD divisional safety window.
HST-00413,AST-ENG-0149,2025-09-22,Sleeper Replacement,Broken PSC Sleeper,Executed scheduled overhaul of Sleeper Replacement,204,Completed,Yes,Poor,Good,Maintenance executed under standard Engineering divisional safety window.
HST-00414,AST-ENG-0197,2025-12-07,Ballast Cleaning,Shoulder Ballast Contamination,Joint safety inspection and rectified Shoulder Ballast Contamination,260,Completed,Yes,Degraded,Good,Maintenance executed under standard Engineering divisional safety window.
HST-00415,AST-TRD-0406,2026-02-14,Contact Wire Replacement,Severe Contact Wire Wear (< 74 sq mm),Replaced defective wear components for Severe Contact Wire Wear (< 74 sq mm),275,Completed,Yes,Poor,Good,Maintenance executed under standard TRD divisional safety window.
HST-00416,AST-ENG-0013,2026-02-09,Points & Crossing Maintenance,Check Rail Clearance Error,Repaired and calibrated Check Rail Clearance Error,135,Completed,Yes,Critical,Good,Maintenance executed under standard Engineering divisional safety window.
HST-00417,AST-ENG-0169,2026-06-26,Track Tamping,Turnout Packing & Lining Fault,Routine preventive servicing and functional testing,237,Completed,Yes,Critical,Good,Maintenance executed under standard Engineering divisional safety window.
HST-00418,AST-TRD-0556,2026-01-16,OHE Inspection,Section Insulator Arcing Horn Burn,Routine preventive servicing and functional testing,102,Completed,Yes,Fair,Good,Maintenance executed under standard TRD divisional safety window.
HST-00419,AST-TRD-0497,2026-02-01,OHE Inspection,Contact Wire Height & Stagger Deviation,Routine preventive servicing and functional testing,161,Completed,Yes,Fair,Good,Maintenance executed under standard TRD divisional safety window.
HST-00420,AST-TRD-0579,2025-10-09,Tower Wagon Inspection,Routine Catenary & OHE Profile Survey,Replaced defective wear components for Routine Catenary & OHE Profile Survey,157,Completed,Yes,Poor,Good,Maintenance executed under standard TRD divisional safety window.
HST-00421,AST-ENG-0187,2025-09-07,Track Tamping,Bridge Transition Approach Settlement,Joint safety inspection and rectified Bridge Transition Approach Settlement,184,Completed,Yes,Degraded,Good,Maintenance executed under standard Engineering divisional safety window.
HST-00422,AST-S&T-0218,2026-06-14,Axle Counter Maintenance,Digital Axle Counter (SSDAC/HASDAC) Count Error,Executed scheduled overhaul of Axle Counter Maintenance,94,Completed,Yes,Fair,Good,Maintenance executed under standard S&T divisional safety window.
HST-00423,AST-S&T-0289,2025-09-07,Signal Inspection,Route Indicator Lamp Burnout,Executed scheduled overhaul of Signal Inspection,74,Completed,Yes,Critical,Good,Maintenance executed under standard S&T divisional safety window.
HST-00424,AST-TRD-0584,2026-04-23,OHE Component Replacement,Traction Substation 25kV Vacuum Circuit Breaker (VCB) Fault,Executed scheduled overhaul of OHE Component Replacement,140,Completed,Yes,Degraded,Good,Maintenance executed under standard TRD divisional safety window.
HST-00425,AST-S&T-0230,2025-09-13,Signal Inspection,Aspect Current Sensor Anomaly,Replaced defective wear components for Aspect Current Sensor Anomaly,51,Completed,Yes,Degraded,Good,Maintenance executed under standard S&T divisional safety window.
HST-00426,AST-S&T-0332,2026-04-08,Signal Maintenance,Signal Post Corrosion & Alignment Tilt,Executed scheduled overhaul of Signal Maintenance,182,Completed,Yes,Fair,Good,Maintenance executed under standard S&T divisional safety window.
HST-00427,AST-S&T-0303,2026-02-14,Signal Maintenance,Integrated Power Supply (IPS) Module Failure,Joint safety inspection and rectified Integrated Power Supply (IPS) Module Failure,141,Completed,Yes,Poor,Good,Maintenance executed under standard S&T divisional safety window.
HST-00428,AST-TRD-0514,2025-12-11,OHE Inspection,Thermal Hotspot in Isolator / Jumper,Executed scheduled overhaul of OHE Inspection,80,Completed,Yes,Degraded,Good,Maintenance executed under standard TRD divisional safety window.
HST-00429,AST-S&T-0253,2026-03-08,Telecom Equipment Maintenance,VHF / MTRC Radio Base Station Fault,Joint safety inspection and rectified VHF / MTRC Radio Base Station Fault,119,Completed,Yes,Degraded,Good,Maintenance executed under standard S&T divisional safety window.
HST-00430,AST-TRD-0596,2026-05-02,OHE Wire Maintenance,Bridging Jumper Burning / Degradation,Replaced defective wear components for Bridging Jumper Burning / Degradation,123,Requires Follow-up,Partial,Critical,Fair,Maintenance executed under standard TRD divisional safety window.
HST-00431,AST-TRD-0447,2025-12-27,OHE Wire Maintenance,Cross Feeder Wire Vibration Fatigue,Executed scheduled overhaul of OHE Wire Maintenance,93,Completed,Yes,Degraded,Good,Maintenance executed under standard TRD divisional safety window.
HST-00432,AST-ENG-0169,2026-07-16,Ballast Cleaning,Cess / Drainage Deepening,Repaired and calibrated Cess / Drainage Deepening,295,Completed,Yes,Critical,Good,Maintenance executed under standard Engineering divisional safety window.
HST-00433,AST-TRD-0565,2025-11-30,OHE Inspection,Mast Earthing Bond Disconnected,Repaired and calibrated Mast Earthing Bond Disconnected,57,Completed,Yes,Degraded,Good,Maintenance executed under standard TRD divisional safety window.
HST-00434,AST-TRD-0427,2025-10-03,Contact Wire Replacement,Turnout Overlap Wire Renewal,Executed scheduled overhaul of Contact Wire Replacement,231,Completed,Yes,Fair,Good,Maintenance executed under standard TRD divisional safety window.
HST-00435,AST-TRD-0479,2026-03-26,Tower Wagon Inspection,Tunnel OHE Catenary Clearance Check,Joint safety inspection and rectified Tunnel OHE Catenary Clearance Check,141,Completed,Yes,Poor,Good,Maintenance executed under standard TRD divisional safety window.
HST-00436,AST-S&T-0349,2026-07-18,Signal Inspection,Route Indicator Lamp Burnout,Repaired and calibrated Route Indicator Lamp Burnout,80,Completed,Yes,Fair,Good,Maintenance executed under standard S&T divisional safety window.
HST-00437,AST-S&T-0252,2025-11-22,Track Circuit Maintenance,Track Relay Choke Coil Breakdown,Replaced defective wear components for Track Relay Choke Coil Breakdown,61,Completed,Yes,Fair,Good,Maintenance executed under standard S&T divisional safety window.
HST-00438,AST-S&T-0213,2026-06-16,Signal Inspection,Shunt Signal Position Light Defect,Repaired and calibrated Shunt Signal Position Light Defect,47,Completed,Yes,Critical,Good,Maintenance executed under standard S&T divisional safety window.
HST-00439,AST-ENG-0123,2026-02-25,Sleeper Replacement,Points & Crossing Special Turnout Sleeper Shift,Repaired and calibrated Points & Crossing Special Turnout Sleeper Shift,180,Completed,Yes,Critical,Good,Maintenance executed under standard Engineering divisional safety window.
HST-00440,AST-ENG-0083,2026-05-26,Points & Crossing Maintenance,Worn Switch Rail / Tongue Rail Chipped,Executed scheduled overhaul of Points & Crossing Maintenance,151,Completed,Yes,Critical,Good,Maintenance executed under standard Engineering divisional safety window.
HST-00441,AST-ENG-0020,2025-10-11,Track Tamping,Post-Renewal Track Stabilization,Replaced defective wear components for Post-Renewal Track Stabilization,230,Completed,Yes,Poor,Good,Maintenance executed under standard Engineering divisional safety window.
HST-00442,AST-S&T-0212,2025-09-10,Signal Maintenance,Integrated Power Supply (IPS) Module Failure,Joint safety inspection and rectified Integrated Power Supply (IPS) Module Failure,105,Completed,Yes,Degraded,Good,Maintenance executed under standard S&T divisional safety window.
HST-00443,AST-ENG-0109,2025-10-16,Track Tamping,Crossover S-Curve Alignment Tamping,Repaired and calibrated Crossover S-Curve Alignment Tamping,157,Completed,Yes,Degraded,Good,Maintenance executed under standard Engineering divisional safety window.
HST-00444,AST-S&T-0340,2026-04-07,Telecom Equipment Maintenance,Passenger Information System (PIS) Display Node Link Drop,Joint safety inspection and rectified Passenger Information System (PIS) Display Node Link Drop,78,Completed,Yes,Degraded,Good,Maintenance executed under standard S&T divisional safety window.
HST-00445,AST-TRD-0530,2025-10-10,Tower Wagon Inspection,Neutral Section (PTFE Type) Inspection,Repaired and calibrated Neutral Section (PTFE Type) Inspection,135,Completed,Yes,Degraded,Good,Maintenance executed under standard TRD divisional safety window.
HST-00446,AST-S&T-0203,2026-01-17,Point Machine Maintenance,Point Machine Out of Adjustment / Flashover,Executed scheduled overhaul of Point Machine Maintenance,89,Completed,Yes,Poor,Good,Maintenance executed under standard S&T divisional safety window.
HST-00447,AST-S&T-0257,2026-01-22,Signal Maintenance,Data Logger Channel Telemetry Lockout,Routine preventive servicing and functional testing,64,Completed,Yes,Critical,Good,Maintenance executed under standard S&T divisional safety window.
HST-00448,AST-TRD-0516,2026-03-01,Contact Wire Replacement,Loop Line Contact Wire Heavy Carbonization,Executed scheduled overhaul of Contact Wire Replacement,297,Completed,Yes,Critical,Good,Maintenance executed under standard TRD divisional safety window.
HST-00449,AST-TRD-0460,2026-01-11,Tower Wagon Inspection,Neutral Section (PTFE Type) Inspection,Routine preventive servicing and functional testing,133,Completed,Yes,Poor,Good,Maintenance executed under standard TRD divisional safety window.
HST-00450,AST-ENG-0069,2026-01-04,Sleeper Replacement,Broken PSC Sleeper,Joint safety inspection and rectified Broken PSC Sleeper,153,Completed,Yes,Critical,Good,Maintenance executed under standard Engineering divisional safety window.
HST-00451,AST-TRD-0427,2025-10-08,Tower Wagon Inspection,Overline Structure / Bridge Clearance Audit,Repaired and calibrated Overline Structure / Bridge Clearance Audit,159,Completed,Yes,Degraded,Good,Maintenance executed under standard TRD divisional safety window.
HST-00452,AST-S&T-0264,2026-01-21,Telecom Equipment Maintenance,Emergency Control Telephone (EC) Socket Defect,Routine preventive servicing and functional testing,67,Completed,Yes,Critical,Good,Maintenance executed under standard S&T divisional safety window.
HST-00453,AST-TRD-0492,2025-10-03,OHE Component Replacement,Traction Substation 132kV Isolator Contact Blade Pitting,Executed scheduled overhaul of OHE Component Replacement,166,Completed,Yes,Critical,Good,Maintenance executed under standard TRD divisional safety window.
HST-00454,AST-TRD-0571,2026-03-24,Tower Wagon Inspection,Neutral Section (PTFE Type) Inspection,Replaced defective wear components for Neutral Section (PTFE Type) Inspection,134,Completed,Yes,Poor,Good,Maintenance executed under standard TRD divisional safety window.
HST-00455,AST-S&T-0393,2025-12-23,Signal Maintenance,Electronic Interlocking (EI) VDU Communication Fault,Replaced defective wear components for Electronic Interlocking (EI) VDU Communication Fault,88,Completed,Yes,Fair,Good,Maintenance executed under standard S&T divisional safety window.
HST-00456,AST-ENG-0181,2026-05-24,Rail Replacement,Curve Gauge Corner Shelling / Spalling,Joint safety inspection and rectified Curve Gauge Corner Shelling / Spalling,306,Completed,Yes,Degraded,Good,Maintenance executed under standard Engineering divisional safety window.
HST-00457,AST-TRD-0481,2025-11-27,OHE Inspection,Catenary Dropper Missing / Damaged,Executed scheduled overhaul of OHE Inspection,75,Completed,Yes,Critical,Good,Maintenance executed under standard TRD divisional safety window.
HST-00458,AST-ENG-0166,2025-11-20,Sleeper Replacement,Damaged Elastic Rail Clips (ERC),Routine preventive servicing and functional testing,72,Completed,Yes,Degraded,Good,Maintenance executed under standard Engineering divisional safety window.
HST-00459,AST-TRD-0435,2026-05-27,Tower Wagon Inspection,Neutral Section (PTFE Type) Inspection,Routine preventive servicing and functional testing,104,Completed,Yes,Poor,Good,Maintenance executed under standard TRD divisional safety window.
HST-00460,AST-S&T-0393,2026-06-15,Point Machine Maintenance,Point Machine Out of Adjustment / Flashover,Replaced defective wear components for Point Machine Out of Adjustment / Flashover,73,Completed,Yes,Degraded,Good,Maintenance executed under standard S&T divisional safety window.
HST-00461,AST-S&T-0216,2026-06-01,Axle Counter Maintenance,High Voltage Surge Suppressor Burnout,Executed scheduled overhaul of Axle Counter Maintenance,47,Completed,Yes,Critical,Good,Maintenance executed under standard S&T divisional safety window.
HST-00462,AST-TRD-0568,2025-12-11,OHE Wire Maintenance,Cross Feeder Wire Vibration Fatigue,Repaired and calibrated Cross Feeder Wire Vibration Fatigue,80,Completed,Yes,Degraded,Good,Maintenance executed under standard TRD divisional safety window.
HST-00463,AST-ENG-0109,2026-08-17,Rail Replacement,Excessive Rail Wear Beyond Limit,Replaced defective wear components for Excessive Rail Wear Beyond Limit,305,Completed,Yes,Degraded,Good,Maintenance executed under standard Engineering divisional safety window.
HST-00464,AST-ENG-0143,2026-07-31,Rail Grinding,Rolling Contact Fatigue / Head Checking,Routine preventive servicing and functional testing,363,Completed,Yes,Degraded,Good,Maintenance executed under standard Engineering divisional safety window.
HST-00465,AST-TRD-0434,2026-02-07,OHE Inspection,Mast Earthing Bond Disconnected,Replaced defective wear components for Mast Earthing Bond Disconnected,60,Completed,Yes,Fair,Good,Maintenance executed under standard TRD divisional safety window.
HST-00466,AST-TRD-0533,2025-12-27,OHE Inspection,Neutral Section Transverse Slew Anomaly,Repaired and calibrated Neutral Section Transverse Slew Anomaly,104,Completed,Yes,Degraded,Good,Maintenance executed under standard TRD divisional safety window.
HST-00467,AST-ENG-0149,2025-09-08,Track Inspection,Ballast Deficiency / Shoulder Loss,Joint safety inspection and rectified Ballast Deficiency / Shoulder Loss,186,Completed,Yes,Critical,Good,Maintenance executed under standard Engineering divisional safety window.
HST-00468,AST-ENG-0131,2026-03-26,Track Tamping,Turnout Packing & Lining Fault,Executed scheduled overhaul of Track Tamping,265,Completed,Yes,Poor,Good,Maintenance executed under standard Engineering divisional safety window.
HST-00469,AST-S&T-0361,2025-11-18,Track Circuit Maintenance,Glued Insulated Rail Joint (GJ) Failure,Repaired and calibrated Glued Insulated Rail Joint (GJ) Failure,184,Completed,Yes,Poor,Good,Maintenance executed under standard S&T divisional safety window.
HST-00470,AST-ENG-0053,2026-07-23,Rail Replacement,Excessive Rail Wear Beyond Limit,Executed scheduled overhaul of Rail Replacement,229,Completed,Yes,Poor,Good,Maintenance executed under standard Engineering divisional safety window.
HST-00471,AST-S&T-0334,2026-03-02,Point Machine Maintenance,Ground Connection Rodding Buckling,Repaired and calibrated Ground Connection Rodding Buckling,96,Completed,Yes,Critical,Good,Maintenance executed under standard S&T divisional safety window.
HST-00472,AST-S&T-0235,2026-06-22,Signal Inspection,Aspect Current Sensor Anomaly,Replaced defective wear components for Aspect Current Sensor Anomaly,39,Requires Follow-up,Partial,Degraded,Fair,Maintenance executed under standard S&T divisional safety window.
HST-00473,AST-S&T-0271,2026-07-18,Point Machine Maintenance,Point Machine Motor Replacement,Joint safety inspection and rectified Point Machine Motor Replacement,92,Completed,Yes,Critical,Good,Maintenance executed under standard S&T divisional safety window.
HST-00474,AST-TRD-0543,2026-02-02,OHE Component Replacement,Cantilever Bracket Assembly Misalignment,Joint safety inspection and rectified Cantilever Bracket Assembly Misalignment,170,Completed,Yes,Fair,Good,Maintenance executed under standard TRD divisional safety window.
HST-00475,AST-S&T-0340,2026-05-18,Signal Inspection,Signal Sighting Distance Obstruction,Repaired and calibrated Signal Sighting Distance Obstruction,93,Completed,Yes,Degraded,Good,Maintenance executed under standard S&T divisional safety window.
HST-00476,AST-TRD-0523,2025-12-11,OHE Wire Maintenance,Catenary Wire Strand Broken,Routine preventive servicing and functional testing,255,Requires Follow-up,Partial,Poor,Fair,Maintenance executed under standard TRD divisional safety window.
HST-00477,AST-S&T-0384,2026-03-27,Axle Counter Maintenance,Track Device (Sensor) Misalignment,Repaired and calibrated Track Device (Sensor) Misalignment,47,Completed,Yes,Degraded,Good,Maintenance executed under standard S&T divisional safety window.
HST-00478,AST-ENG-0136,2026-07-14,Track Inspection,Formation / Embankment Settlement,Repaired and calibrated Formation / Embankment Settlement,317,Completed,Yes,Critical,Good,Maintenance executed under standard Engineering divisional safety window.
HST-00479,AST-ENG-0052,2026-03-09,Sleeper Replacement,Broken PSC Sleeper,Executed scheduled overhaul of Sleeper Replacement,223,Requires Follow-up,Partial,Poor,Fair,Maintenance executed under standard Engineering divisional safety window.
HST-00480,AST-ENG-0005,2025-10-15,Sleeper Replacement,Damaged Elastic Rail Clips (ERC),Repaired and calibrated Damaged Elastic Rail Clips (ERC),110,Completed,Yes,Critical,Good,Maintenance executed under standard Engineering divisional safety window.
HST-00481,AST-ENG-0183,2025-10-04,Rail Grinding,Rail Lip / Fin Formation,Replaced defective wear components for Rail Lip / Fin Formation,242,Completed,Yes,Critical,Good,Maintenance executed under standard Engineering divisional safety window.
HST-00482,AST-S&T-0219,2026-01-01,Point Machine Maintenance,Point Machine Out of Adjustment / Flashover,Joint safety inspection and rectified Point Machine Out of Adjustment / Flashover,112,Completed,Yes,Fair,Good,Maintenance executed under standard S&T divisional safety window.
HST-00483,AST-TRD-0440,2025-10-09,OHE Inspection,Thermal Hotspot in Isolator / Jumper,Routine preventive servicing and functional testing,81,Requires Follow-up,Partial,Poor,Fair,Maintenance executed under standard TRD divisional safety window.
HST-00484,AST-S&T-0295,2026-06-26,Point Machine Maintenance,Point Machine Motor Replacement,Routine preventive servicing and functional testing,141,Completed,Yes,Degraded,Good,Maintenance executed under standard S&T divisional safety window.
HST-00485,AST-S&T-0397,2026-02-23,Point Machine Maintenance,Crank Handle Interlock Microswitch Jam,Executed scheduled overhaul of Point Machine Maintenance,39,Requires Follow-up,Partial,Critical,Fair,Maintenance executed under standard S&T divisional safety window.
HST-00486,AST-S&T-0330,2026-02-12,Axle Counter Maintenance,Track Device (Sensor) Misalignment,Repaired and calibrated Track Device (Sensor) Misalignment,74,Completed,Yes,Poor,Good,Maintenance executed under standard S&T divisional safety window.
HST-00487,AST-S&T-0271,2026-04-24,Track Circuit Maintenance,Glued Insulated Rail Joint (GJ) Failure,Replaced defective wear components for Glued Insulated Rail Joint (GJ) Failure,157,Completed,Yes,Critical,Good,Maintenance executed under standard S&T divisional safety window.
HST-00488,AST-ENG-0167,2025-10-04,Points & Crossing Maintenance,Worn Switch Rail / Tongue Rail Chipped,Routine preventive servicing and functional testing,147,Completed,Yes,Poor,Good,Maintenance executed under standard Engineering divisional safety window.
HST-00489,AST-S&T-0327,2026-03-14,Telecom Equipment Maintenance,Emergency Control Telephone (EC) Socket Defect,Replaced defective wear components for Emergency Control Telephone (EC) Socket Defect,77,Completed,Yes,Degraded,Good,Maintenance executed under standard S&T divisional safety window.
HST-00490,AST-TRD-0498,2025-09-29,OHE Wire Maintenance,Cross Feeder Wire Vibration Fatigue,Joint safety inspection and rectified Cross Feeder Wire Vibration Fatigue,114,Completed,Yes,Degraded,Good,Maintenance executed under standard TRD divisional safety window.
HST-00491,AST-S&T-0319,2025-11-04,Telecom Equipment Maintenance,Emergency Control Telephone (EC) Socket Defect,Joint safety inspection and rectified Emergency Control Telephone (EC) Socket Defect,74,Completed,Yes,Fair,Good,Maintenance executed under standard S&T divisional safety window.
HST-00492,AST-S&T-0252,2026-06-11,Telecom Equipment Maintenance,Passenger Information System (PIS) Display Node Link Drop,Executed scheduled overhaul of Telecom Equipment Maintenance,80,Completed,Yes,Fair,Good,Maintenance executed under standard S&T divisional safety window.
HST-00493,AST-S&T-0399,2025-11-07,Telecom Equipment Maintenance,Yard CCTV Surveillance Node Offline,Executed scheduled overhaul of Telecom Equipment Maintenance,59,Requires Follow-up,Partial,Fair,Fair,Maintenance executed under standard S&T divisional safety window.
HST-00494,AST-S&T-0255,2026-03-20,Point Machine Maintenance,Point Machine Motor Replacement,Replaced defective wear components for Point Machine Motor Replacement,105,Completed,Yes,Critical,Good,Maintenance executed under standard S&T divisional safety window.
HST-00495,AST-S&T-0293,2026-01-11,Axle Counter Maintenance,Track Device (Sensor) Misalignment,Routine preventive servicing and functional testing,68,Completed,Yes,Degraded,Good,Maintenance executed under standard S&T divisional safety window.
HST-00496,AST-S&T-0264,2025-12-06,Signal Maintenance,Signal Blank / Lamp Failure,Repaired and calibrated Signal Blank / Lamp Failure,70,Completed,Yes,Fair,Good,Maintenance executed under standard S&T divisional safety window.
HST-00497,AST-S&T-0259,2025-11-08,Point Machine Maintenance,Crank Handle Interlock Microswitch Jam,Routine preventive servicing and functional testing,59,Completed,Yes,Poor,Good,Maintenance executed under standard S&T divisional safety window.
HST-00498,AST-TRD-0502,2026-06-19,Tower Wagon Inspection,Overline Structure / Bridge Clearance Audit,Executed scheduled overhaul of Tower Wagon Inspection,112,Completed,Yes,Poor,Good,Maintenance executed under standard TRD divisional safety window.
HST-00499,AST-S&T-0235,2026-05-19,Point Machine Maintenance,Crank Handle Interlock Microswitch Jam,Executed scheduled overhaul of Point Machine Maintenance,49,Completed,Yes,Degraded,Good,Maintenance executed under standard S&T divisional safety window.
HST-00500,AST-TRD-0473,2025-09-14,OHE Wire Maintenance,Bridging Jumper Burning / Degradation,Executed scheduled overhaul of OHE Wire Maintenance,130,Completed,Yes,Degraded,Good,Maintenance executed under standard TRD divisional safety window.
HST-00501,AST-TRD-0545,2026-05-05,OHE Component Replacement,Traction Substation 25kV Vacuum Circuit Breaker (VCB) Fault,Replaced defective wear components for Traction Substation 25kV Vacuum Circuit Breaker (VCB) Fault,226,Completed,Yes,Degraded,Good,Maintenance executed under standard TRD divisional safety window.
HST-00502,AST-S&T-0213,2025-10-23,Signal Maintenance,Integrated Power Supply (IPS) Module Failure,Executed scheduled overhaul of Signal Maintenance,154,Completed,Yes,Poor,Good,Maintenance executed under standard S&T divisional safety window.
HST-00503,AST-TRD-0534,2026-08-09,Tower Wagon Inspection,Neutral Section (PTFE Type) Inspection,Executed scheduled overhaul of Tower Wagon Inspection,120,Completed,Yes,Critical,Good,Maintenance executed under standard TRD divisional safety window.
HST-00504,AST-TRD-0435,2026-01-06,OHE Wire Maintenance,Contact Wire Splice Sleeve Deformation,Routine preventive servicing and functional testing,99,Completed,Yes,Critical,Good,Maintenance executed under standard TRD divisional safety window.
HST-00505,AST-TRD-0596,2026-07-06,OHE Wire Maintenance,Contact Wire Kink / Mechanical Damage,Replaced defective wear components for Contact Wire Kink / Mechanical Damage,199,Completed,Yes,Fair,Good,Maintenance executed under standard TRD divisional safety window.
HST-00506,AST-S&T-0342,2026-01-05,Telecom Equipment Maintenance,VHF / MTRC Radio Base Station Fault,Routine preventive servicing and functional testing,96,Completed,Yes,Fair,Good,Maintenance executed under standard S&T divisional safety window.
HST-00507,AST-S&T-0271,2026-03-21,Point Machine Maintenance,Crank Handle Interlock Microswitch Jam,Executed scheduled overhaul of Point Machine Maintenance,45,Completed,Yes,Fair,Good,Maintenance executed under standard S&T divisional safety window.
HST-00508,AST-TRD-0514,2025-12-17,OHE Inspection,Mast Earthing Bond Disconnected,Repaired and calibrated Mast Earthing Bond Disconnected,69,Completed,Yes,Poor,Good,Maintenance executed under standard TRD divisional safety window.
HST-00509,AST-ENG-0094,2026-07-12,Rail Replacement,Defective Alumino-Thermic (AT) Weld Joint,Routine preventive servicing and functional testing,141,Requires Follow-up,Partial,Poor,Fair,Maintenance executed under standard Engineering divisional safety window.
HST-00510,AST-ENG-0139,2026-02-07,Rail Replacement,Excessive Rail Wear Beyond Limit,Routine preventive servicing and functional testing,181,Completed,Yes,Fair,Good,Maintenance executed under standard Engineering divisional safety window.
HST-00511,AST-S&T-0327,2026-07-01,Signal Maintenance,Signalling Relay Contact Oxidation (Q-Series),Replaced defective wear components for Signalling Relay Contact Oxidation (Q-Series),80,Completed,Yes,Fair,Good,Maintenance executed under standard S&T divisional safety window.
HST-00512,AST-ENG-0094,2026-04-13,Rail Grinding,Rail Lip / Fin Formation,Executed scheduled overhaul of Rail Grinding,165,Completed,Yes,Poor,Good,Maintenance executed under standard Engineering divisional safety window.
HST-00513,AST-TRD-0554,2026-07-23,OHE Wire Maintenance,Bridging Jumper Burning / Degradation,Routine preventive servicing and functional testing,96,Completed,Yes,Poor,Good,Maintenance executed under standard TRD divisional safety window.
HST-00514,AST-ENG-0075,2026-03-30,Ballast Cleaning,Station Yard Track Drain Choking,Joint safety inspection and rectified Station Yard Track Drain Choking,143,Completed,Yes,Degraded,Good,Maintenance executed under standard Engineering divisional safety window.
HST-00515,AST-S&T-0320,2025-11-29,Signal Maintenance,Data Logger Channel Telemetry Lockout,Routine preventive servicing and functional testing,58,Completed,Yes,Degraded,Good,Maintenance executed under standard S&T divisional safety window.
HST-00516,AST-TRD-0539,2025-09-06,Tower Wagon Inspection,Routine Catenary & OHE Profile Survey,Repaired and calibrated Routine Catenary & OHE Profile Survey,215,Completed,Yes,Degraded,Good,Maintenance executed under standard TRD divisional safety window.
HST-00517,AST-S&T-0329,2026-01-29,Signal Maintenance,Data Logger Channel Telemetry Lockout,Replaced defective wear components for Data Logger Channel Telemetry Lockout,47,Requires Follow-up,Partial,Fair,Fair,Maintenance executed under standard S&T divisional safety window.
HST-00518,AST-TRD-0595,2026-02-17,OHE Wire Maintenance,Catenary Wire Strand Broken,Joint safety inspection and rectified Catenary Wire Strand Broken,247,Completed,Yes,Fair,Good,Maintenance executed under standard TRD divisional safety window.
HST-00519,AST-S&T-0258,2026-03-13,Signal Inspection,LED Signal Aspect Intensity Drop,Replaced defective wear components for LED Signal Aspect Intensity Drop,59,Completed,Yes,Fair,Good,Maintenance executed under standard S&T divisional safety window.
HST-00520,AST-TRD-0544,2026-04-07,Contact Wire Replacement,Contact Wire Parting / Snap Incident,Routine preventive servicing and functional testing,305,Completed,Yes,Fair,Good,Maintenance executed under standard TRD divisional safety window.
HST-00521,AST-TRD-0513,2026-06-24,OHE Wire Maintenance,Anti-Creep Wire Sagging,Executed scheduled overhaul of OHE Wire Maintenance,120,Completed,Yes,Critical,Good,Maintenance executed under standard TRD divisional safety window.
HST-00522,AST-ENG-0088,2026-06-22,Track Inspection,Bridge Guard Rail Misalignment,Routine preventive servicing and functional testing,114,Completed,Yes,Critical,Good,Maintenance executed under standard Engineering divisional safety window.
HST-00523,AST-ENG-0053,2026-08-14,Points & Crossing Maintenance,Loose Stretcher Bar Bolts,Routine preventive servicing and functional testing,61,Completed,Yes,Degraded,Good,Maintenance executed under standard Engineering divisional safety window.
HST-00524,AST-TRD-0541,2026-06-22,Contact Wire Replacement,In-Span Splice Elimination,Executed scheduled overhaul of Contact Wire Replacement,322,Completed,Yes,Critical,Good,Maintenance executed under standard TRD divisional safety window.
HST-00525,AST-TRD-0564,2025-12-09,OHE Component Replacement,Auto-Tensioning Device (ATD) Weight Jam,Routine preventive servicing and functional testing,111,Completed,Yes,Poor,Good,Maintenance executed under standard TRD divisional safety window.
HST-00526,AST-TRD-0580,2025-09-16,OHE Inspection,Catenary Dropper Missing / Damaged,Joint safety inspection and rectified Catenary Dropper Missing / Damaged,57,Completed,Yes,Critical,Good,Maintenance executed under standard TRD divisional safety window.
HST-00527,AST-ENG-0135,2026-04-10,Track Inspection,Diamond Crossing Flange Wear,Replaced defective wear components for Diamond Crossing Flange Wear,118,Requires Follow-up,Partial,Poor,Fair,Maintenance executed under standard Engineering divisional safety window.
HST-00528,AST-S&T-0335,2026-05-05,Signal Maintenance,Signalling Relay Contact Oxidation (Q-Series),Replaced defective wear components for Signalling Relay Contact Oxidation (Q-Series),92,Completed,Yes,Poor,Good,Maintenance executed under standard S&T divisional safety window.
HST-00529,AST-ENG-0200,2025-12-14,Track Inspection,Switch Expansion Joint (SEJ) Gap Abnormality,Routine preventive servicing and functional testing,74,Completed,Yes,Fair,Good,Maintenance executed under standard Engineering divisional safety window.
HST-00530,AST-ENG-0127,2026-01-26,Track Inspection,Ballast Deficiency / Shoulder Loss,Routine preventive servicing and functional testing,178,Requires Follow-up,Partial,Degraded,Fair,Maintenance executed under standard Engineering divisional safety window.
HST-00531,AST-S&T-0289,2026-07-25,Signal Inspection,Signal Sighting Distance Obstruction,Replaced defective wear components for Signal Sighting Distance Obstruction,73,Completed,Yes,Critical,Good,Maintenance executed under standard S&T divisional safety window.
HST-00532,AST-S&T-0289,2026-06-27,Track Circuit Maintenance,Track Lead Cable Sheath Damage,Joint safety inspection and rectified Track Lead Cable Sheath Damage,77,Completed,Yes,Poor,Good,Maintenance executed under standard S&T divisional safety window.
HST-00533,AST-ENG-0178,2025-12-15,Track Inspection,Fishplate Crack / Loose Bolt,Executed scheduled overhaul of Track Inspection,70,Completed,Yes,Degraded,Good,Maintenance executed under standard Engineering divisional safety window.
HST-00534,AST-ENG-0188,2025-12-15,Rail Grinding,Rail Lip / Fin Formation,Replaced defective wear components for Rail Lip / Fin Formation,150,Completed,Yes,Degraded,Good,Maintenance executed under standard Engineering divisional safety window.
HST-00535,AST-S&T-0281,2026-06-04,Track Circuit Maintenance,Bond Wire Broken / Disconnected,Replaced defective wear components for Bond Wire Broken / Disconnected,37,Requires Follow-up,Partial,Poor,Fair,Maintenance executed under standard S&T divisional safety window.
HST-00536,AST-S&T-0230,2026-05-21,Signal Inspection,Aspect Current Sensor Anomaly,Routine preventive servicing and functional testing,35,Completed,Yes,Poor,Good,Maintenance executed under standard S&T divisional safety window.
HST-00537,AST-TRD-0569,2026-03-20,OHE Component Replacement,Cantilever Bracket Assembly Misalignment,Replaced defective wear components for Cantilever Bracket Assembly Misalignment,149,Requires Follow-up,Partial,Critical,Fair,Maintenance executed under standard TRD divisional safety window.
HST-00538,AST-ENG-0081,2026-01-22,Track Inspection,Level Crossing Check Rail Flangeway Clogging,Joint safety inspection and rectified Level Crossing Check Rail Flangeway Clogging,66,Completed,Yes,Poor,Good,Maintenance executed under standard Engineering divisional safety window.
HST-00539,AST-ENG-0045,2026-07-16,Rail Grinding,Gauge Corner Micro-Spalling on High Rail,Repaired and calibrated Gauge Corner Micro-Spalling on High Rail,210,Completed,Yes,Critical,Good,Maintenance executed under standard Engineering divisional safety window.
HST-00540,AST-ENG-0134,2026-04-17,Rail Replacement,Corroded Rail Flange,Replaced defective wear components for Corroded Rail Flange,257,Completed,Yes,Critical,Good,Maintenance executed under standard Engineering divisional safety window.
HST-00541,AST-ENG-0148,2026-07-11,Track Inspection,Formation / Embankment Settlement,Joint safety inspection and rectified Formation / Embankment Settlement,238,Completed,Yes,Poor,Good,Maintenance executed under standard Engineering divisional safety window.
HST-00542,AST-TRD-0571,2025-09-22,OHE Wire Maintenance,Catenary Wire Strand Broken,Repaired and calibrated Catenary Wire Strand Broken,237,Completed,Yes,Poor,Good,Maintenance executed under standard TRD divisional safety window.
HST-00543,AST-TRD-0485,2025-10-12,Contact Wire Replacement,Turnout Overlap Wire Renewal,Repaired and calibrated Turnout Overlap Wire Renewal,164,Completed,Yes,Degraded,Good,Maintenance executed under standard TRD divisional safety window.
HST-00544,AST-S&T-0281,2026-03-05,Point Machine Maintenance,Point Machine Motor Replacement,Repaired and calibrated Point Machine Motor Replacement,115,Requires Follow-up,Partial,Critical,Fair,Maintenance executed under standard S&T divisional safety window.
HST-00545,AST-S&T-0206,2026-01-26,Track Circuit Maintenance,Track Lead Cable Sheath Damage,Joint safety inspection and rectified Track Lead Cable Sheath Damage,58,Completed,Yes,Poor,Good,Maintenance executed under standard S&T divisional safety window.
HST-00546,AST-S&T-0363,2026-04-20,Track Circuit Maintenance,Track Circuit Dropping / False Occupancy,Routine preventive servicing and functional testing,69,Completed,Yes,Fair,Good,Maintenance executed under standard S&T divisional safety window.
HST-00547,AST-TRD-0556,2026-05-21,Tower Wagon Inspection,Tunnel OHE Catenary Clearance Check,Joint safety inspection and rectified Tunnel OHE Catenary Clearance Check,242,Completed,Yes,Fair,Good,Maintenance executed under standard TRD divisional safety window.
HST-00548,AST-ENG-0157,2026-01-02,Track Tamping,Post-Renewal Track Stabilization,Joint safety inspection and rectified Post-Renewal Track Stabilization,219,Completed,Yes,Poor,Good,Maintenance executed under standard Engineering divisional safety window.
HST-00549,AST-ENG-0074,2026-02-18,Rail Replacement,Defective Alumino-Thermic (AT) Weld Joint,Routine preventive servicing and functional testing,154,Completed,Yes,Critical,Good,Maintenance executed under standard Engineering divisional safety window.
HST-00550,AST-ENG-0024,2026-05-10,Points & Crossing Maintenance,Worn Switch Rail / Tongue Rail Chipped,Repaired and calibrated Worn Switch Rail / Tongue Rail Chipped,195,Completed,Yes,Poor,Good,Maintenance executed under standard Engineering divisional safety window.
HST-00551,AST-S&T-0293,2026-02-26,Axle Counter Maintenance,Reset Box Pushbutton Key Interlock Seizure,Routine preventive servicing and functional testing,41,Completed,Yes,Degraded,Good,Maintenance executed under standard S&T divisional safety window.
HST-00552,AST-TRD-0564,2025-11-01,Contact Wire Replacement,Severe Contact Wire Wear (< 74 sq mm),Joint safety inspection and rectified Severe Contact Wire Wear (< 74 sq mm),399,Completed,Yes,Poor,Good,Maintenance executed under standard TRD divisional safety window.
HST-00553,AST-ENG-0149,2026-05-17,Ballast Cleaning,Shoulder Ballast Contamination,Joint safety inspection and rectified Shoulder Ballast Contamination,290,Completed,Yes,Fair,Good,Maintenance executed under standard Engineering divisional safety window.
HST-00554,AST-TRD-0471,2026-04-13,OHE Wire Maintenance,Contact Wire Splice Sleeve Deformation,Replaced defective wear components for Contact Wire Splice Sleeve Deformation,111,Completed,Yes,Fair,Good,Maintenance executed under standard TRD divisional safety window.
HST-00555,AST-TRD-0460,2026-07-11,Tower Wagon Inspection,Tunnel OHE Catenary Clearance Check,Executed scheduled overhaul of Tower Wagon Inspection,175,Completed,Yes,Critical,Good,Maintenance executed under standard TRD divisional safety window.
HST-00556,AST-S&T-0300,2026-08-05,Point Machine Maintenance,Point Detection Contact Carbonization,Executed scheduled overhaul of Point Machine Maintenance,59,Completed,Yes,Fair,Good,Maintenance executed under standard S&T divisional safety window.
HST-00557,AST-TRD-0483,2026-03-02,OHE Component Replacement,Cantilever Bracket Assembly Misalignment,Replaced defective wear components for Cantilever Bracket Assembly Misalignment,130,Completed,Yes,Poor,Good,Maintenance executed under standard TRD divisional safety window.
HST-00558,AST-S&T-0252,2026-05-24,Signal Maintenance,Signalling Relay Contact Oxidation (Q-Series),Routine preventive servicing and functional testing,82,Completed,Yes,Fair,Good,Maintenance executed under standard S&T divisional safety window.
HST-00559,AST-S&T-0312,2026-05-17,Signal Inspection,Aspect Current Sensor Anomaly,Repaired and calibrated Aspect Current Sensor Anomaly,39,Completed,Yes,Fair,Good,Maintenance executed under standard S&T divisional safety window.
HST-00560,AST-ENG-0172,2026-06-02,Ballast Cleaning,Clogged / Foul Ballast Bed,Replaced defective wear components for Clogged / Foul Ballast Bed,322,Completed,Yes,Fair,Good,Maintenance executed under standard Engineering divisional safety window.
HST-00561,AST-ENG-0057,2026-01-10,Rail Replacement,Defective Alumino-Thermic (AT) Weld Joint,Joint safety inspection and rectified Defective Alumino-Thermic (AT) Weld Joint,198,Completed,Yes,Poor,Good,Maintenance executed under standard Engineering divisional safety window.
HST-00562,AST-ENG-0100,2026-05-31,Sleeper Replacement,Bridge Timber Sleeper Decay,Repaired and calibrated Bridge Timber Sleeper Decay,169,Completed,Yes,Fair,Good,Maintenance executed under standard Engineering divisional safety window.
HST-00563,AST-S&T-0276,2026-04-17,Signal Maintenance,Signal Post Corrosion & Alignment Tilt,Replaced defective wear components for Signal Post Corrosion & Alignment Tilt,147,Completed,Yes,Degraded,Good,Maintenance executed under standard S&T divisional safety window.
HST-00564,AST-S&T-0386,2026-05-23,Signal Inspection,Aspect Current Sensor Anomaly,Executed scheduled overhaul of Signal Inspection,51,Completed,Yes,Critical,Good,Maintenance executed under standard S&T divisional safety window.
HST-00565,AST-TRD-0507,2025-12-25,OHE Inspection,Catenary Dropper Missing / Damaged,Executed scheduled overhaul of OHE Inspection,75,Completed,Yes,Degraded,Good,Maintenance executed under standard TRD divisional safety window.
HST-00566,AST-S&T-0243,2026-06-22,Axle Counter Maintenance,Track Device (Sensor) Misalignment,Joint safety inspection and rectified Track Device (Sensor) Misalignment,50,Completed,Yes,Critical,Good,Maintenance executed under standard S&T divisional safety window.
HST-00567,AST-S&T-0217,2026-01-07,Point Machine Maintenance,Point Detection Contact Carbonization,Replaced defective wear components for Point Detection Contact Carbonization,92,Completed,Yes,Poor,Good,Maintenance executed under standard S&T divisional safety window.
HST-00568,AST-S&T-0240,2026-05-06,Point Machine Maintenance,Crank Handle Interlock Microswitch Jam,Routine preventive servicing and functional testing,55,Completed,Yes,Degraded,Good,Maintenance executed under standard S&T divisional safety window.
HST-00569,AST-TRD-0483,2026-04-15,OHE Component Replacement,Section Insulator Runner Wear,Executed scheduled overhaul of OHE Component Replacement,184,Completed,Yes,Critical,Good,Maintenance executed under standard TRD divisional safety window.
HST-00570,AST-S&T-0363,2026-04-10,Signal Maintenance,Signal Post Corrosion & Alignment Tilt,Joint safety inspection and rectified Signal Post Corrosion & Alignment Tilt,199,Completed,Yes,Critical,Good,Maintenance executed under standard S&T divisional safety window.
HST-00571,AST-S&T-0256,2026-05-05,Telecom Equipment Maintenance,Emergency Control Telephone (EC) Socket Defect,Routine preventive servicing and functional testing,63,Completed,Yes,Poor,Good,Maintenance executed under standard S&T divisional safety window.
HST-00572,AST-TRD-0513,2026-04-12,OHE Component Replacement,Auto-Tensioning Device (ATD) Weight Jam,Routine preventive servicing and functional testing,95,Completed,Yes,Poor,Good,Maintenance executed under standard TRD divisional safety window.
HST-00573,AST-S&T-0238,2026-05-07,Signal Maintenance,Signalling Relay Contact Oxidation (Q-Series),Joint safety inspection and rectified Signalling Relay Contact Oxidation (Q-Series),90,Completed,Yes,Degraded,Good,Maintenance executed under standard S&T divisional safety window.
HST-00574,AST-TRD-0434,2026-05-27,Contact Wire Replacement,Severe Contact Wire Wear (< 74 sq mm),Executed scheduled overhaul of Contact Wire Replacement,376,Completed,Yes,Poor,Good,Maintenance executed under standard TRD divisional safety window.
HST-00575,AST-TRD-0485,2026-02-07,OHE Wire Maintenance,Cross Feeder Wire Vibration Fatigue,Repaired and calibrated Cross Feeder Wire Vibration Fatigue,68,Completed,Yes,Critical,Good,Maintenance executed under standard TRD divisional safety window.
HST-00576,AST-S&T-0390,2026-05-20,Signal Inspection,LED Signal Aspect Intensity Drop,Joint safety inspection and rectified LED Signal Aspect Intensity Drop,72,Completed,Yes,Degraded,Good,Maintenance executed under standard S&T divisional safety window.
HST-00577,AST-TRD-0594,2026-05-29,OHE Inspection,Catenary Dropper Missing / Damaged,Joint safety inspection and rectified Catenary Dropper Missing / Damaged,47,Completed,Yes,Poor,Good,Maintenance executed under standard TRD divisional safety window.
HST-00578,AST-S&T-0222,2025-11-08,Telecom Equipment Maintenance,Optical Fibre Cable (OFC) Attenuation Surge,Replaced defective wear components for Optical Fibre Cable (OFC) Attenuation Surge,202,Completed,Yes,Fair,Good,Maintenance executed under standard S&T divisional safety window.
HST-00579,AST-S&T-0287,2026-02-27,Axle Counter Maintenance,Axle Counter Evaluator Card Failure,Repaired and calibrated Axle Counter Evaluator Card Failure,70,Completed,Yes,Fair,Good,Maintenance executed under standard S&T divisional safety window.
HST-00580,AST-ENG-0173,2026-07-12,Rail Grinding,Rolling Contact Fatigue / Head Checking,Executed scheduled overhaul of Rail Grinding,355,Completed,Yes,Poor,Good,Maintenance executed under standard Engineering divisional safety window.
HST-00581,AST-TRD-0579,2025-10-18,OHE Inspection,Neutral Section Transverse Slew Anomaly,Replaced defective wear components for Neutral Section Transverse Slew Anomaly,115,Completed,Yes,Fair,Good,Maintenance executed under standard TRD divisional safety window.
HST-00582,AST-TRD-0455,2025-12-15,Contact Wire Replacement,Contact Wire Parting / Snap Incident,Executed scheduled overhaul of Contact Wire Replacement,282,Completed,Yes,Degraded,Good,Maintenance executed under standard TRD divisional safety window.
HST-00583,AST-S&T-0312,2026-04-17,Track Circuit Maintenance,Bond Wire Broken / Disconnected,Replaced defective wear components for Bond Wire Broken / Disconnected,55,Completed,Yes,Degraded,Good,Maintenance executed under standard S&T divisional safety window.
HST-00584,AST-ENG-0199,2026-02-10,Track Inspection,Level Crossing Check Rail Flangeway Clogging,Executed scheduled overhaul of Track Inspection,57,Completed,Yes,Fair,Good,Maintenance executed under standard Engineering divisional safety window.
HST-00585,AST-ENG-0184,2026-02-19,Track Inspection,Level Crossing Check Rail Flangeway Clogging,Joint safety inspection and rectified Level Crossing Check Rail Flangeway Clogging,55,Completed,Yes,Fair,Good,Maintenance executed under standard Engineering divisional safety window.
HST-00586,AST-ENG-0138,2025-09-21,Sleeper Replacement,Perished Grooved Rubber Sole Plates (GRSP),Executed scheduled overhaul of Sleeper Replacement,144,Completed,Yes,Critical,Good,Maintenance executed under standard Engineering divisional safety window.
HST-00587,AST-ENG-0152,2026-07-26,Sleeper Replacement,Turnout Concrete Sleeper Fracture,Routine preventive servicing and functional testing,285,Completed,Yes,Degraded,Good,Maintenance executed under standard Engineering divisional safety window.
HST-00588,AST-ENG-0179,2026-02-12,Rail Grinding,Rail Lip / Fin Formation,Repaired and calibrated Rail Lip / Fin Formation,159,Completed,Yes,Critical,Good,Maintenance executed under standard Engineering divisional safety window.
HST-00589,AST-TRD-0413,2026-06-22,OHE Wire Maintenance,Contact Wire Splice Sleeve Deformation,Repaired and calibrated Contact Wire Splice Sleeve Deformation,136,Completed,Yes,Fair,Good,Maintenance executed under standard TRD divisional safety window.
HST-00590,AST-ENG-0133,2026-01-20,Sleeper Replacement,Bridge Timber Sleeper Decay,Repaired and calibrated Bridge Timber Sleeper Decay,236,Completed,Yes,Fair,Good,Maintenance executed under standard Engineering divisional safety window.
HST-00591,AST-S&T-0250,2026-07-29,Telecom Equipment Maintenance,VHF / MTRC Radio Base Station Fault,Repaired and calibrated VHF / MTRC Radio Base Station Fault,71,Completed,Yes,Fair,Good,Maintenance executed under standard S&T divisional safety window.
HST-00592,AST-ENG-0041,2026-05-22,Track Inspection,Fishplate Crack / Loose Bolt,Replaced defective wear components for Fishplate Crack / Loose Bolt,68,Completed,Yes,Fair,Good,Maintenance executed under standard Engineering divisional safety window.
HST-00593,AST-TRD-0581,2025-09-14,Tower Wagon Inspection,Routine Catenary & OHE Profile Survey,Replaced defective wear components for Routine Catenary & OHE Profile Survey,192,Completed,Yes,Poor,Good,Maintenance executed under standard TRD divisional safety window.
HST-00594,AST-ENG-0188,2026-04-30,Sleeper Replacement,Broken PSC Sleeper,Routine preventive servicing and functional testing,212,Completed,Yes,Degraded,Good,Maintenance executed under standard Engineering divisional safety window.
HST-00595,AST-S&T-0327,2026-04-11,Track Circuit Maintenance,Track Circuit Dropping / False Occupancy,Executed scheduled overhaul of Track Circuit Maintenance,47,Completed,Yes,Degraded,Good,Maintenance executed under standard S&T divisional safety window.
HST-00596,AST-S&T-0201,2026-04-14,Signal Maintenance,Integrated Power Supply (IPS) Module Failure,Routine preventive servicing and functional testing,153,Completed,Yes,Critical,Good,Maintenance executed under standard S&T divisional safety window.
HST-00597,AST-TRD-0588,2026-06-09,Tower Wagon Inspection,Substation Feeder Jumper Maintenance,Replaced defective wear components for Substation Feeder Jumper Maintenance,130,Requires Follow-up,Partial,Critical,Fair,Maintenance executed under standard TRD divisional safety window.
HST-00598,AST-TRD-0449,2026-04-30,OHE Wire Maintenance,Contact Wire Kink / Mechanical Damage,Executed scheduled overhaul of OHE Wire Maintenance,180,Completed,Yes,Poor,Good,Maintenance executed under standard TRD divisional safety window.
HST-00599,AST-TRD-0552,2026-06-25,OHE Wire Maintenance,Contact Wire Kink / Mechanical Damage,Joint safety inspection and rectified Contact Wire Kink / Mechanical Damage,229,Completed,Yes,Critical,Good,Maintenance executed under standard TRD divisional safety window.
HST-00600,AST-S&T-0327,2026-05-11,Track Circuit Maintenance,Glued Insulated Rail Joint (GJ) Failure,Executed scheduled overhaul of Track Circuit Maintenance,125,Completed,Yes,Poor,Good,Maintenance executed under standard S&T divisional safety window.
HST-00601,AST-ENG-0063,2026-04-05,Sleeper Replacement,Broken PSC Sleeper,Routine preventive servicing and functional testing,151,Completed,Yes,Critical,Good,Maintenance executed under standard Engineering divisional safety window.
HST-00602,AST-ENG-0121,2025-12-21,Track Inspection,Derailment Catch Siding Switch Inspection,Executed scheduled overhaul of Track Inspection,117,Completed,Yes,Degraded,Good,Maintenance executed under standard Engineering divisional safety window.
HST-00603,AST-TRD-0473,2026-04-07,OHE Inspection,Neutral Section Transverse Slew Anomaly,Joint safety inspection and rectified Neutral Section Transverse Slew Anomaly,93,Completed,Yes,Degraded,Good,Maintenance executed under standard TRD divisional safety window.
HST-00604,AST-S&T-0346,2025-11-13,Track Circuit Maintenance,Track Relay Choke Coil Breakdown,Routine preventive servicing and functional testing,79,Completed,Yes,Poor,Good,Maintenance executed under standard S&T divisional safety window.
HST-00605,AST-S&T-0202,2026-02-07,Signal Maintenance,Data Logger Channel Telemetry Lockout,Joint safety inspection and rectified Data Logger Channel Telemetry Lockout,73,Completed,Yes,Critical,Good,Maintenance executed under standard S&T divisional safety window.
HST-00606,AST-TRD-0517,2026-01-22,OHE Inspection,Catenary Dropper Missing / Damaged,Executed scheduled overhaul of OHE Inspection,48,Completed,Yes,Degraded,Good,Maintenance executed under standard TRD divisional safety window.
HST-00607,AST-TRD-0432,2025-12-26,Contact Wire Replacement,Loop Line Contact Wire Heavy Carbonization,Replaced defective wear components for Loop Line Contact Wire Heavy Carbonization,241,Completed,Yes,Fair,Good,Maintenance executed under standard TRD divisional safety window.
HST-00608,AST-ENG-0118,2026-02-21,Track Inspection,Level Crossing Check Rail Flangeway Clogging,Repaired and calibrated Level Crossing Check Rail Flangeway Clogging,54,Completed,Yes,Poor,Good,Maintenance executed under standard Engineering divisional safety window.
HST-00609,AST-ENG-0083,2025-10-07,Track Tamping,Track Alignment & Level Deviation,Replaced defective wear components for Track Alignment & Level Deviation,276,Completed,Yes,Degraded,Good,Maintenance executed under standard Engineering divisional safety window.
HST-00610,AST-TRD-0580,2025-11-07,OHE Wire Maintenance,Bridging Jumper Burning / Degradation,Joint safety inspection and rectified Bridging Jumper Burning / Degradation,148,Completed,Yes,Poor,Good,Maintenance executed under standard TRD divisional safety window.
HST-00611,AST-TRD-0582,2026-02-11,Tower Wagon Inspection,Level Crossing Gate OHE Anti-Collision Guard Wire Sag,Replaced defective wear components for Level Crossing Gate OHE Anti-Collision Guard Wire Sag,96,Completed,Yes,Poor,Good,Maintenance executed under standard TRD divisional safety window.
HST-00612,AST-S&T-0354,2025-12-24,Track Circuit Maintenance,Track Relay Choke Coil Breakdown,Replaced defective wear components for Track Relay Choke Coil Breakdown,86,Completed,Yes,Critical,Good,Maintenance executed under standard S&T divisional safety window.
HST-00613,AST-S&T-0318,2026-05-23,Track Circuit Maintenance,Bond Wire Broken / Disconnected,Executed scheduled overhaul of Track Circuit Maintenance,44,Requires Follow-up,Partial,Degraded,Fair,Maintenance executed under standard S&T divisional safety window.
HST-00614,AST-ENG-0009,2026-02-26,Track Inspection,Diamond Crossing Flange Wear,Joint safety inspection and rectified Diamond Crossing Flange Wear,96,Completed,Yes,Poor,Good,Maintenance executed under standard Engineering divisional safety window.
HST-00615,AST-TRD-0498,2026-06-13,Contact Wire Replacement,Turnout Overlap Wire Renewal,Repaired and calibrated Turnout Overlap Wire Renewal,162,Completed,Yes,Poor,Good,Maintenance executed under standard TRD divisional safety window.
HST-00616,AST-S&T-0253,2026-02-27,Signal Inspection,Signal Sighting Distance Obstruction,Executed scheduled overhaul of Signal Inspection,103,Completed,Yes,Degraded,Good,Maintenance executed under standard S&T divisional safety window.
HST-00617,AST-S&T-0386,2026-08-11,Telecom Equipment Maintenance,VHF / MTRC Radio Base Station Fault,Repaired and calibrated VHF / MTRC Radio Base Station Fault,69,Completed,Yes,Degraded,Good,Maintenance executed under standard S&T divisional safety window.
HST-00618,AST-TRD-0456,2026-08-12,OHE Component Replacement,Auto-Tensioning Device (ATD) Weight Jam,Executed scheduled overhaul of OHE Component Replacement,130,Completed,Yes,Fair,Good,Maintenance executed under standard TRD divisional safety window.
HST-00619,AST-TRD-0453,2026-05-01,Tower Wagon Inspection,Neutral Section (PTFE Type) Inspection,Routine preventive servicing and functional testing,146,Completed,Yes,Degraded,Good,Maintenance executed under standard TRD divisional safety window.
HST-00620,AST-S&T-0282,2026-01-22,Axle Counter Maintenance,Reset Box Pushbutton Key Interlock Seizure,Replaced defective wear components for Reset Box Pushbutton Key Interlock Seizure,53,Completed,Yes,Fair,Good,Maintenance executed under standard S&T divisional safety window.
HST-00621,AST-S&T-0229,2026-05-18,Signal Maintenance,Signal Post Corrosion & Alignment Tilt,Executed scheduled overhaul of Signal Maintenance,113,Completed,Yes,Degraded,Good,Maintenance executed under standard S&T divisional safety window.
HST-00622,AST-TRD-0596,2025-09-19,OHE Wire Maintenance,Bridging Jumper Burning / Degradation,Replaced defective wear components for Bridging Jumper Burning / Degradation,109,Completed,Yes,Degraded,Good,Maintenance executed under standard TRD divisional safety window.
HST-00623,AST-ENG-0041,2025-12-26,Points & Crossing Maintenance,Worn CMS Crossing Nose,Routine preventive servicing and functional testing,250,Completed,Yes,Critical,Good,Maintenance executed under standard Engineering divisional safety window.
HST-00624,AST-S&T-0366,2026-05-28,Telecom Equipment Maintenance,Optical Fibre Cable (OFC) Attenuation Surge,Joint safety inspection and rectified Optical Fibre Cable (OFC) Attenuation Surge,164,Completed,Yes,Fair,Good,Maintenance executed under standard S&T divisional safety window.
HST-00625,AST-S&T-0370,2026-06-20,Axle Counter Maintenance,Track Device (Sensor) Misalignment,Repaired and calibrated Track Device (Sensor) Misalignment,57,Completed,Yes,Fair,Good,Maintenance executed under standard S&T divisional safety window.
HST-00626,AST-ENG-0175,2026-05-03,Sleeper Replacement,Damaged Elastic Rail Clips (ERC),Joint safety inspection and rectified Damaged Elastic Rail Clips (ERC),114,Completed,Yes,Critical,Good,Maintenance executed under standard Engineering divisional safety window.
HST-00627,AST-TRD-0450,2025-11-13,OHE Wire Maintenance,Anti-Creep Wire Sagging,Replaced defective wear components for Anti-Creep Wire Sagging,140,Completed,Yes,Fair,Good,Maintenance executed under standard TRD divisional safety window.
HST-00628,AST-ENG-0140,2026-07-05,Rail Replacement,Curve Gauge Corner Shelling / Spalling,Routine preventive servicing and functional testing,292,Completed,Yes,Critical,Good,Maintenance executed under standard Engineering divisional safety window.
HST-00629,AST-TRD-0588,2026-04-23,OHE Component Replacement,Section Insulator Runner Wear,Replaced defective wear components for Section Insulator Runner Wear,159,Completed,Yes,Degraded,Good,Maintenance executed under standard TRD divisional safety window.
HST-00630,AST-TRD-0421,2026-06-03,OHE Wire Maintenance,Contact Wire Splice Sleeve Deformation,Repaired and calibrated Contact Wire Splice Sleeve Deformation,118,Completed,Yes,Critical,Good,Maintenance executed under standard TRD divisional safety window.
HST-00631,AST-S&T-0280,2026-01-13,Telecom Equipment Maintenance,Optical Fibre Cable (OFC) Attenuation Surge,Executed scheduled overhaul of Telecom Equipment Maintenance,205,Requires Follow-up,Partial,Poor,Fair,Maintenance executed under standard S&T divisional safety window.
HST-00632,AST-ENG-0132,2025-11-22,Rail Replacement,Fractured Rail Segment,Executed scheduled overhaul of Rail Replacement,220,Completed,Yes,Poor,Good,Maintenance executed under standard Engineering divisional safety window.
HST-00633,AST-S&T-0222,2025-11-14,Axle Counter Maintenance,Reset Box Pushbutton Key Interlock Seizure,Joint safety inspection and rectified Reset Box Pushbutton Key Interlock Seizure,50,Requires Follow-up,Partial,Poor,Fair,Maintenance executed under standard S&T divisional safety window.
HST-00634,AST-S&T-0345,2026-04-01,Axle Counter Maintenance,Axle Counter Evaluator Card Failure,Joint safety inspection and rectified Axle Counter Evaluator Card Failure,103,Completed,Yes,Fair,Good,Maintenance executed under standard S&T divisional safety window.
HST-00635,AST-ENG-0101,2026-06-17,Ballast Cleaning,Clogged / Foul Ballast Bed,Routine preventive servicing and functional testing,482,Completed,Yes,Degraded,Good,Maintenance executed under standard Engineering divisional safety window.
HST-00636,AST-S&T-0335,2025-12-02,Track Circuit Maintenance,Bond Wire Broken / Disconnected,Routine preventive servicing and functional testing,46,Requires Follow-up,Partial,Poor,Fair,Maintenance executed under standard S&T divisional safety window.
HST-00637,AST-ENG-0192,2026-08-16,Rail Grinding,Gauge Corner Micro-Spalling on High Rail,Replaced defective wear components for Gauge Corner Micro-Spalling on High Rail,206,Completed,Yes,Critical,Good,Maintenance executed under standard Engineering divisional safety window.
HST-00638,AST-S&T-0365,2025-10-12,Point Machine Maintenance,Lock Slide Notch Wear & Burr,Routine preventive servicing and functional testing,75,Completed,Yes,Critical,Good,Maintenance executed under standard S&T divisional safety window.
HST-00639,AST-TRD-0567,2025-10-29,OHE Inspection,Thermal Hotspot in Isolator / Jumper,Routine preventive servicing and functional testing,67,Completed,Yes,Fair,Good,Maintenance executed under standard TRD divisional safety window.
HST-00640,AST-S&T-0228,2026-06-07,Telecom Equipment Maintenance,Optical Fibre Cable (OFC) Attenuation Surge,Replaced defective wear components for Optical Fibre Cable (OFC) Attenuation Surge,226,Completed,Yes,Poor,Good,Maintenance executed under standard S&T divisional safety window.
HST-00641,AST-TRD-0579,2025-12-07,Contact Wire Replacement,Turnout Overlap Wire Renewal,Executed scheduled overhaul of Contact Wire Replacement,271,Completed,Yes,Critical,Good,Maintenance executed under standard TRD divisional safety window.
HST-00642,AST-TRD-0473,2026-02-17,OHE Wire Maintenance,Bridging Jumper Burning / Degradation,Repaired and calibrated Bridging Jumper Burning / Degradation,97,Completed,Yes,Fair,Good,Maintenance executed under standard TRD divisional safety window.
HST-00643,AST-S&T-0264,2025-11-22,Axle Counter Maintenance,High Voltage Surge Suppressor Burnout,Routine preventive servicing and functional testing,48,Completed,Yes,Critical,Good,Maintenance executed under standard S&T divisional safety window.
HST-00644,AST-ENG-0043,2026-07-16,Rail Grinding,Rolling Contact Fatigue / Head Checking,Executed scheduled overhaul of Rail Grinding,288,Completed,Yes,Degraded,Good,Maintenance executed under standard Engineering divisional safety window.
HST-00645,AST-ENG-0155,2025-12-29,Points & Crossing Maintenance,Worn Switch Rail / Tongue Rail Chipped,Executed scheduled overhaul of Points & Crossing Maintenance,195,Completed,Yes,Critical,Good,Maintenance executed under standard Engineering divisional safety window.
HST-00646,AST-TRD-0454,2026-08-15,OHE Wire Maintenance,Contact Wire Kink / Mechanical Damage,Repaired and calibrated Contact Wire Kink / Mechanical Damage,155,Completed,Yes,Critical,Good,Maintenance executed under standard TRD divisional safety window.
HST-00647,AST-ENG-0111,2025-10-18,Ballast Cleaning,Clogged / Foul Ballast Bed,Repaired and calibrated Clogged / Foul Ballast Bed,474,Completed,Yes,Degraded,Good,Maintenance executed under standard Engineering divisional safety window.
HST-00648,AST-S&T-0267,2026-04-22,Track Circuit Maintenance,Ballast Resistance Leakage (Low Ballast Resistance),Executed scheduled overhaul of Track Circuit Maintenance,102,Completed,Yes,Poor,Good,Maintenance executed under standard S&T divisional safety window.
HST-00649,AST-TRD-0556,2026-04-19,Contact Wire Replacement,Turnout Overlap Wire Renewal,Joint safety inspection and rectified Turnout Overlap Wire Renewal,207,Completed,Yes,Critical,Good,Maintenance executed under standard TRD divisional safety window.
HST-00650,AST-TRD-0565,2025-09-10,OHE Component Replacement,Traction Substation 132kV Isolator Contact Blade Pitting,Joint safety inspection and rectified Traction Substation 132kV Isolator Contact Blade Pitting,199,Completed,Yes,Degraded,Good,Maintenance executed under standard TRD divisional safety window.
HST-00651,AST-TRD-0407,2025-10-17,Tower Wagon Inspection,Neutral Section (PTFE Type) Inspection,Joint safety inspection and rectified Neutral Section (PTFE Type) Inspection,133,Completed,Yes,Poor,Good,Maintenance executed under standard TRD divisional safety window.
HST-00652,AST-ENG-0094,2026-02-01,Track Tamping,Post-Renewal Track Stabilization,Routine preventive servicing and functional testing,225,Requires Follow-up,Partial,Poor,Fair,Maintenance executed under standard Engineering divisional safety window.
HST-00653,AST-ENG-0091,2026-04-06,Rail Replacement,Curve Gauge Corner Shelling / Spalling,Routine preventive servicing and functional testing,253,Requires Follow-up,Partial,Fair,Fair,Maintenance executed under standard Engineering divisional safety window.
HST-00654,AST-ENG-0123,2026-04-10,Rail Replacement,Rail End Batter at Joint,Repaired and calibrated Rail End Batter at Joint,105,Completed,Yes,Critical,Good,Maintenance executed under standard Engineering divisional safety window.
HST-00655,AST-TRD-0449,2026-05-26,OHE Inspection,Thermal Hotspot in Isolator / Jumper,Routine preventive servicing and functional testing,91,Completed,Yes,Critical,Good,Maintenance executed under standard TRD divisional safety window.
HST-00656,AST-ENG-0059,2026-03-07,Rail Replacement,Excessive Rail Wear Beyond Limit,Executed scheduled overhaul of Rail Replacement,309,Completed,Yes,Poor,Good,Maintenance executed under standard Engineering divisional safety window.
HST-00657,AST-ENG-0015,2026-04-01,Track Inspection,Diamond Crossing Flange Wear,Executed scheduled overhaul of Track Inspection,142,Completed,Yes,Fair,Good,Maintenance executed under standard Engineering divisional safety window.
HST-00658,AST-S&T-0384,2025-12-04,Point Machine Maintenance,Point Machine Motor Replacement,Routine preventive servicing and functional testing,108,Completed,Yes,Critical,Good,Maintenance executed under standard S&T divisional safety window.
HST-00659,AST-S&T-0256,2026-04-06,Track Circuit Maintenance,Glued Insulated Rail Joint (GJ) Failure,Routine preventive servicing and functional testing,158,Completed,Yes,Poor,Good,Maintenance executed under standard S&T divisional safety window.
HST-00660,AST-TRD-0576,2026-01-04,Contact Wire Replacement,Loop Line Contact Wire Heavy Carbonization,Routine preventive servicing and functional testing,196,Completed,Yes,Critical,Good,Maintenance executed under standard TRD divisional safety window.
HST-00661,AST-TRD-0558,2026-07-18,OHE Component Replacement,Traction Substation 132kV Isolator Contact Blade Pitting,Executed scheduled overhaul of OHE Component Replacement,240,Completed,Yes,Degraded,Good,Maintenance executed under standard TRD divisional safety window.
HST-00662,AST-S&T-0273,2025-10-10,Point Machine Maintenance,Point Detection Contact Carbonization,Routine preventive servicing and functional testing,62,Completed,Yes,Degraded,Good,Maintenance executed under standard S&T divisional safety window.
HST-00663,AST-S&T-0252,2026-06-26,Track Circuit Maintenance,Track Circuit Dropping / False Occupancy,Routine preventive servicing and functional testing,59,Completed,Yes,Fair,Good,Maintenance executed under standard S&T divisional safety window.
HST-00664,AST-S&T-0247,2025-11-08,Point Machine Maintenance,Ground Connection Rodding Buckling,Repaired and calibrated Ground Connection Rodding Buckling,113,Completed,Yes,Degraded,Good,Maintenance executed under standard S&T divisional safety window.
HST-00665,AST-TRD-0423,2026-02-01,OHE Wire Maintenance,Bridging Jumper Burning / Degradation,Repaired and calibrated Bridging Jumper Burning / Degradation,109,Completed,Yes,Degraded,Good,Maintenance executed under standard TRD divisional safety window.
HST-00666,AST-TRD-0507,2026-05-19,OHE Wire Maintenance,Cross Feeder Wire Vibration Fatigue,Executed scheduled overhaul of OHE Wire Maintenance,112,Completed,Yes,Fair,Good,Maintenance executed under standard TRD divisional safety window.
HST-00667,AST-S&T-0284,2025-11-30,Signal Maintenance,Signalling Relay Contact Oxidation (Q-Series),Executed scheduled overhaul of Signal Maintenance,67,Completed,Yes,Degraded,Good,Maintenance executed under standard S&T divisional safety window.
HST-00668,AST-TRD-0560,2026-04-07,Tower Wagon Inspection,Routine Catenary & OHE Profile Survey,Routine preventive servicing and functional testing,137,Requires Follow-up,Partial,Degraded,Fair,Maintenance executed under standard TRD divisional safety window.
HST-00669,AST-TRD-0561,2025-11-17,Tower Wagon Inspection,Overline Structure / Bridge Clearance Audit,Joint safety inspection and rectified Overline Structure / Bridge Clearance Audit,179,Completed,Yes,Degraded,Good,Maintenance executed under standard TRD divisional safety window.
HST-00670,AST-ENG-0149,2026-05-18,Rail Grinding,Rail Surface Corrugation,Repaired and calibrated Rail Surface Corrugation,217,Completed,Yes,Poor,Good,Maintenance executed under standard Engineering divisional safety window.
HST-00671,AST-ENG-0146,2026-07-28,Points & Crossing Maintenance,Loose Stretcher Bar Bolts,Executed scheduled overhaul of Points & Crossing Maintenance,68,Completed,Yes,Fair,Good,Maintenance executed under standard Engineering divisional safety window.
HST-00672,AST-ENG-0164,2025-11-02,Track Tamping,Crossover S-Curve Alignment Tamping,Repaired and calibrated Crossover S-Curve Alignment Tamping,219,Completed,Yes,Fair,Good,Maintenance executed under standard Engineering divisional safety window.
HST-00673,AST-S&T-0398,2026-02-10,Track Circuit Maintenance,Glued Insulated Rail Joint (GJ) Failure,Replaced defective wear components for Glued Insulated Rail Joint (GJ) Failure,174,Completed,Yes,Degraded,Good,Maintenance executed under standard S&T divisional safety window.
HST-00674,AST-ENG-0024,2026-03-28,Ballast Cleaning,Cess / Drainage Deepening,Replaced defective wear components for Cess / Drainage Deepening,308,Completed,Yes,Fair,Good,Maintenance executed under standard Engineering divisional safety window.
HST-00675,AST-S&T-0267,2026-06-04,Point Machine Maintenance,Crank Handle Interlock Microswitch Jam,Repaired and calibrated Crank Handle Interlock Microswitch Jam,40,Requires Follow-up,Partial,Poor,Fair,Maintenance executed under standard S&T divisional safety window.
HST-00676,AST-ENG-0077,2026-06-15,Track Inspection,Ballast Deficiency / Shoulder Loss,Routine preventive servicing and functional testing,195,Completed,Yes,Degraded,Good,Maintenance executed under standard Engineering divisional safety window.
HST-00677,AST-ENG-0018,2026-05-04,Rail Replacement,Corroded Rail Flange,Routine preventive servicing and functional testing,224,Completed,Yes,Degraded,Good,Maintenance executed under standard Engineering divisional safety window.
HST-00678,AST-ENG-0101,2026-06-09,Points & Crossing Maintenance,Check Rail Clearance Error,Replaced defective wear components for Check Rail Clearance Error,152,Requires Follow-up,Partial,Degraded,Fair,Maintenance executed under standard Engineering divisional safety window.
HST-00679,AST-TRD-0419,2025-11-03,OHE Inspection,Mast Earthing Bond Disconnected,Routine preventive servicing and functional testing,73,Requires Follow-up,Partial,Fair,Fair,Maintenance executed under standard TRD divisional safety window.
HST-00680,AST-S&T-0279,2025-10-28,Axle Counter Maintenance,Track Device (Sensor) Misalignment,Repaired and calibrated Track Device (Sensor) Misalignment,52,Completed,Yes,Poor,Good,Maintenance executed under standard S&T divisional safety window.
HST-00681,AST-S&T-0377,2026-03-31,Signal Inspection,Signal Cable Insulation Degradation,Joint safety inspection and rectified Signal Cable Insulation Degradation,157,Completed,Yes,Degraded,Good,Maintenance executed under standard S&T divisional safety window.
HST-00682,AST-S&T-0241,2025-12-01,Telecom Equipment Maintenance,Optical Fibre Cable (OFC) Attenuation Surge,Repaired and calibrated Optical Fibre Cable (OFC) Attenuation Surge,160,Completed,Yes,Poor,Good,Maintenance executed under standard S&T divisional safety window.
HST-00683,AST-TRD-0469,2026-05-25,Contact Wire Replacement,In-Span Splice Elimination,Joint safety inspection and rectified In-Span Splice Elimination,196,Completed,Yes,Degraded,Good,Maintenance executed under standard TRD divisional safety window.
HST-00684,AST-S&T-0237,2025-12-11,Point Machine Maintenance,Crank Handle Interlock Microswitch Jam,Routine preventive servicing and functional testing,55,Completed,Yes,Degraded,Good,Maintenance executed under standard S&T divisional safety window.
HST-00685,AST-S&T-0324,2026-03-12,Axle Counter Maintenance,Axle Counter Evaluator Card Failure,Routine preventive servicing and functional testing,85,Completed,Yes,Fair,Good,Maintenance executed under standard S&T divisional safety window.
HST-00686,AST-ENG-0129,2026-02-07,Rail Grinding,Rolling Contact Fatigue / Head Checking,Repaired and calibrated Rolling Contact Fatigue / Head Checking,372,Completed,Yes,Critical,Good,Maintenance executed under standard Engineering divisional safety window.
HST-00687,AST-S&T-0236,2025-11-30,Signal Maintenance,Electronic Interlocking (EI) VDU Communication Fault,Routine preventive servicing and functional testing,85,Completed,Yes,Poor,Good,Maintenance executed under standard S&T divisional safety window.
HST-00688,AST-TRD-0450,2026-02-02,OHE Inspection,Mast Earthing Bond Disconnected,Replaced defective wear components for Mast Earthing Bond Disconnected,75,Completed,Yes,Critical,Good,Maintenance executed under standard TRD divisional safety window.
HST-00689,AST-TRD-0407,2026-02-18,Contact Wire Replacement,Contact Wire Parting / Snap Incident,Joint safety inspection and rectified Contact Wire Parting / Snap Incident,244,Completed,Yes,Critical,Good,Maintenance executed under standard TRD divisional safety window.
HST-00690,AST-S&T-0213,2025-12-15,Track Circuit Maintenance,Bond Wire Broken / Disconnected,Replaced defective wear components for Bond Wire Broken / Disconnected,51,Completed,Yes,Degraded,Good,Maintenance executed under standard S&T divisional safety window.
HST-00691,AST-TRD-0477,2025-11-12,Tower Wagon Inspection,Substation Feeder Jumper Maintenance,Repaired and calibrated Substation Feeder Jumper Maintenance,153,Completed,Yes,Degraded,Good,Maintenance executed under standard TRD divisional safety window.
HST-00692,AST-S&T-0298,2026-06-07,Signal Maintenance,Electronic Interlocking (EI) VDU Communication Fault,Executed scheduled overhaul of Signal Maintenance,71,Completed,Yes,Degraded,Good,Maintenance executed under standard S&T divisional safety window.
HST-00693,AST-ENG-0163,2026-05-23,Ballast Cleaning,Clogged / Foul Ballast Bed,Repaired and calibrated Clogged / Foul Ballast Bed,432,Completed,Yes,Poor,Good,Maintenance executed under standard Engineering divisional safety window.
HST-00694,AST-ENG-0156,2026-07-12,Sleeper Replacement,Bridge Timber Sleeper Decay,Executed scheduled overhaul of Sleeper Replacement,139,Requires Follow-up,Partial,Poor,Fair,Maintenance executed under standard Engineering divisional safety window.
HST-00695,AST-TRD-0425,2026-05-21,OHE Wire Maintenance,Cross Feeder Wire Vibration Fatigue,Joint safety inspection and rectified Cross Feeder Wire Vibration Fatigue,68,Completed,Yes,Poor,Good,Maintenance executed under standard TRD divisional safety window.
HST-00696,AST-S&T-0223,2026-08-01,Track Circuit Maintenance,Track Circuit Dropping / False Occupancy,Repaired and calibrated Track Circuit Dropping / False Occupancy,55,Completed,Yes,Degraded,Good,Maintenance executed under standard S&T divisional safety window.
HST-00697,AST-ENG-0088,2026-02-13,Track Inspection,Fishplate Crack / Loose Bolt,Executed scheduled overhaul of Track Inspection,72,Completed,Yes,Degraded,Good,Maintenance executed under standard Engineering divisional safety window.
HST-00698,AST-TRD-0502,2026-01-18,OHE Inspection,Contact Wire Height & Stagger Deviation,Repaired and calibrated Contact Wire Height & Stagger Deviation,102,Completed,Yes,Fair,Good,Maintenance executed under standard TRD divisional safety window.
HST-00699,AST-S&T-0286,2025-10-26,Point Machine Maintenance,Ground Connection Rodding Buckling,Replaced defective wear components for Ground Connection Rodding Buckling,119,Completed,Yes,Poor,Good,Maintenance executed under standard S&T divisional safety window.
HST-00700,AST-S&T-0218,2025-09-09,Telecom Equipment Maintenance,Optical Fibre Cable (OFC) Attenuation Surge,Repaired and calibrated Optical Fibre Cable (OFC) Attenuation Surge,167,Completed,Yes,Critical,Good,Maintenance executed under standard S&T divisional safety window.
HST-00701,AST-TRD-0582,2026-05-25,OHE Inspection,Contact Wire Height & Stagger Deviation,Executed scheduled overhaul of OHE Inspection,131,Requires Follow-up,Partial,Degraded,Fair,Maintenance executed under standard TRD divisional safety window.
HST-00702,AST-TRD-0544,2026-08-04,Contact Wire Replacement,Severe Contact Wire Wear (< 74 sq mm),Repaired and calibrated Severe Contact Wire Wear (< 74 sq mm),339,Completed,Yes,Degraded,Good,Maintenance executed under standard TRD divisional safety window.
HST-00703,AST-TRD-0510,2025-10-07,OHE Wire Maintenance,Catenary Wire Strand Broken,Routine preventive servicing and functional testing,246,Completed,Yes,Critical,Good,Maintenance executed under standard TRD divisional safety window.
HST-00704,AST-TRD-0533,2025-10-22,OHE Component Replacement,Auto-Tensioning Device (ATD) Weight Jam,Executed scheduled overhaul of OHE Component Replacement,94,Completed,Yes,Fair,Good,Maintenance executed under standard TRD divisional safety window.
HST-00705,AST-TRD-0493,2025-11-14,Contact Wire Replacement,In-Span Splice Elimination,Replaced defective wear components for In-Span Splice Elimination,228,Completed,Yes,Fair,Good,Maintenance executed under standard TRD divisional safety window.
HST-00706,AST-TRD-0490,2025-11-16,Tower Wagon Inspection,Neutral Section (PTFE Type) Inspection,Routine preventive servicing and functional testing,140,Completed,Yes,Degraded,Good,Maintenance executed under standard TRD divisional safety window.
HST-00707,AST-S&T-0356,2026-07-12,Point Machine Maintenance,Crank Handle Interlock Microswitch Jam,Routine preventive servicing and functional testing,43,Completed,Yes,Fair,Good,Maintenance executed under standard S&T divisional safety window.
HST-00708,AST-TRD-0560,2026-07-03,OHE Wire Maintenance,Cross Feeder Wire Vibration Fatigue,Replaced defective wear components for Cross Feeder Wire Vibration Fatigue,105,Requires Follow-up,Partial,Degraded,Fair,Maintenance executed under standard TRD divisional safety window.
HST-00709,AST-ENG-0035,2026-07-20,Rail Replacement,Curve Gauge Corner Shelling / Spalling,Joint safety inspection and rectified Curve Gauge Corner Shelling / Spalling,237,Completed,Yes,Critical,Good,Maintenance executed under standard Engineering divisional safety window.
HST-00710,AST-TRD-0427,2026-05-03,OHE Component Replacement,Cantilever Bracket Assembly Misalignment,Routine preventive servicing and functional testing,178,Completed,Yes,Critical,Good,Maintenance executed under standard TRD divisional safety window.
HST-00711,AST-S&T-0220,2025-10-16,Telecom Equipment Maintenance,VHF / MTRC Radio Base Station Fault,Executed scheduled overhaul of Telecom Equipment Maintenance,103,Requires Follow-up,Partial,Fair,Fair,Maintenance executed under standard S&T divisional safety window.
HST-00712,AST-ENG-0185,2026-05-29,Rail Grinding,Turnout Switch & Stock Rail Profile Restoration,Joint safety inspection and rectified Turnout Switch & Stock Rail Profile Restoration,150,Completed,Yes,Fair,Good,Maintenance executed under standard Engineering divisional safety window.
HST-00713,AST-TRD-0522,2025-11-17,OHE Wire Maintenance,Contact Wire Kink / Mechanical Damage,Routine preventive servicing and functional testing,188,Completed,Yes,Fair,Good,Maintenance executed under standard TRD divisional safety window.
HST-00714,AST-ENG-0152,2025-09-09,Track Tamping,Bridge Transition Approach Settlement,Joint safety inspection and rectified Bridge Transition Approach Settlement,200,Completed,Yes,Critical,Good,Maintenance executed under standard Engineering divisional safety window.
HST-00715,AST-TRD-0430,2025-09-25,OHE Component Replacement,Auto-Tensioning Device (ATD) Weight Jam,Repaired and calibrated Auto-Tensioning Device (ATD) Weight Jam,120,Requires Follow-up,Partial,Fair,Fair,Maintenance executed under standard TRD divisional safety window.
HST-00716,AST-ENG-0139,2026-07-03,Sleeper Replacement,Perished Grooved Rubber Sole Plates (GRSP),Repaired and calibrated Perished Grooved Rubber Sole Plates (GRSP),156,Completed,Yes,Critical,Good,Maintenance executed under standard Engineering divisional safety window.
HST-00717,AST-TRD-0506,2026-07-13,OHE Wire Maintenance,Contact Wire Kink / Mechanical Damage,Executed scheduled overhaul of OHE Wire Maintenance,178,Completed,Yes,Fair,Good,Maintenance executed under standard TRD divisional safety window.
HST-00718,AST-ENG-0177,2026-07-25,Track Tamping,Post-Renewal Track Stabilization,Joint safety inspection and rectified Post-Renewal Track Stabilization,180,Requires Follow-up,Partial,Degraded,Fair,Maintenance executed under standard Engineering divisional safety window.
HST-00719,AST-TRD-0538,2025-12-18,Tower Wagon Inspection,Neutral Section (PTFE Type) Inspection,Routine preventive servicing and functional testing,133,Requires Follow-up,Partial,Poor,Fair,Maintenance executed under standard TRD divisional safety window.
HST-00720,AST-S&T-0354,2026-01-17,Signal Inspection,Shunt Signal Position Light Defect,Executed scheduled overhaul of Signal Inspection,58,Completed,Yes,Critical,Good,Maintenance executed under standard S&T divisional safety window.
HST-00721,AST-S&T-0263,2025-09-12,Signal Inspection,Route Indicator Lamp Burnout,Executed scheduled overhaul of Signal Inspection,62,Completed,Yes,Poor,Good,Maintenance executed under standard S&T divisional safety window.
HST-00722,AST-S&T-0295,2026-03-31,Point Machine Maintenance,Point Machine Motor Replacement,Executed scheduled overhaul of Point Machine Maintenance,136,Completed,Yes,Critical,Good,Maintenance executed under standard S&T divisional safety window.
HST-00723,AST-TRD-0540,2026-05-04,OHE Wire Maintenance,Cross Feeder Wire Vibration Fatigue,Routine preventive servicing and functional testing,83,Completed,Yes,Degraded,Good,Maintenance executed under standard TRD divisional safety window.
HST-00724,AST-ENG-0025,2025-09-09,Points & Crossing Maintenance,Loose Stretcher Bar Bolts,Executed scheduled overhaul of Points & Crossing Maintenance,49,Completed,Yes,Poor,Good,Maintenance executed under standard Engineering divisional safety window.
HST-00725,AST-ENG-0174,2025-12-24,Points & Crossing Maintenance,Worn CMS Crossing Nose,Replaced defective wear components for Worn CMS Crossing Nose,162,Requires Follow-up,Partial,Critical,Fair,Maintenance executed under standard Engineering divisional safety window.
HST-00726,AST-S&T-0381,2026-04-22,Telecom Equipment Maintenance,Optical Fibre Cable (OFC) Attenuation Surge,Executed scheduled overhaul of Telecom Equipment Maintenance,165,Completed,Yes,Fair,Good,Maintenance executed under standard S&T divisional safety window.
HST-00727,AST-TRD-0432,2025-10-17,OHE Component Replacement,Cantilever Bracket Assembly Misalignment,Executed scheduled overhaul of OHE Component Replacement,114,Completed,Yes,Poor,Good,Maintenance executed under standard TRD divisional safety window.
HST-00728,AST-S&T-0296,2026-04-27,Signal Maintenance,Data Logger Channel Telemetry Lockout,Executed scheduled overhaul of Signal Maintenance,57,Completed,Yes,Fair,Good,Maintenance executed under standard S&T divisional safety window.
HST-00729,AST-S&T-0264,2026-05-12,Point Machine Maintenance,Lock Slide Notch Wear & Burr,Replaced defective wear components for Lock Slide Notch Wear & Burr,108,Completed,Yes,Degraded,Good,Maintenance executed under standard S&T divisional safety window.
HST-00730,AST-S&T-0320,2025-10-16,Signal Maintenance,Signalling Relay Contact Oxidation (Q-Series),Repaired and calibrated Signalling Relay Contact Oxidation (Q-Series),81,Completed,Yes,Critical,Good,Maintenance executed under standard S&T divisional safety window.
HST-00731,AST-S&T-0315,2026-01-02,Signal Inspection,LED Signal Aspect Intensity Drop,Executed scheduled overhaul of Signal Inspection,47,Completed,Yes,Poor,Good,Maintenance executed under standard S&T divisional safety window.
HST-00732,AST-ENG-0147,2026-01-30,Track Inspection,Bridge Guard Rail Misalignment,Executed scheduled overhaul of Track Inspection,92,Completed,Yes,Degraded,Good,Maintenance executed under standard Engineering divisional safety window.
HST-00733,AST-S&T-0340,2026-06-03,Point Machine Maintenance,Point Detection Contact Carbonization,Repaired and calibrated Point Detection Contact Carbonization,56,Completed,Yes,Degraded,Good,Maintenance executed under standard S&T divisional safety window.
HST-00734,AST-ENG-0095,2026-05-20,Rail Replacement,Rail End Batter at Joint,Joint safety inspection and rectified Rail End Batter at Joint,96,Completed,Yes,Poor,Good,Maintenance executed under standard Engineering divisional safety window.
HST-00735,AST-S&T-0360,2025-09-29,Signal Inspection,Signal Cable Insulation Degradation,Repaired and calibrated Signal Cable Insulation Degradation,99,Completed,Yes,Fair,Good,Maintenance executed under standard S&T divisional safety window.
HST-00736,AST-ENG-0011,2026-02-22,Track Tamping,Bridge Transition Approach Settlement,Joint safety inspection and rectified Bridge Transition Approach Settlement,148,Completed,Yes,Fair,Good,Maintenance executed under standard Engineering divisional safety window.
HST-00737,AST-S&T-0212,2026-03-25,Signal Maintenance,Signalling Relay Contact Oxidation (Q-Series),Joint safety inspection and rectified Signalling Relay Contact Oxidation (Q-Series),95,Completed,Yes,Critical,Good,Maintenance executed under standard S&T divisional safety window.
HST-00738,AST-S&T-0334,2025-12-26,Signal Inspection,LED Signal Aspect Intensity Drop,Joint safety inspection and rectified LED Signal Aspect Intensity Drop,51,Completed,Yes,Critical,Good,Maintenance executed under standard S&T divisional safety window.
HST-00739,AST-TRD-0589,2026-06-20,Tower Wagon Inspection,Neutral Section (PTFE Type) Inspection,Joint safety inspection and rectified Neutral Section (PTFE Type) Inspection,120,Completed,Yes,Degraded,Good,Maintenance executed under standard TRD divisional safety window.
HST-00740,AST-TRD-0588,2026-03-11,OHE Component Replacement,Auto-Tensioning Device (ATD) Weight Jam,Repaired and calibrated Auto-Tensioning Device (ATD) Weight Jam,97,Completed,Yes,Poor,Good,Maintenance executed under standard TRD divisional safety window.
HST-00741,AST-ENG-0054,2026-07-02,Track Inspection,Ballast Deficiency / Shoulder Loss,Executed scheduled overhaul of Track Inspection,138,Completed,Yes,Degraded,Good,Maintenance executed under standard Engineering divisional safety window.
HST-00742,AST-TRD-0502,2026-04-29,OHE Component Replacement,Section Insulator Runner Wear,Repaired and calibrated Section Insulator Runner Wear,187,Completed,Yes,Critical,Good,Maintenance executed under standard TRD divisional safety window.
HST-00743,AST-TRD-0482,2026-07-30,OHE Component Replacement,Section Insulator Runner Wear,Routine preventive servicing and functional testing,114,Completed,Yes,Degraded,Good,Maintenance executed under standard TRD divisional safety window.
HST-00744,AST-ENG-0004,2026-06-26,Ballast Cleaning,Clogged / Foul Ballast Bed,Replaced defective wear components for Clogged / Foul Ballast Bed,287,Completed,Yes,Fair,Good,Maintenance executed under standard Engineering divisional safety window.
HST-00745,AST-ENG-0162,2026-07-17,Track Inspection,Track Geometry Gauge Variation,Joint safety inspection and rectified Track Geometry Gauge Variation,102,Requires Follow-up,Partial,Poor,Fair,Maintenance executed under standard Engineering divisional safety window.
HST-00746,AST-ENG-0137,2026-04-16,Rail Replacement,Corroded Rail Flange,Repaired and calibrated Corroded Rail Flange,193,Completed,Yes,Fair,Good,Maintenance executed under standard Engineering divisional safety window.
HST-00747,AST-TRD-0501,2026-06-01,OHE Wire Maintenance,Catenary Wire Strand Broken,Joint safety inspection and rectified Catenary Wire Strand Broken,228,Requires Follow-up,Partial,Fair,Fair,Maintenance executed under standard TRD divisional safety window.
HST-00748,AST-ENG-0014,2026-04-27,Points & Crossing Maintenance,Worn Switch Rail / Tongue Rail Chipped,Executed scheduled overhaul of Points & Crossing Maintenance,151,Completed,Yes,Poor,Good,Maintenance executed under standard Engineering divisional safety window.
HST-00749,AST-TRD-0564,2025-09-11,Contact Wire Replacement,Turnout Overlap Wire Renewal,Repaired and calibrated Turnout Overlap Wire Renewal,219,Completed,Yes,Critical,Good,Maintenance executed under standard TRD divisional safety window.
HST-00750,AST-S&T-0302,2025-09-19,Point Machine Maintenance,Lock Slide Notch Wear & Burr,Replaced defective wear components for Lock Slide Notch Wear & Burr,111,Completed,Yes,Poor,Good,Maintenance executed under standard S&T divisional safety window.
HST-00751,AST-ENG-0127,2026-03-18,Track Inspection,Diamond Crossing Flange Wear,Routine preventive servicing and functional testing,126,Completed,Yes,Degraded,Good,Maintenance executed under standard Engineering divisional safety window.
HST-00752,AST-S&T-0363,2026-04-17,Telecom Equipment Maintenance,VHF / MTRC Radio Base Station Fault,Joint safety inspection and rectified VHF / MTRC Radio Base Station Fault,98,Completed,Yes,Critical,Good,Maintenance executed under standard S&T divisional safety window.
HST-00753,AST-S&T-0393,2026-07-03,Signal Maintenance,Electronic Interlocking (EI) VDU Communication Fault,Executed scheduled overhaul of Signal Maintenance,97,Completed,Yes,Poor,Good,Maintenance executed under standard S&T divisional safety window.
HST-00754,AST-S&T-0206,2026-04-08,Signal Inspection,LED Signal Aspect Intensity Drop,Joint safety inspection and rectified LED Signal Aspect Intensity Drop,62,Completed,Yes,Poor,Good,Maintenance executed under standard S&T divisional safety window.
HST-00755,AST-ENG-0061,2025-09-23,Rail Replacement,Defective Alumino-Thermic (AT) Weld Joint,Joint safety inspection and rectified Defective Alumino-Thermic (AT) Weld Joint,188,Completed,Yes,Critical,Good,Maintenance executed under standard Engineering divisional safety window.
HST-00756,AST-TRD-0535,2025-11-11,OHE Inspection,Thermal Hotspot in Isolator / Jumper,Routine preventive servicing and functional testing,87,Requires Follow-up,Partial,Fair,Fair,Maintenance executed under standard TRD divisional safety window.
HST-00757,AST-TRD-0484,2026-07-20,Tower Wagon Inspection,Neutral Section (PTFE Type) Inspection,Repaired and calibrated Neutral Section (PTFE Type) Inspection,152,Completed,Yes,Critical,Good,Maintenance executed under standard TRD divisional safety window.
HST-00758,AST-S&T-0361,2026-07-20,Signal Maintenance,Integrated Power Supply (IPS) Module Failure,Executed scheduled overhaul of Signal Maintenance,118,Completed,Yes,Fair,Good,Maintenance executed under standard S&T divisional safety window.
HST-00759,AST-ENG-0005,2026-05-03,Track Inspection,Switch Expansion Joint (SEJ) Gap Abnormality,Replaced defective wear components for Switch Expansion Joint (SEJ) Gap Abnormality,70,Completed,Yes,Fair,Good,Maintenance executed under standard Engineering divisional safety window.
HST-00760,AST-ENG-0073,2026-07-17,Points & Crossing Maintenance,Loose Stretcher Bar Bolts,Joint safety inspection and rectified Loose Stretcher Bar Bolts,75,Completed,Yes,Critical,Good,Maintenance executed under standard Engineering divisional safety window.
HST-00761,AST-ENG-0094,2025-12-21,Track Inspection,Derailment Catch Siding Switch Inspection,Repaired and calibrated Derailment Catch Siding Switch Inspection,120,Completed,Yes,Poor,Good,Maintenance executed under standard Engineering divisional safety window.
HST-00762,AST-TRD-0537,2025-11-22,OHE Component Replacement,Auto-Tensioning Device (ATD) Weight Jam,Routine preventive servicing and functional testing,146,Completed,Yes,Fair,Good,Maintenance executed under standard TRD divisional safety window.
HST-00763,AST-TRD-0428,2025-10-14,OHE Wire Maintenance,Catenary Wire Strand Broken,Repaired and calibrated Catenary Wire Strand Broken,225,Completed,Yes,Degraded,Good,Maintenance executed under standard TRD divisional safety window.
HST-00764,AST-S&T-0217,2025-10-01,Track Circuit Maintenance,Track Circuit Dropping / False Occupancy,Repaired and calibrated Track Circuit Dropping / False Occupancy,69,Completed,Yes,Poor,Good,Maintenance executed under standard S&T divisional safety window.
HST-00765,AST-S&T-0345,2025-12-05,Point Machine Maintenance,Point Machine Out of Adjustment / Flashover,Repaired and calibrated Point Machine Out of Adjustment / Flashover,94,Requires Follow-up,Partial,Critical,Fair,Maintenance executed under standard S&T divisional safety window.
HST-00766,AST-TRD-0542,2025-12-18,Contact Wire Replacement,Loop Line Contact Wire Heavy Carbonization,Replaced defective wear components for Loop Line Contact Wire Heavy Carbonization,296,Completed,Yes,Poor,Good,Maintenance executed under standard TRD divisional safety window.
HST-00767,AST-TRD-0462,2026-03-30,Tower Wagon Inspection,Routine Catenary & OHE Profile Survey,Repaired and calibrated Routine Catenary & OHE Profile Survey,242,Completed,Yes,Critical,Good,Maintenance executed under standard TRD divisional safety window.
HST-00768,AST-ENG-0127,2025-12-15,Track Tamping,Track Alignment & Level Deviation,Joint safety inspection and rectified Track Alignment & Level Deviation,285,Completed,Yes,Fair,Good,Maintenance executed under standard Engineering divisional safety window.
HST-00769,AST-S&T-0261,2026-02-23,Signal Inspection,Calling-on Signal Aspect Failure,Repaired and calibrated Calling-on Signal Aspect Failure,71,Completed,Yes,Poor,Good,Maintenance executed under standard S&T divisional safety window.
HST-00770,AST-S&T-0217,2026-03-14,Axle Counter Maintenance,High Voltage Surge Suppressor Burnout,Executed scheduled overhaul of Axle Counter Maintenance,59,Requires Follow-up,Partial,Critical,Fair,Maintenance executed under standard S&T divisional safety window.
HST-00771,AST-TRD-0480,2026-07-15,OHE Inspection,Mast Earthing Bond Disconnected,Joint safety inspection and rectified Mast Earthing Bond Disconnected,56,Completed,Yes,Critical,Good,Maintenance executed under standard TRD divisional safety window.
HST-00772,AST-S&T-0204,2025-12-11,Telecom Equipment Maintenance,Passenger Information System (PIS) Display Node Link Drop,Repaired and calibrated Passenger Information System (PIS) Display Node Link Drop,80,Completed,Yes,Fair,Good,Maintenance executed under standard S&T divisional safety window.
HST-00773,AST-TRD-0591,2025-12-02,OHE Wire Maintenance,Anti-Creep Wire Sagging,Joint safety inspection and rectified Anti-Creep Wire Sagging,132,Completed,Yes,Poor,Good,Maintenance executed under standard TRD divisional safety window.
HST-00774,AST-S&T-0287,2026-08-16,Telecom Equipment Maintenance,Yard CCTV Surveillance Node Offline,Repaired and calibrated Yard CCTV Surveillance Node Offline,46,Completed,Yes,Degraded,Good,Maintenance executed under standard S&T divisional safety window.
HST-00775,AST-ENG-0068,2025-09-22,Track Inspection,Switch Expansion Joint (SEJ) Gap Abnormality,Repaired and calibrated Switch Expansion Joint (SEJ) Gap Abnormality,71,Completed,Yes,Degraded,Good,Maintenance executed under standard Engineering divisional safety window.
HST-00776,AST-TRD-0542,2026-04-13,OHE Component Replacement,Traction Substation 132kV Isolator Contact Blade Pitting,Executed scheduled overhaul of OHE Component Replacement,156,Completed,Yes,Critical,Good,Maintenance executed under standard TRD divisional safety window.
HST-00777,AST-TRD-0564,2025-10-06,OHE Wire Maintenance,Anti-Creep Wire Sagging,Executed scheduled overhaul of OHE Wire Maintenance,149,Completed,Yes,Fair,Good,Maintenance executed under standard TRD divisional safety window.
HST-00778,AST-TRD-0577,2025-09-22,Tower Wagon Inspection,Tunnel OHE Catenary Clearance Check,Executed scheduled overhaul of Tower Wagon Inspection,212,Completed,Yes,Poor,Good,Maintenance executed under standard TRD divisional safety window.
HST-00779,AST-S&T-0384,2025-10-14,Signal Inspection,Route Indicator Lamp Burnout,Repaired and calibrated Route Indicator Lamp Burnout,79,Completed,Yes,Poor,Good,Maintenance executed under standard S&T divisional safety window.
HST-00780,AST-TRD-0436,2026-01-25,OHE Inspection,Section Insulator Arcing Horn Burn,Joint safety inspection and rectified Section Insulator Arcing Horn Burn,117,Completed,Yes,Fair,Good,Maintenance executed under standard TRD divisional safety window.
HST-00781,AST-TRD-0413,2026-04-18,OHE Component Replacement,Traction Substation 132kV Isolator Contact Blade Pitting,Executed scheduled overhaul of OHE Component Replacement,163,Completed,Yes,Degraded,Good,Maintenance executed under standard TRD divisional safety window.
HST-00782,AST-S&T-0276,2026-02-08,Point Machine Maintenance,Lock Slide Notch Wear & Burr,Joint safety inspection and rectified Lock Slide Notch Wear & Burr,109,Completed,Yes,Degraded,Good,Maintenance executed under standard S&T divisional safety window.
HST-00783,AST-S&T-0220,2026-04-18,Track Circuit Maintenance,Glued Insulated Rail Joint (GJ) Failure,Repaired and calibrated Glued Insulated Rail Joint (GJ) Failure,188,Completed,Yes,Critical,Good,Maintenance executed under standard S&T divisional safety window.
HST-00784,AST-S&T-0245,2026-06-10,Axle Counter Maintenance,Track Device (Sensor) Misalignment,Repaired and calibrated Track Device (Sensor) Misalignment,68,Completed,Yes,Poor,Good,Maintenance executed under standard S&T divisional safety window.
HST-00785,AST-TRD-0458,2025-11-07,Contact Wire Replacement,Loop Line Contact Wire Heavy Carbonization,Joint safety inspection and rectified Loop Line Contact Wire Heavy Carbonization,260,Completed,Yes,Poor,Good,Maintenance executed under standard TRD divisional safety window.
HST-00786,AST-ENG-0072,2026-06-27,Points & Crossing Maintenance,Check Rail Clearance Error,Routine preventive servicing and functional testing,95,Completed,Yes,Poor,Good,Maintenance executed under standard Engineering divisional safety window.
HST-00787,AST-S&T-0208,2025-09-10,Axle Counter Maintenance,Reset Box Pushbutton Key Interlock Seizure,Routine preventive servicing and functional testing,55,Requires Follow-up,Partial,Fair,Fair,Maintenance executed under standard S&T divisional safety window.
HST-00788,AST-S&T-0207,2026-03-07,Point Machine Maintenance,Ground Connection Rodding Buckling,Routine preventive servicing and functional testing,118,Completed,Yes,Fair,Good,Maintenance executed under standard S&T divisional safety window.
HST-00789,AST-ENG-0196,2025-11-03,Track Inspection,Switch Expansion Joint (SEJ) Gap Abnormality,Repaired and calibrated Switch Expansion Joint (SEJ) Gap Abnormality,68,Completed,Yes,Fair,Good,Maintenance executed under standard Engineering divisional safety window.
HST-00790,AST-S&T-0332,2025-11-01,Point Machine Maintenance,Point Detection Contact Carbonization,Replaced defective wear components for Point Detection Contact Carbonization,82,Completed,Yes,Critical,Good,Maintenance executed under standard S&T divisional safety window.
HST-00791,AST-ENG-0062,2025-12-13,Sleeper Replacement,Broken PSC Sleeper,Executed scheduled overhaul of Sleeper Replacement,218,Completed,Yes,Critical,Good,Maintenance executed under standard Engineering divisional safety window.
HST-00792,AST-S&T-0202,2026-06-30,Signal Inspection,Aspect Current Sensor Anomaly,Repaired and calibrated Aspect Current Sensor Anomaly,58,Completed,Yes,Degraded,Good,Maintenance executed under standard S&T divisional safety window.
HST-00793,AST-S&T-0344,2025-09-29,Telecom Equipment Maintenance,Yard CCTV Surveillance Node Offline,Joint safety inspection and rectified Yard CCTV Surveillance Node Offline,55,Completed,Yes,Critical,Good,Maintenance executed under standard S&T divisional safety window.
HST-00794,AST-TRD-0451,2026-01-12,OHE Wire Maintenance,Catenary Wire Strand Broken,Routine preventive servicing and functional testing,240,Completed,Yes,Critical,Good,Maintenance executed under standard TRD divisional safety window.
HST-00795,AST-TRD-0471,2026-01-16,Tower Wagon Inspection,Level Crossing Gate OHE Anti-Collision Guard Wire Sag,Replaced defective wear components for Level Crossing Gate OHE Anti-Collision Guard Wire Sag,87,Requires Follow-up,Partial,Poor,Fair,Maintenance executed under standard TRD divisional safety window.
HST-00796,AST-ENG-0116,2026-01-29,Ballast Cleaning,Shoulder Ballast Contamination,Executed scheduled overhaul of Ballast Cleaning,225,Completed,Yes,Degraded,Good,Maintenance executed under standard Engineering divisional safety window.
HST-00797,AST-S&T-0342,2026-03-30,Signal Inspection,Route Indicator Lamp Burnout,Joint safety inspection and rectified Route Indicator Lamp Burnout,55,Completed,Yes,Fair,Good,Maintenance executed under standard S&T divisional safety window.
HST-00798,AST-ENG-0163,2026-08-02,Track Tamping,Post-Renewal Track Stabilization,Repaired and calibrated Post-Renewal Track Stabilization,212,Completed,Yes,Critical,Good,Maintenance executed under standard Engineering divisional safety window.
HST-00799,AST-S&T-0236,2025-12-03,Telecom Equipment Maintenance,Emergency Control Telephone (EC) Socket Defect,Joint safety inspection and rectified Emergency Control Telephone (EC) Socket Defect,73,Completed,Yes,Fair,Good,Maintenance executed under standard S&T divisional safety window.
HST-00800,AST-S&T-0348,2026-01-19,Point Machine Maintenance,Ground Connection Rodding Buckling,Routine preventive servicing and functional testing,117,Completed,Yes,Fair,Good,Maintenance executed under standard S&T divisional safety window.
HST-00801,AST-TRD-0577,2026-07-17,OHE Component Replacement,Section Insulator Runner Wear,Joint safety inspection and rectified Section Insulator Runner Wear,180,Completed,Yes,Degraded,Good,Maintenance executed under standard TRD divisional safety window.
HST-00802,AST-S&T-0207,2026-05-05,Track Circuit Maintenance,Bond Wire Broken / Disconnected,Routine preventive servicing and functional testing,39,Requires Follow-up,Partial,Fair,Fair,Maintenance executed under standard S&T divisional safety window.
HST-00803,AST-TRD-0459,2025-10-05,OHE Inspection,Mast Earthing Bond Disconnected,Routine preventive servicing and functional testing,51,Completed,Yes,Critical,Good,Maintenance executed under standard TRD divisional safety window.
HST-00804,AST-TRD-0402,2025-09-09,OHE Wire Maintenance,Catenary Wire Strand Broken,Repaired and calibrated Catenary Wire Strand Broken,222,Completed,Yes,Poor,Good,Maintenance executed under standard TRD divisional safety window.
HST-00805,AST-ENG-0086,2026-01-02,Track Inspection,Ultrasonic Rail Flaw Detection (USFD) Anomaly,Executed scheduled overhaul of Track Inspection,114,Completed,Yes,Poor,Good,Maintenance executed under standard Engineering divisional safety window.
HST-00806,AST-TRD-0555,2026-01-24,OHE Wire Maintenance,Bridging Jumper Burning / Degradation,Repaired and calibrated Bridging Jumper Burning / Degradation,152,Completed,Yes,Fair,Good,Maintenance executed under standard TRD divisional safety window.
HST-00807,AST-TRD-0520,2026-01-17,Contact Wire Replacement,Loop Line Contact Wire Heavy Carbonization,Routine preventive servicing and functional testing,274,Completed,Yes,Critical,Good,Maintenance executed under standard TRD divisional safety window.
HST-00808,AST-ENG-0189,2025-10-09,Rail Replacement,Corroded Rail Flange,Repaired and calibrated Corroded Rail Flange,210,Completed,Yes,Critical,Good,Maintenance executed under standard Engineering divisional safety window.
HST-00809,AST-ENG-0042,2025-12-06,Rail Replacement,Excessive Rail Wear Beyond Limit,Replaced defective wear components for Excessive Rail Wear Beyond Limit,211,Completed,Yes,Degraded,Good,Maintenance executed under standard Engineering divisional safety window.
HST-00810,AST-ENG-0087,2026-04-04,Track Inspection,Switch Expansion Joint (SEJ) Gap Abnormality,Routine preventive servicing and functional testing,112,Completed,Yes,Degraded,Good,Maintenance executed under standard Engineering divisional safety window.
HST-00811,AST-ENG-0045,2026-08-09,Track Tamping,Post-Renewal Track Stabilization,Routine preventive servicing and functional testing,195,Requires Follow-up,Partial,Critical,Fair,Maintenance executed under standard Engineering divisional safety window.
HST-00812,AST-ENG-0131,2025-12-20,Sleeper Replacement,Turnout Concrete Sleeper Fracture,Joint safety inspection and rectified Turnout Concrete Sleeper Fracture,215,Completed,Yes,Fair,Good,Maintenance executed under standard Engineering divisional safety window.
HST-00813,AST-S&T-0349,2026-06-26,Axle Counter Maintenance,Digital Axle Counter (SSDAC/HASDAC) Count Error,Replaced defective wear components for Digital Axle Counter (SSDAC/HASDAC) Count Error,92,Completed,Yes,Degraded,Good,Maintenance executed under standard S&T divisional safety window.
HST-00814,AST-ENG-0158,2025-09-29,Rail Replacement,Excessive Rail Wear Beyond Limit,Joint safety inspection and rectified Excessive Rail Wear Beyond Limit,186,Completed,Yes,Poor,Good,Maintenance executed under standard Engineering divisional safety window.
HST-00815,AST-S&T-0328,2026-02-08,Signal Maintenance,Electronic Interlocking (EI) VDU Communication Fault,Executed scheduled overhaul of Signal Maintenance,103,Completed,Yes,Fair,Good,Maintenance executed under standard S&T divisional safety window.
HST-00816,AST-TRD-0517,2025-12-14,Contact Wire Replacement,Severe Contact Wire Wear (< 74 sq mm),Replaced defective wear components for Severe Contact Wire Wear (< 74 sq mm),383,Requires Follow-up,Partial,Degraded,Fair,Maintenance executed under standard TRD divisional safety window.
HST-00817,AST-S&T-0313,2025-10-14,Signal Maintenance,Electronic Interlocking (EI) VDU Communication Fault,Replaced defective wear components for Electronic Interlocking (EI) VDU Communication Fault,81,Requires Follow-up,Partial,Poor,Fair,Maintenance executed under standard S&T divisional safety window.
HST-00818,AST-ENG-0166,2026-01-25,Rail Replacement,Corroded Rail Flange,Joint safety inspection and rectified Corroded Rail Flange,232,Completed,Yes,Poor,Good,Maintenance executed under standard Engineering divisional safety window.
HST-00819,AST-S&T-0399,2025-09-27,Signal Maintenance,Integrated Power Supply (IPS) Module Failure,Joint safety inspection and rectified Integrated Power Supply (IPS) Module Failure,90,Completed,Yes,Poor,Good,Maintenance executed under standard S&T divisional safety window.
HST-00820,AST-TRD-0429,2025-12-25,OHE Inspection,Neutral Section Transverse Slew Anomaly,Routine preventive servicing and functional testing,120,Completed,Yes,Degraded,Good,Maintenance executed under standard TRD divisional safety window.
HST-00821,AST-S&T-0212,2026-04-25,Signal Inspection,Calling-on Signal Aspect Failure,Replaced defective wear components for Calling-on Signal Aspect Failure,52,Completed,Yes,Poor,Good,Maintenance executed under standard S&T divisional safety window.
HST-00822,AST-S&T-0222,2026-03-18,Signal Inspection,Route Indicator Lamp Burnout,Repaired and calibrated Route Indicator Lamp Burnout,74,Completed,Yes,Critical,Good,Maintenance executed under standard S&T divisional safety window.
HST-00823,AST-TRD-0562,2026-07-14,OHE Component Replacement,Traction Substation 25kV Vacuum Circuit Breaker (VCB) Fault,Executed scheduled overhaul of OHE Component Replacement,195,Completed,Yes,Critical,Good,Maintenance executed under standard TRD divisional safety window.
HST-00824,AST-ENG-0108,2025-12-26,Rail Replacement,Rail Burn / Scabbing Defect,Routine preventive servicing and functional testing,161,Completed,Yes,Critical,Good,Maintenance executed under standard Engineering divisional safety window.
HST-00825,AST-S&T-0352,2026-02-08,Track Circuit Maintenance,Track Lead Cable Sheath Damage,Repaired and calibrated Track Lead Cable Sheath Damage,57,Completed,Yes,Fair,Good,Maintenance executed under standard S&T divisional safety window.
HST-00826,AST-TRD-0468,2026-03-31,OHE Component Replacement,Insulator Flashover / Broken Porcelain Disc,Executed scheduled overhaul of OHE Component Replacement,118,Completed,Yes,Poor,Good,Maintenance executed under standard TRD divisional safety window.
HST-00827,AST-TRD-0558,2025-12-14,Contact Wire Replacement,Loop Line Contact Wire Heavy Carbonization,Joint safety inspection and rectified Loop Line Contact Wire Heavy Carbonization,204,Completed,Yes,Degraded,Good,Maintenance executed under standard TRD divisional safety window.
HST-00828,AST-S&T-0203,2025-11-30,Axle Counter Maintenance,Reset Box Pushbutton Key Interlock Seizure,Routine preventive servicing and functional testing,42,Completed,Yes,Degraded,Good,Maintenance executed under standard S&T divisional safety window.
HST-00829,AST-TRD-0595,2026-01-31,Tower Wagon Inspection,Neutral Section (PTFE Type) Inspection,Replaced defective wear components for Neutral Section (PTFE Type) Inspection,121,Completed,Yes,Poor,Good,Maintenance executed under standard TRD divisional safety window.
HST-00830,AST-TRD-0565,2026-01-13,Tower Wagon Inspection,Neutral Section (PTFE Type) Inspection,Executed scheduled overhaul of Tower Wagon Inspection,142,Completed,Yes,Fair,Good,Maintenance executed under standard TRD divisional safety window.
HST-00831,AST-TRD-0436,2026-01-16,OHE Wire Maintenance,Bridging Jumper Burning / Degradation,Executed scheduled overhaul of OHE Wire Maintenance,104,Completed,Yes,Fair,Good,Maintenance executed under standard TRD divisional safety window.
HST-00832,AST-S&T-0354,2025-10-31,Track Circuit Maintenance,Track Circuit Dropping / False Occupancy,Joint safety inspection and rectified Track Circuit Dropping / False Occupancy,57,Completed,Yes,Fair,Good,Maintenance executed under standard S&T divisional safety window.
HST-00833,AST-S&T-0280,2025-10-11,Axle Counter Maintenance,High Voltage Surge Suppressor Burnout,Repaired and calibrated High Voltage Surge Suppressor Burnout,41,Completed,Yes,Critical,Good,Maintenance executed under standard S&T divisional safety window.
HST-00834,AST-ENG-0136,2025-12-20,Track Inspection,Derailment Catch Siding Switch Inspection,Repaired and calibrated Derailment Catch Siding Switch Inspection,105,Completed,Yes,Fair,Good,Maintenance executed under standard Engineering divisional safety window.
HST-00835,AST-S&T-0257,2025-12-05,Signal Maintenance,Integrated Power Supply (IPS) Module Failure,Repaired and calibrated Integrated Power Supply (IPS) Module Failure,106,Completed,Yes,Degraded,Good,Maintenance executed under standard S&T divisional safety window.
HST-00836,AST-TRD-0404,2025-10-07,Tower Wagon Inspection,Tunnel OHE Catenary Clearance Check,Routine preventive servicing and functional testing,212,Requires Follow-up,Partial,Degraded,Fair,Maintenance executed under standard TRD divisional safety window.
HST-00837,AST-ENG-0066,2026-01-09,Sleeper Replacement,Turnout Concrete Sleeper Fracture,Routine preventive servicing and functional testing,192,Completed,Yes,Poor,Good,Maintenance executed under standard Engineering divisional safety window.
HST-00838,AST-ENG-0019,2025-11-28,Rail Grinding,Gauge Corner Micro-Spalling on High Rail,Joint safety inspection and rectified Gauge Corner Micro-Spalling on High Rail,258,Completed,Yes,Fair,Good,Maintenance executed under standard Engineering divisional safety window.
HST-00839,AST-TRD-0433,2026-01-27,OHE Wire Maintenance,Catenary Wire Strand Broken,Joint safety inspection and rectified Catenary Wire Strand Broken,239,Completed,Yes,Fair,Good,Maintenance executed under standard TRD divisional safety window.
HST-00840,AST-ENG-0199,2026-07-05,Points & Crossing Maintenance,Switch Toe Gap Out of Tolerance,Replaced defective wear components for Switch Toe Gap Out of Tolerance,110,Completed,Yes,Critical,Good,Maintenance executed under standard Engineering divisional safety window.
HST-00841,AST-S&T-0252,2026-03-07,Axle Counter Maintenance,High Voltage Surge Suppressor Burnout,Repaired and calibrated High Voltage Surge Suppressor Burnout,36,Completed,Yes,Fair,Good,Maintenance executed under standard S&T divisional safety window.
HST-00842,AST-TRD-0418,2026-03-15,OHE Wire Maintenance,Catenary Wire Strand Broken,Joint safety inspection and rectified Catenary Wire Strand Broken,255,Completed,Yes,Fair,Good,Maintenance executed under standard TRD divisional safety window.
HST-00843,AST-ENG-0013,2025-11-01,Track Inspection,Switch Expansion Joint (SEJ) Gap Abnormality,Executed scheduled overhaul of Track Inspection,79,Completed,Yes,Critical,Good,Maintenance executed under standard Engineering divisional safety window.
HST-00844,AST-S&T-0390,2026-07-10,Track Circuit Maintenance,Track Lead Cable Sheath Damage,Joint safety inspection and rectified Track Lead Cable Sheath Damage,63,Requires Follow-up,Partial,Fair,Fair,Maintenance executed under standard S&T divisional safety window.
HST-00845,AST-ENG-0193,2026-07-23,Sleeper Replacement,Bridge Timber Sleeper Decay,Joint safety inspection and rectified Bridge Timber Sleeper Decay,233,Completed,Yes,Critical,Good,Maintenance executed under standard Engineering divisional safety window.
HST-00846,AST-TRD-0449,2026-02-07,OHE Wire Maintenance,Contact Wire Splice Sleeve Deformation,Repaired and calibrated Contact Wire Splice Sleeve Deformation,160,Completed,Yes,Fair,Good,Maintenance executed under standard TRD divisional safety window.
HST-00847,AST-S&T-0328,2025-11-23,Signal Maintenance,Data Logger Channel Telemetry Lockout,Replaced defective wear components for Data Logger Channel Telemetry Lockout,72,Completed,Yes,Degraded,Good,Maintenance executed under standard S&T divisional safety window.
HST-00848,AST-TRD-0487,2026-04-04,OHE Inspection,Section Insulator Arcing Horn Burn,Routine preventive servicing and functional testing,76,Completed,Yes,Critical,Good,Maintenance executed under standard TRD divisional safety window.
HST-00849,AST-S&T-0366,2025-12-16,Track Circuit Maintenance,Ballast Resistance Leakage (Low Ballast Resistance),Repaired and calibrated Ballast Resistance Leakage (Low Ballast Resistance),112,Completed,Yes,Fair,Good,Maintenance executed under standard S&T divisional safety window.
HST-00850,AST-S&T-0234,2026-05-06,Signal Maintenance,Signalling Relay Contact Oxidation (Q-Series),Routine preventive servicing and functional testing,69,Completed,Yes,Critical,Good,Maintenance executed under standard S&T divisional safety window.
HST-00851,AST-TRD-0514,2025-12-31,OHE Component Replacement,Insulator Flashover / Broken Porcelain Disc,Joint safety inspection and rectified Insulator Flashover / Broken Porcelain Disc,137,Completed,Yes,Critical,Good,Maintenance executed under standard TRD divisional safety window.
HST-00852,AST-TRD-0403,2026-06-07,OHE Wire Maintenance,Contact Wire Kink / Mechanical Damage,Executed scheduled overhaul of OHE Wire Maintenance,145,Completed,Yes,Critical,Good,Maintenance executed under standard TRD divisional safety window.
HST-00853,AST-ENG-0184,2026-04-02,Ballast Cleaning,Shoulder Ballast Contamination,Repaired and calibrated Shoulder Ballast Contamination,268,Completed,Yes,Critical,Good,Maintenance executed under standard Engineering divisional safety window.
HST-00854,AST-S&T-0313,2026-06-16,Signal Inspection,LED Signal Aspect Intensity Drop,Joint safety inspection and rectified LED Signal Aspect Intensity Drop,79,Completed,Yes,Critical,Good,Maintenance executed under standard S&T divisional safety window.
HST-00855,AST-TRD-0580,2025-10-18,Tower Wagon Inspection,Level Crossing Gate OHE Anti-Collision Guard Wire Sag,Joint safety inspection and rectified Level Crossing Gate OHE Anti-Collision Guard Wire Sag,89,Completed,Yes,Fair,Good,Maintenance executed under standard TRD divisional safety window.
HST-00856,AST-ENG-0181,2025-09-20,Rail Replacement,Defective Alumino-Thermic (AT) Weld Joint,Joint safety inspection and rectified Defective Alumino-Thermic (AT) Weld Joint,190,Completed,Yes,Poor,Good,Maintenance executed under standard Engineering divisional safety window.
HST-00857,AST-TRD-0543,2026-03-19,Tower Wagon Inspection,Routine Catenary & OHE Profile Survey,Joint safety inspection and rectified Routine Catenary & OHE Profile Survey,220,Completed,Yes,Fair,Good,Maintenance executed under standard TRD divisional safety window.
HST-00858,AST-ENG-0072,2026-03-13,Track Inspection,Fishplate Crack / Loose Bolt,Executed scheduled overhaul of Track Inspection,68,Requires Follow-up,Partial,Fair,Fair,Maintenance executed under standard Engineering divisional safety window.
HST-00859,AST-S&T-0327,2026-01-16,Track Circuit Maintenance,Track Circuit Dropping / False Occupancy,Executed scheduled overhaul of Track Circuit Maintenance,52,Requires Follow-up,Partial,Critical,Fair,Maintenance executed under standard S&T divisional safety window.
HST-00860,AST-S&T-0302,2026-07-06,Point Machine Maintenance,Ground Connection Rodding Buckling,Executed scheduled overhaul of Point Machine Maintenance,110,Completed,Yes,Degraded,Good,Maintenance executed under standard S&T divisional safety window.
HST-00861,AST-TRD-0542,2026-06-10,OHE Component Replacement,Traction Substation 25kV Vacuum Circuit Breaker (VCB) Fault,Replaced defective wear components for Traction Substation 25kV Vacuum Circuit Breaker (VCB) Fault,199,Completed,Yes,Degraded,Good,Maintenance executed under standard TRD divisional safety window.
HST-00862,AST-TRD-0418,2025-09-15,OHE Wire Maintenance,Bridging Jumper Burning / Degradation,Repaired and calibrated Bridging Jumper Burning / Degradation,119,Completed,Yes,Fair,Good,Maintenance executed under standard TRD divisional safety window.
HST-00863,AST-S&T-0211,2026-07-05,Signal Maintenance,Electronic Interlocking (EI) VDU Communication Fault,Repaired and calibrated Electronic Interlocking (EI) VDU Communication Fault,115,Completed,Yes,Critical,Good,Maintenance executed under standard S&T divisional safety window.
HST-00864,AST-ENG-0149,2025-11-07,Rail Replacement,Excessive Rail Wear Beyond Limit,Repaired and calibrated Excessive Rail Wear Beyond Limit,278,Completed,Yes,Critical,Good,Maintenance executed under standard Engineering divisional safety window.
HST-00865,AST-ENG-0169,2026-06-11,Ballast Cleaning,Level Crossing Ballast Deep Screening,Routine preventive servicing and functional testing,289,Completed,Yes,Poor,Good,Maintenance executed under standard Engineering divisional safety window.
HST-00866,AST-ENG-0040,2026-03-04,Rail Replacement,Curve Gauge Corner Shelling / Spalling,Executed scheduled overhaul of Rail Replacement,292,Requires Follow-up,Partial,Degraded,Fair,Maintenance executed under standard Engineering divisional safety window.
HST-00867,AST-ENG-0028,2026-08-03,Rail Replacement,Fractured Rail Segment,Replaced defective wear components for Fractured Rail Segment,164,Completed,Yes,Critical,Good,Maintenance executed under standard Engineering divisional safety window.
HST-00868,AST-TRD-0528,2026-07-11,Tower Wagon Inspection,Overline Structure / Bridge Clearance Audit,Executed scheduled overhaul of Tower Wagon Inspection,155,Completed,Yes,Poor,Good,Maintenance executed under standard TRD divisional safety window.
HST-00869,AST-TRD-0479,2025-11-12,OHE Component Replacement,Traction Substation 132kV Isolator Contact Blade Pitting,Repaired and calibrated Traction Substation 132kV Isolator Contact Blade Pitting,237,Completed,Yes,Degraded,Good,Maintenance executed under standard TRD divisional safety window.
HST-00870,AST-ENG-0144,2026-03-28,Ballast Cleaning,Level Crossing Ballast Deep Screening,Replaced defective wear components for Level Crossing Ballast Deep Screening,416,Requires Follow-up,Partial,Critical,Fair,Maintenance executed under standard Engineering divisional safety window.
HST-00871,AST-TRD-0588,2026-08-14,Tower Wagon Inspection,Neutral Section (PTFE Type) Inspection,Executed scheduled overhaul of Tower Wagon Inspection,119,Completed,Yes,Poor,Good,Maintenance executed under standard TRD divisional safety window.
HST-00872,AST-ENG-0052,2026-04-12,Rail Replacement,Excessive Rail Wear Beyond Limit,Executed scheduled overhaul of Rail Replacement,280,Requires Follow-up,Partial,Critical,Fair,Maintenance executed under standard Engineering divisional safety window.
HST-00873,AST-ENG-0130,2026-05-05,Points & Crossing Maintenance,Switch Toe Gap Out of Tolerance,Routine preventive servicing and functional testing,113,Completed,Yes,Critical,Good,Maintenance executed under standard Engineering divisional safety window.
HST-00874,AST-ENG-0153,2026-01-04,Points & Crossing Maintenance,Worn CMS Crossing Nose,Repaired and calibrated Worn CMS Crossing Nose,169,Completed,Yes,Fair,Good,Maintenance executed under standard Engineering divisional safety window.
HST-00875,AST-TRD-0404,2025-09-30,Tower Wagon Inspection,Routine Catenary & OHE Profile Survey,Executed scheduled overhaul of Tower Wagon Inspection,164,Completed,Yes,Poor,Good,Maintenance executed under standard TRD divisional safety window.
HST-00876,AST-ENG-0106,2026-01-03,Track Inspection,Level Crossing Check Rail Flangeway Clogging,Replaced defective wear components for Level Crossing Check Rail Flangeway Clogging,70,Completed,Yes,Poor,Good,Maintenance executed under standard Engineering divisional safety window.
HST-00877,AST-ENG-0013,2026-05-31,Track Inspection,Fishplate Crack / Loose Bolt,Executed scheduled overhaul of Track Inspection,75,Completed,Yes,Degraded,Good,Maintenance executed under standard Engineering divisional safety window.
HST-00878,AST-TRD-0557,2025-10-24,OHE Wire Maintenance,Anti-Creep Wire Sagging,Executed scheduled overhaul of OHE Wire Maintenance,122,Completed,Yes,Poor,Good,Maintenance executed under standard TRD divisional safety window.
HST-00879,AST-S&T-0383,2025-10-28,Signal Maintenance,Electronic Interlocking (EI) VDU Communication Fault,Repaired and calibrated Electronic Interlocking (EI) VDU Communication Fault,82,Completed,Yes,Degraded,Good,Maintenance executed under standard S&T divisional safety window.
HST-00880,AST-ENG-0079,2025-10-31,Sleeper Replacement,Broken PSC Sleeper,Replaced defective wear components for Broken PSC Sleeper,197,Requires Follow-up,Partial,Degraded,Fair,Maintenance executed under standard Engineering divisional safety window.
HST-00881,AST-ENG-0151,2026-07-24,Sleeper Replacement,Damaged Elastic Rail Clips (ERC),Replaced defective wear components for Damaged Elastic Rail Clips (ERC),74,Completed,Yes,Degraded,Good,Maintenance executed under standard Engineering divisional safety window.
HST-00882,AST-TRD-0421,2025-12-30,OHE Wire Maintenance,Contact Wire Kink / Mechanical Damage,Joint safety inspection and rectified Contact Wire Kink / Mechanical Damage,148,Completed,Yes,Poor,Good,Maintenance executed under standard TRD divisional safety window.
HST-00883,AST-TRD-0550,2025-10-29,OHE Wire Maintenance,Anti-Creep Wire Sagging,Routine preventive servicing and functional testing,129,Completed,Yes,Degraded,Good,Maintenance executed under standard TRD divisional safety window.
HST-00884,AST-ENG-0151,2025-10-17,Track Inspection,Derailment Catch Siding Switch Inspection,Replaced defective wear components for Derailment Catch Siding Switch Inspection,111,Completed,Yes,Poor,Good,Maintenance executed under standard Engineering divisional safety window.
HST-00885,AST-TRD-0493,2026-07-26,OHE Component Replacement,Section Insulator Runner Wear,Joint safety inspection and rectified Section Insulator Runner Wear,192,Completed,Yes,Critical,Good,Maintenance executed under standard TRD divisional safety window.
HST-00886,AST-ENG-0077,2025-12-25,Track Inspection,Switch Expansion Joint (SEJ) Gap Abnormality,Replaced defective wear components for Switch Expansion Joint (SEJ) Gap Abnormality,104,Completed,Yes,Critical,Good,Maintenance executed under standard Engineering divisional safety window.
HST-00887,AST-S&T-0214,2026-04-04,Track Circuit Maintenance,Ballast Resistance Leakage (Low Ballast Resistance),Repaired and calibrated Ballast Resistance Leakage (Low Ballast Resistance),96,Completed,Yes,Degraded,Good,Maintenance executed under standard S&T divisional safety window.
HST-00888,AST-TRD-0453,2025-12-31,OHE Wire Maintenance,Catenary Wire Strand Broken,Repaired and calibrated Catenary Wire Strand Broken,230,Completed,Yes,Critical,Good,Maintenance executed under standard TRD divisional safety window.
HST-00889,AST-TRD-0439,2026-03-18,OHE Wire Maintenance,Contact Wire Kink / Mechanical Damage,Joint safety inspection and rectified Contact Wire Kink / Mechanical Damage,168,Completed,Yes,Degraded,Good,Maintenance executed under standard TRD divisional safety window.
HST-00890,AST-TRD-0542,2026-07-14,Contact Wire Replacement,Contact Wire Parting / Snap Incident,Repaired and calibrated Contact Wire Parting / Snap Incident,225,Completed,Yes,Degraded,Good,Maintenance executed under standard TRD divisional safety window.
HST-00891,AST-ENG-0048,2026-04-12,Rail Grinding,Rail Lip / Fin Formation,Replaced defective wear components for Rail Lip / Fin Formation,197,Completed,Yes,Poor,Good,Maintenance executed under standard Engineering divisional safety window.
HST-00892,AST-S&T-0239,2025-12-19,Track Circuit Maintenance,Bond Wire Broken / Disconnected,Replaced defective wear components for Bond Wire Broken / Disconnected,47,Completed,Yes,Poor,Good,Maintenance executed under standard S&T divisional safety window.
HST-00893,AST-TRD-0419,2026-02-28,Contact Wire Replacement,In-Span Splice Elimination,Replaced defective wear components for In-Span Splice Elimination,246,Requires Follow-up,Partial,Degraded,Fair,Maintenance executed under standard TRD divisional safety window.
HST-00894,AST-S&T-0266,2026-07-25,Axle Counter Maintenance,Track Device (Sensor) Misalignment,Joint safety inspection and rectified Track Device (Sensor) Misalignment,52,Completed,Yes,Poor,Good,Maintenance executed under standard S&T divisional safety window.
HST-00895,AST-ENG-0128,2026-07-26,Track Tamping,Track Alignment & Level Deviation,Repaired and calibrated Track Alignment & Level Deviation,253,Completed,Yes,Degraded,Good,Maintenance executed under standard Engineering divisional safety window.
HST-00896,AST-S&T-0269,2026-03-18,Point Machine Maintenance,Ground Connection Rodding Buckling,Replaced defective wear components for Ground Connection Rodding Buckling,71,Completed,Yes,Critical,Good,Maintenance executed under standard S&T divisional safety window.
HST-00897,AST-TRD-0450,2026-04-25,Tower Wagon Inspection,Tunnel OHE Catenary Clearance Check,Repaired and calibrated Tunnel OHE Catenary Clearance Check,171,Completed,Yes,Critical,Good,Maintenance executed under standard TRD divisional safety window.
HST-00898,AST-S&T-0289,2026-02-11,Axle Counter Maintenance,Track Device (Sensor) Misalignment,Routine preventive servicing and functional testing,60,Completed,Yes,Degraded,Good,Maintenance executed under standard S&T divisional safety window.
HST-00899,AST-S&T-0340,2025-12-05,Axle Counter Maintenance,High Voltage Surge Suppressor Burnout,Routine preventive servicing and functional testing,49,Completed,Yes,Fair,Good,Maintenance executed under standard S&T divisional safety window.
HST-00900,AST-S&T-0384,2025-10-15,Point Machine Maintenance,Point Detection Contact Carbonization,Executed scheduled overhaul of Point Machine Maintenance,84,Completed,Yes,Degraded,Good,Maintenance executed under standard S&T divisional safety window.
HST-00901,AST-TRD-0587,2026-02-08,OHE Inspection,Mast Earthing Bond Disconnected,Executed scheduled overhaul of OHE Inspection,72,Completed,Yes,Critical,Good,Maintenance executed under standard TRD divisional safety window.
HST-00902,AST-ENG-0159,2026-03-16,Sleeper Replacement,Turnout Concrete Sleeper Fracture,Joint safety inspection and rectified Turnout Concrete Sleeper Fracture,233,Completed,Yes,Poor,Good,Maintenance executed under standard Engineering divisional safety window.
HST-00903,AST-S&T-0294,2026-03-20,Signal Maintenance,Integrated Power Supply (IPS) Module Failure,Executed scheduled overhaul of Signal Maintenance,110,Completed,Yes,Poor,Good,Maintenance executed under standard S&T divisional safety window.
HST-00904,AST-S&T-0349,2026-04-25,Signal Inspection,Route Indicator Lamp Burnout,Repaired and calibrated Route Indicator Lamp Burnout,74,Completed,Yes,Poor,Good,Maintenance executed under standard S&T divisional safety window.
HST-00905,AST-S&T-0237,2026-06-21,Track Circuit Maintenance,Glued Insulated Rail Joint (GJ) Failure,Executed scheduled overhaul of Track Circuit Maintenance,170,Completed,Yes,Critical,Good,Maintenance executed under standard S&T divisional safety window.
HST-00906,AST-TRD-0567,2026-01-06,Tower Wagon Inspection,Overline Structure / Bridge Clearance Audit,Routine preventive servicing and functional testing,116,Completed,Yes,Degraded,Good,Maintenance executed under standard TRD divisional safety window.
HST-00907,AST-S&T-0252,2025-10-19,Axle Counter Maintenance,Axle Counter Evaluator Card Failure,Replaced defective wear components for Axle Counter Evaluator Card Failure,81,Completed,Yes,Degraded,Good,Maintenance executed under standard S&T divisional safety window.
HST-00908,AST-TRD-0476,2025-12-03,Contact Wire Replacement,Severe Contact Wire Wear (< 74 sq mm),Repaired and calibrated Severe Contact Wire Wear (< 74 sq mm),340,Completed,Yes,Critical,Good,Maintenance executed under standard TRD divisional safety window.
HST-00909,AST-S&T-0329,2026-05-28,Track Circuit Maintenance,Glued Insulated Rail Joint (GJ) Failure,Routine preventive servicing and functional testing,153,Completed,Yes,Degraded,Good,Maintenance executed under standard S&T divisional safety window.
HST-00910,AST-ENG-0188,2026-04-21,Rail Grinding,Rolling Contact Fatigue / Head Checking,Routine preventive servicing and functional testing,354,Requires Follow-up,Partial,Fair,Fair,Maintenance executed under standard Engineering divisional safety window.
HST-00911,AST-S&T-0208,2026-08-14,Telecom Equipment Maintenance,Emergency Control Telephone (EC) Socket Defect,Replaced defective wear components for Emergency Control Telephone (EC) Socket Defect,73,Completed,Yes,Fair,Good,Maintenance executed under standard S&T divisional safety window.
HST-00912,AST-TRD-0536,2025-11-24,OHE Inspection,Thermal Hotspot in Isolator / Jumper,Routine preventive servicing and functional testing,87,Completed,Yes,Poor,Good,Maintenance executed under standard TRD divisional safety window.
HST-00913,AST-S&T-0362,2025-10-14,Signal Maintenance,Data Logger Channel Telemetry Lockout,Replaced defective wear components for Data Logger Channel Telemetry Lockout,46,Completed,Yes,Poor,Good,Maintenance executed under standard S&T divisional safety window.
HST-00914,AST-S&T-0314,2025-10-31,Track Circuit Maintenance,Track Lead Cable Sheath Damage,Replaced defective wear components for Track Lead Cable Sheath Damage,67,Completed,Yes,Fair,Good,Maintenance executed under standard S&T divisional safety window.
HST-00915,AST-S&T-0243,2026-04-26,Signal Inspection,LED Signal Aspect Intensity Drop,Repaired and calibrated LED Signal Aspect Intensity Drop,59,Completed,Yes,Fair,Good,Maintenance executed under standard S&T divisional safety window.
HST-00916,AST-S&T-0303,2026-02-06,Signal Maintenance,Signal Post Corrosion & Alignment Tilt,Repaired and calibrated Signal Post Corrosion & Alignment Tilt,191,Completed,Yes,Poor,Good,Maintenance executed under standard S&T divisional safety window.
HST-00917,AST-S&T-0397,2026-02-17,Telecom Equipment Maintenance,Emergency Control Telephone (EC) Socket Defect,Routine preventive servicing and functional testing,77,Completed,Yes,Poor,Good,Maintenance executed under standard S&T divisional safety window.
HST-00918,AST-TRD-0540,2026-07-30,Contact Wire Replacement,Turnout Overlap Wire Renewal,Joint safety inspection and rectified Turnout Overlap Wire Renewal,189,Completed,Yes,Degraded,Good,Maintenance executed under standard TRD divisional safety window.
HST-00919,AST-S&T-0276,2026-03-12,Telecom Equipment Maintenance,Yard CCTV Surveillance Node Offline,Repaired and calibrated Yard CCTV Surveillance Node Offline,79,Completed,Yes,Critical,Good,Maintenance executed under standard S&T divisional safety window.
HST-00920,AST-ENG-0199,2026-06-05,Rail Replacement,Excessive Rail Wear Beyond Limit,Joint safety inspection and rectified Excessive Rail Wear Beyond Limit,240,Requires Follow-up,Partial,Critical,Fair,Maintenance executed under standard Engineering divisional safety window.
HST-00921,AST-ENG-0097,2025-09-07,Points & Crossing Maintenance,Worn Switch Rail / Tongue Rail Chipped,Executed scheduled overhaul of Points & Crossing Maintenance,151,Requires Follow-up,Partial,Fair,Fair,Maintenance executed under standard Engineering divisional safety window.
HST-00922,AST-S&T-0330,2025-09-11,Point Machine Maintenance,Point Machine Motor Replacement,Executed scheduled overhaul of Point Machine Maintenance,144,Completed,Yes,Poor,Good,Maintenance executed under standard S&T divisional safety window.
HST-00923,AST-S&T-0367,2026-06-10,Point Machine Maintenance,Point Machine Motor Replacement,Joint safety inspection and rectified Point Machine Motor Replacement,157,Completed,Yes,Critical,Good,Maintenance executed under standard S&T divisional safety window.
HST-00924,AST-TRD-0514,2026-02-15,Tower Wagon Inspection,Substation Feeder Jumper Maintenance,Replaced defective wear components for Substation Feeder Jumper Maintenance,90,Requires Follow-up,Partial,Fair,Fair,Maintenance executed under standard TRD divisional safety window.
HST-00925,AST-TRD-0402,2025-12-19,OHE Wire Maintenance,Contact Wire Splice Sleeve Deformation,Replaced defective wear components for Contact Wire Splice Sleeve Deformation,94,Completed,Yes,Critical,Good,Maintenance executed under standard TRD divisional safety window.
HST-00926,AST-ENG-0145,2026-04-08,Rail Grinding,Rolling Contact Fatigue / Head Checking,Routine preventive servicing and functional testing,287,Completed,Yes,Degraded,Good,Maintenance executed under standard Engineering divisional safety window.
HST-00927,AST-S&T-0327,2026-02-15,Signal Inspection,Calling-on Signal Aspect Failure,Replaced defective wear components for Calling-on Signal Aspect Failure,71,Completed,Yes,Poor,Good,Maintenance executed under standard S&T divisional safety window.
HST-00928,AST-TRD-0518,2025-10-25,OHE Inspection,Thermal Hotspot in Isolator / Jumper,Joint safety inspection and rectified Thermal Hotspot in Isolator / Jumper,101,Completed,Yes,Degraded,Good,Maintenance executed under standard TRD divisional safety window.
HST-00929,AST-S&T-0275,2026-06-20,Track Circuit Maintenance,Bond Wire Broken / Disconnected,Joint safety inspection and rectified Bond Wire Broken / Disconnected,53,Completed,Yes,Critical,Good,Maintenance executed under standard S&T divisional safety window.
HST-00930,AST-ENG-0092,2026-01-18,Rail Grinding,Gauge Corner Micro-Spalling on High Rail,Routine preventive servicing and functional testing,280,Completed,Yes,Fair,Good,Maintenance executed under standard Engineering divisional safety window.
HST-00931,AST-S&T-0283,2025-10-30,Axle Counter Maintenance,Reset Box Pushbutton Key Interlock Seizure,Repaired and calibrated Reset Box Pushbutton Key Interlock Seizure,39,Completed,Yes,Poor,Good,Maintenance executed under standard S&T divisional safety window.
HST-00932,AST-TRD-0444,2025-12-06,OHE Inspection,Contact Wire Height & Stagger Deviation,Replaced defective wear components for Contact Wire Height & Stagger Deviation,101,Completed,Yes,Poor,Good,Maintenance executed under standard TRD divisional safety window.
HST-00933,AST-S&T-0318,2026-01-23,Track Circuit Maintenance,Track Circuit Dropping / False Occupancy,Repaired and calibrated Track Circuit Dropping / False Occupancy,58,Completed,Yes,Fair,Good,Maintenance executed under standard S&T divisional safety window.
HST-00934,AST-TRD-0592,2026-07-09,OHE Component Replacement,Section Insulator Runner Wear,Joint safety inspection and rectified Section Insulator Runner Wear,195,Requires Follow-up,Partial,Fair,Fair,Maintenance executed under standard TRD divisional safety window.
HST-00935,AST-S&T-0278,2026-01-16,Axle Counter Maintenance,High Voltage Surge Suppressor Burnout,Joint safety inspection and rectified High Voltage Surge Suppressor Burnout,42,Completed,Yes,Poor,Good,Maintenance executed under standard S&T divisional safety window.
HST-00936,AST-TRD-0511,2026-06-21,OHE Wire Maintenance,Cross Feeder Wire Vibration Fatigue,Replaced defective wear components for Cross Feeder Wire Vibration Fatigue,85,Completed,Yes,Critical,Good,Maintenance executed under standard TRD divisional safety window.
HST-00937,AST-ENG-0089,2025-12-15,Rail Grinding,Rail Surface Corrugation,Routine preventive servicing and functional testing,250,Completed,Yes,Poor,Good,Maintenance executed under standard Engineering divisional safety window.
HST-00938,AST-ENG-0160,2025-09-10,Sleeper Replacement,Turnout Concrete Sleeper Fracture,Executed scheduled overhaul of Sleeper Replacement,308,Completed,Yes,Poor,Good,Maintenance executed under standard Engineering divisional safety window.
HST-00939,AST-S&T-0374,2026-04-21,Track Circuit Maintenance,Bond Wire Broken / Disconnected,Replaced defective wear components for Bond Wire Broken / Disconnected,57,Completed,Yes,Fair,Good,Maintenance executed under standard S&T divisional safety window.
HST-00940,AST-TRD-0469,2026-02-25,OHE Wire Maintenance,Contact Wire Kink / Mechanical Damage,Routine preventive servicing and functional testing,232,Requires Follow-up,Partial,Critical,Fair,Maintenance executed under standard TRD divisional safety window.
HST-00941,AST-S&T-0338,2025-12-03,Track Circuit Maintenance,Track Lead Cable Sheath Damage,Repaired and calibrated Track Lead Cable Sheath Damage,74,Completed,Yes,Critical,Good,Maintenance executed under standard S&T divisional safety window.
HST-00942,AST-ENG-0084,2025-09-22,Rail Replacement,Corroded Rail Flange,Replaced defective wear components for Corroded Rail Flange,209,Completed,Yes,Critical,Good,Maintenance executed under standard Engineering divisional safety window.
HST-00943,AST-ENG-0136,2025-09-24,Track Inspection,Track Geometry Gauge Variation,Repaired and calibrated Track Geometry Gauge Variation,79,Completed,Yes,Degraded,Good,Maintenance executed under standard Engineering divisional safety window.
HST-00944,AST-ENG-0110,2025-10-27,Track Inspection,Buffer Stop Foundation Settlement,Routine preventive servicing and functional testing,104,Completed,Yes,Critical,Good,Maintenance executed under standard Engineering divisional safety window.
HST-00945,AST-ENG-0061,2026-02-05,Points & Crossing Maintenance,Check Rail Clearance Error,Routine preventive servicing and functional testing,107,Completed,Yes,Poor,Good,Maintenance executed under standard Engineering divisional safety window.
HST-00946,AST-ENG-0099,2026-02-01,Track Inspection,Switch Expansion Joint (SEJ) Gap Abnormality,Repaired and calibrated Switch Expansion Joint (SEJ) Gap Abnormality,113,Completed,Yes,Critical,Good,Maintenance executed under standard Engineering divisional safety window.
HST-00947,AST-ENG-0042,2026-04-25,Sleeper Replacement,Broken PSC Sleeper,Joint safety inspection and rectified Broken PSC Sleeper,158,Completed,Yes,Degraded,Good,Maintenance executed under standard Engineering divisional safety window.
HST-00948,AST-S&T-0328,2026-05-28,Signal Maintenance,Signal Blank / Lamp Failure,Executed scheduled overhaul of Signal Maintenance,84,Completed,Yes,Poor,Good,Maintenance executed under standard S&T divisional safety window.
HST-00949,AST-S&T-0278,2026-06-16,Track Circuit Maintenance,Track Lead Cable Sheath Damage,Routine preventive servicing and functional testing,55,Requires Follow-up,Partial,Degraded,Fair,Maintenance executed under standard S&T divisional safety window.
HST-00950,AST-TRD-0538,2026-04-27,Tower Wagon Inspection,Tunnel OHE Catenary Clearance Check,Routine preventive servicing and functional testing,214,Completed,Yes,Degraded,Good,Maintenance executed under standard TRD divisional safety window.
HST-00951,AST-S&T-0383,2025-09-12,Axle Counter Maintenance,High Voltage Surge Suppressor Burnout,Executed scheduled overhaul of Axle Counter Maintenance,59,Completed,Yes,Fair,Good,Maintenance executed under standard S&T divisional safety window.
HST-00952,AST-ENG-0069,2026-01-24,Track Inspection,Fishplate Crack / Loose Bolt,Executed scheduled overhaul of Track Inspection,45,Completed,Yes,Poor,Good,Maintenance executed under standard Engineering divisional safety window.
HST-00953,AST-S&T-0392,2025-12-11,Track Circuit Maintenance,Track Relay Choke Coil Breakdown,Routine preventive servicing and functional testing,79,Completed,Yes,Fair,Good,Maintenance executed under standard S&T divisional safety window.
HST-00954,AST-TRD-0577,2026-04-27,OHE Component Replacement,Traction Substation 25kV Vacuum Circuit Breaker (VCB) Fault,Joint safety inspection and rectified Traction Substation 25kV Vacuum Circuit Breaker (VCB) Fault,142,Completed,Yes,Poor,Good,Maintenance executed under standard TRD divisional safety window.
HST-00955,AST-ENG-0137,2026-04-01,Rail Replacement,Defective Alumino-Thermic (AT) Weld Joint,Joint safety inspection and rectified Defective Alumino-Thermic (AT) Weld Joint,144,Completed,Yes,Poor,Good,Maintenance executed under standard Engineering divisional safety window.
HST-00956,AST-S&T-0234,2026-03-14,Track Circuit Maintenance,Bond Wire Broken / Disconnected,Executed scheduled overhaul of Track Circuit Maintenance,34,Completed,Yes,Poor,Good,Maintenance executed under standard S&T divisional safety window.
HST-00957,AST-TRD-0450,2025-10-18,OHE Component Replacement,Traction Substation 132kV Isolator Contact Blade Pitting,Replaced defective wear components for Traction Substation 132kV Isolator Contact Blade Pitting,229,Completed,Yes,Critical,Good,Maintenance executed under standard TRD divisional safety window.
HST-00958,AST-S&T-0347,2025-12-12,Axle Counter Maintenance,Digital Axle Counter (SSDAC/HASDAC) Count Error,Routine preventive servicing and functional testing,65,Completed,Yes,Critical,Good,Maintenance executed under standard S&T divisional safety window.
HST-00959,AST-ENG-0053,2026-01-19,Rail Replacement,Corroded Rail Flange,Joint safety inspection and rectified Corroded Rail Flange,241,Completed,Yes,Critical,Good,Maintenance executed under standard Engineering divisional safety window.
HST-00960,AST-S&T-0284,2026-06-18,Track Circuit Maintenance,Track Relay Choke Coil Breakdown,Joint safety inspection and rectified Track Relay Choke Coil Breakdown,86,Completed,Yes,Fair,Good,Maintenance executed under standard S&T divisional safety window.
HST-00961,AST-S&T-0231,2026-02-19,Telecom Equipment Maintenance,VHF / MTRC Radio Base Station Fault,Joint safety inspection and rectified VHF / MTRC Radio Base Station Fault,93,Completed,Yes,Degraded,Good,Maintenance executed under standard S&T divisional safety window.
HST-00962,AST-S&T-0237,2026-04-15,Telecom Equipment Maintenance,VHF / MTRC Radio Base Station Fault,Repaired and calibrated VHF / MTRC Radio Base Station Fault,77,Completed,Yes,Critical,Good,Maintenance executed under standard S&T divisional safety window.
HST-00963,AST-S&T-0329,2025-11-23,Telecom Equipment Maintenance,Optical Fibre Cable (OFC) Attenuation Surge,Repaired and calibrated Optical Fibre Cable (OFC) Attenuation Surge,152,Completed,Yes,Poor,Good,Maintenance executed under standard S&T divisional safety window.
HST-00964,AST-ENG-0032,2025-11-07,Sleeper Replacement,Turnout Concrete Sleeper Fracture,Repaired and calibrated Turnout Concrete Sleeper Fracture,194,Completed,Yes,Fair,Good,Maintenance executed under standard Engineering divisional safety window.
HST-00965,AST-TRD-0406,2026-05-06,Tower Wagon Inspection,Tunnel OHE Catenary Clearance Check,Repaired and calibrated Tunnel OHE Catenary Clearance Check,146,Completed,Yes,Fair,Good,Maintenance executed under standard TRD divisional safety window.
HST-00966,AST-ENG-0167,2026-07-21,Track Tamping,Bridge Transition Approach Settlement,Replaced defective wear components for Bridge Transition Approach Settlement,230,Completed,Yes,Fair,Good,Maintenance executed under standard Engineering divisional safety window.
HST-00967,AST-ENG-0014,2025-09-26,Track Inspection,Buffer Stop Foundation Settlement,Replaced defective wear components for Buffer Stop Foundation Settlement,87,Completed,Yes,Poor,Good,Maintenance executed under standard Engineering divisional safety window.
HST-00968,AST-S&T-0392,2025-10-05,Signal Inspection,Calling-on Signal Aspect Failure,Joint safety inspection and rectified Calling-on Signal Aspect Failure,59,Completed,Yes,Critical,Good,Maintenance executed under standard S&T divisional safety window.
HST-00969,AST-TRD-0473,2026-05-17,Tower Wagon Inspection,Substation Feeder Jumper Maintenance,Routine preventive servicing and functional testing,143,Completed,Yes,Critical,Good,Maintenance executed under standard TRD divisional safety window.
HST-00970,AST-TRD-0563,2026-04-20,OHE Wire Maintenance,Bridging Jumper Burning / Degradation,Repaired and calibrated Bridging Jumper Burning / Degradation,97,Completed,Yes,Degraded,Good,Maintenance executed under standard TRD divisional safety window.
HST-00971,AST-TRD-0559,2026-07-21,OHE Wire Maintenance,Cross Feeder Wire Vibration Fatigue,Joint safety inspection and rectified Cross Feeder Wire Vibration Fatigue,69,Completed,Yes,Fair,Good,Maintenance executed under standard TRD divisional safety window.
HST-00972,AST-S&T-0353,2026-02-02,Track Circuit Maintenance,Track Lead Cable Sheath Damage,Routine preventive servicing and functional testing,73,Requires Follow-up,Partial,Poor,Fair,Maintenance executed under standard S&T divisional safety window.
HST-00973,AST-S&T-0367,2026-04-03,Point Machine Maintenance,Point Machine Out of Adjustment / Flashover,Joint safety inspection and rectified Point Machine Out of Adjustment / Flashover,92,Completed,Yes,Fair,Good,Maintenance executed under standard S&T divisional safety window.
HST-00974,AST-S&T-0233,2025-09-10,Telecom Equipment Maintenance,Yard CCTV Surveillance Node Offline,Repaired and calibrated Yard CCTV Surveillance Node Offline,45,Completed,Yes,Fair,Good,Maintenance executed under standard S&T divisional safety window.
HST-00975,AST-ENG-0071,2025-10-22,Track Inspection,Diamond Crossing Flange Wear,Routine preventive servicing and functional testing,122,Completed,Yes,Degraded,Good,Maintenance executed under standard Engineering divisional safety window.
HST-00976,AST-ENG-0048,2026-06-15,Rail Replacement,Excessive Rail Wear Beyond Limit,Repaired and calibrated Excessive Rail Wear Beyond Limit,234,Completed,Yes,Critical,Good,Maintenance executed under standard Engineering divisional safety window.
HST-00977,AST-S&T-0358,2025-10-29,Signal Maintenance,Data Logger Channel Telemetry Lockout,Repaired and calibrated Data Logger Channel Telemetry Lockout,80,Requires Follow-up,Partial,Critical,Fair,Maintenance executed under standard S&T divisional safety window.
HST-00978,AST-S&T-0356,2026-02-05,Signal Inspection,Route Indicator Lamp Burnout,Replaced defective wear components for Route Indicator Lamp Burnout,76,Completed,Yes,Critical,Good,Maintenance executed under standard S&T divisional safety window.
HST-00979,AST-ENG-0101,2026-08-10,Rail Replacement,Corroded Rail Flange,Replaced defective wear components for Corroded Rail Flange,235,Completed,Yes,Poor,Good,Maintenance executed under standard Engineering divisional safety window.
HST-00980,AST-ENG-0159,2025-09-23,Track Inspection,Bridge Guard Rail Misalignment,Routine preventive servicing and functional testing,109,Completed,Yes,Poor,Good,Maintenance executed under standard Engineering divisional safety window.
HST-00981,AST-ENG-0146,2026-04-28,Track Tamping,Turnout Packing & Lining Fault,Joint safety inspection and rectified Turnout Packing & Lining Fault,228,Completed,Yes,Critical,Good,Maintenance executed under standard Engineering divisional safety window.
HST-00982,AST-S&T-0364,2025-12-20,Signal Inspection,Route Indicator Lamp Burnout,Joint safety inspection and rectified Route Indicator Lamp Burnout,65,Requires Follow-up,Partial,Degraded,Fair,Maintenance executed under standard S&T divisional safety window.
HST-00983,AST-TRD-0426,2026-08-01,OHE Component Replacement,Auto-Tensioning Device (ATD) Weight Jam,Replaced defective wear components for Auto-Tensioning Device (ATD) Weight Jam,105,Completed,Yes,Critical,Good,Maintenance executed under standard TRD divisional safety window.
HST-00984,AST-TRD-0540,2026-04-07,OHE Inspection,Catenary Dropper Missing / Damaged,Repaired and calibrated Catenary Dropper Missing / Damaged,78,Completed,Yes,Critical,Good,Maintenance executed under standard TRD divisional safety window.
HST-00985,AST-S&T-0324,2026-04-23,Track Circuit Maintenance,Bond Wire Broken / Disconnected,Replaced defective wear components for Bond Wire Broken / Disconnected,55,Completed,Yes,Degraded,Good,Maintenance executed under standard S&T divisional safety window.
HST-00986,AST-S&T-0218,2025-12-12,Track Circuit Maintenance,Track Lead Cable Sheath Damage,Replaced defective wear components for Track Lead Cable Sheath Damage,49,Completed,Yes,Critical,Good,Maintenance executed under standard S&T divisional safety window.
HST-00987,AST-TRD-0545,2026-08-03,OHE Wire Maintenance,Contact Wire Kink / Mechanical Damage,Replaced defective wear components for Contact Wire Kink / Mechanical Damage,166,Completed,Yes,Poor,Good,Maintenance executed under standard TRD divisional safety window.
HST-00988,AST-ENG-0109,2026-06-25,Points & Crossing Maintenance,Switch Toe Gap Out of Tolerance,Routine preventive servicing and functional testing,92,Requires Follow-up,Partial,Fair,Fair,Maintenance executed under standard Engineering divisional safety window.
HST-00989,AST-ENG-0065,2026-07-17,Rail Grinding,Rail Surface Corrugation,Routine preventive servicing and functional testing,223,Completed,Yes,Fair,Good,Maintenance executed under standard Engineering divisional safety window.
HST-00990,AST-TRD-0478,2025-09-10,Contact Wire Replacement,Severe Contact Wire Wear (< 74 sq mm),Repaired and calibrated Severe Contact Wire Wear (< 74 sq mm),271,Completed,Yes,Critical,Good,Maintenance executed under standard TRD divisional safety window.
HST-00991,AST-ENG-0096,2026-05-26,Rail Grinding,Rail Lip / Fin Formation,Executed scheduled overhaul of Rail Grinding,240,Completed,Yes,Fair,Good,Maintenance executed under standard Engineering divisional safety window.
HST-00992,AST-TRD-0513,2026-05-11,OHE Inspection,Catenary Dropper Missing / Damaged,Routine preventive servicing and functional testing,49,Completed,Yes,Critical,Good,Maintenance executed under standard TRD divisional safety window.
HST-00993,AST-ENG-0080,2026-07-09,Ballast Cleaning,Shoulder Ballast Contamination,Joint safety inspection and rectified Shoulder Ballast Contamination,245,Completed,Yes,Degraded,Good,Maintenance executed under standard Engineering divisional safety window.
HST-00994,AST-S&T-0361,2026-02-13,Telecom Equipment Maintenance,Passenger Information System (PIS) Display Node Link Drop,Executed scheduled overhaul of Telecom Equipment Maintenance,80,Completed,Yes,Degraded,Good,Maintenance executed under standard S&T divisional safety window.
HST-00995,AST-ENG-0197,2026-02-26,Ballast Cleaning,Level Crossing Ballast Deep Screening,Repaired and calibrated Level Crossing Ballast Deep Screening,387,Completed,Yes,Poor,Good,Maintenance executed under standard Engineering divisional safety window.
HST-00996,AST-TRD-0479,2025-09-27,OHE Inspection,Neutral Section Transverse Slew Anomaly,Repaired and calibrated Neutral Section Transverse Slew Anomaly,108,Completed,Yes,Degraded,Good,Maintenance executed under standard TRD divisional safety window.
HST-00997,AST-TRD-0547,2026-04-19,OHE Inspection,Thermal Hotspot in Isolator / Jumper,Replaced defective wear components for Thermal Hotspot in Isolator / Jumper,76,Completed,Yes,Critical,Good,Maintenance executed under standard TRD divisional safety window.
HST-00998,AST-TRD-0576,2026-06-14,OHE Wire Maintenance,Contact Wire Splice Sleeve Deformation,Repaired and calibrated Contact Wire Splice Sleeve Deformation,135,Completed,Yes,Fair,Good,Maintenance executed under standard TRD divisional safety window.
HST-00999,AST-ENG-0083,2026-05-25,Track Inspection,Diamond Crossing Flange Wear,Routine preventive servicing and functional testing,157,Completed,Yes,Fair,Good,Maintenance executed under standard Engineering divisional safety window.
HST-01000,AST-S&T-0340,2025-09-11,Track Circuit Maintenance,Track Relay Choke Coil Breakdown,Executed scheduled overhaul of Track Circuit Maintenance,65,Completed,Yes,Critical,Good,Maintenance executed under standard S&T divisional safety window.
HST-01001,AST-ENG-0151,2026-02-11,Track Tamping,Track Alignment & Level Deviation,Executed scheduled overhaul of Track Tamping,199,Completed,Yes,Poor,Good,Maintenance executed under standard Engineering divisional safety window.
HST-01002,AST-S&T-0350,2026-05-11,Track Circuit Maintenance,Track Relay Choke Coil Breakdown,Joint safety inspection and rectified Track Relay Choke Coil Breakdown,76,Completed,Yes,Fair,Good,Maintenance executed under standard S&T divisional safety window.
HST-01003,AST-TRD-0471,2026-01-04,Tower Wagon Inspection,Overline Structure / Bridge Clearance Audit,Routine preventive servicing and functional testing,171,Completed,Yes,Critical,Good,Maintenance executed under standard TRD divisional safety window.
HST-01004,AST-S&T-0263,2025-09-23,Axle Counter Maintenance,Digital Axle Counter (SSDAC/HASDAC) Count Error,Executed scheduled overhaul of Axle Counter Maintenance,88,Completed,Yes,Critical,Good,Maintenance executed under standard S&T divisional safety window.
HST-01005,AST-S&T-0213,2026-06-26,Signal Maintenance,Integrated Power Supply (IPS) Module Failure,Routine preventive servicing and functional testing,159,Completed,Yes,Critical,Good,Maintenance executed under standard S&T divisional safety window.
HST-01006,AST-S&T-0233,2025-10-05,Signal Inspection,LED Signal Aspect Intensity Drop,Replaced defective wear components for LED Signal Aspect Intensity Drop,67,Completed,Yes,Degraded,Good,Maintenance executed under standard S&T divisional safety window.
HST-01007,AST-ENG-0192,2026-02-02,Rail Replacement,Rail End Batter at Joint,Repaired and calibrated Rail End Batter at Joint,159,Completed,Yes,Fair,Good,Maintenance executed under standard Engineering divisional safety window.
HST-01008,AST-TRD-0474,2026-02-10,OHE Wire Maintenance,Contact Wire Kink / Mechanical Damage,Replaced defective wear components for Contact Wire Kink / Mechanical Damage,196,Completed,Yes,Fair,Good,Maintenance executed under standard TRD divisional safety window.
HST-01009,AST-ENG-0083,2026-04-04,Rail Replacement,Excessive Rail Wear Beyond Limit,Repaired and calibrated Excessive Rail Wear Beyond Limit,266,Completed,Yes,Critical,Good,Maintenance executed under standard Engineering divisional safety window.
HST-01010,AST-TRD-0406,2026-03-06,OHE Inspection,Thermal Hotspot in Isolator / Jumper,Joint safety inspection and rectified Thermal Hotspot in Isolator / Jumper,78,Completed,Yes,Fair,Good,Maintenance executed under standard TRD divisional safety window.
HST-01011,AST-ENG-0017,2025-09-11,Track Inspection,Bridge Guard Rail Misalignment,Routine preventive servicing and functional testing,128,Completed,Yes,Poor,Good,Maintenance executed under standard Engineering divisional safety window.
HST-01012,AST-TRD-0522,2026-07-25,OHE Wire Maintenance,Bridging Jumper Burning / Degradation,Replaced defective wear components for Bridging Jumper Burning / Degradation,91,Completed,Yes,Poor,Good,Maintenance executed under standard TRD divisional safety window.
HST-01013,AST-TRD-0513,2026-06-07,OHE Wire Maintenance,Bridging Jumper Burning / Degradation,Repaired and calibrated Bridging Jumper Burning / Degradation,130,Completed,Yes,Fair,Good,Maintenance executed under standard TRD divisional safety window.
HST-01014,AST-ENG-0116,2026-04-28,Track Inspection,Buffer Stop Foundation Settlement,Repaired and calibrated Buffer Stop Foundation Settlement,103,Requires Follow-up,Partial,Critical,Fair,Maintenance executed under standard Engineering divisional safety window.
HST-01015,AST-S&T-0247,2025-12-17,Point Machine Maintenance,Point Machine Motor Replacement,Routine preventive servicing and functional testing,114,Completed,Yes,Degraded,Good,Maintenance executed under standard S&T divisional safety window.
HST-01016,AST-TRD-0586,2026-02-01,Tower Wagon Inspection,Neutral Section (PTFE Type) Inspection,Executed scheduled overhaul of Tower Wagon Inspection,140,Completed,Yes,Critical,Good,Maintenance executed under standard TRD divisional safety window.
HST-01017,AST-S&T-0357,2025-12-24,Telecom Equipment Maintenance,VHF / MTRC Radio Base Station Fault,Routine preventive servicing and functional testing,81,Completed,Yes,Critical,Good,Maintenance executed under standard S&T divisional safety window.
HST-01018,AST-S&T-0229,2026-05-21,Track Circuit Maintenance,Track Relay Choke Coil Breakdown,Replaced defective wear components for Track Relay Choke Coil Breakdown,66,Completed,Yes,Fair,Good,Maintenance executed under standard S&T divisional safety window.
HST-01019,AST-TRD-0416,2026-08-02,OHE Wire Maintenance,Contact Wire Splice Sleeve Deformation,Repaired and calibrated Contact Wire Splice Sleeve Deformation,106,Requires Follow-up,Partial,Fair,Fair,Maintenance executed under standard TRD divisional safety window.
HST-01020,AST-TRD-0589,2026-06-08,OHE Component Replacement,Insulator Flashover / Broken Porcelain Disc,Joint safety inspection and rectified Insulator Flashover / Broken Porcelain Disc,120,Completed,Yes,Fair,Good,Maintenance executed under standard TRD divisional safety window.
HST-01021,AST-ENG-0161,2025-09-08,Points & Crossing Maintenance,Worn Switch Rail / Tongue Rail Chipped,Routine preventive servicing and functional testing,143,Completed,Yes,Poor,Good,Maintenance executed under standard Engineering divisional safety window.
HST-01022,AST-S&T-0331,2026-03-23,Signal Maintenance,Signal Blank / Lamp Failure,Executed scheduled overhaul of Signal Maintenance,90,Completed,Yes,Poor,Good,Maintenance executed under standard S&T divisional safety window.
HST-01023,AST-ENG-0145,2026-04-21,Sleeper Replacement,Perished Grooved Rubber Sole Plates (GRSP),Routine preventive servicing and functional testing,114,Completed,Yes,Degraded,Good,Maintenance executed under standard Engineering divisional safety window.
HST-01024,AST-TRD-0415,2025-09-30,Tower Wagon Inspection,Routine Catenary & OHE Profile Survey,Replaced defective wear components for Routine Catenary & OHE Profile Survey,235,Completed,Yes,Degraded,Good,Maintenance executed under standard TRD divisional safety window.
HST-01025,AST-ENG-0015,2025-09-10,Rail Grinding,Rail Lip / Fin Formation,Joint safety inspection and rectified Rail Lip / Fin Formation,173,Completed,Yes,Critical,Good,Maintenance executed under standard Engineering divisional safety window.
HST-01026,AST-S&T-0317,2025-10-18,Track Circuit Maintenance,Track Lead Cable Sheath Damage,Executed scheduled overhaul of Track Circuit Maintenance,57,Completed,Yes,Poor,Good,Maintenance executed under standard S&T divisional safety window.
HST-01027,AST-S&T-0336,2026-06-07,Telecom Equipment Maintenance,Passenger Information System (PIS) Display Node Link Drop,Routine preventive servicing and functional testing,64,Requires Follow-up,Partial,Critical,Fair,Maintenance executed under standard S&T divisional safety window.
HST-01028,AST-ENG-0168,2026-08-10,Track Inspection,Switch Expansion Joint (SEJ) Gap Abnormality,Repaired and calibrated Switch Expansion Joint (SEJ) Gap Abnormality,117,Requires Follow-up,Partial,Degraded,Fair,Maintenance executed under standard Engineering divisional safety window.
HST-01029,AST-TRD-0424,2026-05-06,Contact Wire Replacement,Turnout Overlap Wire Renewal,Executed scheduled overhaul of Contact Wire Replacement,245,Completed,Yes,Degraded,Good,Maintenance executed under standard TRD divisional safety window.
HST-01030,AST-S&T-0237,2025-10-20,Signal Maintenance,Data Logger Channel Telemetry Lockout,Replaced defective wear components for Data Logger Channel Telemetry Lockout,66,Completed,Yes,Fair,Good,Maintenance executed under standard S&T divisional safety window.
HST-01031,AST-S&T-0323,2026-02-02,Signal Maintenance,Signal Blank / Lamp Failure,Repaired and calibrated Signal Blank / Lamp Failure,74,Completed,Yes,Critical,Good,Maintenance executed under standard S&T divisional safety window.
HST-01032,AST-ENG-0147,2026-05-03,Rail Replacement,Rail Burn / Scabbing Defect,Joint safety inspection and rectified Rail Burn / Scabbing Defect,116,Completed,Yes,Fair,Good,Maintenance executed under standard Engineering divisional safety window.
HST-01033,AST-TRD-0413,2026-01-28,Contact Wire Replacement,Contact Wire Parting / Snap Incident,Routine preventive servicing and functional testing,192,Completed,Yes,Poor,Good,Maintenance executed under standard TRD divisional safety window.
HST-01034,AST-TRD-0505,2026-07-01,Tower Wagon Inspection,Overline Structure / Bridge Clearance Audit,Routine preventive servicing and functional testing,141,Completed,Yes,Fair,Good,Maintenance executed under standard TRD divisional safety window.
HST-01035,AST-ENG-0115,2026-01-23,Track Inspection,Formation / Embankment Settlement,Joint safety inspection and rectified Formation / Embankment Settlement,259,Completed,Yes,Fair,Good,Maintenance executed under standard Engineering divisional safety window.
HST-01036,AST-TRD-0587,2025-10-13,OHE Component Replacement,Cantilever Bracket Assembly Misalignment,Joint safety inspection and rectified Cantilever Bracket Assembly Misalignment,129,Completed,Yes,Degraded,Good,Maintenance executed under standard TRD divisional safety window.
HST-01037,AST-TRD-0574,2026-01-24,OHE Inspection,Mast Earthing Bond Disconnected,Executed scheduled overhaul of OHE Inspection,58,Completed,Yes,Fair,Good,Maintenance executed under standard TRD divisional safety window.
HST-01038,AST-ENG-0124,2025-11-07,Rail Grinding,Turnout Switch & Stock Rail Profile Restoration,Joint safety inspection and rectified Turnout Switch & Stock Rail Profile Restoration,130,Completed,Yes,Degraded,Good,Maintenance executed under standard Engineering divisional safety window.
HST-01039,AST-TRD-0501,2026-03-19,OHE Component Replacement,Traction Substation 25kV Vacuum Circuit Breaker (VCB) Fault,Replaced defective wear components for Traction Substation 25kV Vacuum Circuit Breaker (VCB) Fault,197,Completed,Yes,Fair,Good,Maintenance executed under standard TRD divisional safety window.
HST-01040,AST-ENG-0029,2026-04-01,Ballast Cleaning,Cess / Drainage Deepening,Routine preventive servicing and functional testing,282,Completed,Yes,Poor,Good,Maintenance executed under standard Engineering divisional safety window.
HST-01041,AST-TRD-0413,2025-11-01,OHE Component Replacement,Insulator Flashover / Broken Porcelain Disc,Joint safety inspection and rectified Insulator Flashover / Broken Porcelain Disc,150,Completed,Yes,Fair,Good,Maintenance executed under standard TRD divisional safety window.
HST-01042,AST-S&T-0202,2025-09-11,Telecom Equipment Maintenance,Emergency Control Telephone (EC) Socket Defect,Repaired and calibrated Emergency Control Telephone (EC) Socket Defect,55,Completed,Yes,Degraded,Good,Maintenance executed under standard S&T divisional safety window.
HST-01043,AST-ENG-0181,2026-04-24,Points & Crossing Maintenance,Loose Stretcher Bar Bolts,Routine preventive servicing and functional testing,58,Requires Follow-up,Partial,Poor,Fair,Maintenance executed under standard Engineering divisional safety window.
HST-01044,AST-TRD-0560,2026-08-09,Contact Wire Replacement,Loop Line Contact Wire Heavy Carbonization,Repaired and calibrated Loop Line Contact Wire Heavy Carbonization,205,Completed,Yes,Critical,Good,Maintenance executed under standard TRD divisional safety window.
HST-01045,AST-ENG-0081,2026-01-30,Track Inspection,Bridge Guard Rail Misalignment,Routine preventive servicing and functional testing,108,Completed,Yes,Poor,Good,Maintenance executed under standard Engineering divisional safety window.
HST-01046,AST-S&T-0362,2026-05-20,Signal Inspection,Signal Cable Insulation Degradation,Repaired and calibrated Signal Cable Insulation Degradation,140,Completed,Yes,Degraded,Good,Maintenance executed under standard S&T divisional safety window.
HST-01047,AST-ENG-0003,2025-12-20,Sleeper Replacement,Broken PSC Sleeper,Repaired and calibrated Broken PSC Sleeper,181,Completed,Yes,Poor,Good,Maintenance executed under standard Engineering divisional safety window.
HST-01048,AST-S&T-0239,2025-12-24,Signal Inspection,Shunt Signal Position Light Defect,Replaced defective wear components for Shunt Signal Position Light Defect,56,Completed,Yes,Poor,Good,Maintenance executed under standard S&T divisional safety window.
HST-01049,AST-S&T-0287,2025-11-06,Point Machine Maintenance,Lock Slide Notch Wear & Burr,Routine preventive servicing and functional testing,69,Requires Follow-up,Partial,Poor,Fair,Maintenance executed under standard S&T divisional safety window.
HST-01050,AST-TRD-0582,2025-10-09,Contact Wire Replacement,Contact Wire Parting / Snap Incident,Executed scheduled overhaul of Contact Wire Replacement,286,Requires Follow-up,Partial,Degraded,Fair,Maintenance executed under standard TRD divisional safety window.
HST-01051,AST-ENG-0037,2026-05-21,Rail Grinding,Rail Surface Corrugation,Routine preventive servicing and functional testing,198,Completed,Yes,Fair,Good,Maintenance executed under standard Engineering divisional safety window.
HST-01052,AST-ENG-0001,2025-10-04,Points & Crossing Maintenance,Check Rail Clearance Error,Routine preventive servicing and functional testing,125,Completed,Yes,Degraded,Good,Maintenance executed under standard Engineering divisional safety window.
HST-01053,AST-S&T-0233,2026-03-22,Signal Inspection,Route Indicator Lamp Burnout,Routine preventive servicing and functional testing,45,Completed,Yes,Fair,Good,Maintenance executed under standard S&T divisional safety window.
HST-01054,AST-S&T-0359,2026-04-02,Telecom Equipment Maintenance,Yard CCTV Surveillance Node Offline,Replaced defective wear components for Yard CCTV Surveillance Node Offline,56,Requires Follow-up,Partial,Degraded,Fair,Maintenance executed under standard S&T divisional safety window.
HST-01055,AST-TRD-0593,2026-02-05,Tower Wagon Inspection,Routine Catenary & OHE Profile Survey,Routine preventive servicing and functional testing,150,Completed,Yes,Poor,Good,Maintenance executed under standard TRD divisional safety window.
HST-01056,AST-ENG-0153,2026-05-07,Points & Crossing Maintenance,Switch Toe Gap Out of Tolerance,Executed scheduled overhaul of Points & Crossing Maintenance,86,Completed,Yes,Degraded,Good,Maintenance executed under standard Engineering divisional safety window.
HST-01057,AST-TRD-0491,2026-04-21,Contact Wire Replacement,Contact Wire Parting / Snap Incident,Replaced defective wear components for Contact Wire Parting / Snap Incident,208,Completed,Yes,Fair,Good,Maintenance executed under standard TRD divisional safety window.
HST-01058,AST-TRD-0415,2025-09-24,Tower Wagon Inspection,Overline Structure / Bridge Clearance Audit,Joint safety inspection and rectified Overline Structure / Bridge Clearance Audit,191,Completed,Yes,Fair,Good,Maintenance executed under standard TRD divisional safety window.
HST-01059,AST-TRD-0462,2026-01-30,OHE Component Replacement,Section Insulator Runner Wear,Repaired and calibrated Section Insulator Runner Wear,135,Completed,Yes,Poor,Good,Maintenance executed under standard TRD divisional safety window.
HST-01060,AST-ENG-0138,2026-01-29,Rail Replacement,Corroded Rail Flange,Executed scheduled overhaul of Rail Replacement,182,Completed,Yes,Degraded,Good,Maintenance executed under standard Engineering divisional safety window.
HST-01061,AST-S&T-0373,2026-03-01,Telecom Equipment Maintenance,VHF / MTRC Radio Base Station Fault,Joint safety inspection and rectified VHF / MTRC Radio Base Station Fault,113,Completed,Yes,Critical,Good,Maintenance executed under standard S&T divisional safety window.
HST-01062,AST-ENG-0077,2026-03-20,Rail Grinding,Rail Lip / Fin Formation,Routine preventive servicing and functional testing,216,Completed,Yes,Degraded,Good,Maintenance executed under standard Engineering divisional safety window.
HST-01063,AST-TRD-0588,2026-01-13,Tower Wagon Inspection,Tunnel OHE Catenary Clearance Check,Joint safety inspection and rectified Tunnel OHE Catenary Clearance Check,213,Completed,Yes,Degraded,Good,Maintenance executed under standard TRD divisional safety window.
HST-01064,AST-TRD-0547,2025-12-13,OHE Wire Maintenance,Catenary Wire Strand Broken,Joint safety inspection and rectified Catenary Wire Strand Broken,221,Completed,Yes,Critical,Good,Maintenance executed under standard TRD divisional safety window.
HST-01065,AST-S&T-0395,2025-12-01,Signal Inspection,Aspect Current Sensor Anomaly,Replaced defective wear components for Aspect Current Sensor Anomaly,53,Completed,Yes,Critical,Good,Maintenance executed under standard S&T divisional safety window.
HST-01066,AST-ENG-0056,2025-12-09,Rail Replacement,Curve Gauge Corner Shelling / Spalling,Routine preventive servicing and functional testing,259,Completed,Yes,Degraded,Good,Maintenance executed under standard Engineering divisional safety window.
HST-01067,AST-TRD-0561,2026-03-16,Tower Wagon Inspection,Neutral Section (PTFE Type) Inspection,Joint safety inspection and rectified Neutral Section (PTFE Type) Inspection,156,Completed,Yes,Fair,Good,Maintenance executed under standard TRD divisional safety window.
HST-01068,AST-TRD-0445,2026-07-06,OHE Component Replacement,Traction Substation 25kV Vacuum Circuit Breaker (VCB) Fault,Repaired and calibrated Traction Substation 25kV Vacuum Circuit Breaker (VCB) Fault,146,Requires Follow-up,Partial,Fair,Fair,Maintenance executed under standard TRD divisional safety window.
HST-01069,AST-S&T-0290,2026-03-04,Track Circuit Maintenance,Glued Insulated Rail Joint (GJ) Failure,Routine preventive servicing and functional testing,144,Completed,Yes,Poor,Good,Maintenance executed under standard S&T divisional safety window.
HST-01070,AST-TRD-0433,2026-02-06,OHE Wire Maintenance,Cross Feeder Wire Vibration Fatigue,Routine preventive servicing and functional testing,95,Completed,Yes,Degraded,Good,Maintenance executed under standard TRD divisional safety window.
HST-01071,AST-TRD-0546,2026-07-17,OHE Inspection,Neutral Section Transverse Slew Anomaly,Repaired and calibrated Neutral Section Transverse Slew Anomaly,82,Completed,Yes,Degraded,Good,Maintenance executed under standard TRD divisional safety window.
HST-01072,AST-ENG-0097,2026-07-31,Points & Crossing Maintenance,Worn Switch Rail / Tongue Rail Chipped,Repaired and calibrated Worn Switch Rail / Tongue Rail Chipped,201,Completed,Yes,Poor,Good,Maintenance executed under standard Engineering divisional safety window.
HST-01073,AST-ENG-0093,2025-10-22,Points & Crossing Maintenance,Check Rail Clearance Error,Replaced defective wear components for Check Rail Clearance Error,126,Completed,Yes,Degraded,Good,Maintenance executed under standard Engineering divisional safety window.
HST-01074,AST-TRD-0564,2026-02-05,OHE Inspection,Contact Wire Height & Stagger Deviation,Joint safety inspection and rectified Contact Wire Height & Stagger Deviation,160,Completed,Yes,Degraded,Good,Maintenance executed under standard TRD divisional safety window.
HST-01075,AST-S&T-0282,2026-05-25,Point Machine Maintenance,Point Detection Contact Carbonization,Executed scheduled overhaul of Point Machine Maintenance,63,Completed,Yes,Critical,Good,Maintenance executed under standard S&T divisional safety window.
HST-01076,AST-S&T-0319,2026-08-13,Telecom Equipment Maintenance,Emergency Control Telephone (EC) Socket Defect,Routine preventive servicing and functional testing,68,Completed,Yes,Poor,Good,Maintenance executed under standard S&T divisional safety window.
HST-01077,AST-TRD-0424,2026-06-02,Contact Wire Replacement,Contact Wire Parting / Snap Incident,Routine preventive servicing and functional testing,291,Completed,Yes,Fair,Good,Maintenance executed under standard TRD divisional safety window.
HST-01078,AST-TRD-0494,2025-09-21,OHE Component Replacement,Traction Substation 25kV Vacuum Circuit Breaker (VCB) Fault,Repaired and calibrated Traction Substation 25kV Vacuum Circuit Breaker (VCB) Fault,186,Completed,Yes,Degraded,Good,Maintenance executed under standard TRD divisional safety window.
HST-01079,AST-ENG-0092,2026-05-27,Ballast Cleaning,Cess / Drainage Deepening,Joint safety inspection and rectified Cess / Drainage Deepening,220,Completed,Yes,Fair,Good,Maintenance executed under standard Engineering divisional safety window.
HST-01080,AST-ENG-0160,2026-02-11,Track Inspection,Formation / Embankment Settlement,Executed scheduled overhaul of Track Inspection,274,Completed,Yes,Degraded,Good,Maintenance executed under standard Engineering divisional safety window.
HST-01081,AST-S&T-0362,2025-11-17,Telecom Equipment Maintenance,Passenger Information System (PIS) Display Node Link Drop,Routine preventive servicing and functional testing,74,Completed,Yes,Fair,Good,Maintenance executed under standard S&T divisional safety window.
HST-01082,AST-ENG-0144,2025-09-12,Track Inspection,Switch Expansion Joint (SEJ) Gap Abnormality,Joint safety inspection and rectified Switch Expansion Joint (SEJ) Gap Abnormality,78,Completed,Yes,Critical,Good,Maintenance executed under standard Engineering divisional safety window.
HST-01083,AST-TRD-0405,2026-08-08,OHE Wire Maintenance,Anti-Creep Wire Sagging,Routine preventive servicing and functional testing,112,Completed,Yes,Critical,Good,Maintenance executed under standard TRD divisional safety window.
HST-01084,AST-ENG-0187,2026-01-28,Ballast Cleaning,Station Yard Track Drain Choking,Joint safety inspection and rectified Station Yard Track Drain Choking,182,Completed,Yes,Degraded,Good,Maintenance executed under standard Engineering divisional safety window.
HST-01085,AST-ENG-0149,2026-04-17,Track Inspection,Formation / Embankment Settlement,Routine preventive servicing and functional testing,287,Completed,Yes,Degraded,Good,Maintenance executed under standard Engineering divisional safety window.
HST-01086,AST-ENG-0120,2026-06-27,Track Inspection,Level Crossing Check Rail Flangeway Clogging,Joint safety inspection and rectified Level Crossing Check Rail Flangeway Clogging,63,Completed,Yes,Poor,Good,Maintenance executed under standard Engineering divisional safety window.
HST-01087,AST-ENG-0025,2025-12-06,Ballast Cleaning,Station Yard Track Drain Choking,Routine preventive servicing and functional testing,203,Completed,Yes,Fair,Good,Maintenance executed under standard Engineering divisional safety window.
HST-01088,AST-S&T-0307,2026-07-22,Signal Inspection,LED Signal Aspect Intensity Drop,Replaced defective wear components for LED Signal Aspect Intensity Drop,69,Completed,Yes,Degraded,Good,Maintenance executed under standard S&T divisional safety window.
HST-01089,AST-S&T-0253,2026-02-25,Signal Inspection,Signal Cable Insulation Degradation,Joint safety inspection and rectified Signal Cable Insulation Degradation,155,Completed,Yes,Fair,Good,Maintenance executed under standard S&T divisional safety window.
HST-01090,AST-ENG-0060,2026-01-16,Ballast Cleaning,Clogged / Foul Ballast Bed,Executed scheduled overhaul of Ballast Cleaning,337,Completed,Yes,Critical,Good,Maintenance executed under standard Engineering divisional safety window.
HST-01091,AST-S&T-0303,2025-11-16,Track Circuit Maintenance,Bond Wire Broken / Disconnected,Repaired and calibrated Bond Wire Broken / Disconnected,40,Completed,Yes,Degraded,Good,Maintenance executed under standard S&T divisional safety window.
HST-01092,AST-ENG-0052,2025-10-23,Track Tamping,Turnout Packing & Lining Fault,Executed scheduled overhaul of Track Tamping,279,Completed,Yes,Degraded,Good,Maintenance executed under standard Engineering divisional safety window.
HST-01093,AST-ENG-0133,2025-12-01,Track Tamping,Crossover S-Curve Alignment Tamping,Replaced defective wear components for Crossover S-Curve Alignment Tamping,192,Completed,Yes,Fair,Good,Maintenance executed under standard Engineering divisional safety window.
HST-01094,AST-ENG-0133,2025-11-14,Points & Crossing Maintenance,Check Rail Clearance Error,Joint safety inspection and rectified Check Rail Clearance Error,139,Completed,Yes,Critical,Good,Maintenance executed under standard Engineering divisional safety window.
HST-01095,AST-S&T-0206,2026-01-09,Axle Counter Maintenance,Digital Axle Counter (SSDAC/HASDAC) Count Error,Repaired and calibrated Digital Axle Counter (SSDAC/HASDAC) Count Error,85,Requires Follow-up,Partial,Poor,Fair,Maintenance executed under standard S&T divisional safety window.
HST-01096,AST-TRD-0415,2026-01-23,Tower Wagon Inspection,Overline Structure / Bridge Clearance Audit,Replaced defective wear components for Overline Structure / Bridge Clearance Audit,169,Completed,Yes,Poor,Good,Maintenance executed under standard TRD divisional safety window.
HST-01097,AST-ENG-0113,2026-01-27,Track Inspection,Ultrasonic Rail Flaw Detection (USFD) Anomaly,Replaced defective wear components for Ultrasonic Rail Flaw Detection (USFD) Anomaly,110,Completed,Yes,Fair,Good,Maintenance executed under standard Engineering divisional safety window.
HST-01098,AST-ENG-0024,2025-10-19,Points & Crossing Maintenance,Check Rail Clearance Error,Replaced defective wear components for Check Rail Clearance Error,123,Completed,Yes,Fair,Good,Maintenance executed under standard Engineering divisional safety window.
HST-01099,AST-ENG-0134,2026-06-14,Track Tamping,Post-Renewal Track Stabilization,Replaced defective wear components for Post-Renewal Track Stabilization,188,Completed,Yes,Poor,Good,Maintenance executed under standard Engineering divisional safety window.
HST-01100,AST-S&T-0335,2026-06-21,Track Circuit Maintenance,Glued Insulated Rail Joint (GJ) Failure,Joint safety inspection and rectified Glued Insulated Rail Joint (GJ) Failure,171,Completed,Yes,Poor,Good,Maintenance executed under standard S&T divisional safety window.
HST-01101,AST-S&T-0300,2025-09-22,Track Circuit Maintenance,Bond Wire Broken / Disconnected,Joint safety inspection and rectified Bond Wire Broken / Disconnected,36,Completed,Yes,Fair,Good,Maintenance executed under standard S&T divisional safety window.
HST-01102,AST-TRD-0592,2026-04-12,Contact Wire Replacement,In-Span Splice Elimination,Replaced defective wear components for In-Span Splice Elimination,199,Completed,Yes,Poor,Good,Maintenance executed under standard TRD divisional safety window.
HST-01103,AST-S&T-0358,2025-11-03,Telecom Equipment Maintenance,Passenger Information System (PIS) Display Node Link Drop,Routine preventive servicing and functional testing,53,Requires Follow-up,Partial,Fair,Fair,Maintenance executed under standard S&T divisional safety window.
HST-01104,AST-ENG-0106,2025-11-20,Track Inspection,Track Geometry Gauge Variation,Replaced defective wear components for Track Geometry Gauge Variation,103,Completed,Yes,Poor,Good,Maintenance executed under standard Engineering divisional safety window.
HST-01105,AST-TRD-0511,2026-01-26,Tower Wagon Inspection,Substation Feeder Jumper Maintenance,Routine preventive servicing and functional testing,96,Completed,Yes,Critical,Good,Maintenance executed under standard TRD divisional safety window.
HST-01106,AST-TRD-0505,2026-04-28,OHE Inspection,Mast Earthing Bond Disconnected,Repaired and calibrated Mast Earthing Bond Disconnected,52,Requires Follow-up,Partial,Critical,Fair,Maintenance executed under standard TRD divisional safety window.
HST-01107,AST-TRD-0560,2026-05-02,OHE Inspection,Contact Wire Height & Stagger Deviation,Joint safety inspection and rectified Contact Wire Height & Stagger Deviation,97,Completed,Yes,Fair,Good,Maintenance executed under standard TRD divisional safety window.
HST-01108,AST-TRD-0466,2025-09-21,OHE Component Replacement,Cantilever Bracket Assembly Misalignment,Repaired and calibrated Cantilever Bracket Assembly Misalignment,197,Completed,Yes,Fair,Good,Maintenance executed under standard TRD divisional safety window.
HST-01109,AST-TRD-0559,2026-02-16,Contact Wire Replacement,Turnout Overlap Wire Renewal,Joint safety inspection and rectified Turnout Overlap Wire Renewal,176,Completed,Yes,Critical,Good,Maintenance executed under standard TRD divisional safety window.
HST-01110,AST-S&T-0387,2026-02-11,Signal Maintenance,Data Logger Channel Telemetry Lockout,Routine preventive servicing and functional testing,50,Completed,Yes,Fair,Good,Maintenance executed under standard S&T divisional safety window.
HST-01111,AST-TRD-0416,2026-03-22,Contact Wire Replacement,Loop Line Contact Wire Heavy Carbonization,Joint safety inspection and rectified Loop Line Contact Wire Heavy Carbonization,226,Completed,Yes,Degraded,Good,Maintenance executed under standard TRD divisional safety window.
HST-01112,AST-TRD-0445,2026-07-27,OHE Wire Maintenance,Bridging Jumper Burning / Degradation,Repaired and calibrated Bridging Jumper Burning / Degradation,111,Completed,Yes,Critical,Good,Maintenance executed under standard TRD divisional safety window.
HST-01113,AST-S&T-0355,2025-09-10,Axle Counter Maintenance,Digital Axle Counter (SSDAC/HASDAC) Count Error,Repaired and calibrated Digital Axle Counter (SSDAC/HASDAC) Count Error,84,Requires Follow-up,Partial,Degraded,Fair,Maintenance executed under standard S&T divisional safety window.
HST-01114,AST-ENG-0090,2026-04-14,Track Tamping,Track Alignment & Level Deviation,Routine preventive servicing and functional testing,264,Completed,Yes,Fair,Good,Maintenance executed under standard Engineering divisional safety window.
HST-01115,AST-TRD-0485,2025-10-10,Tower Wagon Inspection,Level Crossing Gate OHE Anti-Collision Guard Wire Sag,Repaired and calibrated Level Crossing Gate OHE Anti-Collision Guard Wire Sag,90,Completed,Yes,Critical,Good,Maintenance executed under standard TRD divisional safety window.
HST-01116,AST-TRD-0412,2025-12-01,Contact Wire Replacement,Contact Wire Parting / Snap Incident,Executed scheduled overhaul of Contact Wire Replacement,185,Completed,Yes,Degraded,Good,Maintenance executed under standard TRD divisional safety window.
HST-01117,AST-S&T-0309,2026-07-14,Signal Maintenance,Integrated Power Supply (IPS) Module Failure,Joint safety inspection and rectified Integrated Power Supply (IPS) Module Failure,149,Completed,Yes,Poor,Good,Maintenance executed under standard S&T divisional safety window.
HST-01118,AST-ENG-0164,2026-06-03,Sleeper Replacement,Turnout Concrete Sleeper Fracture,Joint safety inspection and rectified Turnout Concrete Sleeper Fracture,323,Completed,Yes,Fair,Good,Maintenance executed under standard Engineering divisional safety window.
HST-01119,AST-TRD-0553,2026-03-01,OHE Inspection,Neutral Section Transverse Slew Anomaly,Joint safety inspection and rectified Neutral Section Transverse Slew Anomaly,80,Completed,Yes,Poor,Good,Maintenance executed under standard TRD divisional safety window.
HST-01120,AST-S&T-0317,2025-10-24,Point Machine Maintenance,Lock Slide Notch Wear & Burr,Executed scheduled overhaul of Point Machine Maintenance,116,Completed,Yes,Fair,Good,Maintenance executed under standard S&T divisional safety window.
HST-01121,AST-ENG-0080,2026-07-14,Track Tamping,Bridge Transition Approach Settlement,Joint safety inspection and rectified Bridge Transition Approach Settlement,169,Completed,Yes,Critical,Good,Maintenance executed under standard Engineering divisional safety window.
HST-01122,AST-ENG-0173,2026-04-14,Rail Grinding,Rail Surface Corrugation,Joint safety inspection and rectified Rail Surface Corrugation,263,Completed,Yes,Degraded,Good,Maintenance executed under standard Engineering divisional safety window.
HST-01123,AST-TRD-0450,2026-04-20,OHE Wire Maintenance,Contact Wire Splice Sleeve Deformation,Joint safety inspection and rectified Contact Wire Splice Sleeve Deformation,125,Completed,Yes,Critical,Good,Maintenance executed under standard TRD divisional safety window.
HST-01124,AST-TRD-0419,2026-04-26,Tower Wagon Inspection,Routine Catenary & OHE Profile Survey,Routine preventive servicing and functional testing,226,Completed,Yes,Critical,Good,Maintenance executed under standard TRD divisional safety window.
HST-01125,AST-TRD-0426,2026-01-30,OHE Component Replacement,Section Insulator Runner Wear,Replaced defective wear components for Section Insulator Runner Wear,133,Completed,Yes,Poor,Good,Maintenance executed under standard TRD divisional safety window.
HST-01126,AST-TRD-0469,2026-07-03,OHE Inspection,Section Insulator Arcing Horn Burn,Repaired and calibrated Section Insulator Arcing Horn Burn,104,Completed,Yes,Fair,Good,Maintenance executed under standard TRD divisional safety window.
HST-01127,AST-TRD-0548,2026-07-30,OHE Inspection,Thermal Hotspot in Isolator / Jumper,Executed scheduled overhaul of OHE Inspection,82,Completed,Yes,Poor,Good,Maintenance executed under standard TRD divisional safety window.
HST-01128,AST-ENG-0040,2026-02-07,Track Inspection,Bridge Guard Rail Misalignment,Executed scheduled overhaul of Track Inspection,127,Completed,Yes,Poor,Good,Maintenance executed under standard Engineering divisional safety window.
HST-01129,AST-S&T-0226,2026-04-17,Track Circuit Maintenance,Track Lead Cable Sheath Damage,Executed scheduled overhaul of Track Circuit Maintenance,63,Completed,Yes,Fair,Good,Maintenance executed under standard S&T divisional safety window.
HST-01130,AST-ENG-0033,2026-03-22,Points & Crossing Maintenance,Loose Stretcher Bar Bolts,Routine preventive servicing and functional testing,55,Completed,Yes,Poor,Good,Maintenance executed under standard Engineering divisional safety window.
HST-01131,AST-TRD-0531,2026-01-26,Tower Wagon Inspection,Routine Catenary & OHE Profile Survey,Replaced defective wear components for Routine Catenary & OHE Profile Survey,184,Completed,Yes,Degraded,Good,Maintenance executed under standard TRD divisional safety window.
HST-01132,AST-ENG-0178,2025-11-10,Ballast Cleaning,Cess / Drainage Deepening,Repaired and calibrated Cess / Drainage Deepening,275,Completed,Yes,Critical,Good,Maintenance executed under standard Engineering divisional safety window.
HST-01133,AST-ENG-0176,2026-02-06,Rail Replacement,Corroded Rail Flange,Executed scheduled overhaul of Rail Replacement,228,Completed,Yes,Degraded,Good,Maintenance executed under standard Engineering divisional safety window.
HST-01134,AST-S&T-0395,2026-01-09,Point Machine Maintenance,Ground Connection Rodding Buckling,Joint safety inspection and rectified Ground Connection Rodding Buckling,74,Completed,Yes,Critical,Good,Maintenance executed under standard S&T divisional safety window.
HST-01135,AST-S&T-0312,2026-02-06,Track Circuit Maintenance,Track Relay Choke Coil Breakdown,Routine preventive servicing and functional testing,85,Completed,Yes,Fair,Good,Maintenance executed under standard S&T divisional safety window.
HST-01136,AST-ENG-0122,2026-08-05,Track Tamping,Bridge Transition Approach Settlement,Joint safety inspection and rectified Bridge Transition Approach Settlement,238,Completed,Yes,Degraded,Good,Maintenance executed under standard Engineering divisional safety window.
HST-01137,AST-TRD-0552,2026-05-06,Tower Wagon Inspection,Overline Structure / Bridge Clearance Audit,Routine preventive servicing and functional testing,163,Completed,Yes,Critical,Good,Maintenance executed under standard TRD divisional safety window.
HST-01138,AST-S&T-0264,2026-02-21,Track Circuit Maintenance,Track Lead Cable Sheath Damage,Joint safety inspection and rectified Track Lead Cable Sheath Damage,59,Completed,Yes,Degraded,Good,Maintenance executed under standard S&T divisional safety window.
HST-01139,AST-S&T-0253,2026-06-10,Signal Maintenance,Electronic Interlocking (EI) VDU Communication Fault,Routine preventive servicing and functional testing,67,Completed,Yes,Degraded,Good,Maintenance executed under standard S&T divisional safety window.
HST-01140,AST-TRD-0595,2026-07-05,Tower Wagon Inspection,Substation Feeder Jumper Maintenance,Joint safety inspection and rectified Substation Feeder Jumper Maintenance,147,Completed,Yes,Poor,Good,Maintenance executed under standard TRD divisional safety window.
HST-01141,AST-ENG-0078,2026-06-02,Rail Replacement,Defective Alumino-Thermic (AT) Weld Joint,Replaced defective wear components for Defective Alumino-Thermic (AT) Weld Joint,117,Requires Follow-up,Partial,Poor,Fair,Maintenance executed under standard Engineering divisional safety window.
HST-01142,AST-ENG-0143,2025-12-19,Track Tamping,Track Alignment & Level Deviation,Replaced defective wear components for Track Alignment & Level Deviation,318,Completed,Yes,Poor,Good,Maintenance executed under standard Engineering divisional safety window.
HST-01143,AST-S&T-0228,2025-09-20,Track Circuit Maintenance,Ballast Resistance Leakage (Low Ballast Resistance),Executed scheduled overhaul of Track Circuit Maintenance,85,Completed,Yes,Degraded,Good,Maintenance executed under standard S&T divisional safety window.
HST-01144,AST-TRD-0495,2025-12-29,OHE Wire Maintenance,Catenary Wire Strand Broken,Routine preventive servicing and functional testing,166,Completed,Yes,Critical,Good,Maintenance executed under standard TRD divisional safety window.
HST-01145,AST-ENG-0077,2025-12-30,Track Tamping,Post-Renewal Track Stabilization,Routine preventive servicing and functional testing,168,Completed,Yes,Poor,Good,Maintenance executed under standard Engineering divisional safety window.
HST-01146,AST-TRD-0482,2026-03-07,Tower Wagon Inspection,Substation Feeder Jumper Maintenance,Replaced defective wear components for Substation Feeder Jumper Maintenance,116,Completed,Yes,Critical,Good,Maintenance executed under standard TRD divisional safety window.
HST-01147,AST-ENG-0011,2026-02-09,Ballast Cleaning,Level Crossing Ballast Deep Screening,Executed scheduled overhaul of Ballast Cleaning,383,Completed,Yes,Poor,Good,Maintenance executed under standard Engineering divisional safety window.
HST-01148,AST-TRD-0470,2026-08-01,OHE Inspection,Contact Wire Height & Stagger Deviation,Executed scheduled overhaul of OHE Inspection,133,Completed,Yes,Degraded,Good,Maintenance executed under standard TRD divisional safety window.
HST-01149,AST-TRD-0501,2025-09-17,OHE Inspection,Mast Earthing Bond Disconnected,Executed scheduled overhaul of OHE Inspection,46,Requires Follow-up,Partial,Poor,Fair,Maintenance executed under standard TRD divisional safety window.
HST-01150,AST-TRD-0563,2026-04-13,Contact Wire Replacement,Severe Contact Wire Wear (< 74 sq mm),Repaired and calibrated Severe Contact Wire Wear (< 74 sq mm),300,Completed,Yes,Critical,Good,Maintenance executed under standard TRD divisional safety window.
HST-01151,AST-ENG-0164,2026-08-02,Rail Replacement,Rail Burn / Scabbing Defect,Executed scheduled overhaul of Rail Replacement,162,Completed,Yes,Degraded,Good,Maintenance executed under standard Engineering divisional safety window.
HST-01152,AST-S&T-0235,2026-05-09,Axle Counter Maintenance,High Voltage Surge Suppressor Burnout,Repaired and calibrated High Voltage Surge Suppressor Burnout,53,Completed,Yes,Poor,Good,Maintenance executed under standard S&T divisional safety window.
HST-01153,AST-S&T-0304,2026-07-10,Telecom Equipment Maintenance,Emergency Control Telephone (EC) Socket Defect,Repaired and calibrated Emergency Control Telephone (EC) Socket Defect,54,Completed,Yes,Poor,Good,Maintenance executed under standard S&T divisional safety window.
HST-01154,AST-TRD-0424,2025-11-11,OHE Wire Maintenance,Bridging Jumper Burning / Degradation,Repaired and calibrated Bridging Jumper Burning / Degradation,110,Requires Follow-up,Partial,Fair,Fair,Maintenance executed under standard TRD divisional safety window.
HST-01155,AST-ENG-0160,2026-01-28,Ballast Cleaning,Cess / Drainage Deepening,Routine preventive servicing and functional testing,273,Completed,Yes,Fair,Good,Maintenance executed under standard Engineering divisional safety window.
HST-01156,AST-TRD-0559,2026-08-15,Tower Wagon Inspection,Level Crossing Gate OHE Anti-Collision Guard Wire Sag,Executed scheduled overhaul of Tower Wagon Inspection,84,Completed,Yes,Critical,Good,Maintenance executed under standard TRD divisional safety window.
HST-01157,AST-ENG-0069,2026-03-27,Rail Replacement,Rail End Batter at Joint,Joint safety inspection and rectified Rail End Batter at Joint,101,Completed,Yes,Poor,Good,Maintenance executed under standard Engineering divisional safety window.
HST-01158,AST-TRD-0447,2026-06-25,Tower Wagon Inspection,Substation Feeder Jumper Maintenance,Executed scheduled overhaul of Tower Wagon Inspection,101,Completed,Yes,Critical,Good,Maintenance executed under standard TRD divisional safety window.
HST-01159,AST-S&T-0303,2026-03-06,Point Machine Maintenance,Point Detection Contact Carbonization,Routine preventive servicing and functional testing,77,Completed,Yes,Degraded,Good,Maintenance executed under standard S&T divisional safety window.
HST-01160,AST-TRD-0479,2026-03-02,Tower Wagon Inspection,Overline Structure / Bridge Clearance Audit,Executed scheduled overhaul of Tower Wagon Inspection,144,Completed,Yes,Poor,Good,Maintenance executed under standard TRD divisional safety window.
HST-01161,AST-ENG-0160,2025-09-24,Track Inspection,Track Geometry Gauge Variation,Executed scheduled overhaul of Track Inspection,104,Completed,Yes,Poor,Good,Maintenance executed under standard Engineering divisional safety window.
HST-01162,AST-ENG-0072,2025-09-07,Track Inspection,Ballast Deficiency / Shoulder Loss,Routine preventive servicing and functional testing,190,Completed,Yes,Poor,Good,Maintenance executed under standard Engineering divisional safety window.
HST-01163,AST-TRD-0546,2026-02-23,OHE Wire Maintenance,Catenary Wire Strand Broken,Joint safety inspection and rectified Catenary Wire Strand Broken,162,Completed,Yes,Fair,Good,Maintenance executed under standard TRD divisional safety window.
HST-01164,AST-TRD-0406,2026-06-16,OHE Inspection,Section Insulator Arcing Horn Burn,Executed scheduled overhaul of OHE Inspection,80,Completed,Yes,Fair,Good,Maintenance executed under standard TRD divisional safety window.
HST-01165,AST-TRD-0500,2026-04-17,OHE Component Replacement,Traction Substation 25kV Vacuum Circuit Breaker (VCB) Fault,Repaired and calibrated Traction Substation 25kV Vacuum Circuit Breaker (VCB) Fault,199,Completed,Yes,Degraded,Good,Maintenance executed under standard TRD divisional safety window.
HST-01166,AST-S&T-0333,2026-01-06,Axle Counter Maintenance,Axle Counter Evaluator Card Failure,Executed scheduled overhaul of Axle Counter Maintenance,90,Completed,Yes,Poor,Good,Maintenance executed under standard S&T divisional safety window.
HST-01167,AST-TRD-0449,2025-10-07,OHE Wire Maintenance,Catenary Wire Strand Broken,Executed scheduled overhaul of OHE Wire Maintenance,231,Completed,Yes,Poor,Good,Maintenance executed under standard TRD divisional safety window.
HST-01168,AST-S&T-0246,2026-04-30,Signal Inspection,Calling-on Signal Aspect Failure,Replaced defective wear components for Calling-on Signal Aspect Failure,67,Completed,Yes,Fair,Good,Maintenance executed under standard S&T divisional safety window.
HST-01169,AST-ENG-0129,2025-10-23,Rail Grinding,Turnout Switch & Stock Rail Profile Restoration,Routine preventive servicing and functional testing,131,Completed,Yes,Critical,Good,Maintenance executed under standard Engineering divisional safety window.
HST-01170,AST-S&T-0284,2025-11-03,Telecom Equipment Maintenance,Emergency Control Telephone (EC) Socket Defect,Joint safety inspection and rectified Emergency Control Telephone (EC) Socket Defect,64,Completed,Yes,Poor,Good,Maintenance executed under standard S&T divisional safety window.
HST-01171,AST-S&T-0260,2026-05-25,Axle Counter Maintenance,Axle Counter Evaluator Card Failure,Joint safety inspection and rectified Axle Counter Evaluator Card Failure,77,Completed,Yes,Critical,Good,Maintenance executed under standard S&T divisional safety window.
HST-01172,AST-ENG-0049,2026-07-03,Track Inspection,Diamond Crossing Flange Wear,Routine preventive servicing and functional testing,97,Completed,Yes,Fair,Good,Maintenance executed under standard Engineering divisional safety window.
HST-01173,AST-S&T-0338,2026-03-31,Track Circuit Maintenance,Ballast Resistance Leakage (Low Ballast Resistance),Executed scheduled overhaul of Track Circuit Maintenance,84,Completed,Yes,Poor,Good,Maintenance executed under standard S&T divisional safety window.
HST-01174,AST-ENG-0103,2026-08-16,Track Tamping,Turnout Packing & Lining Fault,Joint safety inspection and rectified Turnout Packing & Lining Fault,198,Requires Follow-up,Partial,Degraded,Fair,Maintenance executed under standard Engineering divisional safety window.
HST-01175,AST-ENG-0153,2025-10-27,Rail Replacement,Curve Gauge Corner Shelling / Spalling,Repaired and calibrated Curve Gauge Corner Shelling / Spalling,222,Completed,Yes,Degraded,Good,Maintenance executed under standard Engineering divisional safety window.
HST-01176,AST-TRD-0595,2025-12-22,OHE Wire Maintenance,Cross Feeder Wire Vibration Fatigue,Repaired and calibrated Cross Feeder Wire Vibration Fatigue,71,Completed,Yes,Fair,Good,Maintenance executed under standard TRD divisional safety window.
HST-01177,AST-S&T-0255,2025-10-21,Telecom Equipment Maintenance,Yard CCTV Surveillance Node Offline,Routine preventive servicing and functional testing,76,Requires Follow-up,Partial,Poor,Fair,Maintenance executed under standard S&T divisional safety window.
HST-01178,AST-ENG-0059,2025-11-22,Track Inspection,Bridge Guard Rail Misalignment,Joint safety inspection and rectified Bridge Guard Rail Misalignment,152,Completed,Yes,Fair,Good,Maintenance executed under standard Engineering divisional safety window.
HST-01179,AST-S&T-0272,2026-02-09,Axle Counter Maintenance,Axle Counter Evaluator Card Failure,Repaired and calibrated Axle Counter Evaluator Card Failure,89,Completed,Yes,Critical,Good,Maintenance executed under standard S&T divisional safety window.
HST-01180,AST-S&T-0319,2026-03-29,Telecom Equipment Maintenance,Emergency Control Telephone (EC) Socket Defect,Repaired and calibrated Emergency Control Telephone (EC) Socket Defect,61,Completed,Yes,Poor,Good,Maintenance executed under standard S&T divisional safety window.
HST-01181,AST-S&T-0340,2026-01-17,Signal Inspection,Aspect Current Sensor Anomaly,Replaced defective wear components for Aspect Current Sensor Anomaly,50,Requires Follow-up,Partial,Poor,Fair,Maintenance executed under standard S&T divisional safety window.
HST-01182,AST-S&T-0245,2026-06-09,Track Circuit Maintenance,Track Circuit Dropping / False Occupancy,Replaced defective wear components for Track Circuit Dropping / False Occupancy,79,Completed,Yes,Critical,Good,Maintenance executed under standard S&T divisional safety window.
HST-01183,AST-S&T-0357,2026-03-21,Signal Maintenance,Signalling Relay Contact Oxidation (Q-Series),Joint safety inspection and rectified Signalling Relay Contact Oxidation (Q-Series),63,Completed,Yes,Degraded,Good,Maintenance executed under standard S&T divisional safety window.
HST-01184,AST-TRD-0595,2026-08-13,OHE Component Replacement,Insulator Flashover / Broken Porcelain Disc,Joint safety inspection and rectified Insulator Flashover / Broken Porcelain Disc,106,Completed,Yes,Critical,Good,Maintenance executed under standard TRD divisional safety window.
HST-01185,AST-S&T-0257,2026-07-26,Telecom Equipment Maintenance,Optical Fibre Cable (OFC) Attenuation Surge,Repaired and calibrated Optical Fibre Cable (OFC) Attenuation Surge,191,Requires Follow-up,Partial,Degraded,Fair,Maintenance executed under standard S&T divisional safety window.
HST-01186,AST-S&T-0215,2026-04-23,Signal Inspection,Aspect Current Sensor Anomaly,Repaired and calibrated Aspect Current Sensor Anomaly,41,Completed,Yes,Degraded,Good,Maintenance executed under standard S&T divisional safety window.
HST-01187,AST-TRD-0430,2026-04-22,OHE Inspection,Mast Earthing Bond Disconnected,Routine preventive servicing and functional testing,55,Completed,Yes,Degraded,Good,Maintenance executed under standard TRD divisional safety window.
HST-01188,AST-TRD-0431,2025-09-15,OHE Inspection,Mast Earthing Bond Disconnected,Executed scheduled overhaul of OHE Inspection,53,Completed,Yes,Degraded,Good,Maintenance executed under standard TRD divisional safety window.
HST-01189,AST-ENG-0130,2026-07-30,Track Inspection,Bridge Guard Rail Misalignment,Executed scheduled overhaul of Track Inspection,138,Completed,Yes,Fair,Good,Maintenance executed under standard Engineering divisional safety window.
HST-01190,AST-TRD-0580,2026-03-02,OHE Inspection,Mast Earthing Bond Disconnected,Joint safety inspection and rectified Mast Earthing Bond Disconnected,79,Completed,Yes,Poor,Good,Maintenance executed under standard TRD divisional safety window.
HST-01191,AST-S&T-0279,2026-03-30,Axle Counter Maintenance,Reset Box Pushbutton Key Interlock Seizure,Joint safety inspection and rectified Reset Box Pushbutton Key Interlock Seizure,57,Completed,Yes,Fair,Good,Maintenance executed under standard S&T divisional safety window.
HST-01192,AST-ENG-0138,2025-09-21,Track Inspection,Switch Expansion Joint (SEJ) Gap Abnormality,Replaced defective wear components for Switch Expansion Joint (SEJ) Gap Abnormality,106,Completed,Yes,Fair,Good,Maintenance executed under standard Engineering divisional safety window.
HST-01193,AST-TRD-0419,2026-07-10,OHE Wire Maintenance,Contact Wire Kink / Mechanical Damage,Executed scheduled overhaul of OHE Wire Maintenance,214,Completed,Yes,Fair,Good,Maintenance executed under standard TRD divisional safety window.
HST-01194,AST-TRD-0577,2025-12-28,OHE Wire Maintenance,Anti-Creep Wire Sagging,Replaced defective wear components for Anti-Creep Wire Sagging,119,Completed,Yes,Fair,Good,Maintenance executed under standard TRD divisional safety window.
HST-01195,AST-ENG-0088,2026-01-29,Track Tamping,Track Alignment & Level Deviation,Executed scheduled overhaul of Track Tamping,264,Requires Follow-up,Partial,Degraded,Fair,Maintenance executed under standard Engineering divisional safety window.
HST-01196,AST-ENG-0094,2026-07-25,Rail Grinding,Gauge Corner Micro-Spalling on High Rail,Repaired and calibrated Gauge Corner Micro-Spalling on High Rail,223,Requires Follow-up,Partial,Fair,Fair,Maintenance executed under standard Engineering divisional safety window.
HST-01197,AST-TRD-0470,2025-10-24,OHE Inspection,Section Insulator Arcing Horn Burn,Repaired and calibrated Section Insulator Arcing Horn Burn,94,Completed,Yes,Critical,Good,Maintenance executed under standard TRD divisional safety window.
HST-01198,AST-TRD-0487,2026-06-11,OHE Wire Maintenance,Contact Wire Kink / Mechanical Damage,Joint safety inspection and rectified Contact Wire Kink / Mechanical Damage,146,Completed,Yes,Critical,Good,Maintenance executed under standard TRD divisional safety window.
HST-01199,AST-S&T-0277,2025-12-19,Signal Maintenance,Signalling Relay Contact Oxidation (Q-Series),Replaced defective wear components for Signalling Relay Contact Oxidation (Q-Series),57,Completed,Yes,Degraded,Good,Maintenance executed under standard S&T divisional safety window.
HST-01200,AST-S&T-0392,2026-06-18,Telecom Equipment Maintenance,Passenger Information System (PIS) Display Node Link Drop,Executed scheduled overhaul of Telecom Equipment Maintenance,49,Completed,Yes,Fair,Good,Maintenance executed under standard S&T divisional safety window.
HST-01201,AST-S&T-0292,2026-03-30,Signal Maintenance,Signal Blank / Lamp Failure,Routine preventive servicing and functional testing,86,Completed,Yes,Critical,Good,Maintenance executed under standard S&T divisional safety window.
HST-01202,AST-S&T-0255,2026-01-08,Point Machine Maintenance,Ground Connection Rodding Buckling,Replaced defective wear components for Ground Connection Rodding Buckling,93,Completed,Yes,Poor,Good,Maintenance executed under standard S&T divisional safety window.
HST-01203,AST-ENG-0023,2026-05-06,Ballast Cleaning,Clogged / Foul Ballast Bed,Repaired and calibrated Clogged / Foul Ballast Bed,402,Completed,Yes,Fair,Good,Maintenance executed under standard Engineering divisional safety window.
HST-01204,AST-S&T-0229,2025-12-28,Track Circuit Maintenance,Glued Insulated Rail Joint (GJ) Failure,Repaired and calibrated Glued Insulated Rail Joint (GJ) Failure,148,Completed,Yes,Critical,Good,Maintenance executed under standard S&T divisional safety window.
HST-01205,AST-TRD-0558,2025-10-05,OHE Inspection,Section Insulator Arcing Horn Burn,Executed scheduled overhaul of OHE Inspection,116,Requires Follow-up,Partial,Critical,Fair,Maintenance executed under standard TRD divisional safety window.
HST-01206,AST-ENG-0084,2026-07-08,Rail Grinding,Turnout Switch & Stock Rail Profile Restoration,Routine preventive servicing and functional testing,202,Completed,Yes,Poor,Good,Maintenance executed under standard Engineering divisional safety window.
HST-01207,AST-S&T-0289,2026-03-19,Signal Inspection,Signal Cable Insulation Degradation,Executed scheduled overhaul of Signal Inspection,127,Completed,Yes,Critical,Good,Maintenance executed under standard S&T divisional safety window.
HST-01208,AST-ENG-0171,2026-05-11,Track Inspection,Ballast Deficiency / Shoulder Loss,Joint safety inspection and rectified Ballast Deficiency / Shoulder Loss,205,Completed,Yes,Degraded,Good,Maintenance executed under standard Engineering divisional safety window.
HST-01209,AST-ENG-0174,2026-08-12,Points & Crossing Maintenance,Switch Toe Gap Out of Tolerance,Repaired and calibrated Switch Toe Gap Out of Tolerance,116,Completed,Yes,Critical,Good,Maintenance executed under standard Engineering divisional safety window.
HST-01210,AST-S&T-0201,2025-09-23,Signal Inspection,Route Indicator Lamp Burnout,Executed scheduled overhaul of Signal Inspection,45,Completed,Yes,Critical,Good,Maintenance executed under standard S&T divisional safety window.
HST-01211,AST-S&T-0379,2026-06-19,Telecom Equipment Maintenance,Emergency Control Telephone (EC) Socket Defect,Replaced defective wear components for Emergency Control Telephone (EC) Socket Defect,51,Completed,Yes,Poor,Good,Maintenance executed under standard S&T divisional safety window.
HST-01212,AST-ENG-0086,2026-06-14,Ballast Cleaning,Cess / Drainage Deepening,Joint safety inspection and rectified Cess / Drainage Deepening,250,Requires Follow-up,Partial,Poor,Fair,Maintenance executed under standard Engineering divisional safety window.
HST-01213,AST-TRD-0529,2026-02-13,OHE Inspection,Catenary Dropper Missing / Damaged,Replaced defective wear components for Catenary Dropper Missing / Damaged,61,Completed,Yes,Poor,Good,Maintenance executed under standard TRD divisional safety window.
HST-01214,AST-TRD-0570,2026-08-17,OHE Component Replacement,Section Insulator Runner Wear,Joint safety inspection and rectified Section Insulator Runner Wear,128,Completed,Yes,Poor,Good,Maintenance executed under standard TRD divisional safety window.
HST-01215,AST-S&T-0338,2026-05-20,Track Circuit Maintenance,Track Circuit Dropping / False Occupancy,Executed scheduled overhaul of Track Circuit Maintenance,77,Completed,Yes,Degraded,Good,Maintenance executed under standard S&T divisional safety window.
HST-01216,AST-ENG-0124,2026-08-13,Sleeper Replacement,Bridge Timber Sleeper Decay,Routine preventive servicing and functional testing,199,Completed,Yes,Poor,Good,Maintenance executed under standard Engineering divisional safety window.
HST-01217,AST-S&T-0225,2026-03-19,Point Machine Maintenance,Ground Connection Rodding Buckling,Replaced defective wear components for Ground Connection Rodding Buckling,96,Completed,Yes,Poor,Good,Maintenance executed under standard S&T divisional safety window.
HST-01218,AST-ENG-0138,2026-08-05,Track Inspection,Diamond Crossing Flange Wear,Executed scheduled overhaul of Track Inspection,100,Completed,Yes,Critical,Good,Maintenance executed under standard Engineering divisional safety window.
HST-01219,AST-ENG-0030,2026-02-06,Sleeper Replacement,Perished Grooved Rubber Sole Plates (GRSP),Repaired and calibrated Perished Grooved Rubber Sole Plates (GRSP),161,Completed,Yes,Degraded,Good,Maintenance executed under standard Engineering divisional safety window.
HST-01220,AST-TRD-0533,2025-11-28,Contact Wire Replacement,In-Span Splice Elimination,Executed scheduled overhaul of Contact Wire Replacement,273,Completed,Yes,Critical,Good,Maintenance executed under standard TRD divisional safety window.
HST-01221,AST-ENG-0118,2026-05-17,Track Inspection,Diamond Crossing Flange Wear,Joint safety inspection and rectified Diamond Crossing Flange Wear,139,Completed,Yes,Fair,Good,Maintenance executed under standard Engineering divisional safety window.
HST-01222,AST-TRD-0590,2025-12-07,OHE Inspection,Section Insulator Arcing Horn Burn,Joint safety inspection and rectified Section Insulator Arcing Horn Burn,100,Completed,Yes,Fair,Good,Maintenance executed under standard TRD divisional safety window.
HST-01223,AST-TRD-0519,2025-11-12,Contact Wire Replacement,Turnout Overlap Wire Renewal,Executed scheduled overhaul of Contact Wire Replacement,256,Completed,Yes,Degraded,Good,Maintenance executed under standard TRD divisional safety window.
HST-01224,AST-TRD-0600,2025-12-27,OHE Inspection,Thermal Hotspot in Isolator / Jumper,Joint safety inspection and rectified Thermal Hotspot in Isolator / Jumper,79,Completed,Yes,Critical,Good,Maintenance executed under standard TRD divisional safety window.
HST-01225,AST-TRD-0596,2026-07-06,Contact Wire Replacement,Turnout Overlap Wire Renewal,Joint safety inspection and rectified Turnout Overlap Wire Renewal,243,Requires Follow-up,Partial,Poor,Fair,Maintenance executed under standard TRD divisional safety window.
HST-01226,AST-S&T-0244,2026-04-16,Track Circuit Maintenance,Bond Wire Broken / Disconnected,Replaced defective wear components for Bond Wire Broken / Disconnected,43,Completed,Yes,Critical,Good,Maintenance executed under standard S&T divisional safety window.
HST-01227,AST-TRD-0521,2025-09-15,Contact Wire Replacement,Loop Line Contact Wire Heavy Carbonization,Repaired and calibrated Loop Line Contact Wire Heavy Carbonization,261,Completed,Yes,Poor,Good,Maintenance executed under standard TRD divisional safety window.
HST-01228,AST-ENG-0079,2026-02-18,Sleeper Replacement,Bridge Timber Sleeper Decay,Routine preventive servicing and functional testing,212,Requires Follow-up,Partial,Poor,Fair,Maintenance executed under standard Engineering divisional safety window.
HST-01229,AST-S&T-0268,2025-09-06,Signal Maintenance,Electronic Interlocking (EI) VDU Communication Fault,Executed scheduled overhaul of Signal Maintenance,109,Completed,Yes,Critical,Good,Maintenance executed under standard S&T divisional safety window.
HST-01230,AST-S&T-0254,2026-01-14,Track Circuit Maintenance,Bond Wire Broken / Disconnected,Executed scheduled overhaul of Track Circuit Maintenance,56,Completed,Yes,Poor,Good,Maintenance executed under standard S&T divisional safety window.
HST-01231,AST-S&T-0322,2026-07-08,Point Machine Maintenance,Point Machine Out of Adjustment / Flashover,Replaced defective wear components for Point Machine Out of Adjustment / Flashover,81,Completed,Yes,Critical,Good,Maintenance executed under standard S&T divisional safety window.
HST-01232,AST-TRD-0518,2025-10-18,OHE Inspection,Contact Wire Height & Stagger Deviation,Joint safety inspection and rectified Contact Wire Height & Stagger Deviation,140,Completed,Yes,Fair,Good,Maintenance executed under standard TRD divisional safety window.
HST-01233,AST-TRD-0531,2025-11-08,OHE Inspection,Catenary Dropper Missing / Damaged,Repaired and calibrated Catenary Dropper Missing / Damaged,63,Completed,Yes,Critical,Good,Maintenance executed under standard TRD divisional safety window.
HST-01234,AST-ENG-0012,2025-10-28,Points & Crossing Maintenance,Loose Stretcher Bar Bolts,Replaced defective wear components for Loose Stretcher Bar Bolts,57,Completed,Yes,Fair,Good,Maintenance executed under standard Engineering divisional safety window.
HST-01235,AST-S&T-0319,2026-08-10,Point Machine Maintenance,Point Detection Contact Carbonization,Executed scheduled overhaul of Point Machine Maintenance,71,Completed,Yes,Degraded,Good,Maintenance executed under standard S&T divisional safety window.
HST-01236,AST-TRD-0562,2025-10-15,Tower Wagon Inspection,Substation Feeder Jumper Maintenance,Repaired and calibrated Substation Feeder Jumper Maintenance,117,Completed,Yes,Degraded,Good,Maintenance executed under standard TRD divisional safety window.
HST-01237,AST-ENG-0191,2026-04-05,Ballast Cleaning,Station Yard Track Drain Choking,Repaired and calibrated Station Yard Track Drain Choking,200,Completed,Yes,Degraded,Good,Maintenance executed under standard Engineering divisional safety window.
HST-01238,AST-S&T-0243,2026-01-07,Signal Inspection,Signal Sighting Distance Obstruction,Repaired and calibrated Signal Sighting Distance Obstruction,73,Completed,Yes,Degraded,Good,Maintenance executed under standard S&T divisional safety window.
HST-01239,AST-ENG-0044,2026-02-22,Points & Crossing Maintenance,Worn CMS Crossing Nose,Repaired and calibrated Worn CMS Crossing Nose,159,Completed,Yes,Degraded,Good,Maintenance executed under standard Engineering divisional safety window.
HST-01240,AST-ENG-0148,2026-02-17,Ballast Cleaning,Clogged / Foul Ballast Bed,Joint safety inspection and rectified Clogged / Foul Ballast Bed,386,Completed,Yes,Critical,Good,Maintenance executed under standard Engineering divisional safety window.
HST-01241,AST-ENG-0180,2026-04-26,Points & Crossing Maintenance,Worn Switch Rail / Tongue Rail Chipped,Joint safety inspection and rectified Worn Switch Rail / Tongue Rail Chipped,166,Requires Follow-up,Partial,Poor,Fair,Maintenance executed under standard Engineering divisional safety window.
HST-01242,AST-TRD-0532,2026-03-02,Tower Wagon Inspection,Level Crossing Gate OHE Anti-Collision Guard Wire Sag,Joint safety inspection and rectified Level Crossing Gate OHE Anti-Collision Guard Wire Sag,117,Completed,Yes,Poor,Good,Maintenance executed under standard TRD divisional safety window.
HST-01243,AST-S&T-0201,2026-03-01,Signal Inspection,Signal Sighting Distance Obstruction,Executed scheduled overhaul of Signal Inspection,84,Completed,Yes,Poor,Good,Maintenance executed under standard S&T divisional safety window.
HST-01244,AST-S&T-0300,2026-08-02,Signal Inspection,Signal Cable Insulation Degradation,Replaced defective wear components for Signal Cable Insulation Degradation,116,Completed,Yes,Fair,Good,Maintenance executed under standard S&T divisional safety window.
HST-01245,AST-ENG-0003,2026-07-26,Rail Replacement,Rail Burn / Scabbing Defect,Routine preventive servicing and functional testing,173,Completed,Yes,Fair,Good,Maintenance executed under standard Engineering divisional safety window.
HST-01246,AST-S&T-0355,2026-08-16,Signal Maintenance,Electronic Interlocking (EI) VDU Communication Fault,Joint safety inspection and rectified Electronic Interlocking (EI) VDU Communication Fault,110,Completed,Yes,Critical,Good,Maintenance executed under standard S&T divisional safety window.
HST-01247,AST-TRD-0404,2026-03-09,OHE Wire Maintenance,Contact Wire Splice Sleeve Deformation,Replaced defective wear components for Contact Wire Splice Sleeve Deformation,130,Completed,Yes,Fair,Good,Maintenance executed under standard TRD divisional safety window.
HST-01248,AST-TRD-0540,2025-12-28,Tower Wagon Inspection,Overline Structure / Bridge Clearance Audit,Repaired and calibrated Overline Structure / Bridge Clearance Audit,188,Completed,Yes,Critical,Good,Maintenance executed under standard TRD divisional safety window.
HST-01249,AST-S&T-0201,2025-12-16,Signal Maintenance,Signal Post Corrosion & Alignment Tilt,Joint safety inspection and rectified Signal Post Corrosion & Alignment Tilt,191,Completed,Yes,Fair,Good,Maintenance executed under standard S&T divisional safety window.
HST-01250,AST-TRD-0494,2025-10-02,Tower Wagon Inspection,Tunnel OHE Catenary Clearance Check,Executed scheduled overhaul of Tower Wagon Inspection,143,Completed,Yes,Degraded,Good,Maintenance executed under standard TRD divisional safety window.
HST-01251,AST-ENG-0019,2025-11-13,Rail Replacement,Rail End Batter at Joint,Routine preventive servicing and functional testing,146,Completed,Yes,Degraded,Good,Maintenance executed under standard Engineering divisional safety window.
HST-01252,AST-S&T-0230,2025-12-03,Telecom Equipment Maintenance,Passenger Information System (PIS) Display Node Link Drop,Routine preventive servicing and functional testing,48,Completed,Yes,Critical,Good,Maintenance executed under standard S&T divisional safety window.
HST-01253,AST-TRD-0437,2025-11-29,OHE Component Replacement,Auto-Tensioning Device (ATD) Weight Jam,Routine preventive servicing and functional testing,99,Completed,Yes,Critical,Good,Maintenance executed under standard TRD divisional safety window.
HST-01254,AST-ENG-0113,2026-02-09,Track Inspection,Diamond Crossing Flange Wear,Repaired and calibrated Diamond Crossing Flange Wear,104,Completed,Yes,Poor,Good,Maintenance executed under standard Engineering divisional safety window.
HST-01255,AST-TRD-0580,2025-11-17,Contact Wire Replacement,Severe Contact Wire Wear (< 74 sq mm),Joint safety inspection and rectified Severe Contact Wire Wear (< 74 sq mm),277,Completed,Yes,Degraded,Good,Maintenance executed under standard TRD divisional safety window.
HST-01256,AST-ENG-0144,2025-12-06,Track Inspection,Buffer Stop Foundation Settlement,Executed scheduled overhaul of Track Inspection,73,Completed,Yes,Poor,Good,Maintenance executed under standard Engineering divisional safety window.
HST-01257,AST-S&T-0374,2026-06-19,Signal Maintenance,Electronic Interlocking (EI) VDU Communication Fault,Executed scheduled overhaul of Signal Maintenance,98,Requires Follow-up,Partial,Critical,Fair,Maintenance executed under standard S&T divisional safety window.
HST-01258,AST-TRD-0521,2026-06-28,OHE Component Replacement,Traction Substation 132kV Isolator Contact Blade Pitting,Executed scheduled overhaul of OHE Component Replacement,186,Completed,Yes,Degraded,Good,Maintenance executed under standard TRD divisional safety window.
HST-01259,AST-ENG-0093,2026-05-13,Ballast Cleaning,Clogged / Foul Ballast Bed,Joint safety inspection and rectified Clogged / Foul Ballast Bed,380,Requires Follow-up,Partial,Fair,Fair,Maintenance executed under standard Engineering divisional safety window.
HST-01260,AST-TRD-0538,2025-12-05,Tower Wagon Inspection,Tunnel OHE Catenary Clearance Check,Replaced defective wear components for Tunnel OHE Catenary Clearance Check,182,Completed,Yes,Critical,Good,Maintenance executed under standard TRD divisional safety window.
HST-01261,AST-ENG-0175,2026-08-06,Sleeper Replacement,Bridge Timber Sleeper Decay,Executed scheduled overhaul of Sleeper Replacement,159,Completed,Yes,Poor,Good,Maintenance executed under standard Engineering divisional safety window.
HST-01262,AST-ENG-0151,2026-03-09,Ballast Cleaning,Level Crossing Ballast Deep Screening,Repaired and calibrated Level Crossing Ballast Deep Screening,391,Completed,Yes,Critical,Good,Maintenance executed under standard Engineering divisional safety window.
HST-01263,AST-ENG-0116,2026-06-29,Rail Grinding,Rolling Contact Fatigue / Head Checking,Executed scheduled overhaul of Rail Grinding,241,Completed,Yes,Degraded,Good,Maintenance executed under standard Engineering divisional safety window.
HST-01264,AST-TRD-0513,2026-01-05,OHE Inspection,Contact Wire Height & Stagger Deviation,Replaced defective wear components for Contact Wire Height & Stagger Deviation,116,Completed,Yes,Critical,Good,Maintenance executed under standard TRD divisional safety window.
HST-01265,AST-TRD-0477,2025-11-21,OHE Component Replacement,Cantilever Bracket Assembly Misalignment,Joint safety inspection and rectified Cantilever Bracket Assembly Misalignment,150,Completed,Yes,Degraded,Good,Maintenance executed under standard TRD divisional safety window.
HST-01266,AST-ENG-0137,2026-04-08,Ballast Cleaning,Shoulder Ballast Contamination,Executed scheduled overhaul of Ballast Cleaning,212,Completed,Yes,Poor,Good,Maintenance executed under standard Engineering divisional safety window.
HST-01267,AST-ENG-0169,2026-06-19,Rail Grinding,Turnout Switch & Stock Rail Profile Restoration,Joint safety inspection and rectified Turnout Switch & Stock Rail Profile Restoration,200,Completed,Yes,Fair,Good,Maintenance executed under standard Engineering divisional safety window.
HST-01268,AST-ENG-0121,2026-07-17,Points & Crossing Maintenance,Check Rail Clearance Error,Replaced defective wear components for Check Rail Clearance Error,126,Requires Follow-up,Partial,Poor,Fair,Maintenance executed under standard Engineering divisional safety window.
HST-01269,AST-TRD-0500,2026-08-06,OHE Wire Maintenance,Contact Wire Splice Sleeve Deformation,Routine preventive servicing and functional testing,149,Requires Follow-up,Partial,Poor,Fair,Maintenance executed under standard TRD divisional safety window.
HST-01270,AST-S&T-0279,2025-09-06,Signal Inspection,Shunt Signal Position Light Defect,Joint safety inspection and rectified Shunt Signal Position Light Defect,51,Completed,Yes,Fair,Good,Maintenance executed under standard S&T divisional safety window.
HST-01271,AST-S&T-0247,2025-10-18,Signal Inspection,LED Signal Aspect Intensity Drop,Replaced defective wear components for LED Signal Aspect Intensity Drop,55,Completed,Yes,Critical,Good,Maintenance executed under standard S&T divisional safety window.
HST-01272,AST-ENG-0021,2026-03-31,Rail Replacement,Corroded Rail Flange,Joint safety inspection and rectified Corroded Rail Flange,280,Completed,Yes,Critical,Good,Maintenance executed under standard Engineering divisional safety window.
HST-01273,AST-TRD-0496,2026-03-05,OHE Component Replacement,Auto-Tensioning Device (ATD) Weight Jam,Repaired and calibrated Auto-Tensioning Device (ATD) Weight Jam,100,Completed,Yes,Fair,Good,Maintenance executed under standard TRD divisional safety window.
HST-01274,AST-TRD-0433,2025-12-12,OHE Component Replacement,Insulator Flashover / Broken Porcelain Disc,Routine preventive servicing and functional testing,135,Completed,Yes,Poor,Good,Maintenance executed under standard TRD divisional safety window.
HST-01275,AST-ENG-0011,2025-09-12,Rail Replacement,Corroded Rail Flange,Repaired and calibrated Corroded Rail Flange,268,Completed,Yes,Fair,Good,Maintenance executed under standard Engineering divisional safety window.
HST-01276,AST-ENG-0098,2025-11-20,Rail Grinding,Rail Lip / Fin Formation,Repaired and calibrated Rail Lip / Fin Formation,211,Completed,Yes,Critical,Good,Maintenance executed under standard Engineering divisional safety window.
HST-01277,AST-ENG-0077,2025-12-18,Sleeper Replacement,Perished Grooved Rubber Sole Plates (GRSP),Repaired and calibrated Perished Grooved Rubber Sole Plates (GRSP),94,Completed,Yes,Degraded,Good,Maintenance executed under standard Engineering divisional safety window.
HST-01278,AST-ENG-0153,2026-06-13,Rail Grinding,Rail Lip / Fin Formation,Repaired and calibrated Rail Lip / Fin Formation,179,Requires Follow-up,Partial,Critical,Fair,Maintenance executed under standard Engineering divisional safety window.
HST-01279,AST-TRD-0414,2026-03-03,OHE Inspection,Mast Earthing Bond Disconnected,Joint safety inspection and rectified Mast Earthing Bond Disconnected,51,Completed,Yes,Poor,Good,Maintenance executed under standard TRD divisional safety window.
HST-01280,AST-TRD-0543,2025-10-10,OHE Inspection,Mast Earthing Bond Disconnected,Routine preventive servicing and functional testing,69,Completed,Yes,Critical,Good,Maintenance executed under standard TRD divisional safety window.
HST-01281,AST-TRD-0487,2026-05-18,OHE Wire Maintenance,Bridging Jumper Burning / Degradation,Executed scheduled overhaul of OHE Wire Maintenance,113,Completed,Yes,Degraded,Good,Maintenance executed under standard TRD divisional safety window.
HST-01282,AST-ENG-0056,2026-05-27,Points & Crossing Maintenance,Worn CMS Crossing Nose,Replaced defective wear components for Worn CMS Crossing Nose,236,Completed,Yes,Critical,Good,Maintenance executed under standard Engineering divisional safety window.
HST-01283,AST-S&T-0356,2026-03-07,Axle Counter Maintenance,Digital Axle Counter (SSDAC/HASDAC) Count Error,Routine preventive servicing and functional testing,86,Completed,Yes,Critical,Good,Maintenance executed under standard S&T divisional safety window.
HST-01284,AST-S&T-0388,2026-02-10,Signal Inspection,Shunt Signal Position Light Defect,Repaired and calibrated Shunt Signal Position Light Defect,40,Completed,Yes,Critical,Good,Maintenance executed under standard S&T divisional safety window.
HST-01285,AST-S&T-0270,2026-02-24,Signal Inspection,Shunt Signal Position Light Defect,Routine preventive servicing and functional testing,52,Completed,Yes,Critical,Good,Maintenance executed under standard S&T divisional safety window.
HST-01286,AST-TRD-0510,2026-06-22,OHE Inspection,Mast Earthing Bond Disconnected,Executed scheduled overhaul of OHE Inspection,49,Completed,Yes,Poor,Good,Maintenance executed under standard TRD divisional safety window.
HST-01287,AST-S&T-0297,2025-12-20,Point Machine Maintenance,Lock Slide Notch Wear & Burr,Routine preventive servicing and functional testing,69,Completed,Yes,Critical,Good,Maintenance executed under standard S&T divisional safety window.
HST-01288,AST-ENG-0162,2025-12-07,Rail Grinding,Rolling Contact Fatigue / Head Checking,Joint safety inspection and rectified Rolling Contact Fatigue / Head Checking,347,Completed,Yes,Critical,Good,Maintenance executed under standard Engineering divisional safety window.
HST-01289,AST-TRD-0519,2026-02-05,OHE Wire Maintenance,Cross Feeder Wire Vibration Fatigue,Routine preventive servicing and functional testing,97,Completed,Yes,Poor,Good,Maintenance executed under standard TRD divisional safety window.
HST-01290,AST-S&T-0204,2026-05-28,Signal Inspection,LED Signal Aspect Intensity Drop,Joint safety inspection and rectified LED Signal Aspect Intensity Drop,55,Completed,Yes,Fair,Good,Maintenance executed under standard S&T divisional safety window.
HST-01291,AST-S&T-0387,2026-06-23,Telecom Equipment Maintenance,Optical Fibre Cable (OFC) Attenuation Surge,Joint safety inspection and rectified Optical Fibre Cable (OFC) Attenuation Surge,223,Completed,Yes,Degraded,Good,Maintenance executed under standard S&T divisional safety window.
HST-01292,AST-TRD-0501,2026-06-11,Contact Wire Replacement,Contact Wire Parting / Snap Incident,Repaired and calibrated Contact Wire Parting / Snap Incident,245,Completed,Yes,Critical,Good,Maintenance executed under standard TRD divisional safety window.
HST-01293,AST-S&T-0278,2025-10-20,Point Machine Maintenance,Point Detection Contact Carbonization,Routine preventive servicing and functional testing,60,Completed,Yes,Fair,Good,Maintenance executed under standard S&T divisional safety window.
HST-01294,AST-ENG-0041,2026-01-02,Sleeper Replacement,Points & Crossing Special Turnout Sleeper Shift,Joint safety inspection and rectified Points & Crossing Special Turnout Sleeper Shift,200,Requires Follow-up,Partial,Critical,Fair,Maintenance executed under standard Engineering divisional safety window.
HST-01295,AST-S&T-0358,2025-09-08,Axle Counter Maintenance,High Voltage Surge Suppressor Burnout,Joint safety inspection and rectified High Voltage Surge Suppressor Burnout,37,Completed,Yes,Degraded,Good,Maintenance executed under standard S&T divisional safety window.
HST-01296,AST-ENG-0200,2026-05-03,Rail Replacement,Excessive Rail Wear Beyond Limit,Executed scheduled overhaul of Rail Replacement,264,Requires Follow-up,Partial,Poor,Fair,Maintenance executed under standard Engineering divisional safety window.
HST-01297,AST-S&T-0312,2025-12-07,Axle Counter Maintenance,Track Device (Sensor) Misalignment,Joint safety inspection and rectified Track Device (Sensor) Misalignment,69,Completed,Yes,Critical,Good,Maintenance executed under standard S&T divisional safety window.
HST-01298,AST-ENG-0008,2025-09-28,Track Tamping,Track Alignment & Level Deviation,Repaired and calibrated Track Alignment & Level Deviation,222,Requires Follow-up,Partial,Degraded,Fair,Maintenance executed under standard Engineering divisional safety window.
HST-01299,AST-S&T-0356,2026-03-28,Point Machine Maintenance,Point Machine Motor Replacement,Repaired and calibrated Point Machine Motor Replacement,134,Completed,Yes,Poor,Good,Maintenance executed under standard S&T divisional safety window.
HST-01300,AST-S&T-0249,2026-06-08,Signal Inspection,Calling-on Signal Aspect Failure,Replaced defective wear components for Calling-on Signal Aspect Failure,48,Completed,Yes,Poor,Good,Maintenance executed under standard S&T divisional safety window.
HST-01301,AST-ENG-0085,2026-04-02,Rail Replacement,Rail Burn / Scabbing Defect,Replaced defective wear components for Rail Burn / Scabbing Defect,196,Completed,Yes,Fair,Good,Maintenance executed under standard Engineering divisional safety window.
HST-01302,AST-ENG-0183,2026-06-18,Ballast Cleaning,Shoulder Ballast Contamination,Joint safety inspection and rectified Shoulder Ballast Contamination,248,Completed,Yes,Degraded,Good,Maintenance executed under standard Engineering divisional safety window.
HST-01303,AST-TRD-0475,2026-04-18,OHE Wire Maintenance,Anti-Creep Wire Sagging,Executed scheduled overhaul of OHE Wire Maintenance,134,Completed,Yes,Poor,Good,Maintenance executed under standard TRD divisional safety window.
HST-01304,AST-S&T-0237,2025-10-10,Signal Inspection,Route Indicator Lamp Burnout,Executed scheduled overhaul of Signal Inspection,56,Completed,Yes,Fair,Good,Maintenance executed under standard S&T divisional safety window.
HST-01305,AST-S&T-0330,2025-10-18,Axle Counter Maintenance,High Voltage Surge Suppressor Burnout,Routine preventive servicing and functional testing,40,Completed,Yes,Critical,Good,Maintenance executed under standard S&T divisional safety window.
HST-01306,AST-ENG-0113,2025-11-29,Rail Replacement,Defective Alumino-Thermic (AT) Weld Joint,Executed scheduled overhaul of Rail Replacement,138,Completed,Yes,Degraded,Good,Maintenance executed under standard Engineering divisional safety window.
HST-01307,AST-TRD-0439,2026-07-01,Tower Wagon Inspection,Overline Structure / Bridge Clearance Audit,Replaced defective wear components for Overline Structure / Bridge Clearance Audit,150,Requires Follow-up,Partial,Critical,Fair,Maintenance executed under standard TRD divisional safety window.
HST-01308,AST-TRD-0578,2026-05-24,Tower Wagon Inspection,Overline Structure / Bridge Clearance Audit,Repaired and calibrated Overline Structure / Bridge Clearance Audit,135,Completed,Yes,Poor,Good,Maintenance executed under standard TRD divisional safety window.
HST-01309,AST-TRD-0411,2026-07-10,Tower Wagon Inspection,Substation Feeder Jumper Maintenance,Routine preventive servicing and functional testing,109,Completed,Yes,Poor,Good,Maintenance executed under standard TRD divisional safety window.
HST-01310,AST-S&T-0239,2026-01-30,Track Circuit Maintenance,Bond Wire Broken / Disconnected,Executed scheduled overhaul of Track Circuit Maintenance,37,Completed,Yes,Critical,Good,Maintenance executed under standard S&T divisional safety window.
HST-01311,AST-TRD-0469,2025-10-20,OHE Inspection,Mast Earthing Bond Disconnected,Joint safety inspection and rectified Mast Earthing Bond Disconnected,66,Requires Follow-up,Partial,Fair,Fair,Maintenance executed under standard TRD divisional safety window.
HST-01312,AST-TRD-0490,2025-12-25,OHE Wire Maintenance,Contact Wire Kink / Mechanical Damage,Joint safety inspection and rectified Contact Wire Kink / Mechanical Damage,203,Completed,Yes,Degraded,Good,Maintenance executed under standard TRD divisional safety window.
HST-01313,AST-S&T-0215,2026-07-31,Telecom Equipment Maintenance,Passenger Information System (PIS) Display Node Link Drop,Routine preventive servicing and functional testing,52,Requires Follow-up,Partial,Degraded,Fair,Maintenance executed under standard S&T divisional safety window.
HST-01314,AST-ENG-0044,2025-09-10,Rail Grinding,Rolling Contact Fatigue / Head Checking,Joint safety inspection and rectified Rolling Contact Fatigue / Head Checking,297,Completed,Yes,Poor,Good,Maintenance executed under standard Engineering divisional safety window.
HST-01315,AST-S&T-0344,2026-08-04,Track Circuit Maintenance,Track Relay Choke Coil Breakdown,Joint safety inspection and rectified Track Relay Choke Coil Breakdown,80,Completed,Yes,Degraded,Good,Maintenance executed under standard S&T divisional safety window.
HST-01316,AST-S&T-0366,2026-06-18,Telecom Equipment Maintenance,Optical Fibre Cable (OFC) Attenuation Surge,Joint safety inspection and rectified Optical Fibre Cable (OFC) Attenuation Surge,150,Completed,Yes,Fair,Good,Maintenance executed under standard S&T divisional safety window.
HST-01317,AST-ENG-0045,2025-10-19,Track Inspection,Formation / Embankment Settlement,Joint safety inspection and rectified Formation / Embankment Settlement,207,Completed,Yes,Fair,Good,Maintenance executed under standard Engineering divisional safety window.
HST-01318,AST-ENG-0079,2026-05-22,Points & Crossing Maintenance,Check Rail Clearance Error,Repaired and calibrated Check Rail Clearance Error,93,Requires Follow-up,Partial,Critical,Fair,Maintenance executed under standard Engineering divisional safety window.
HST-01319,AST-ENG-0031,2026-06-08,Rail Grinding,Gauge Corner Micro-Spalling on High Rail,Routine preventive servicing and functional testing,201,Completed,Yes,Degraded,Good,Maintenance executed under standard Engineering divisional safety window.
HST-01320,AST-ENG-0167,2026-03-24,Track Tamping,Bridge Transition Approach Settlement,Executed scheduled overhaul of Track Tamping,176,Completed,Yes,Poor,Good,Maintenance executed under standard Engineering divisional safety window.
HST-01321,AST-ENG-0182,2026-01-21,Sleeper Replacement,Points & Crossing Special Turnout Sleeper Shift,Executed scheduled overhaul of Sleeper Replacement,140,Completed,Yes,Fair,Good,Maintenance executed under standard Engineering divisional safety window.
HST-01322,AST-ENG-0118,2026-05-28,Points & Crossing Maintenance,Worn CMS Crossing Nose,Repaired and calibrated Worn CMS Crossing Nose,168,Requires Follow-up,Partial,Fair,Fair,Maintenance executed under standard Engineering divisional safety window.
HST-01323,AST-ENG-0017,2026-06-22,Rail Replacement,Defective Alumino-Thermic (AT) Weld Joint,Routine preventive servicing and functional testing,187,Completed,Yes,Degraded,Good,Maintenance executed under standard Engineering divisional safety window.
HST-01324,AST-TRD-0513,2025-09-06,OHE Component Replacement,Traction Substation 25kV Vacuum Circuit Breaker (VCB) Fault,Routine preventive servicing and functional testing,211,Completed,Yes,Degraded,Good,Maintenance executed under standard TRD divisional safety window.
HST-01325,AST-S&T-0214,2026-04-30,Signal Maintenance,Electronic Interlocking (EI) VDU Communication Fault,Joint safety inspection and rectified Electronic Interlocking (EI) VDU Communication Fault,101,Completed,Yes,Fair,Good,Maintenance executed under standard S&T divisional safety window.
HST-01326,AST-TRD-0539,2026-02-28,OHE Component Replacement,Insulator Flashover / Broken Porcelain Disc,Repaired and calibrated Insulator Flashover / Broken Porcelain Disc,158,Completed,Yes,Poor,Good,Maintenance executed under standard TRD divisional safety window.
HST-01327,AST-TRD-0571,2026-05-10,OHE Component Replacement,Auto-Tensioning Device (ATD) Weight Jam,Repaired and calibrated Auto-Tensioning Device (ATD) Weight Jam,135,Completed,Yes,Fair,Good,Maintenance executed under standard TRD divisional safety window.
HST-01328,AST-S&T-0370,2026-02-11,Signal Inspection,Shunt Signal Position Light Defect,Replaced defective wear components for Shunt Signal Position Light Defect,42,Completed,Yes,Fair,Good,Maintenance executed under standard S&T divisional safety window.
HST-01329,AST-ENG-0193,2026-04-12,Track Tamping,Track Alignment & Level Deviation,Joint safety inspection and rectified Track Alignment & Level Deviation,196,Completed,Yes,Poor,Good,Maintenance executed under standard Engineering divisional safety window.
HST-01330,AST-TRD-0495,2026-05-19,OHE Inspection,Thermal Hotspot in Isolator / Jumper,Executed scheduled overhaul of OHE Inspection,97,Completed,Yes,Poor,Good,Maintenance executed under standard TRD divisional safety window.
HST-01331,AST-ENG-0145,2026-01-01,Track Inspection,Formation / Embankment Settlement,Routine preventive servicing and functional testing,198,Completed,Yes,Poor,Good,Maintenance executed under standard Engineering divisional safety window.
HST-01332,AST-ENG-0138,2026-05-23,Rail Grinding,Gauge Corner Micro-Spalling on High Rail,Executed scheduled overhaul of Rail Grinding,321,Completed,Yes,Degraded,Good,Maintenance executed under standard Engineering divisional safety window.
HST-01333,AST-ENG-0035,2026-07-15,Track Inspection,Track Geometry Gauge Variation,Executed scheduled overhaul of Track Inspection,75,Completed,Yes,Degraded,Good,Maintenance executed under standard Engineering divisional safety window.
HST-01334,AST-TRD-0420,2025-12-28,OHE Inspection,Thermal Hotspot in Isolator / Jumper,Joint safety inspection and rectified Thermal Hotspot in Isolator / Jumper,81,Completed,Yes,Critical,Good,Maintenance executed under standard TRD divisional safety window.
HST-01335,AST-ENG-0198,2026-08-08,Rail Replacement,Fractured Rail Segment,Executed scheduled overhaul of Rail Replacement,138,Completed,Yes,Poor,Good,Maintenance executed under standard Engineering divisional safety window.
HST-01336,AST-ENG-0081,2026-04-07,Sleeper Replacement,Broken PSC Sleeper,Replaced defective wear components for Broken PSC Sleeper,188,Completed,Yes,Poor,Good,Maintenance executed under standard Engineering divisional safety window.
HST-01337,AST-TRD-0547,2026-01-12,Contact Wire Replacement,Severe Contact Wire Wear (< 74 sq mm),Replaced defective wear components for Severe Contact Wire Wear (< 74 sq mm),246,Requires Follow-up,Partial,Critical,Fair,Maintenance executed under standard TRD divisional safety window.
HST-01338,AST-TRD-0567,2026-05-04,Tower Wagon Inspection,Neutral Section (PTFE Type) Inspection,Routine preventive servicing and functional testing,96,Completed,Yes,Poor,Good,Maintenance executed under standard TRD divisional safety window.
HST-01339,AST-S&T-0398,2026-04-27,Signal Inspection,Signal Sighting Distance Obstruction,Replaced defective wear components for Signal Sighting Distance Obstruction,93,Completed,Yes,Fair,Good,Maintenance executed under standard S&T divisional safety window.
HST-01340,AST-TRD-0411,2026-04-14,Contact Wire Replacement,In-Span Splice Elimination,Joint safety inspection and rectified In-Span Splice Elimination,280,Completed,Yes,Degraded,Good,Maintenance executed under standard TRD divisional safety window.
HST-01341,AST-TRD-0414,2026-07-11,OHE Wire Maintenance,Contact Wire Splice Sleeve Deformation,Repaired and calibrated Contact Wire Splice Sleeve Deformation,158,Completed,Yes,Degraded,Good,Maintenance executed under standard TRD divisional safety window.
HST-01342,AST-ENG-0024,2025-11-19,Rail Grinding,Turnout Switch & Stock Rail Profile Restoration,Replaced defective wear components for Turnout Switch & Stock Rail Profile Restoration,130,Completed,Yes,Critical,Good,Maintenance executed under standard Engineering divisional safety window.
HST-01343,AST-TRD-0587,2025-09-24,OHE Wire Maintenance,Anti-Creep Wire Sagging,Replaced defective wear components for Anti-Creep Wire Sagging,133,Completed,Yes,Degraded,Good,Maintenance executed under standard TRD divisional safety window.
HST-01344,AST-TRD-0482,2026-06-10,OHE Wire Maintenance,Contact Wire Kink / Mechanical Damage,Repaired and calibrated Contact Wire Kink / Mechanical Damage,194,Completed,Yes,Degraded,Good,Maintenance executed under standard TRD divisional safety window.
HST-01345,AST-TRD-0444,2026-08-06,OHE Wire Maintenance,Catenary Wire Strand Broken,Joint safety inspection and rectified Catenary Wire Strand Broken,199,Completed,Yes,Critical,Good,Maintenance executed under standard TRD divisional safety window.
HST-01346,AST-ENG-0114,2026-03-13,Points & Crossing Maintenance,Worn CMS Crossing Nose,Repaired and calibrated Worn CMS Crossing Nose,213,Completed,Yes,Critical,Good,Maintenance executed under standard Engineering divisional safety window.
HST-01347,AST-S&T-0273,2026-03-24,Telecom Equipment Maintenance,Emergency Control Telephone (EC) Socket Defect,Executed scheduled overhaul of Telecom Equipment Maintenance,54,Completed,Yes,Poor,Good,Maintenance executed under standard S&T divisional safety window.
HST-01348,AST-ENG-0127,2025-10-04,Rail Replacement,Excessive Rail Wear Beyond Limit,Replaced defective wear components for Excessive Rail Wear Beyond Limit,299,Completed,Yes,Fair,Good,Maintenance executed under standard Engineering divisional safety window.
HST-01349,AST-ENG-0067,2026-01-21,Sleeper Replacement,Bridge Timber Sleeper Decay,Routine preventive servicing and functional testing,150,Completed,Yes,Fair,Good,Maintenance executed under standard Engineering divisional safety window.
HST-01350,AST-S&T-0272,2026-02-10,Track Circuit Maintenance,Bond Wire Broken / Disconnected,Repaired and calibrated Bond Wire Broken / Disconnected,41,Completed,Yes,Degraded,Good,Maintenance executed under standard S&T divisional safety window.
HST-01351,AST-TRD-0467,2026-06-17,OHE Component Replacement,Auto-Tensioning Device (ATD) Weight Jam,Repaired and calibrated Auto-Tensioning Device (ATD) Weight Jam,143,Completed,Yes,Fair,Good,Maintenance executed under standard TRD divisional safety window.
HST-01352,AST-S&T-0286,2026-05-07,Signal Inspection,Shunt Signal Position Light Defect,Repaired and calibrated Shunt Signal Position Light Defect,36,Completed,Yes,Degraded,Good,Maintenance executed under standard S&T divisional safety window.
HST-01353,AST-ENG-0076,2026-06-30,Rail Replacement,Curve Gauge Corner Shelling / Spalling,Executed scheduled overhaul of Rail Replacement,313,Completed,Yes,Degraded,Good,Maintenance executed under standard Engineering divisional safety window.
HST-01354,AST-S&T-0361,2026-03-30,Signal Inspection,Signal Cable Insulation Degradation,Joint safety inspection and rectified Signal Cable Insulation Degradation,155,Completed,Yes,Fair,Good,Maintenance executed under standard S&T divisional safety window.
HST-01355,AST-S&T-0215,2026-04-03,Telecom Equipment Maintenance,VHF / MTRC Radio Base Station Fault,Executed scheduled overhaul of Telecom Equipment Maintenance,74,Completed,Yes,Poor,Good,Maintenance executed under standard S&T divisional safety window.
HST-01356,AST-TRD-0584,2025-12-10,Tower Wagon Inspection,Overline Structure / Bridge Clearance Audit,Repaired and calibrated Overline Structure / Bridge Clearance Audit,142,Completed,Yes,Poor,Good,Maintenance executed under standard TRD divisional safety window.
HST-01357,AST-S&T-0369,2026-01-05,Point Machine Maintenance,Crank Handle Interlock Microswitch Jam,Executed scheduled overhaul of Point Machine Maintenance,46,Completed,Yes,Fair,Good,Maintenance executed under standard S&T divisional safety window.
HST-01358,AST-TRD-0548,2026-01-17,OHE Inspection,Thermal Hotspot in Isolator / Jumper,Routine preventive servicing and functional testing,70,Completed,Yes,Fair,Good,Maintenance executed under standard TRD divisional safety window.
HST-01359,AST-S&T-0388,2026-08-17,Signal Maintenance,Signal Post Corrosion & Alignment Tilt,Joint safety inspection and rectified Signal Post Corrosion & Alignment Tilt,185,Completed,Yes,Degraded,Good,Maintenance executed under standard S&T divisional safety window.
HST-01360,AST-TRD-0443,2026-07-01,Contact Wire Replacement,Contact Wire Parting / Snap Incident,Joint safety inspection and rectified Contact Wire Parting / Snap Incident,310,Completed,Yes,Critical,Good,Maintenance executed under standard TRD divisional safety window.
HST-01361,AST-S&T-0271,2026-03-20,Telecom Equipment Maintenance,Yard CCTV Surveillance Node Offline,Routine preventive servicing and functional testing,80,Requires Follow-up,Partial,Critical,Fair,Maintenance executed under standard S&T divisional safety window.
HST-01362,AST-ENG-0061,2026-06-25,Track Tamping,Crossover S-Curve Alignment Tamping,Executed scheduled overhaul of Track Tamping,177,Completed,Yes,Degraded,Good,Maintenance executed under standard Engineering divisional safety window.
HST-01363,AST-ENG-0187,2026-06-13,Track Inspection,Switch Expansion Joint (SEJ) Gap Abnormality,Repaired and calibrated Switch Expansion Joint (SEJ) Gap Abnormality,83,Completed,Yes,Degraded,Good,Maintenance executed under standard Engineering divisional safety window.
HST-01364,AST-TRD-0553,2025-09-12,OHE Inspection,Contact Wire Height & Stagger Deviation,Joint safety inspection and rectified Contact Wire Height & Stagger Deviation,130,Completed,Yes,Degraded,Good,Maintenance executed under standard TRD divisional safety window.
HST-01365,AST-TRD-0437,2026-05-10,OHE Wire Maintenance,Bridging Jumper Burning / Degradation,Executed scheduled overhaul of OHE Wire Maintenance,156,Completed,Yes,Degraded,Good,Maintenance executed under standard TRD divisional safety window.
HST-01366,AST-S&T-0356,2025-09-08,Axle Counter Maintenance,High Voltage Surge Suppressor Burnout,Replaced defective wear components for High Voltage Surge Suppressor Burnout,41,Completed,Yes,Critical,Good,Maintenance executed under standard S&T divisional safety window.
HST-01367,AST-TRD-0413,2026-02-26,Contact Wire Replacement,Turnout Overlap Wire Renewal,Repaired and calibrated Turnout Overlap Wire Renewal,281,Completed,Yes,Poor,Good,Maintenance executed under standard TRD divisional safety window.
HST-01368,AST-S&T-0389,2026-05-29,Track Circuit Maintenance,Track Circuit Dropping / False Occupancy,Executed scheduled overhaul of Track Circuit Maintenance,69,Completed,Yes,Degraded,Good,Maintenance executed under standard S&T divisional safety window.
HST-01369,AST-ENG-0123,2025-10-02,Track Inspection,Switch Expansion Joint (SEJ) Gap Abnormality,Executed scheduled overhaul of Track Inspection,92,Completed,Yes,Degraded,Good,Maintenance executed under standard Engineering divisional safety window.
HST-01370,AST-TRD-0533,2025-09-21,OHE Inspection,Neutral Section Transverse Slew Anomaly,Executed scheduled overhaul of OHE Inspection,117,Completed,Yes,Degraded,Good,Maintenance executed under standard TRD divisional safety window.
HST-01371,AST-S&T-0323,2026-05-07,Track Circuit Maintenance,Track Lead Cable Sheath Damage,Routine preventive servicing and functional testing,67,Completed,Yes,Degraded,Good,Maintenance executed under standard S&T divisional safety window.
HST-01372,AST-ENG-0114,2026-06-17,Sleeper Replacement,Damaged Elastic Rail Clips (ERC),Routine preventive servicing and functional testing,113,Completed,Yes,Critical,Good,Maintenance executed under standard Engineering divisional safety window.
HST-01373,AST-TRD-0552,2026-01-30,OHE Wire Maintenance,Cross Feeder Wire Vibration Fatigue,Routine preventive servicing and functional testing,72,Completed,Yes,Critical,Good,Maintenance executed under standard TRD divisional safety window.
HST-01374,AST-TRD-0551,2026-03-15,Contact Wire Replacement,Severe Contact Wire Wear (< 74 sq mm),Joint safety inspection and rectified Severe Contact Wire Wear (< 74 sq mm),289,Completed,Yes,Critical,Good,Maintenance executed under standard TRD divisional safety window.
HST-01375,AST-ENG-0067,2025-10-01,Ballast Cleaning,Station Yard Track Drain Choking,Repaired and calibrated Station Yard Track Drain Choking,173,Completed,Yes,Poor,Good,Maintenance executed under standard Engineering divisional safety window.
HST-01376,AST-S&T-0218,2026-04-05,Telecom Equipment Maintenance,Emergency Control Telephone (EC) Socket Defect,Replaced defective wear components for Emergency Control Telephone (EC) Socket Defect,45,Completed,Yes,Degraded,Good,Maintenance executed under standard S&T divisional safety window.
HST-01377,AST-TRD-0586,2025-11-24,OHE Wire Maintenance,Cross Feeder Wire Vibration Fatigue,Repaired and calibrated Cross Feeder Wire Vibration Fatigue,86,Completed,Yes,Poor,Good,Maintenance executed under standard TRD divisional safety window.
HST-01378,AST-TRD-0524,2026-04-03,OHE Component Replacement,Section Insulator Runner Wear,Routine preventive servicing and functional testing,171,Completed,Yes,Degraded,Good,Maintenance executed under standard TRD divisional safety window.
HST-01379,AST-TRD-0595,2026-04-29,OHE Component Replacement,Cantilever Bracket Assembly Misalignment,Joint safety inspection and rectified Cantilever Bracket Assembly Misalignment,186,Completed,Yes,Poor,Good,Maintenance executed under standard TRD divisional safety window.
HST-01380,AST-TRD-0554,2026-03-22,Contact Wire Replacement,In-Span Splice Elimination,Replaced defective wear components for In-Span Splice Elimination,251,Completed,Yes,Poor,Good,Maintenance executed under standard TRD divisional safety window.
HST-01381,AST-ENG-0045,2025-11-12,Rail Replacement,Fractured Rail Segment,Replaced defective wear components for Fractured Rail Segment,216,Completed,Yes,Degraded,Good,Maintenance executed under standard Engineering divisional safety window.
HST-01382,AST-ENG-0130,2026-06-27,Rail Replacement,Corroded Rail Flange,Routine preventive servicing and functional testing,250,Completed,Yes,Critical,Good,Maintenance executed under standard Engineering divisional safety window.
HST-01383,AST-ENG-0085,2025-12-26,Track Tamping,Turnout Packing & Lining Fault,Executed scheduled overhaul of Track Tamping,175,Completed,Yes,Poor,Good,Maintenance executed under standard Engineering divisional safety window.
HST-01384,AST-S&T-0216,2026-03-06,Telecom Equipment Maintenance,Emergency Control Telephone (EC) Socket Defect,Repaired and calibrated Emergency Control Telephone (EC) Socket Defect,54,Completed,Yes,Degraded,Good,Maintenance executed under standard S&T divisional safety window.
HST-01385,AST-TRD-0589,2026-04-15,OHE Inspection,Section Insulator Arcing Horn Burn,Repaired and calibrated Section Insulator Arcing Horn Burn,78,Completed,Yes,Critical,Good,Maintenance executed under standard TRD divisional safety window.
HST-01386,AST-TRD-0468,2026-04-04,OHE Component Replacement,Section Insulator Runner Wear,Executed scheduled overhaul of OHE Component Replacement,156,Completed,Yes,Poor,Good,Maintenance executed under standard TRD divisional safety window.
HST-01387,AST-ENG-0092,2025-12-16,Track Inspection,Diamond Crossing Flange Wear,Joint safety inspection and rectified Diamond Crossing Flange Wear,119,Completed,Yes,Fair,Good,Maintenance executed under standard Engineering divisional safety window.
HST-01388,AST-ENG-0069,2026-05-24,Rail Replacement,Fractured Rail Segment,Repaired and calibrated Fractured Rail Segment,221,Completed,Yes,Fair,Good,Maintenance executed under standard Engineering divisional safety window.
HST-01389,AST-TRD-0549,2025-10-14,OHE Inspection,Thermal Hotspot in Isolator / Jumper,Replaced defective wear components for Thermal Hotspot in Isolator / Jumper,117,Completed,Yes,Fair,Good,Maintenance executed under standard TRD divisional safety window.
HST-01390,AST-S&T-0304,2025-11-14,Signal Maintenance,Signal Blank / Lamp Failure,Executed scheduled overhaul of Signal Maintenance,73,Completed,Yes,Fair,Good,Maintenance executed under standard S&T divisional safety window.
HST-01391,AST-S&T-0386,2025-12-17,Signal Maintenance,Signal Post Corrosion & Alignment Tilt,Executed scheduled overhaul of Signal Maintenance,171,Completed,Yes,Poor,Good,Maintenance executed under standard S&T divisional safety window.
HST-01392,AST-ENG-0092,2025-11-10,Track Inspection,Bridge Guard Rail Misalignment,Repaired and calibrated Bridge Guard Rail Misalignment,135,Completed,Yes,Critical,Good,Maintenance executed under standard Engineering divisional safety window.
HST-01393,AST-S&T-0342,2026-07-05,Axle Counter Maintenance,High Voltage Surge Suppressor Burnout,Routine preventive servicing and functional testing,40,Completed,Yes,Poor,Good,Maintenance executed under standard S&T divisional safety window.
HST-01394,AST-ENG-0029,2025-09-27,Sleeper Replacement,Perished Grooved Rubber Sole Plates (GRSP),Repaired and calibrated Perished Grooved Rubber Sole Plates (GRSP),142,Completed,Yes,Critical,Good,Maintenance executed under standard Engineering divisional safety window.
HST-01395,AST-S&T-0305,2026-08-16,Point Machine Maintenance,Point Machine Motor Replacement,Replaced defective wear components for Point Machine Motor Replacement,113,Completed,Yes,Poor,Good,Maintenance executed under standard S&T divisional safety window.
HST-01396,AST-TRD-0545,2025-11-14,OHE Wire Maintenance,Cross Feeder Wire Vibration Fatigue,Routine preventive servicing and functional testing,69,Completed,Yes,Degraded,Good,Maintenance executed under standard TRD divisional safety window.
HST-01397,AST-TRD-0489,2026-03-01,OHE Wire Maintenance,Cross Feeder Wire Vibration Fatigue,Replaced defective wear components for Cross Feeder Wire Vibration Fatigue,115,Completed,Yes,Degraded,Good,Maintenance executed under standard TRD divisional safety window.
HST-01398,AST-ENG-0174,2025-11-05,Sleeper Replacement,Bridge Timber Sleeper Decay,Repaired and calibrated Bridge Timber Sleeper Decay,199,Completed,Yes,Fair,Good,Maintenance executed under standard Engineering divisional safety window.
HST-01399,AST-S&T-0359,2025-10-13,Axle Counter Maintenance,Axle Counter Evaluator Card Failure,Repaired and calibrated Axle Counter Evaluator Card Failure,115,Completed,Yes,Fair,Good,Maintenance executed under standard S&T divisional safety window.
HST-01400,AST-TRD-0564,2026-04-22,OHE Inspection,Catenary Dropper Missing / Damaged,Joint safety inspection and rectified Catenary Dropper Missing / Damaged,77,Requires Follow-up,Partial,Poor,Fair,Maintenance executed under standard TRD divisional safety window.
HST-01401,AST-S&T-0310,2026-04-21,Signal Maintenance,Electronic Interlocking (EI) VDU Communication Fault,Replaced defective wear components for Electronic Interlocking (EI) VDU Communication Fault,109,Completed,Yes,Degraded,Good,Maintenance executed under standard S&T divisional safety window.
HST-01402,AST-TRD-0505,2026-06-29,OHE Component Replacement,Traction Substation 25kV Vacuum Circuit Breaker (VCB) Fault,Joint safety inspection and rectified Traction Substation 25kV Vacuum Circuit Breaker (VCB) Fault,235,Completed,Yes,Fair,Good,Maintenance executed under standard TRD divisional safety window.
HST-01403,AST-S&T-0249,2026-04-29,Track Circuit Maintenance,Track Lead Cable Sheath Damage,Routine preventive servicing and functional testing,68,Completed,Yes,Degraded,Good,Maintenance executed under standard S&T divisional safety window.
HST-01404,AST-S&T-0211,2026-01-12,Signal Inspection,Route Indicator Lamp Burnout,Executed scheduled overhaul of Signal Inspection,78,Completed,Yes,Poor,Good,Maintenance executed under standard S&T divisional safety window.
HST-01405,AST-TRD-0465,2026-02-18,Tower Wagon Inspection,Substation Feeder Jumper Maintenance,Replaced defective wear components for Substation Feeder Jumper Maintenance,106,Completed,Yes,Critical,Good,Maintenance executed under standard TRD divisional safety window.
HST-01406,AST-S&T-0272,2026-01-11,Telecom Equipment Maintenance,VHF / MTRC Radio Base Station Fault,Joint safety inspection and rectified VHF / MTRC Radio Base Station Fault,73,Completed,Yes,Fair,Good,Maintenance executed under standard S&T divisional safety window.
HST-01407,AST-TRD-0432,2025-09-08,OHE Inspection,Contact Wire Height & Stagger Deviation,Joint safety inspection and rectified Contact Wire Height & Stagger Deviation,117,Completed,Yes,Critical,Good,Maintenance executed under standard TRD divisional safety window.
HST-01408,AST-ENG-0047,2026-05-26,Rail Replacement,Rail End Batter at Joint,Replaced defective wear components for Rail End Batter at Joint,90,Completed,Yes,Poor,Good,Maintenance executed under standard Engineering divisional safety window.
HST-01409,AST-ENG-0059,2025-11-11,Rail Replacement,Curve Gauge Corner Shelling / Spalling,Replaced defective wear components for Curve Gauge Corner Shelling / Spalling,254,Completed,Yes,Critical,Good,Maintenance executed under standard Engineering divisional safety window.
HST-01410,AST-ENG-0006,2026-01-08,Sleeper Replacement,Turnout Concrete Sleeper Fracture,Executed scheduled overhaul of Sleeper Replacement,247,Completed,Yes,Degraded,Good,Maintenance executed under standard Engineering divisional safety window.
HST-01411,AST-S&T-0220,2025-12-15,Signal Inspection,Signal Cable Insulation Degradation,Replaced defective wear components for Signal Cable Insulation Degradation,97,Completed,Yes,Critical,Good,Maintenance executed under standard S&T divisional safety window.
HST-01412,AST-S&T-0272,2026-06-05,Signal Inspection,LED Signal Aspect Intensity Drop,Repaired and calibrated LED Signal Aspect Intensity Drop,65,Completed,Yes,Critical,Good,Maintenance executed under standard S&T divisional safety window.
HST-01413,AST-TRD-0503,2026-05-24,OHE Inspection,Section Insulator Arcing Horn Burn,Joint safety inspection and rectified Section Insulator Arcing Horn Burn,105,Completed,Yes,Fair,Good,Maintenance executed under standard TRD divisional safety window.
HST-01414,AST-ENG-0031,2026-01-12,Ballast Cleaning,Shoulder Ballast Contamination,Executed scheduled overhaul of Ballast Cleaning,277,Completed,Yes,Degraded,Good,Maintenance executed under standard Engineering divisional safety window.
HST-01415,AST-S&T-0390,2026-06-08,Signal Maintenance,Signalling Relay Contact Oxidation (Q-Series),Repaired and calibrated Signalling Relay Contact Oxidation (Q-Series),92,Completed,Yes,Fair,Good,Maintenance executed under standard S&T divisional safety window.
HST-01416,AST-ENG-0023,2025-12-12,Track Inspection,Switch Expansion Joint (SEJ) Gap Abnormality,Executed scheduled overhaul of Track Inspection,96,Completed,Yes,Poor,Good,Maintenance executed under standard Engineering divisional safety window.
HST-01417,AST-ENG-0147,2026-07-20,Rail Grinding,Gauge Corner Micro-Spalling on High Rail,Executed scheduled overhaul of Rail Grinding,255,Completed,Yes,Critical,Good,Maintenance executed under standard Engineering divisional safety window.
HST-01418,AST-S&T-0304,2026-03-19,Signal Inspection,Shunt Signal Position Light Defect,Replaced defective wear components for Shunt Signal Position Light Defect,51,Completed,Yes,Degraded,Good,Maintenance executed under standard S&T divisional safety window.
HST-01419,AST-TRD-0558,2026-04-04,Contact Wire Replacement,In-Span Splice Elimination,Joint safety inspection and rectified In-Span Splice Elimination,207,Completed,Yes,Fair,Good,Maintenance executed under standard TRD divisional safety window.
HST-01420,AST-ENG-0019,2025-10-16,Sleeper Replacement,Damaged Elastic Rail Clips (ERC),Replaced defective wear components for Damaged Elastic Rail Clips (ERC),69,Completed,Yes,Poor,Good,Maintenance executed under standard Engineering divisional safety window.
HST-01421,AST-TRD-0449,2026-07-01,Tower Wagon Inspection,Level Crossing Gate OHE Anti-Collision Guard Wire Sag,Executed scheduled overhaul of Tower Wagon Inspection,121,Completed,Yes,Critical,Good,Maintenance executed under standard TRD divisional safety window.
HST-01422,AST-S&T-0380,2026-03-27,Point Machine Maintenance,Point Detection Contact Carbonization,Replaced defective wear components for Point Detection Contact Carbonization,61,Completed,Yes,Degraded,Good,Maintenance executed under standard S&T divisional safety window.
HST-01423,AST-S&T-0287,2025-12-23,Signal Maintenance,Signal Blank / Lamp Failure,Executed scheduled overhaul of Signal Maintenance,107,Completed,Yes,Critical,Good,Maintenance executed under standard S&T divisional safety window.
HST-01424,AST-TRD-0505,2026-03-24,OHE Inspection,Mast Earthing Bond Disconnected,Routine preventive servicing and functional testing,80,Requires Follow-up,Partial,Degraded,Fair,Maintenance executed under standard TRD divisional safety window.
HST-01425,AST-S&T-0366,2025-09-11,Signal Inspection,Signal Cable Insulation Degradation,Executed scheduled overhaul of Signal Inspection,152,Completed,Yes,Poor,Good,Maintenance executed under standard S&T divisional safety window.
HST-01426,AST-S&T-0291,2026-06-17,Track Circuit Maintenance,Track Circuit Dropping / False Occupancy,Routine preventive servicing and functional testing,66,Requires Follow-up,Partial,Poor,Fair,Maintenance executed under standard S&T divisional safety window.
HST-01427,AST-S&T-0350,2026-01-01,Axle Counter Maintenance,High Voltage Surge Suppressor Burnout,Routine preventive servicing and functional testing,34,Completed,Yes,Fair,Good,Maintenance executed under standard S&T divisional safety window.
HST-01428,AST-ENG-0055,2025-09-24,Ballast Cleaning,Cess / Drainage Deepening,Executed scheduled overhaul of Ballast Cleaning,245,Completed,Yes,Fair,Good,Maintenance executed under standard Engineering divisional safety window.
HST-01429,AST-S&T-0306,2026-01-08,Axle Counter Maintenance,Track Device (Sensor) Misalignment,Repaired and calibrated Track Device (Sensor) Misalignment,69,Completed,Yes,Degraded,Good,Maintenance executed under standard S&T divisional safety window.
HST-01430,AST-TRD-0501,2026-02-18,OHE Wire Maintenance,Contact Wire Splice Sleeve Deformation,Routine preventive servicing and functional testing,135,Completed,Yes,Critical,Good,Maintenance executed under standard TRD divisional safety window.
HST-01431,AST-ENG-0002,2026-06-12,Track Inspection,Level Crossing Check Rail Flangeway Clogging,Routine preventive servicing and functional testing,75,Completed,Yes,Critical,Good,Maintenance executed under standard Engineering divisional safety window.
HST-01432,AST-TRD-0512,2026-05-11,OHE Inspection,Section Insulator Arcing Horn Burn,Executed scheduled overhaul of OHE Inspection,84,Completed,Yes,Critical,Good,Maintenance executed under standard TRD divisional safety window.
HST-01433,AST-TRD-0422,2025-09-22,OHE Component Replacement,Traction Substation 132kV Isolator Contact Blade Pitting,Joint safety inspection and rectified Traction Substation 132kV Isolator Contact Blade Pitting,208,Completed,Yes,Critical,Good,Maintenance executed under standard TRD divisional safety window.
HST-01434,AST-ENG-0200,2025-09-27,Sleeper Replacement,Bridge Timber Sleeper Decay,Executed scheduled overhaul of Sleeper Replacement,192,Completed,Yes,Poor,Good,Maintenance executed under standard Engineering divisional safety window.
HST-01435,AST-TRD-0579,2026-03-05,OHE Wire Maintenance,Cross Feeder Wire Vibration Fatigue,Routine preventive servicing and functional testing,81,Completed,Yes,Fair,Good,Maintenance executed under standard TRD divisional safety window.
HST-01436,AST-TRD-0506,2026-02-06,Tower Wagon Inspection,Tunnel OHE Catenary Clearance Check,Replaced defective wear components for Tunnel OHE Catenary Clearance Check,213,Completed,Yes,Critical,Good,Maintenance executed under standard TRD divisional safety window.
HST-01437,AST-ENG-0142,2026-04-06,Rail Replacement,Defective Alumino-Thermic (AT) Weld Joint,Repaired and calibrated Defective Alumino-Thermic (AT) Weld Joint,140,Completed,Yes,Poor,Good,Maintenance executed under standard Engineering divisional safety window.
HST-01438,AST-ENG-0139,2025-12-15,Track Inspection,Diamond Crossing Flange Wear,Joint safety inspection and rectified Diamond Crossing Flange Wear,131,Completed,Yes,Degraded,Good,Maintenance executed under standard Engineering divisional safety window.
HST-01439,AST-TRD-0453,2026-01-15,OHE Inspection,Mast Earthing Bond Disconnected,Replaced defective wear components for Mast Earthing Bond Disconnected,73,Completed,Yes,Critical,Good,Maintenance executed under standard TRD divisional safety window.
HST-01440,AST-ENG-0018,2026-01-02,Track Tamping,Track Alignment & Level Deviation,Routine preventive servicing and functional testing,256,Completed,Yes,Fair,Good,Maintenance executed under standard Engineering divisional safety window.
HST-01441,AST-TRD-0442,2026-06-16,OHE Inspection,Catenary Dropper Missing / Damaged,Repaired and calibrated Catenary Dropper Missing / Damaged,70,Completed,Yes,Poor,Good,Maintenance executed under standard TRD divisional safety window.
HST-01442,AST-S&T-0357,2025-11-03,Telecom Equipment Maintenance,Emergency Control Telephone (EC) Socket Defect,Executed scheduled overhaul of Telecom Equipment Maintenance,80,Completed,Yes,Fair,Good,Maintenance executed under standard S&T divisional safety window.
HST-01443,AST-S&T-0247,2025-10-25,Telecom Equipment Maintenance,Passenger Information System (PIS) Display Node Link Drop,Replaced defective wear components for Passenger Information System (PIS) Display Node Link Drop,51,Completed,Yes,Fair,Good,Maintenance executed under standard S&T divisional safety window.
HST-01444,AST-TRD-0404,2026-05-11,Contact Wire Replacement,Loop Line Contact Wire Heavy Carbonization,Repaired and calibrated Loop Line Contact Wire Heavy Carbonization,260,Completed,Yes,Degraded,Good,Maintenance executed under standard TRD divisional safety window.
HST-01445,AST-S&T-0229,2026-02-03,Track Circuit Maintenance,Ballast Resistance Leakage (Low Ballast Resistance),Repaired and calibrated Ballast Resistance Leakage (Low Ballast Resistance),68,Completed,Yes,Poor,Good,Maintenance executed under standard S&T divisional safety window.
HST-01446,AST-TRD-0564,2025-09-25,OHE Wire Maintenance,Anti-Creep Wire Sagging,Joint safety inspection and rectified Anti-Creep Wire Sagging,133,Completed,Yes,Degraded,Good,Maintenance executed under standard TRD divisional safety window.
HST-01447,AST-TRD-0515,2025-12-09,OHE Inspection,Catenary Dropper Missing / Damaged,Joint safety inspection and rectified Catenary Dropper Missing / Damaged,80,Requires Follow-up,Partial,Degraded,Fair,Maintenance executed under standard TRD divisional safety window.
HST-01448,AST-S&T-0325,2025-11-30,Signal Maintenance,Signal Blank / Lamp Failure,Routine preventive servicing and functional testing,112,Completed,Yes,Poor,Good,Maintenance executed under standard S&T divisional safety window.
HST-01449,AST-TRD-0586,2026-03-02,Contact Wire Replacement,Contact Wire Parting / Snap Incident,Executed scheduled overhaul of Contact Wire Replacement,297,Completed,Yes,Fair,Good,Maintenance executed under standard TRD divisional safety window.
HST-01450,AST-TRD-0571,2026-05-28,Contact Wire Replacement,Turnout Overlap Wire Renewal,Replaced defective wear components for Turnout Overlap Wire Renewal,249,Completed,Yes,Degraded,Good,Maintenance executed under standard TRD divisional safety window.
HST-01451,AST-TRD-0433,2025-10-27,OHE Wire Maintenance,Anti-Creep Wire Sagging,Routine preventive servicing and functional testing,95,Completed,Yes,Poor,Good,Maintenance executed under standard TRD divisional safety window.
HST-01452,AST-TRD-0531,2026-05-24,Tower Wagon Inspection,Substation Feeder Jumper Maintenance,Executed scheduled overhaul of Tower Wagon Inspection,117,Completed,Yes,Fair,Good,Maintenance executed under standard TRD divisional safety window.
HST-01453,AST-ENG-0078,2026-06-23,Rail Grinding,Turnout Switch & Stock Rail Profile Restoration,Executed scheduled overhaul of Rail Grinding,138,Requires Follow-up,Partial,Critical,Fair,Maintenance executed under standard Engineering divisional safety window.
HST-01454,AST-ENG-0037,2025-11-28,Ballast Cleaning,Station Yard Track Drain Choking,Replaced defective wear components for Station Yard Track Drain Choking,234,Completed,Yes,Fair,Good,Maintenance executed under standard Engineering divisional safety window.
HST-01455,AST-TRD-0570,2026-06-17,OHE Inspection,Mast Earthing Bond Disconnected,Routine preventive servicing and functional testing,77,Completed,Yes,Poor,Good,Maintenance executed under standard TRD divisional safety window.
HST-01456,AST-ENG-0035,2026-04-15,Points & Crossing Maintenance,Worn Switch Rail / Tongue Rail Chipped,Executed scheduled overhaul of Points & Crossing Maintenance,232,Completed,Yes,Degraded,Good,Maintenance executed under standard Engineering divisional safety window.
HST-01457,AST-S&T-0370,2026-05-01,Track Circuit Maintenance,Ballast Resistance Leakage (Low Ballast Resistance),Replaced defective wear components for Ballast Resistance Leakage (Low Ballast Resistance),111,Completed,Yes,Poor,Good,Maintenance executed under standard S&T divisional safety window.
HST-01458,AST-TRD-0558,2025-10-17,OHE Component Replacement,Traction Substation 132kV Isolator Contact Blade Pitting,Joint safety inspection and rectified Traction Substation 132kV Isolator Contact Blade Pitting,171,Completed,Yes,Degraded,Good,Maintenance executed under standard TRD divisional safety window.
HST-01459,AST-TRD-0426,2026-06-21,OHE Wire Maintenance,Cross Feeder Wire Vibration Fatigue,Joint safety inspection and rectified Cross Feeder Wire Vibration Fatigue,109,Completed,Yes,Critical,Good,Maintenance executed under standard TRD divisional safety window.
HST-01460,AST-S&T-0304,2025-11-06,Signal Maintenance,Signal Blank / Lamp Failure,Replaced defective wear components for Signal Blank / Lamp Failure,70,Completed,Yes,Poor,Good,Maintenance executed under standard S&T divisional safety window.
HST-01461,AST-ENG-0077,2026-01-15,Rail Grinding,Rail Surface Corrugation,Replaced defective wear components for Rail Surface Corrugation,233,Completed,Yes,Fair,Good,Maintenance executed under standard Engineering divisional safety window.
HST-01462,AST-TRD-0554,2026-01-23,OHE Component Replacement,Section Insulator Runner Wear,Joint safety inspection and rectified Section Insulator Runner Wear,130,Completed,Yes,Fair,Good,Maintenance executed under standard TRD divisional safety window.
HST-01463,AST-TRD-0482,2025-09-14,OHE Wire Maintenance,Anti-Creep Wire Sagging,Executed scheduled overhaul of OHE Wire Maintenance,106,Completed,Yes,Degraded,Good,Maintenance executed under standard TRD divisional safety window.
HST-01464,AST-ENG-0006,2025-12-22,Track Tamping,Crossover S-Curve Alignment Tamping,Executed scheduled overhaul of Track Tamping,212,Completed,Yes,Critical,Good,Maintenance executed under standard Engineering divisional safety window.
HST-01465,AST-TRD-0464,2025-12-29,OHE Wire Maintenance,Cross Feeder Wire Vibration Fatigue,Joint safety inspection and rectified Cross Feeder Wire Vibration Fatigue,77,Completed,Yes,Degraded,Good,Maintenance executed under standard TRD divisional safety window.
HST-01466,AST-ENG-0105,2025-09-19,Track Inspection,Switch Expansion Joint (SEJ) Gap Abnormality,Executed scheduled overhaul of Track Inspection,98,Completed,Yes,Poor,Good,Maintenance executed under standard Engineering divisional safety window.
HST-01467,AST-TRD-0533,2025-09-29,Contact Wire Replacement,Contact Wire Parting / Snap Incident,Routine preventive servicing and functional testing,284,Requires Follow-up,Partial,Fair,Fair,Maintenance executed under standard TRD divisional safety window.
HST-01468,AST-ENG-0181,2026-04-18,Track Inspection,Derailment Catch Siding Switch Inspection,Replaced defective wear components for Derailment Catch Siding Switch Inspection,97,Completed,Yes,Fair,Good,Maintenance executed under standard Engineering divisional safety window.
HST-01469,AST-TRD-0556,2026-03-10,OHE Inspection,Thermal Hotspot in Isolator / Jumper,Executed scheduled overhaul of OHE Inspection,80,Completed,Yes,Critical,Good,Maintenance executed under standard TRD divisional safety window.
HST-01470,AST-ENG-0122,2026-05-01,Rail Grinding,Rail Lip / Fin Formation,Joint safety inspection and rectified Rail Lip / Fin Formation,162,Completed,Yes,Fair,Good,Maintenance executed under standard Engineering divisional safety window.
HST-01471,AST-TRD-0575,2026-04-21,Contact Wire Replacement,In-Span Splice Elimination,Repaired and calibrated In-Span Splice Elimination,249,Completed,Yes,Critical,Good,Maintenance executed under standard TRD divisional safety window.
HST-01472,AST-ENG-0100,2026-05-10,Track Inspection,Derailment Catch Siding Switch Inspection,Routine preventive servicing and functional testing,100,Completed,Yes,Poor,Good,Maintenance executed under standard Engineering divisional safety window.
HST-01473,AST-S&T-0336,2025-10-28,Axle Counter Maintenance,Axle Counter Evaluator Card Failure,Repaired and calibrated Axle Counter Evaluator Card Failure,110,Completed,Yes,Critical,Good,Maintenance executed under standard S&T divisional safety window.
HST-01474,AST-TRD-0597,2026-07-25,OHE Component Replacement,Traction Substation 25kV Vacuum Circuit Breaker (VCB) Fault,Replaced defective wear components for Traction Substation 25kV Vacuum Circuit Breaker (VCB) Fault,171,Completed,Yes,Critical,Good,Maintenance executed under standard TRD divisional safety window.
HST-01475,AST-ENG-0016,2025-11-16,Track Inspection,Diamond Crossing Flange Wear,Executed scheduled overhaul of Track Inspection,113,Completed,Yes,Poor,Good,Maintenance executed under standard Engineering divisional safety window.
HST-01476,AST-TRD-0428,2025-09-12,OHE Inspection,Thermal Hotspot in Isolator / Jumper,Replaced defective wear components for Thermal Hotspot in Isolator / Jumper,78,Completed,Yes,Fair,Good,Maintenance executed under standard TRD divisional safety window.
HST-01477,AST-S&T-0342,2026-02-10,Track Circuit Maintenance,Glued Insulated Rail Joint (GJ) Failure,Routine preventive servicing and functional testing,182,Completed,Yes,Critical,Good,Maintenance executed under standard S&T divisional safety window.
HST-01478,AST-TRD-0496,2026-02-05,OHE Component Replacement,Insulator Flashover / Broken Porcelain Disc,Executed scheduled overhaul of OHE Component Replacement,112,Requires Follow-up,Partial,Critical,Fair,Maintenance executed under standard TRD divisional safety window.
HST-01479,AST-ENG-0152,2026-05-26,Ballast Cleaning,Cess / Drainage Deepening,Routine preventive servicing and functional testing,218,Completed,Yes,Poor,Good,Maintenance executed under standard Engineering divisional safety window.
HST-01480,AST-ENG-0117,2026-05-28,Track Inspection,Fishplate Crack / Loose Bolt,Routine preventive servicing and functional testing,48,Completed,Yes,Fair,Good,Maintenance executed under standard Engineering divisional safety window.
HST-01481,AST-ENG-0098,2026-03-21,Rail Grinding,Rolling Contact Fatigue / Head Checking,Repaired and calibrated Rolling Contact Fatigue / Head Checking,255,Completed,Yes,Critical,Good,Maintenance executed under standard Engineering divisional safety window.
HST-01482,AST-S&T-0271,2026-05-30,Signal Maintenance,Signal Post Corrosion & Alignment Tilt,Repaired and calibrated Signal Post Corrosion & Alignment Tilt,169,Completed,Yes,Poor,Good,Maintenance executed under standard S&T divisional safety window.
HST-01483,AST-ENG-0044,2025-11-20,Rail Grinding,Rail Lip / Fin Formation,Executed scheduled overhaul of Rail Grinding,178,Completed,Yes,Fair,Good,Maintenance executed under standard Engineering divisional safety window.
HST-01484,AST-S&T-0305,2025-11-03,Track Circuit Maintenance,Track Lead Cable Sheath Damage,Joint safety inspection and rectified Track Lead Cable Sheath Damage,63,Completed,Yes,Degraded,Good,Maintenance executed under standard S&T divisional safety window.
HST-01485,AST-TRD-0438,2026-06-22,Contact Wire Replacement,Severe Contact Wire Wear (< 74 sq mm),Executed scheduled overhaul of Contact Wire Replacement,230,Completed,Yes,Degraded,Good,Maintenance executed under standard TRD divisional safety window.
HST-01486,AST-S&T-0294,2025-12-09,Signal Maintenance,Data Logger Channel Telemetry Lockout,Routine preventive servicing and functional testing,50,Completed,Yes,Degraded,Good,Maintenance executed under standard S&T divisional safety window.
HST-01487,AST-ENG-0041,2025-11-06,Points & Crossing Maintenance,Worn Switch Rail / Tongue Rail Chipped,Routine preventive servicing and functional testing,164,Completed,Yes,Poor,Good,Maintenance executed under standard Engineering divisional safety window.
HST-01488,AST-TRD-0442,2025-09-13,OHE Component Replacement,Cantilever Bracket Assembly Misalignment,Repaired and calibrated Cantilever Bracket Assembly Misalignment,124,Completed,Yes,Fair,Good,Maintenance executed under standard TRD divisional safety window.
HST-01489,AST-ENG-0058,2026-05-30,Sleeper Replacement,Damaged Elastic Rail Clips (ERC),Executed scheduled overhaul of Sleeper Replacement,74,Completed,Yes,Fair,Good,Maintenance executed under standard Engineering divisional safety window.
HST-01490,AST-S&T-0377,2026-02-06,Signal Maintenance,Signalling Relay Contact Oxidation (Q-Series),Executed scheduled overhaul of Signal Maintenance,100,Completed,Yes,Critical,Good,Maintenance executed under standard S&T divisional safety window.
HST-01491,AST-TRD-0520,2026-07-31,OHE Inspection,Mast Earthing Bond Disconnected,Executed scheduled overhaul of OHE Inspection,60,Completed,Yes,Poor,Good,Maintenance executed under standard TRD divisional safety window.
HST-01492,AST-TRD-0458,2025-10-31,OHE Inspection,Mast Earthing Bond Disconnected,Routine preventive servicing and functional testing,49,Completed,Yes,Critical,Good,Maintenance executed under standard TRD divisional safety window.
HST-01493,AST-TRD-0429,2026-04-14,Tower Wagon Inspection,Routine Catenary & OHE Profile Survey,Replaced defective wear components for Routine Catenary & OHE Profile Survey,138,Completed,Yes,Poor,Good,Maintenance executed under standard TRD divisional safety window.
HST-01494,AST-TRD-0475,2026-06-08,Contact Wire Replacement,Contact Wire Parting / Snap Incident,Executed scheduled overhaul of Contact Wire Replacement,319,Completed,Yes,Poor,Good,Maintenance executed under standard TRD divisional safety window.
HST-01495,AST-TRD-0458,2026-02-28,OHE Inspection,Mast Earthing Bond Disconnected,Replaced defective wear components for Mast Earthing Bond Disconnected,70,Completed,Yes,Degraded,Good,Maintenance executed under standard TRD divisional safety window.
HST-01496,AST-S&T-0368,2026-01-29,Signal Inspection,Signal Cable Insulation Degradation,Repaired and calibrated Signal Cable Insulation Degradation,149,Completed,Yes,Fair,Good,Maintenance executed under standard S&T divisional safety window.
HST-01497,AST-S&T-0294,2026-04-05,Signal Inspection,Shunt Signal Position Light Defect,Executed scheduled overhaul of Signal Inspection,41,Completed,Yes,Critical,Good,Maintenance executed under standard S&T divisional safety window.
HST-01498,AST-ENG-0194,2026-04-14,Rail Grinding,Gauge Corner Micro-Spalling on High Rail,Executed scheduled overhaul of Rail Grinding,227,Completed,Yes,Critical,Good,Maintenance executed under standard Engineering divisional safety window.
HST-01499,AST-TRD-0519,2025-10-02,Contact Wire Replacement,Contact Wire Parting / Snap Incident,Repaired and calibrated Contact Wire Parting / Snap Incident,222,Completed,Yes,Poor,Good,Maintenance executed under standard TRD divisional safety window.
HST-01500,AST-S&T-0220,2026-03-29,Point Machine Maintenance,Point Machine Motor Replacement,Executed scheduled overhaul of Point Machine Maintenance,125,Requires Follow-up,Partial,Fair,Fair,Maintenance executed under standard S&T divisional safety window.
HST-01501,AST-ENG-0045,2025-10-12,Sleeper Replacement,Perished Grooved Rubber Sole Plates (GRSP),Joint safety inspection and rectified Perished Grooved Rubber Sole Plates (GRSP),150,Completed,Yes,Fair,Good,Maintenance executed under standard Engineering divisional safety window.
HST-01502,AST-TRD-0452,2026-05-26,OHE Inspection,Mast Earthing Bond Disconnected,Repaired and calibrated Mast Earthing Bond Disconnected,46,Completed,Yes,Critical,Good,Maintenance executed under standard TRD divisional safety window.
HST-01503,AST-ENG-0060,2026-07-18,Points & Crossing Maintenance,Check Rail Clearance Error,Executed scheduled overhaul of Points & Crossing Maintenance,144,Completed,Yes,Critical,Good,Maintenance executed under standard Engineering divisional safety window.
HST-01504,AST-TRD-0539,2025-09-11,OHE Inspection,Catenary Dropper Missing / Damaged,Repaired and calibrated Catenary Dropper Missing / Damaged,68,Completed,Yes,Fair,Good,Maintenance executed under standard TRD divisional safety window.
HST-01505,AST-S&T-0292,2026-05-07,Signal Maintenance,Integrated Power Supply (IPS) Module Failure,Joint safety inspection and rectified Integrated Power Supply (IPS) Module Failure,123,Completed,Yes,Fair,Good,Maintenance executed under standard S&T divisional safety window.
HST-01506,AST-S&T-0203,2026-08-07,Track Circuit Maintenance,Glued Insulated Rail Joint (GJ) Failure,Repaired and calibrated Glued Insulated Rail Joint (GJ) Failure,140,Requires Follow-up,Partial,Critical,Fair,Maintenance executed under standard S&T divisional safety window.
HST-01507,AST-S&T-0213,2026-06-05,Point Machine Maintenance,Point Machine Out of Adjustment / Flashover,Replaced defective wear components for Point Machine Out of Adjustment / Flashover,84,Completed,Yes,Critical,Good,Maintenance executed under standard S&T divisional safety window.
HST-01508,AST-ENG-0170,2026-02-05,Sleeper Replacement,Points & Crossing Special Turnout Sleeper Shift,Executed scheduled overhaul of Sleeper Replacement,150,Completed,Yes,Poor,Good,Maintenance executed under standard Engineering divisional safety window.
HST-01509,AST-S&T-0360,2026-04-26,Track Circuit Maintenance,Ballast Resistance Leakage (Low Ballast Resistance),Routine preventive servicing and functional testing,83,Completed,Yes,Fair,Good,Maintenance executed under standard S&T divisional safety window.
HST-01510,AST-TRD-0512,2025-09-13,Tower Wagon Inspection,Neutral Section (PTFE Type) Inspection,Executed scheduled overhaul of Tower Wagon Inspection,134,Completed,Yes,Poor,Good,Maintenance executed under standard TRD divisional safety window.
HST-01511,AST-ENG-0169,2026-04-09,Points & Crossing Maintenance,Worn Switch Rail / Tongue Rail Chipped,Joint safety inspection and rectified Worn Switch Rail / Tongue Rail Chipped,211,Completed,Yes,Fair,Good,Maintenance executed under standard Engineering divisional safety window.
HST-01512,AST-S&T-0288,2025-12-18,Telecom Equipment Maintenance,Emergency Control Telephone (EC) Socket Defect,Routine preventive servicing and functional testing,61,Completed,Yes,Degraded,Good,Maintenance executed under standard S&T divisional safety window.
HST-01513,AST-ENG-0049,2026-01-13,Track Inspection,Ultrasonic Rail Flaw Detection (USFD) Anomaly,Executed scheduled overhaul of Track Inspection,114,Requires Follow-up,Partial,Fair,Fair,Maintenance executed under standard Engineering divisional safety window.
HST-01514,AST-S&T-0328,2025-11-09,Signal Maintenance,Electronic Interlocking (EI) VDU Communication Fault,Replaced defective wear components for Electronic Interlocking (EI) VDU Communication Fault,101,Completed,Yes,Poor,Good,Maintenance executed under standard S&T divisional safety window.
HST-01515,AST-TRD-0579,2025-10-13,OHE Inspection,Mast Earthing Bond Disconnected,Routine preventive servicing and functional testing,53,Completed,Yes,Fair,Good,Maintenance executed under standard TRD divisional safety window.
HST-01516,AST-ENG-0038,2025-12-16,Points & Crossing Maintenance,Switch Toe Gap Out of Tolerance,Joint safety inspection and rectified Switch Toe Gap Out of Tolerance,106,Completed,Yes,Critical,Good,Maintenance executed under standard Engineering divisional safety window.
HST-01517,AST-TRD-0548,2026-04-15,OHE Inspection,Mast Earthing Bond Disconnected,Repaired and calibrated Mast Earthing Bond Disconnected,45,Completed,Yes,Degraded,Good,Maintenance executed under standard TRD divisional safety window.
HST-01518,AST-TRD-0593,2026-07-05,Tower Wagon Inspection,Tunnel OHE Catenary Clearance Check,Replaced defective wear components for Tunnel OHE Catenary Clearance Check,188,Completed,Yes,Fair,Good,Maintenance executed under standard TRD divisional safety window.
HST-01519,AST-S&T-0392,2025-12-11,Telecom Equipment Maintenance,VHF / MTRC Radio Base Station Fault,Joint safety inspection and rectified VHF / MTRC Radio Base Station Fault,86,Completed,Yes,Critical,Good,Maintenance executed under standard S&T divisional safety window.
HST-01520,AST-ENG-0013,2026-06-15,Track Inspection,Diamond Crossing Flange Wear,Joint safety inspection and rectified Diamond Crossing Flange Wear,117,Requires Follow-up,Partial,Critical,Fair,Maintenance executed under standard Engineering divisional safety window.
HST-01521,AST-TRD-0438,2026-02-15,OHE Component Replacement,Cantilever Bracket Assembly Misalignment,Executed scheduled overhaul of OHE Component Replacement,131,Completed,Yes,Fair,Good,Maintenance executed under standard TRD divisional safety window.
HST-01522,AST-ENG-0146,2026-05-08,Rail Replacement,Fractured Rail Segment,Executed scheduled overhaul of Rail Replacement,232,Requires Follow-up,Partial,Fair,Fair,Maintenance executed under standard Engineering divisional safety window.
HST-01523,AST-S&T-0234,2026-07-17,Signal Inspection,Shunt Signal Position Light Defect,Joint safety inspection and rectified Shunt Signal Position Light Defect,40,Completed,Yes,Fair,Good,Maintenance executed under standard S&T divisional safety window.
HST-01524,AST-ENG-0194,2026-05-03,Ballast Cleaning,Level Crossing Ballast Deep Screening,Replaced defective wear components for Level Crossing Ballast Deep Screening,330,Requires Follow-up,Partial,Poor,Fair,Maintenance executed under standard Engineering divisional safety window.
HST-01525,AST-S&T-0286,2026-02-19,Track Circuit Maintenance,Bond Wire Broken / Disconnected,Joint safety inspection and rectified Bond Wire Broken / Disconnected,59,Completed,Yes,Degraded,Good,Maintenance executed under standard S&T divisional safety window.
HST-01526,AST-S&T-0304,2025-09-15,Signal Inspection,Shunt Signal Position Light Defect,Executed scheduled overhaul of Signal Inspection,46,Completed,Yes,Degraded,Good,Maintenance executed under standard S&T divisional safety window.
HST-01527,AST-ENG-0071,2026-02-24,Points & Crossing Maintenance,Worn CMS Crossing Nose,Replaced defective wear components for Worn CMS Crossing Nose,162,Completed,Yes,Poor,Good,Maintenance executed under standard Engineering divisional safety window.
HST-01528,AST-S&T-0246,2026-03-05,Track Circuit Maintenance,Track Lead Cable Sheath Damage,Joint safety inspection and rectified Track Lead Cable Sheath Damage,56,Completed,Yes,Degraded,Good,Maintenance executed under standard S&T divisional safety window.
HST-01529,AST-ENG-0013,2026-01-15,Rail Replacement,Rail End Batter at Joint,Routine preventive servicing and functional testing,157,Completed,Yes,Poor,Good,Maintenance executed under standard Engineering divisional safety window.
HST-01530,AST-TRD-0475,2025-12-13,Tower Wagon Inspection,Routine Catenary & OHE Profile Survey,Replaced defective wear components for Routine Catenary & OHE Profile Survey,138,Completed,Yes,Poor,Good,Maintenance executed under standard TRD divisional safety window.
HST-01531,AST-S&T-0333,2025-10-04,Point Machine Maintenance,Point Machine Motor Replacement,Routine preventive servicing and functional testing,99,Completed,Yes,Critical,Good,Maintenance executed under standard S&T divisional safety window.
HST-01532,AST-ENG-0086,2026-06-13,Rail Replacement,Curve Gauge Corner Shelling / Spalling,Repaired and calibrated Curve Gauge Corner Shelling / Spalling,291,Completed,Yes,Critical,Good,Maintenance executed under standard Engineering divisional safety window.
HST-01533,AST-TRD-0513,2026-06-02,Tower Wagon Inspection,Tunnel OHE Catenary Clearance Check,Replaced defective wear components for Tunnel OHE Catenary Clearance Check,170,Completed,Yes,Poor,Good,Maintenance executed under standard TRD divisional safety window.
HST-01534,AST-ENG-0025,2026-06-12,Rail Replacement,Defective Alumino-Thermic (AT) Weld Joint,Repaired and calibrated Defective Alumino-Thermic (AT) Weld Joint,136,Completed,Yes,Poor,Good,Maintenance executed under standard Engineering divisional safety window.
HST-01535,AST-ENG-0188,2025-11-04,Sleeper Replacement,Bridge Timber Sleeper Decay,Repaired and calibrated Bridge Timber Sleeper Decay,192,Completed,Yes,Degraded,Good,Maintenance executed under standard Engineering divisional safety window.
HST-01536,AST-ENG-0192,2026-04-05,Track Inspection,Ultrasonic Rail Flaw Detection (USFD) Anomaly,Routine preventive servicing and functional testing,153,Completed,Yes,Fair,Good,Maintenance executed under standard Engineering divisional safety window.
HST-01537,AST-S&T-0390,2026-03-18,Signal Inspection,Signal Sighting Distance Obstruction,Repaired and calibrated Signal Sighting Distance Obstruction,98,Requires Follow-up,Partial,Poor,Fair,Maintenance executed under standard S&T divisional safety window.
HST-01538,AST-TRD-0410,2026-02-04,OHE Inspection,Section Insulator Arcing Horn Burn,Routine preventive servicing and functional testing,81,Completed,Yes,Poor,Good,Maintenance executed under standard TRD divisional safety window.
HST-01539,AST-S&T-0243,2025-11-27,Track Circuit Maintenance,Bond Wire Broken / Disconnected,Repaired and calibrated Bond Wire Broken / Disconnected,55,Completed,Yes,Fair,Good,Maintenance executed under standard S&T divisional safety window.
HST-01540,AST-ENG-0150,2026-03-17,Sleeper Replacement,Perished Grooved Rubber Sole Plates (GRSP),Routine preventive servicing and functional testing,112,Requires Follow-up,Partial,Critical,Fair,Maintenance executed under standard Engineering divisional safety window.
HST-01541,AST-S&T-0395,2025-11-21,Signal Inspection,Shunt Signal Position Light Defect,Routine preventive servicing and functional testing,37,Completed,Yes,Critical,Good,Maintenance executed under standard S&T divisional safety window.
HST-01542,AST-ENG-0184,2025-10-15,Rail Replacement,Fractured Rail Segment,Executed scheduled overhaul of Rail Replacement,150,Completed,Yes,Degraded,Good,Maintenance executed under standard Engineering divisional safety window.
HST-01543,AST-ENG-0099,2026-07-04,Sleeper Replacement,Turnout Concrete Sleeper Fracture,Routine preventive servicing and functional testing,201,Completed,Yes,Critical,Good,Maintenance executed under standard Engineering divisional safety window.
HST-01544,AST-S&T-0315,2026-01-11,Track Circuit Maintenance,Bond Wire Broken / Disconnected,Executed scheduled overhaul of Track Circuit Maintenance,56,Requires Follow-up,Partial,Poor,Fair,Maintenance executed under standard S&T divisional safety window.
HST-01545,AST-ENG-0093,2026-04-12,Track Inspection,Level Crossing Check Rail Flangeway Clogging,Repaired and calibrated Level Crossing Check Rail Flangeway Clogging,47,Completed,Yes,Degraded,Good,Maintenance executed under standard Engineering divisional safety window.
HST-01546,AST-S&T-0233,2025-11-07,Point Machine Maintenance,Point Machine Motor Replacement,Routine preventive servicing and functional testing,141,Requires Follow-up,Partial,Degraded,Fair,Maintenance executed under standard S&T divisional safety window.
HST-01547,AST-S&T-0312,2025-12-20,Signal Maintenance,Integrated Power Supply (IPS) Module Failure,Repaired and calibrated Integrated Power Supply (IPS) Module Failure,161,Completed,Yes,Fair,Good,Maintenance executed under standard S&T divisional safety window.
HST-01548,AST-S&T-0272,2026-02-04,Point Machine Maintenance,Crank Handle Interlock Microswitch Jam,Routine preventive servicing and functional testing,41,Completed,Yes,Poor,Good,Maintenance executed under standard S&T divisional safety window.
HST-01549,AST-TRD-0425,2025-11-16,Tower Wagon Inspection,Neutral Section (PTFE Type) Inspection,Replaced defective wear components for Neutral Section (PTFE Type) Inspection,135,Completed,Yes,Poor,Good,Maintenance executed under standard TRD divisional safety window.
HST-01550,AST-S&T-0247,2026-01-26,Signal Maintenance,Data Logger Channel Telemetry Lockout,Replaced defective wear components for Data Logger Channel Telemetry Lockout,45,Requires Follow-up,Partial,Fair,Fair,Maintenance executed under standard S&T divisional safety window.
HST-01551,AST-TRD-0552,2026-06-21,OHE Inspection,Contact Wire Height & Stagger Deviation,Routine preventive servicing and functional testing,91,Completed,Yes,Fair,Good,Maintenance executed under standard TRD divisional safety window.
HST-01552,AST-S&T-0344,2026-08-04,Point Machine Maintenance,Point Machine Motor Replacement,Executed scheduled overhaul of Point Machine Maintenance,129,Completed,Yes,Poor,Good,Maintenance executed under standard S&T divisional safety window.
HST-01553,AST-TRD-0589,2025-12-13,Contact Wire Replacement,Turnout Overlap Wire Renewal,Routine preventive servicing and functional testing,278,Completed,Yes,Degraded,Good,Maintenance executed under standard TRD divisional safety window.
HST-01554,AST-ENG-0112,2025-11-21,Track Tamping,Post-Renewal Track Stabilization,Executed scheduled overhaul of Track Tamping,226,Completed,Yes,Poor,Good,Maintenance executed under standard Engineering divisional safety window.
HST-01555,AST-S&T-0334,2026-05-22,Signal Maintenance,Signal Post Corrosion & Alignment Tilt,Repaired and calibrated Signal Post Corrosion & Alignment Tilt,175,Completed,Yes,Fair,Good,Maintenance executed under standard S&T divisional safety window.
HST-01556,AST-S&T-0338,2025-09-26,Track Circuit Maintenance,Bond Wire Broken / Disconnected,Executed scheduled overhaul of Track Circuit Maintenance,34,Completed,Yes,Degraded,Good,Maintenance executed under standard S&T divisional safety window.
HST-01557,AST-TRD-0403,2026-08-04,OHE Wire Maintenance,Catenary Wire Strand Broken,Routine preventive servicing and functional testing,217,Requires Follow-up,Partial,Poor,Fair,Maintenance executed under standard TRD divisional safety window.
HST-01558,AST-ENG-0112,2025-12-01,Points & Crossing Maintenance,Switch Toe Gap Out of Tolerance,Routine preventive servicing and functional testing,94,Completed,Yes,Poor,Good,Maintenance executed under standard Engineering divisional safety window.
HST-01559,AST-TRD-0471,2026-05-19,Contact Wire Replacement,In-Span Splice Elimination,Repaired and calibrated In-Span Splice Elimination,194,Completed,Yes,Critical,Good,Maintenance executed under standard TRD divisional safety window.
HST-01560,AST-TRD-0550,2026-08-08,OHE Component Replacement,Traction Substation 25kV Vacuum Circuit Breaker (VCB) Fault,Repaired and calibrated Traction Substation 25kV Vacuum Circuit Breaker (VCB) Fault,198,Completed,Yes,Fair,Good,Maintenance executed under standard TRD divisional safety window.
HST-01561,AST-ENG-0018,2025-11-10,Rail Replacement,Fractured Rail Segment,Joint safety inspection and rectified Fractured Rail Segment,210,Completed,Yes,Fair,Good,Maintenance executed under standard Engineering divisional safety window.
HST-01562,AST-TRD-0518,2026-08-16,OHE Inspection,Catenary Dropper Missing / Damaged,Routine preventive servicing and functional testing,45,Completed,Yes,Critical,Good,Maintenance executed under standard TRD divisional safety window.
HST-01563,AST-ENG-0061,2026-02-17,Ballast Cleaning,Shoulder Ballast Contamination,Joint safety inspection and rectified Shoulder Ballast Contamination,242,Completed,Yes,Critical,Good,Maintenance executed under standard Engineering divisional safety window.
HST-01564,AST-TRD-0567,2025-11-06,OHE Wire Maintenance,Cross Feeder Wire Vibration Fatigue,Repaired and calibrated Cross Feeder Wire Vibration Fatigue,109,Requires Follow-up,Partial,Poor,Fair,Maintenance executed under standard TRD divisional safety window.
HST-01565,AST-TRD-0432,2026-07-08,OHE Inspection,Section Insulator Arcing Horn Burn,Executed scheduled overhaul of OHE Inspection,83,Completed,Yes,Critical,Good,Maintenance executed under standard TRD divisional safety window.
HST-01566,AST-TRD-0432,2026-08-02,OHE Component Replacement,Insulator Flashover / Broken Porcelain Disc,Executed scheduled overhaul of OHE Component Replacement,103,Completed,Yes,Degraded,Good,Maintenance executed under standard TRD divisional safety window.
HST-01567,AST-TRD-0505,2026-02-24,OHE Wire Maintenance,Cross Feeder Wire Vibration Fatigue,Repaired and calibrated Cross Feeder Wire Vibration Fatigue,68,Completed,Yes,Degraded,Good,Maintenance executed under standard TRD divisional safety window.
HST-01568,AST-S&T-0320,2025-10-25,Signal Inspection,Aspect Current Sensor Anomaly,Executed scheduled overhaul of Signal Inspection,49,Completed,Yes,Poor,Good,Maintenance executed under standard S&T divisional safety window.
HST-01569,AST-ENG-0012,2026-06-12,Points & Crossing Maintenance,Switch Toe Gap Out of Tolerance,Replaced defective wear components for Switch Toe Gap Out of Tolerance,117,Completed,Yes,Poor,Good,Maintenance executed under standard Engineering divisional safety window.
HST-01570,AST-ENG-0153,2026-04-13,Sleeper Replacement,Turnout Concrete Sleeper Fracture,Routine preventive servicing and functional testing,187,Completed,Yes,Fair,Good,Maintenance executed under standard Engineering divisional safety window.
HST-01571,AST-S&T-0344,2026-07-19,Signal Inspection,LED Signal Aspect Intensity Drop,Routine preventive servicing and functional testing,65,Completed,Yes,Poor,Good,Maintenance executed under standard S&T divisional safety window.
HST-01572,AST-S&T-0293,2026-01-03,Signal Inspection,Route Indicator Lamp Burnout,Routine preventive servicing and functional testing,59,Completed,Yes,Poor,Good,Maintenance executed under standard S&T divisional safety window.
HST-01573,AST-TRD-0457,2025-10-16,OHE Wire Maintenance,Anti-Creep Wire Sagging,Repaired and calibrated Anti-Creep Wire Sagging,125,Completed,Yes,Fair,Good,Maintenance executed under standard TRD divisional safety window.
HST-01574,AST-S&T-0300,2025-12-02,Signal Inspection,Calling-on Signal Aspect Failure,Routine preventive servicing and functional testing,75,Completed,Yes,Poor,Good,Maintenance executed under standard S&T divisional safety window.
HST-01575,AST-ENG-0134,2026-05-11,Sleeper Replacement,Perished Grooved Rubber Sole Plates (GRSP),Replaced defective wear components for Perished Grooved Rubber Sole Plates (GRSP),106,Completed,Yes,Degraded,Good,Maintenance executed under standard Engineering divisional safety window.
HST-01576,AST-TRD-0559,2026-01-09,OHE Component Replacement,Insulator Flashover / Broken Porcelain Disc,Routine preventive servicing and functional testing,122,Completed,Yes,Poor,Good,Maintenance executed under standard TRD divisional safety window.
HST-01577,AST-TRD-0587,2026-05-20,OHE Inspection,Neutral Section Transverse Slew Anomaly,Routine preventive servicing and functional testing,78,Completed,Yes,Fair,Good,Maintenance executed under standard TRD divisional safety window.
HST-01578,AST-TRD-0543,2026-07-11,OHE Component Replacement,Cantilever Bracket Assembly Misalignment,Replaced defective wear components for Cantilever Bracket Assembly Misalignment,192,Completed,Yes,Poor,Good,Maintenance executed under standard TRD divisional safety window.
HST-01579,AST-TRD-0474,2025-09-14,OHE Inspection,Thermal Hotspot in Isolator / Jumper,Joint safety inspection and rectified Thermal Hotspot in Isolator / Jumper,89,Completed,Yes,Critical,Good,Maintenance executed under standard TRD divisional safety window.
HST-01580,AST-S&T-0256,2026-03-06,Telecom Equipment Maintenance,Optical Fibre Cable (OFC) Attenuation Surge,Executed scheduled overhaul of Telecom Equipment Maintenance,157,Completed,Yes,Critical,Good,Maintenance executed under standard S&T divisional safety window.
HST-01581,AST-S&T-0252,2025-10-31,Telecom Equipment Maintenance,Yard CCTV Surveillance Node Offline,Joint safety inspection and rectified Yard CCTV Surveillance Node Offline,67,Completed,Yes,Poor,Good,Maintenance executed under standard S&T divisional safety window.
HST-01582,AST-TRD-0567,2026-03-04,OHE Component Replacement,Cantilever Bracket Assembly Misalignment,Executed scheduled overhaul of OHE Component Replacement,120,Completed,Yes,Degraded,Good,Maintenance executed under standard TRD divisional safety window.
HST-01583,AST-TRD-0513,2026-02-15,OHE Wire Maintenance,Contact Wire Kink / Mechanical Damage,Routine preventive servicing and functional testing,241,Completed,Yes,Poor,Good,Maintenance executed under standard TRD divisional safety window.
HST-01584,AST-TRD-0534,2026-04-03,OHE Component Replacement,Cantilever Bracket Assembly Misalignment,Repaired and calibrated Cantilever Bracket Assembly Misalignment,181,Completed,Yes,Critical,Good,Maintenance executed under standard TRD divisional safety window.
HST-01585,AST-S&T-0293,2026-01-04,Axle Counter Maintenance,Axle Counter Evaluator Card Failure,Replaced defective wear components for Axle Counter Evaluator Card Failure,99,Completed,Yes,Poor,Good,Maintenance executed under standard S&T divisional safety window.
HST-01586,AST-S&T-0214,2026-03-04,Signal Maintenance,Signal Post Corrosion & Alignment Tilt,Replaced defective wear components for Signal Post Corrosion & Alignment Tilt,164,Completed,Yes,Fair,Good,Maintenance executed under standard S&T divisional safety window.
HST-01587,AST-S&T-0240,2026-08-03,Track Circuit Maintenance,Glued Insulated Rail Joint (GJ) Failure,Executed scheduled overhaul of Track Circuit Maintenance,159,Completed,Yes,Poor,Good,Maintenance executed under standard S&T divisional safety window.
HST-01588,AST-ENG-0155,2026-05-19,Sleeper Replacement,Bridge Timber Sleeper Decay,Routine preventive servicing and functional testing,172,Completed,Yes,Poor,Good,Maintenance executed under standard Engineering divisional safety window.
HST-01589,AST-ENG-0078,2026-05-02,Rail Grinding,Turnout Switch & Stock Rail Profile Restoration,Replaced defective wear components for Turnout Switch & Stock Rail Profile Restoration,177,Completed,Yes,Critical,Good,Maintenance executed under standard Engineering divisional safety window.
HST-01590,AST-TRD-0510,2026-02-18,OHE Wire Maintenance,Catenary Wire Strand Broken,Routine preventive servicing and functional testing,188,Completed,Yes,Degraded,Good,Maintenance executed under standard TRD divisional safety window.
HST-01591,AST-S&T-0237,2026-08-13,Signal Maintenance,Signal Post Corrosion & Alignment Tilt,Joint safety inspection and rectified Signal Post Corrosion & Alignment Tilt,142,Completed,Yes,Degraded,Good,Maintenance executed under standard S&T divisional safety window.
HST-01592,AST-ENG-0025,2025-12-21,Rail Replacement,Fractured Rail Segment,Repaired and calibrated Fractured Rail Segment,135,Requires Follow-up,Partial,Fair,Fair,Maintenance executed under standard Engineering divisional safety window.
HST-01593,AST-S&T-0222,2025-10-25,Point Machine Maintenance,Lock Slide Notch Wear & Burr,Replaced defective wear components for Lock Slide Notch Wear & Burr,103,Completed,Yes,Critical,Good,Maintenance executed under standard S&T divisional safety window.
HST-01594,AST-S&T-0327,2025-11-27,Point Machine Maintenance,Point Detection Contact Carbonization,Replaced defective wear components for Point Detection Contact Carbonization,70,Completed,Yes,Critical,Good,Maintenance executed under standard S&T divisional safety window.
HST-01595,AST-S&T-0339,2026-03-02,Signal Inspection,Aspect Current Sensor Anomaly,Routine preventive servicing and functional testing,38,Completed,Yes,Critical,Good,Maintenance executed under standard S&T divisional safety window.
HST-01596,AST-S&T-0228,2026-03-11,Point Machine Maintenance,Ground Connection Rodding Buckling,Repaired and calibrated Ground Connection Rodding Buckling,103,Requires Follow-up,Partial,Critical,Fair,Maintenance executed under standard S&T divisional safety window.
HST-01597,AST-S&T-0354,2026-05-10,Signal Inspection,Shunt Signal Position Light Defect,Repaired and calibrated Shunt Signal Position Light Defect,35,Completed,Yes,Critical,Good,Maintenance executed under standard S&T divisional safety window.
HST-01598,AST-S&T-0278,2026-04-06,Signal Inspection,Route Indicator Lamp Burnout,Routine preventive servicing and functional testing,47,Completed,Yes,Degraded,Good,Maintenance executed under standard S&T divisional safety window.
HST-01599,AST-S&T-0314,2025-10-10,Point Machine Maintenance,Point Detection Contact Carbonization,Joint safety inspection and rectified Point Detection Contact Carbonization,92,Completed,Yes,Critical,Good,Maintenance executed under standard S&T divisional safety window.
HST-01600,AST-ENG-0174,2025-12-05,Track Inspection,Derailment Catch Siding Switch Inspection,Routine preventive servicing and functional testing,89,Completed,Yes,Fair,Good,Maintenance executed under standard Engineering divisional safety window.
HST-01601,AST-S&T-0238,2026-04-05,Point Machine Maintenance,Lock Slide Notch Wear & Burr,Executed scheduled overhaul of Point Machine Maintenance,113,Completed,Yes,Fair,Good,Maintenance executed under standard S&T divisional safety window.
HST-01602,AST-TRD-0549,2025-10-30,Contact Wire Replacement,Severe Contact Wire Wear (< 74 sq mm),Repaired and calibrated Severe Contact Wire Wear (< 74 sq mm),403,Completed,Yes,Fair,Good,Maintenance executed under standard TRD divisional safety window.
HST-01603,AST-ENG-0176,2025-10-15,Sleeper Replacement,Damaged Elastic Rail Clips (ERC),Replaced defective wear components for Damaged Elastic Rail Clips (ERC),115,Completed,Yes,Critical,Good,Maintenance executed under standard Engineering divisional safety window.
HST-01604,AST-ENG-0129,2025-12-02,Rail Grinding,Turnout Switch & Stock Rail Profile Restoration,Repaired and calibrated Turnout Switch & Stock Rail Profile Restoration,173,Completed,Yes,Poor,Good,Maintenance executed under standard Engineering divisional safety window.
HST-01605,AST-S&T-0303,2026-03-05,Telecom Equipment Maintenance,Passenger Information System (PIS) Display Node Link Drop,Replaced defective wear components for Passenger Information System (PIS) Display Node Link Drop,47,Completed,Yes,Poor,Good,Maintenance executed under standard S&T divisional safety window.
HST-01606,AST-ENG-0145,2025-11-22,Track Tamping,Post-Renewal Track Stabilization,Replaced defective wear components for Post-Renewal Track Stabilization,196,Completed,Yes,Critical,Good,Maintenance executed under standard Engineering divisional safety window.
HST-01607,AST-S&T-0327,2025-11-24,Track Circuit Maintenance,Glued Insulated Rail Joint (GJ) Failure,Routine preventive servicing and functional testing,192,Completed,Yes,Fair,Good,Maintenance executed under standard S&T divisional safety window.
HST-01608,AST-S&T-0231,2026-08-10,Point Machine Maintenance,Ground Connection Rodding Buckling,Repaired and calibrated Ground Connection Rodding Buckling,113,Completed,Yes,Poor,Good,Maintenance executed under standard S&T divisional safety window.
HST-01609,AST-TRD-0524,2026-05-04,Contact Wire Replacement,Turnout Overlap Wire Renewal,Routine preventive servicing and functional testing,196,Completed,Yes,Degraded,Good,Maintenance executed under standard TRD divisional safety window.
HST-01610,AST-TRD-0411,2026-05-03,Tower Wagon Inspection,Overline Structure / Bridge Clearance Audit,Replaced defective wear components for Overline Structure / Bridge Clearance Audit,157,Completed,Yes,Degraded,Good,Maintenance executed under standard TRD divisional safety window.
HST-01611,AST-ENG-0100,2026-07-30,Track Inspection,Ultrasonic Rail Flaw Detection (USFD) Anomaly,Replaced defective wear components for Ultrasonic Rail Flaw Detection (USFD) Anomaly,100,Completed,Yes,Fair,Good,Maintenance executed under standard Engineering divisional safety window.
HST-01612,AST-TRD-0551,2026-01-21,OHE Inspection,Mast Earthing Bond Disconnected,Repaired and calibrated Mast Earthing Bond Disconnected,49,Completed,Yes,Fair,Good,Maintenance executed under standard TRD divisional safety window.
HST-01613,AST-S&T-0323,2026-01-04,Point Machine Maintenance,Ground Connection Rodding Buckling,Replaced defective wear components for Ground Connection Rodding Buckling,94,Completed,Yes,Fair,Good,Maintenance executed under standard S&T divisional safety window.
HST-01614,AST-S&T-0221,2025-12-21,Point Machine Maintenance,Lock Slide Notch Wear & Burr,Replaced defective wear components for Lock Slide Notch Wear & Burr,80,Completed,Yes,Critical,Good,Maintenance executed under standard S&T divisional safety window.
HST-01615,AST-TRD-0463,2025-10-06,Tower Wagon Inspection,Neutral Section (PTFE Type) Inspection,Routine preventive servicing and functional testing,113,Completed,Yes,Poor,Good,Maintenance executed under standard TRD divisional safety window.
HST-01616,AST-S&T-0343,2026-01-10,Telecom Equipment Maintenance,Emergency Control Telephone (EC) Socket Defect,Executed scheduled overhaul of Telecom Equipment Maintenance,56,Completed,Yes,Fair,Good,Maintenance executed under standard S&T divisional safety window.
HST-01617,AST-TRD-0411,2026-03-14,OHE Component Replacement,Cantilever Bracket Assembly Misalignment,Repaired and calibrated Cantilever Bracket Assembly Misalignment,133,Completed,Yes,Poor,Good,Maintenance executed under standard TRD divisional safety window.
HST-01618,AST-S&T-0234,2025-11-23,Signal Inspection,Aspect Current Sensor Anomaly,Replaced defective wear components for Aspect Current Sensor Anomaly,46,Completed,Yes,Degraded,Good,Maintenance executed under standard S&T divisional safety window.
HST-01619,AST-TRD-0407,2026-02-02,OHE Inspection,Neutral Section Transverse Slew Anomaly,Replaced defective wear components for Neutral Section Transverse Slew Anomaly,114,Completed,Yes,Fair,Good,Maintenance executed under standard TRD divisional safety window.
HST-01620,AST-ENG-0158,2026-07-07,Sleeper Replacement,Damaged Elastic Rail Clips (ERC),Executed scheduled overhaul of Sleeper Replacement,87,Completed,Yes,Fair,Good,Maintenance executed under standard Engineering divisional safety window.
HST-01621,AST-ENG-0103,2026-05-10,Rail Grinding,Gauge Corner Micro-Spalling on High Rail,Routine preventive servicing and functional testing,316,Completed,Yes,Fair,Good,Maintenance executed under standard Engineering divisional safety window.
HST-01622,AST-ENG-0109,2026-06-18,Rail Replacement,Curve Gauge Corner Shelling / Spalling,Executed scheduled overhaul of Rail Replacement,206,Completed,Yes,Critical,Good,Maintenance executed under standard Engineering divisional safety window.
HST-01623,AST-ENG-0150,2026-05-29,Rail Grinding,Turnout Switch & Stock Rail Profile Restoration,Replaced defective wear components for Turnout Switch & Stock Rail Profile Restoration,139,Completed,Yes,Critical,Good,Maintenance executed under standard Engineering divisional safety window.
HST-01624,AST-ENG-0184,2025-11-19,Track Inspection,Ballast Deficiency / Shoulder Loss,Replaced defective wear components for Ballast Deficiency / Shoulder Loss,179,Completed,Yes,Fair,Good,Maintenance executed under standard Engineering divisional safety window.
HST-01625,AST-S&T-0311,2025-10-07,Signal Maintenance,Integrated Power Supply (IPS) Module Failure,Repaired and calibrated Integrated Power Supply (IPS) Module Failure,116,Completed,Yes,Fair,Good,Maintenance executed under standard S&T divisional safety window.
HST-01626,AST-ENG-0050,2026-02-14,Track Inspection,Switch Expansion Joint (SEJ) Gap Abnormality,Executed scheduled overhaul of Track Inspection,107,Completed,Yes,Critical,Good,Maintenance executed under standard Engineering divisional safety window.
HST-01627,AST-ENG-0170,2026-03-29,Track Inspection,Track Geometry Gauge Variation,Routine preventive servicing and functional testing,67,Completed,Yes,Critical,Good,Maintenance executed under standard Engineering divisional safety window.
HST-01628,AST-TRD-0440,2026-03-03,Tower Wagon Inspection,Substation Feeder Jumper Maintenance,Repaired and calibrated Substation Feeder Jumper Maintenance,128,Completed,Yes,Poor,Good,Maintenance executed under standard TRD divisional safety window.
HST-01629,AST-TRD-0547,2026-07-25,OHE Component Replacement,Traction Substation 132kV Isolator Contact Blade Pitting,Executed scheduled overhaul of OHE Component Replacement,227,Completed,Yes,Poor,Good,Maintenance executed under standard TRD divisional safety window.
HST-01630,AST-ENG-0069,2026-05-02,Track Tamping,Bridge Transition Approach Settlement,Replaced defective wear components for Bridge Transition Approach Settlement,190,Completed,Yes,Degraded,Good,Maintenance executed under standard Engineering divisional safety window.
HST-01631,AST-TRD-0475,2026-04-28,OHE Wire Maintenance,Cross Feeder Wire Vibration Fatigue,Routine preventive servicing and functional testing,118,Requires Follow-up,Partial,Critical,Fair,Maintenance executed under standard TRD divisional safety window.
HST-01632,AST-S&T-0276,2026-07-18,Track Circuit Maintenance,Track Relay Choke Coil Breakdown,Joint safety inspection and rectified Track Relay Choke Coil Breakdown,64,Completed,Yes,Fair,Good,Maintenance executed under standard S&T divisional safety window.
HST-01633,AST-TRD-0556,2025-12-27,OHE Wire Maintenance,Contact Wire Kink / Mechanical Damage,Replaced defective wear components for Contact Wire Kink / Mechanical Damage,189,Completed,Yes,Degraded,Good,Maintenance executed under standard TRD divisional safety window.
HST-01634,AST-TRD-0451,2026-03-01,OHE Wire Maintenance,Anti-Creep Wire Sagging,Repaired and calibrated Anti-Creep Wire Sagging,108,Completed,Yes,Critical,Good,Maintenance executed under standard TRD divisional safety window.
HST-01635,AST-ENG-0097,2026-05-12,Track Inspection,Switch Expansion Joint (SEJ) Gap Abnormality,Repaired and calibrated Switch Expansion Joint (SEJ) Gap Abnormality,108,Completed,Yes,Fair,Good,Maintenance executed under standard Engineering divisional safety window.
HST-01636,AST-S&T-0320,2025-10-05,Track Circuit Maintenance,Track Lead Cable Sheath Damage,Executed scheduled overhaul of Track Circuit Maintenance,54,Completed,Yes,Fair,Good,Maintenance executed under standard S&T divisional safety window.
HST-01637,AST-S&T-0311,2026-01-09,Track Circuit Maintenance,Track Relay Choke Coil Breakdown,Joint safety inspection and rectified Track Relay Choke Coil Breakdown,64,Completed,Yes,Critical,Good,Maintenance executed under standard S&T divisional safety window.
HST-01638,AST-ENG-0105,2025-12-19,Track Inspection,Switch Expansion Joint (SEJ) Gap Abnormality,Routine preventive servicing and functional testing,101,Completed,Yes,Critical,Good,Maintenance executed under standard Engineering divisional safety window.
HST-01639,AST-ENG-0041,2026-03-05,Rail Replacement,Corroded Rail Flange,Joint safety inspection and rectified Corroded Rail Flange,166,Completed,Yes,Degraded,Good,Maintenance executed under standard Engineering divisional safety window.
HST-01640,AST-S&T-0201,2025-10-14,Axle Counter Maintenance,Track Device (Sensor) Misalignment,Executed scheduled overhaul of Axle Counter Maintenance,66,Completed,Yes,Degraded,Good,Maintenance executed under standard S&T divisional safety window.
HST-01641,AST-ENG-0141,2026-04-30,Track Inspection,Formation / Embankment Settlement,Joint safety inspection and rectified Formation / Embankment Settlement,188,Completed,Yes,Fair,Good,Maintenance executed under standard Engineering divisional safety window.
HST-01642,AST-TRD-0589,2026-07-11,Contact Wire Replacement,Contact Wire Parting / Snap Incident,Executed scheduled overhaul of Contact Wire Replacement,293,Completed,Yes,Poor,Good,Maintenance executed under standard TRD divisional safety window.
HST-01643,AST-ENG-0061,2026-08-16,Track Inspection,Ballast Deficiency / Shoulder Loss,Routine preventive servicing and functional testing,212,Completed,Yes,Degraded,Good,Maintenance executed under standard Engineering divisional safety window.
HST-01644,AST-ENG-0051,2026-07-17,Sleeper Replacement,Points & Crossing Special Turnout Sleeper Shift,Routine preventive servicing and functional testing,206,Completed,Yes,Fair,Good,Maintenance executed under standard Engineering divisional safety window.
HST-01645,AST-TRD-0575,2025-10-22,OHE Inspection,Catenary Dropper Missing / Damaged,Repaired and calibrated Catenary Dropper Missing / Damaged,79,Completed,Yes,Poor,Good,Maintenance executed under standard TRD divisional safety window.
HST-01646,AST-ENG-0149,2026-08-17,Rail Grinding,Rail Lip / Fin Formation,Executed scheduled overhaul of Rail Grinding,222,Completed,Yes,Degraded,Good,Maintenance executed under standard Engineering divisional safety window.
HST-01647,AST-ENG-0073,2026-02-01,Track Inspection,Derailment Catch Siding Switch Inspection,Routine preventive servicing and functional testing,95,Completed,Yes,Poor,Good,Maintenance executed under standard Engineering divisional safety window.
HST-01648,AST-S&T-0387,2026-06-13,Signal Maintenance,Electronic Interlocking (EI) VDU Communication Fault,Executed scheduled overhaul of Signal Maintenance,106,Completed,Yes,Poor,Good,Maintenance executed under standard S&T divisional safety window.
HST-01649,AST-S&T-0379,2025-09-06,Signal Maintenance,Signal Blank / Lamp Failure,Repaired and calibrated Signal Blank / Lamp Failure,68,Completed,Yes,Critical,Good,Maintenance executed under standard S&T divisional safety window.
HST-01650,AST-ENG-0061,2026-03-25,Points & Crossing Maintenance,Worn CMS Crossing Nose,Executed scheduled overhaul of Points & Crossing Maintenance,204,Completed,Yes,Poor,Good,Maintenance executed under standard Engineering divisional safety window.
HST-01651,AST-TRD-0424,2026-01-22,OHE Component Replacement,Section Insulator Runner Wear,Executed scheduled overhaul of OHE Component Replacement,195,Completed,Yes,Degraded,Good,Maintenance executed under standard TRD divisional safety window.
HST-01652,AST-ENG-0163,2026-03-02,Track Inspection,Diamond Crossing Flange Wear,Replaced defective wear components for Diamond Crossing Flange Wear,160,Completed,Yes,Fair,Good,Maintenance executed under standard Engineering divisional safety window.
HST-01653,AST-S&T-0261,2025-11-23,Point Machine Maintenance,Point Detection Contact Carbonization,Routine preventive servicing and functional testing,62,Completed,Yes,Degraded,Good,Maintenance executed under standard S&T divisional safety window.
HST-01654,AST-S&T-0220,2026-05-25,Signal Inspection,LED Signal Aspect Intensity Drop,Executed scheduled overhaul of Signal Inspection,49,Completed,Yes,Poor,Good,Maintenance executed under standard S&T divisional safety window.
HST-01655,AST-S&T-0234,2026-01-23,Axle Counter Maintenance,High Voltage Surge Suppressor Burnout,Replaced defective wear components for High Voltage Surge Suppressor Burnout,54,Completed,Yes,Fair,Good,Maintenance executed under standard S&T divisional safety window.
HST-01656,AST-S&T-0234,2026-05-15,Telecom Equipment Maintenance,Passenger Information System (PIS) Display Node Link Drop,Replaced defective wear components for Passenger Information System (PIS) Display Node Link Drop,67,Requires Follow-up,Partial,Degraded,Fair,Maintenance executed under standard S&T divisional safety window.
HST-01657,AST-ENG-0072,2026-03-19,Track Tamping,Post-Renewal Track Stabilization,Joint safety inspection and rectified Post-Renewal Track Stabilization,229,Completed,Yes,Degraded,Good,Maintenance executed under standard Engineering divisional safety window.
HST-01658,AST-TRD-0533,2026-06-07,Tower Wagon Inspection,Tunnel OHE Catenary Clearance Check,Routine preventive servicing and functional testing,189,Requires Follow-up,Partial,Degraded,Fair,Maintenance executed under standard TRD divisional safety window.
HST-01659,AST-TRD-0442,2025-09-16,OHE Wire Maintenance,Anti-Creep Wire Sagging,Executed scheduled overhaul of OHE Wire Maintenance,131,Completed,Yes,Poor,Good,Maintenance executed under standard TRD divisional safety window.
HST-01660,AST-TRD-0587,2026-01-04,Tower Wagon Inspection,Neutral Section (PTFE Type) Inspection,Executed scheduled overhaul of Tower Wagon Inspection,148,Completed,Yes,Poor,Good,Maintenance executed under standard TRD divisional safety window.
HST-01661,AST-TRD-0531,2025-11-30,OHE Inspection,Neutral Section Transverse Slew Anomaly,Executed scheduled overhaul of OHE Inspection,74,Completed,Yes,Degraded,Good,Maintenance executed under standard TRD divisional safety window.
HST-01662,AST-TRD-0558,2026-03-12,Tower Wagon Inspection,Level Crossing Gate OHE Anti-Collision Guard Wire Sag,Routine preventive servicing and functional testing,88,Completed,Yes,Poor,Good,Maintenance executed under standard TRD divisional safety window.
HST-01663,AST-S&T-0362,2026-01-08,Track Circuit Maintenance,Bond Wire Broken / Disconnected,Repaired and calibrated Bond Wire Broken / Disconnected,34,Requires Follow-up,Partial,Poor,Fair,Maintenance executed under standard S&T divisional safety window.
HST-01664,AST-ENG-0012,2025-11-11,Points & Crossing Maintenance,Switch Toe Gap Out of Tolerance,Executed scheduled overhaul of Points & Crossing Maintenance,97,Requires Follow-up,Partial,Critical,Fair,Maintenance executed under standard Engineering divisional safety window.
HST-01665,AST-ENG-0032,2025-09-21,Ballast Cleaning,Clogged / Foul Ballast Bed,Repaired and calibrated Clogged / Foul Ballast Bed,414,Requires Follow-up,Partial,Poor,Fair,Maintenance executed under standard Engineering divisional safety window.
HST-01666,AST-ENG-0049,2025-10-27,Sleeper Replacement,Points & Crossing Special Turnout Sleeper Shift,Replaced defective wear components for Points & Crossing Special Turnout Sleeper Shift,220,Requires Follow-up,Partial,Fair,Fair,Maintenance executed under standard Engineering divisional safety window.
HST-01667,AST-TRD-0449,2025-10-22,OHE Component Replacement,Traction Substation 132kV Isolator Contact Blade Pitting,Routine preventive servicing and functional testing,214,Completed,Yes,Poor,Good,Maintenance executed under standard TRD divisional safety window.
HST-01668,AST-TRD-0490,2026-07-04,Tower Wagon Inspection,Routine Catenary & OHE Profile Survey,Joint safety inspection and rectified Routine Catenary & OHE Profile Survey,156,Completed,Yes,Critical,Good,Maintenance executed under standard TRD divisional safety window.
HST-01669,AST-TRD-0405,2025-10-22,OHE Wire Maintenance,Bridging Jumper Burning / Degradation,Repaired and calibrated Bridging Jumper Burning / Degradation,127,Completed,Yes,Degraded,Good,Maintenance executed under standard TRD divisional safety window.
HST-01670,AST-ENG-0058,2026-05-31,Track Inspection,Buffer Stop Foundation Settlement,Routine preventive servicing and functional testing,80,Completed,Yes,Poor,Good,Maintenance executed under standard Engineering divisional safety window.
HST-01671,AST-ENG-0034,2025-11-16,Track Inspection,Ultrasonic Rail Flaw Detection (USFD) Anomaly,Repaired and calibrated Ultrasonic Rail Flaw Detection (USFD) Anomaly,129,Completed,Yes,Critical,Good,Maintenance executed under standard Engineering divisional safety window.
HST-01672,AST-ENG-0156,2026-04-12,Track Inspection,Ultrasonic Rail Flaw Detection (USFD) Anomaly,Executed scheduled overhaul of Track Inspection,98,Completed,Yes,Poor,Good,Maintenance executed under standard Engineering divisional safety window.
HST-01673,AST-ENG-0155,2026-02-02,Points & Crossing Maintenance,Worn Switch Rail / Tongue Rail Chipped,Routine preventive servicing and functional testing,148,Completed,Yes,Fair,Good,Maintenance executed under standard Engineering divisional safety window.
HST-01674,AST-S&T-0312,2025-11-14,Telecom Equipment Maintenance,Optical Fibre Cable (OFC) Attenuation Surge,Joint safety inspection and rectified Optical Fibre Cable (OFC) Attenuation Surge,151,Completed,Yes,Critical,Good,Maintenance executed under standard S&T divisional safety window.
HST-01675,AST-TRD-0517,2026-02-03,Contact Wire Replacement,Turnout Overlap Wire Renewal,Joint safety inspection and rectified Turnout Overlap Wire Renewal,162,Requires Follow-up,Partial,Degraded,Fair,Maintenance executed under standard TRD divisional safety window.
HST-01676,AST-S&T-0348,2025-11-07,Signal Maintenance,Signal Post Corrosion & Alignment Tilt,Replaced defective wear components for Signal Post Corrosion & Alignment Tilt,165,Completed,Yes,Critical,Good,Maintenance executed under standard S&T divisional safety window.
HST-01677,AST-TRD-0432,2026-07-31,OHE Wire Maintenance,Cross Feeder Wire Vibration Fatigue,Replaced defective wear components for Cross Feeder Wire Vibration Fatigue,68,Completed,Yes,Degraded,Good,Maintenance executed under standard TRD divisional safety window.
HST-01678,AST-ENG-0106,2026-03-27,Sleeper Replacement,Points & Crossing Special Turnout Sleeper Shift,Repaired and calibrated Points & Crossing Special Turnout Sleeper Shift,140,Completed,Yes,Fair,Good,Maintenance executed under standard Engineering divisional safety window.
HST-01679,AST-TRD-0576,2025-09-13,OHE Inspection,Neutral Section Transverse Slew Anomaly,Joint safety inspection and rectified Neutral Section Transverse Slew Anomaly,98,Completed,Yes,Fair,Good,Maintenance executed under standard TRD divisional safety window.
HST-01680,AST-ENG-0070,2025-11-19,Track Inspection,Buffer Stop Foundation Settlement,Routine preventive servicing and functional testing,104,Completed,Yes,Fair,Good,Maintenance executed under standard Engineering divisional safety window.
HST-01681,AST-TRD-0455,2026-02-13,Contact Wire Replacement,Severe Contact Wire Wear (< 74 sq mm),Executed scheduled overhaul of Contact Wire Replacement,280,Completed,Yes,Degraded,Good,Maintenance executed under standard TRD divisional safety window.
HST-01682,AST-ENG-0060,2026-03-18,Rail Grinding,Gauge Corner Micro-Spalling on High Rail,Executed scheduled overhaul of Rail Grinding,234,Completed,Yes,Critical,Good,Maintenance executed under standard Engineering divisional safety window.
HST-01683,AST-ENG-0160,2025-09-28,Track Inspection,Level Crossing Check Rail Flangeway Clogging,Routine preventive servicing and functional testing,75,Completed,Yes,Critical,Good,Maintenance executed under standard Engineering divisional safety window.
HST-01684,AST-ENG-0098,2025-11-06,Track Inspection,Buffer Stop Foundation Settlement,Routine preventive servicing and functional testing,119,Completed,Yes,Critical,Good,Maintenance executed under standard Engineering divisional safety window.
HST-01685,AST-S&T-0265,2025-12-30,Signal Inspection,Signal Cable Insulation Degradation,Joint safety inspection and rectified Signal Cable Insulation Degradation,122,Completed,Yes,Poor,Good,Maintenance executed under standard S&T divisional safety window.
HST-01686,AST-S&T-0311,2025-09-20,Point Machine Maintenance,Point Detection Contact Carbonization,Repaired and calibrated Point Detection Contact Carbonization,86,Completed,Yes,Degraded,Good,Maintenance executed under standard S&T divisional safety window.
HST-01687,AST-S&T-0265,2025-11-23,Track Circuit Maintenance,Glued Insulated Rail Joint (GJ) Failure,Joint safety inspection and rectified Glued Insulated Rail Joint (GJ) Failure,145,Completed,Yes,Degraded,Good,Maintenance executed under standard S&T divisional safety window.
HST-01688,AST-ENG-0073,2025-12-06,Track Inspection,Fishplate Crack / Loose Bolt,Repaired and calibrated Fishplate Crack / Loose Bolt,46,Completed,Yes,Poor,Good,Maintenance executed under standard Engineering divisional safety window.
HST-01689,AST-S&T-0399,2026-01-29,Point Machine Maintenance,Point Machine Motor Replacement,Executed scheduled overhaul of Point Machine Maintenance,147,Completed,Yes,Critical,Good,Maintenance executed under standard S&T divisional safety window.
HST-01690,AST-S&T-0297,2026-03-18,Point Machine Maintenance,Lock Slide Notch Wear & Burr,Replaced defective wear components for Lock Slide Notch Wear & Burr,84,Completed,Yes,Fair,Good,Maintenance executed under standard S&T divisional safety window.
HST-01691,AST-ENG-0082,2026-08-03,Ballast Cleaning,Shoulder Ballast Contamination,Executed scheduled overhaul of Ballast Cleaning,220,Requires Follow-up,Partial,Degraded,Fair,Maintenance executed under standard Engineering divisional safety window.
HST-01692,AST-ENG-0164,2026-07-05,Rail Grinding,Turnout Switch & Stock Rail Profile Restoration,Joint safety inspection and rectified Turnout Switch & Stock Rail Profile Restoration,157,Completed,Yes,Poor,Good,Maintenance executed under standard Engineering divisional safety window.
HST-01693,AST-ENG-0024,2026-04-01,Ballast Cleaning,Cess / Drainage Deepening,Routine preventive servicing and functional testing,250,Completed,Yes,Critical,Good,Maintenance executed under standard Engineering divisional safety window.
HST-01694,AST-TRD-0479,2026-01-11,OHE Wire Maintenance,Anti-Creep Wire Sagging,Executed scheduled overhaul of OHE Wire Maintenance,106,Completed,Yes,Critical,Good,Maintenance executed under standard TRD divisional safety window.
HST-01695,AST-TRD-0422,2026-01-01,Tower Wagon Inspection,Neutral Section (PTFE Type) Inspection,Joint safety inspection and rectified Neutral Section (PTFE Type) Inspection,106,Completed,Yes,Fair,Good,Maintenance executed under standard TRD divisional safety window.
HST-01696,AST-S&T-0368,2026-06-17,Track Circuit Maintenance,Bond Wire Broken / Disconnected,Joint safety inspection and rectified Bond Wire Broken / Disconnected,34,Completed,Yes,Critical,Good,Maintenance executed under standard S&T divisional safety window.
HST-01697,AST-ENG-0082,2026-01-09,Ballast Cleaning,Clogged / Foul Ballast Bed,Executed scheduled overhaul of Ballast Cleaning,284,Completed,Yes,Fair,Good,Maintenance executed under standard Engineering divisional safety window.
HST-01698,AST-ENG-0039,2026-01-23,Points & Crossing Maintenance,Loose Stretcher Bar Bolts,Joint safety inspection and rectified Loose Stretcher Bar Bolts,56,Completed,Yes,Critical,Good,Maintenance executed under standard Engineering divisional safety window.
HST-01699,AST-ENG-0096,2026-02-10,Track Tamping,Turnout Packing & Lining Fault,Executed scheduled overhaul of Track Tamping,167,Completed,Yes,Degraded,Good,Maintenance executed under standard Engineering divisional safety window.
HST-01700,AST-ENG-0072,2026-08-11,Sleeper Replacement,Points & Crossing Special Turnout Sleeper Shift,Joint safety inspection and rectified Points & Crossing Special Turnout Sleeper Shift,139,Requires Follow-up,Partial,Degraded,Fair,Maintenance executed under standard Engineering divisional safety window.
HST-01701,AST-TRD-0501,2026-08-02,OHE Component Replacement,Traction Substation 25kV Vacuum Circuit Breaker (VCB) Fault,Repaired and calibrated Traction Substation 25kV Vacuum Circuit Breaker (VCB) Fault,220,Completed,Yes,Degraded,Good,Maintenance executed under standard TRD divisional safety window.
HST-01702,AST-TRD-0426,2026-05-15,Tower Wagon Inspection,Tunnel OHE Catenary Clearance Check,Repaired and calibrated Tunnel OHE Catenary Clearance Check,139,Completed,Yes,Fair,Good,Maintenance executed under standard TRD divisional safety window.
HST-01703,AST-ENG-0158,2026-05-12,Rail Grinding,Rail Lip / Fin Formation,Executed scheduled overhaul of Rail Grinding,158,Completed,Yes,Poor,Good,Maintenance executed under standard Engineering divisional safety window.
HST-01704,AST-TRD-0403,2025-11-25,Tower Wagon Inspection,Routine Catenary & OHE Profile Survey,Repaired and calibrated Routine Catenary & OHE Profile Survey,135,Completed,Yes,Degraded,Good,Maintenance executed under standard TRD divisional safety window.
HST-01705,AST-TRD-0481,2026-04-08,OHE Inspection,Section Insulator Arcing Horn Burn,Routine preventive servicing and functional testing,102,Completed,Yes,Degraded,Good,Maintenance executed under standard TRD divisional safety window.
HST-01706,AST-S&T-0244,2026-01-11,Signal Inspection,Signal Sighting Distance Obstruction,Routine preventive servicing and functional testing,84,Completed,Yes,Critical,Good,Maintenance executed under standard S&T divisional safety window.
HST-01707,AST-S&T-0240,2026-01-21,Axle Counter Maintenance,Reset Box Pushbutton Key Interlock Seizure,Routine preventive servicing and functional testing,58,Completed,Yes,Fair,Good,Maintenance executed under standard S&T divisional safety window.
HST-01708,AST-S&T-0390,2025-12-02,Telecom Equipment Maintenance,Emergency Control Telephone (EC) Socket Defect,Replaced defective wear components for Emergency Control Telephone (EC) Socket Defect,45,Completed,Yes,Fair,Good,Maintenance executed under standard S&T divisional safety window.
HST-01709,AST-S&T-0224,2026-04-18,Telecom Equipment Maintenance,Emergency Control Telephone (EC) Socket Defect,Executed scheduled overhaul of Telecom Equipment Maintenance,55,Requires Follow-up,Partial,Degraded,Fair,Maintenance executed under standard S&T divisional safety window.
HST-01710,AST-S&T-0313,2026-07-03,Signal Maintenance,Electronic Interlocking (EI) VDU Communication Fault,Joint safety inspection and rectified Electronic Interlocking (EI) VDU Communication Fault,73,Completed,Yes,Fair,Good,Maintenance executed under standard S&T divisional safety window.
HST-01711,AST-TRD-0576,2026-01-08,OHE Component Replacement,Traction Substation 25kV Vacuum Circuit Breaker (VCB) Fault,Repaired and calibrated Traction Substation 25kV Vacuum Circuit Breaker (VCB) Fault,176,Completed,Yes,Critical,Good,Maintenance executed under standard TRD divisional safety window.
HST-01712,AST-TRD-0574,2026-08-15,OHE Component Replacement,Insulator Flashover / Broken Porcelain Disc,Repaired and calibrated Insulator Flashover / Broken Porcelain Disc,150,Completed,Yes,Critical,Good,Maintenance executed under standard TRD divisional safety window.
HST-01713,AST-S&T-0397,2025-09-30,Point Machine Maintenance,Point Detection Contact Carbonization,Repaired and calibrated Point Detection Contact Carbonization,87,Completed,Yes,Fair,Good,Maintenance executed under standard S&T divisional safety window.
HST-01714,AST-TRD-0427,2026-06-23,OHE Wire Maintenance,Contact Wire Kink / Mechanical Damage,Replaced defective wear components for Contact Wire Kink / Mechanical Damage,238,Completed,Yes,Critical,Good,Maintenance executed under standard TRD divisional safety window.
HST-01715,AST-ENG-0199,2026-05-04,Sleeper Replacement,Bridge Timber Sleeper Decay,Executed scheduled overhaul of Sleeper Replacement,224,Completed,Yes,Poor,Good,Maintenance executed under standard Engineering divisional safety window.
HST-01716,AST-ENG-0174,2026-05-18,Ballast Cleaning,Level Crossing Ballast Deep Screening,Repaired and calibrated Level Crossing Ballast Deep Screening,391,Completed,Yes,Degraded,Good,Maintenance executed under standard Engineering divisional safety window.
HST-01717,AST-ENG-0135,2025-11-13,Rail Replacement,Curve Gauge Corner Shelling / Spalling,Executed scheduled overhaul of Rail Replacement,302,Completed,Yes,Degraded,Good,Maintenance executed under standard Engineering divisional safety window.
HST-01718,AST-S&T-0260,2026-07-24,Point Machine Maintenance,Point Machine Out of Adjustment / Flashover,Routine preventive servicing and functional testing,100,Completed,Yes,Degraded,Good,Maintenance executed under standard S&T divisional safety window.
HST-01719,AST-TRD-0420,2026-02-06,Contact Wire Replacement,Turnout Overlap Wire Renewal,Repaired and calibrated Turnout Overlap Wire Renewal,268,Completed,Yes,Poor,Good,Maintenance executed under standard TRD divisional safety window.
HST-01720,AST-TRD-0545,2026-02-15,OHE Component Replacement,Cantilever Bracket Assembly Misalignment,Routine preventive servicing and functional testing,158,Completed,Yes,Poor,Good,Maintenance executed under standard TRD divisional safety window.
HST-01721,AST-ENG-0049,2026-02-21,Sleeper Replacement,Broken PSC Sleeper,Replaced defective wear components for Broken PSC Sleeper,212,Completed,Yes,Fair,Good,Maintenance executed under standard Engineering divisional safety window.
HST-01722,AST-ENG-0057,2026-02-20,Points & Crossing Maintenance,Worn CMS Crossing Nose,Replaced defective wear components for Worn CMS Crossing Nose,231,Completed,Yes,Degraded,Good,Maintenance executed under standard Engineering divisional safety window.
HST-01723,AST-S&T-0354,2026-07-14,Signal Maintenance,Data Logger Channel Telemetry Lockout,Repaired and calibrated Data Logger Channel Telemetry Lockout,73,Completed,Yes,Poor,Good,Maintenance executed under standard S&T divisional safety window.
HST-01724,AST-ENG-0116,2026-01-04,Points & Crossing Maintenance,Check Rail Clearance Error,Executed scheduled overhaul of Points & Crossing Maintenance,140,Completed,Yes,Poor,Good,Maintenance executed under standard Engineering divisional safety window.
HST-01725,AST-TRD-0538,2026-05-25,OHE Inspection,Mast Earthing Bond Disconnected,Replaced defective wear components for Mast Earthing Bond Disconnected,67,Completed,Yes,Degraded,Good,Maintenance executed under standard TRD divisional safety window.
HST-01726,AST-ENG-0081,2026-05-20,Ballast Cleaning,Level Crossing Ballast Deep Screening,Executed scheduled overhaul of Ballast Cleaning,470,Completed,Yes,Fair,Good,Maintenance executed under standard Engineering divisional safety window.
HST-01727,AST-ENG-0155,2025-10-10,Track Tamping,Bridge Transition Approach Settlement,Executed scheduled overhaul of Track Tamping,173,Completed,Yes,Degraded,Good,Maintenance executed under standard Engineering divisional safety window.
HST-01728,AST-ENG-0131,2026-08-12,Track Inspection,Level Crossing Check Rail Flangeway Clogging,Joint safety inspection and rectified Level Crossing Check Rail Flangeway Clogging,80,Requires Follow-up,Partial,Fair,Fair,Maintenance executed under standard Engineering divisional safety window.
HST-01729,AST-S&T-0261,2026-06-02,Point Machine Maintenance,Lock Slide Notch Wear & Burr,Joint safety inspection and rectified Lock Slide Notch Wear & Burr,84,Completed,Yes,Poor,Good,Maintenance executed under standard S&T divisional safety window.
HST-01730,AST-S&T-0366,2026-07-30,Signal Inspection,Shunt Signal Position Light Defect,Replaced defective wear components for Shunt Signal Position Light Defect,42,Completed,Yes,Critical,Good,Maintenance executed under standard S&T divisional safety window.
HST-01731,AST-TRD-0474,2025-09-17,OHE Wire Maintenance,Catenary Wire Strand Broken,Joint safety inspection and rectified Catenary Wire Strand Broken,202,Completed,Yes,Critical,Good,Maintenance executed under standard TRD divisional safety window.
HST-01732,AST-ENG-0153,2026-03-13,Track Tamping,Post-Renewal Track Stabilization,Joint safety inspection and rectified Post-Renewal Track Stabilization,162,Completed,Yes,Critical,Good,Maintenance executed under standard Engineering divisional safety window.
HST-01733,AST-TRD-0444,2026-06-30,OHE Component Replacement,Cantilever Bracket Assembly Misalignment,Routine preventive servicing and functional testing,125,Completed,Yes,Degraded,Good,Maintenance executed under standard TRD divisional safety window.
HST-01734,AST-S&T-0345,2026-07-04,Track Circuit Maintenance,Track Lead Cable Sheath Damage,Repaired and calibrated Track Lead Cable Sheath Damage,76,Completed,Yes,Degraded,Good,Maintenance executed under standard S&T divisional safety window.
HST-01735,AST-S&T-0271,2025-09-23,Track Circuit Maintenance,Bond Wire Broken / Disconnected,Joint safety inspection and rectified Bond Wire Broken / Disconnected,46,Completed,Yes,Degraded,Good,Maintenance executed under standard S&T divisional safety window.
HST-01736,AST-ENG-0070,2025-12-22,Rail Grinding,Rolling Contact Fatigue / Head Checking,Repaired and calibrated Rolling Contact Fatigue / Head Checking,238,Completed,Yes,Poor,Good,Maintenance executed under standard Engineering divisional safety window.
HST-01737,AST-ENG-0058,2026-05-31,Points & Crossing Maintenance,Check Rail Clearance Error,Repaired and calibrated Check Rail Clearance Error,127,Completed,Yes,Fair,Good,Maintenance executed under standard Engineering divisional safety window.
HST-01738,AST-ENG-0011,2026-03-31,Ballast Cleaning,Clogged / Foul Ballast Bed,Executed scheduled overhaul of Ballast Cleaning,431,Completed,Yes,Poor,Good,Maintenance executed under standard Engineering divisional safety window.
HST-01739,AST-S&T-0232,2026-07-03,Track Circuit Maintenance,Ballast Resistance Leakage (Low Ballast Resistance),Repaired and calibrated Ballast Resistance Leakage (Low Ballast Resistance),107,Completed,Yes,Critical,Good,Maintenance executed under standard S&T divisional safety window.
HST-01740,AST-ENG-0098,2026-08-03,Rail Grinding,Rail Surface Corrugation,Repaired and calibrated Rail Surface Corrugation,301,Completed,Yes,Critical,Good,Maintenance executed under standard Engineering divisional safety window.
HST-01741,AST-S&T-0291,2026-06-22,Track Circuit Maintenance,Track Circuit Dropping / False Occupancy,Replaced defective wear components for Track Circuit Dropping / False Occupancy,66,Requires Follow-up,Partial,Fair,Fair,Maintenance executed under standard S&T divisional safety window.
HST-01742,AST-ENG-0170,2026-02-20,Ballast Cleaning,Cess / Drainage Deepening,Executed scheduled overhaul of Ballast Cleaning,192,Completed,Yes,Poor,Good,Maintenance executed under standard Engineering divisional safety window.
HST-01743,AST-ENG-0093,2025-10-13,Sleeper Replacement,Bridge Timber Sleeper Decay,Repaired and calibrated Bridge Timber Sleeper Decay,152,Completed,Yes,Fair,Good,Maintenance executed under standard Engineering divisional safety window.
HST-01744,AST-S&T-0220,2026-01-21,Axle Counter Maintenance,Track Device (Sensor) Misalignment,Repaired and calibrated Track Device (Sensor) Misalignment,80,Completed,Yes,Poor,Good,Maintenance executed under standard S&T divisional safety window.
HST-01745,AST-TRD-0440,2026-04-04,OHE Component Replacement,Insulator Flashover / Broken Porcelain Disc,Executed scheduled overhaul of OHE Component Replacement,160,Completed,Yes,Fair,Good,Maintenance executed under standard TRD divisional safety window.
HST-01746,AST-TRD-0535,2026-08-15,OHE Component Replacement,Cantilever Bracket Assembly Misalignment,Joint safety inspection and rectified Cantilever Bracket Assembly Misalignment,161,Completed,Yes,Degraded,Good,Maintenance executed under standard TRD divisional safety window.
HST-01747,AST-TRD-0553,2026-03-29,OHE Component Replacement,Insulator Flashover / Broken Porcelain Disc,Joint safety inspection and rectified Insulator Flashover / Broken Porcelain Disc,141,Completed,Yes,Degraded,Good,Maintenance executed under standard TRD divisional safety window.
HST-01748,AST-ENG-0196,2026-04-09,Sleeper Replacement,Points & Crossing Special Turnout Sleeper Shift,Joint safety inspection and rectified Points & Crossing Special Turnout Sleeper Shift,236,Completed,Yes,Critical,Good,Maintenance executed under standard Engineering divisional safety window.
HST-01749,AST-S&T-0331,2026-05-01,Axle Counter Maintenance,Track Device (Sensor) Misalignment,Routine preventive servicing and functional testing,57,Completed,Yes,Fair,Good,Maintenance executed under standard S&T divisional safety window.
HST-01750,AST-TRD-0517,2026-06-23,Tower Wagon Inspection,Neutral Section (PTFE Type) Inspection,Replaced defective wear components for Neutral Section (PTFE Type) Inspection,113,Completed,Yes,Poor,Good,Maintenance executed under standard TRD divisional safety window.
HST-01751,AST-TRD-0562,2026-03-20,Tower Wagon Inspection,Neutral Section (PTFE Type) Inspection,Executed scheduled overhaul of Tower Wagon Inspection,99,Requires Follow-up,Partial,Critical,Fair,Maintenance executed under standard TRD divisional safety window.
HST-01752,AST-ENG-0064,2026-05-29,Rail Replacement,Corroded Rail Flange,Repaired and calibrated Corroded Rail Flange,251,Completed,Yes,Poor,Good,Maintenance executed under standard Engineering divisional safety window.
HST-01753,AST-ENG-0002,2025-10-09,Track Inspection,Ultrasonic Rail Flaw Detection (USFD) Anomaly,Joint safety inspection and rectified Ultrasonic Rail Flaw Detection (USFD) Anomaly,92,Completed,Yes,Poor,Good,Maintenance executed under standard Engineering divisional safety window.
HST-01754,AST-TRD-0464,2026-03-05,Contact Wire Replacement,Turnout Overlap Wire Renewal,Routine preventive servicing and functional testing,260,Completed,Yes,Poor,Good,Maintenance executed under standard TRD divisional safety window.
HST-01755,AST-S&T-0224,2026-06-17,Point Machine Maintenance,Point Machine Out of Adjustment / Flashover,Executed scheduled overhaul of Point Machine Maintenance,101,Completed,Yes,Fair,Good,Maintenance executed under standard S&T divisional safety window.
HST-01756,AST-TRD-0572,2026-07-04,Contact Wire Replacement,Contact Wire Parting / Snap Incident,Joint safety inspection and rectified Contact Wire Parting / Snap Incident,193,Completed,Yes,Poor,Good,Maintenance executed under standard TRD divisional safety window.
HST-01757,AST-ENG-0177,2025-12-08,Track Inspection,Ultrasonic Rail Flaw Detection (USFD) Anomaly,Routine preventive servicing and functional testing,101,Completed,Yes,Poor,Good,Maintenance executed under standard Engineering divisional safety window.
HST-01758,AST-TRD-0402,2026-02-21,OHE Wire Maintenance,Cross Feeder Wire Vibration Fatigue,Routine preventive servicing and functional testing,118,Completed,Yes,Critical,Good,Maintenance executed under standard TRD divisional safety window.
HST-01759,AST-ENG-0040,2025-12-14,Track Tamping,Track Alignment & Level Deviation,Routine preventive servicing and functional testing,214,Completed,Yes,Degraded,Good,Maintenance executed under standard Engineering divisional safety window.
HST-01760,AST-S&T-0394,2025-10-24,Signal Inspection,Aspect Current Sensor Anomaly,Replaced defective wear components for Aspect Current Sensor Anomaly,42,Completed,Yes,Poor,Good,Maintenance executed under standard S&T divisional safety window.
HST-01761,AST-TRD-0533,2025-11-15,OHE Component Replacement,Insulator Flashover / Broken Porcelain Disc,Replaced defective wear components for Insulator Flashover / Broken Porcelain Disc,91,Completed,Yes,Poor,Good,Maintenance executed under standard TRD divisional safety window.
HST-01762,AST-TRD-0541,2026-02-20,OHE Inspection,Thermal Hotspot in Isolator / Jumper,Executed scheduled overhaul of OHE Inspection,81,Completed,Yes,Fair,Good,Maintenance executed under standard TRD divisional safety window.
HST-01763,AST-S&T-0209,2026-05-06,Track Circuit Maintenance,Ballast Resistance Leakage (Low Ballast Resistance),Repaired and calibrated Ballast Resistance Leakage (Low Ballast Resistance),120,Completed,Yes,Poor,Good,Maintenance executed under standard S&T divisional safety window.
HST-01764,AST-ENG-0166,2025-11-04,Track Inspection,Ballast Deficiency / Shoulder Loss,Replaced defective wear components for Ballast Deficiency / Shoulder Loss,198,Completed,Yes,Critical,Good,Maintenance executed under standard Engineering divisional safety window.
HST-01765,AST-ENG-0139,2026-08-08,Rail Replacement,Fractured Rail Segment,Executed scheduled overhaul of Rail Replacement,178,Completed,Yes,Critical,Good,Maintenance executed under standard Engineering divisional safety window.
HST-01766,AST-S&T-0371,2025-12-12,Track Circuit Maintenance,Track Lead Cable Sheath Damage,Replaced defective wear components for Track Lead Cable Sheath Damage,58,Completed,Yes,Degraded,Good,Maintenance executed under standard S&T divisional safety window.
HST-01767,AST-ENG-0137,2026-04-29,Rail Replacement,Rail Burn / Scabbing Defect,Routine preventive servicing and functional testing,159,Completed,Yes,Degraded,Good,Maintenance executed under standard Engineering divisional safety window.
HST-01768,AST-S&T-0377,2026-03-10,Track Circuit Maintenance,Track Relay Choke Coil Breakdown,Routine preventive servicing and functional testing,97,Completed,Yes,Poor,Good,Maintenance executed under standard S&T divisional safety window.
HST-01769,AST-ENG-0027,2026-06-03,Sleeper Replacement,Damaged Elastic Rail Clips (ERC),Replaced defective wear components for Damaged Elastic Rail Clips (ERC),112,Completed,Yes,Fair,Good,Maintenance executed under standard Engineering divisional safety window.
HST-01770,AST-ENG-0176,2025-12-31,Sleeper Replacement,Perished Grooved Rubber Sole Plates (GRSP),Joint safety inspection and rectified Perished Grooved Rubber Sole Plates (GRSP),161,Completed,Yes,Fair,Good,Maintenance executed under standard Engineering divisional safety window.
HST-01771,AST-TRD-0472,2026-03-10,OHE Wire Maintenance,Anti-Creep Wire Sagging,Executed scheduled overhaul of OHE Wire Maintenance,146,Completed,Yes,Fair,Good,Maintenance executed under standard TRD divisional safety window.
HST-01772,AST-ENG-0144,2026-02-12,Rail Replacement,Corroded Rail Flange,Routine preventive servicing and functional testing,189,Completed,Yes,Degraded,Good,Maintenance executed under standard Engineering divisional safety window.
HST-01773,AST-S&T-0240,2026-04-05,Signal Maintenance,Integrated Power Supply (IPS) Module Failure,Joint safety inspection and rectified Integrated Power Supply (IPS) Module Failure,141,Completed,Yes,Fair,Good,Maintenance executed under standard S&T divisional safety window.
HST-01774,AST-TRD-0469,2026-04-27,OHE Wire Maintenance,Anti-Creep Wire Sagging,Executed scheduled overhaul of OHE Wire Maintenance,100,Completed,Yes,Fair,Good,Maintenance executed under standard TRD divisional safety window.
HST-01775,AST-S&T-0334,2025-09-28,Axle Counter Maintenance,Digital Axle Counter (SSDAC/HASDAC) Count Error,Routine preventive servicing and functional testing,78,Requires Follow-up,Partial,Critical,Fair,Maintenance executed under standard S&T divisional safety window.
HST-01776,AST-S&T-0215,2026-07-31,Axle Counter Maintenance,Axle Counter Evaluator Card Failure,Joint safety inspection and rectified Axle Counter Evaluator Card Failure,105,Completed,Yes,Degraded,Good,Maintenance executed under standard S&T divisional safety window.
HST-01777,AST-TRD-0428,2026-01-02,OHE Inspection,Catenary Dropper Missing / Damaged,Routine preventive servicing and functional testing,52,Completed,Yes,Degraded,Good,Maintenance executed under standard TRD divisional safety window.
HST-01778,AST-TRD-0548,2026-02-25,Contact Wire Replacement,Turnout Overlap Wire Renewal,Executed scheduled overhaul of Contact Wire Replacement,246,Completed,Yes,Degraded,Good,Maintenance executed under standard TRD divisional safety window.
HST-01779,AST-ENG-0086,2026-03-20,Track Inspection,Track Geometry Gauge Variation,Repaired and calibrated Track Geometry Gauge Variation,82,Completed,Yes,Poor,Good,Maintenance executed under standard Engineering divisional safety window.
HST-01780,AST-ENG-0177,2025-12-27,Track Inspection,Buffer Stop Foundation Settlement,Replaced defective wear components for Buffer Stop Foundation Settlement,115,Completed,Yes,Fair,Good,Maintenance executed under standard Engineering divisional safety window.
HST-01781,AST-S&T-0312,2026-03-12,Telecom Equipment Maintenance,VHF / MTRC Radio Base Station Fault,Joint safety inspection and rectified VHF / MTRC Radio Base Station Fault,104,Completed,Yes,Fair,Good,Maintenance executed under standard S&T divisional safety window.
HST-01782,AST-ENG-0199,2026-02-19,Rail Grinding,Rolling Contact Fatigue / Head Checking,Replaced defective wear components for Rolling Contact Fatigue / Head Checking,265,Completed,Yes,Poor,Good,Maintenance executed under standard Engineering divisional safety window.
HST-01783,AST-ENG-0192,2026-06-17,Ballast Cleaning,Level Crossing Ballast Deep Screening,Joint safety inspection and rectified Level Crossing Ballast Deep Screening,274,Completed,Yes,Poor,Good,Maintenance executed under standard Engineering divisional safety window.
HST-01784,AST-ENG-0131,2026-06-22,Sleeper Replacement,Bridge Timber Sleeper Decay,Replaced defective wear components for Bridge Timber Sleeper Decay,221,Completed,Yes,Critical,Good,Maintenance executed under standard Engineering divisional safety window.
HST-01785,AST-S&T-0327,2026-05-12,Telecom Equipment Maintenance,Passenger Information System (PIS) Display Node Link Drop,Executed scheduled overhaul of Telecom Equipment Maintenance,62,Completed,Yes,Fair,Good,Maintenance executed under standard S&T divisional safety window.
HST-01786,AST-ENG-0156,2026-05-10,Track Inspection,Track Geometry Gauge Variation,Repaired and calibrated Track Geometry Gauge Variation,78,Completed,Yes,Critical,Good,Maintenance executed under standard Engineering divisional safety window.
HST-01787,AST-S&T-0227,2025-10-12,Axle Counter Maintenance,Axle Counter Evaluator Card Failure,Joint safety inspection and rectified Axle Counter Evaluator Card Failure,112,Completed,Yes,Poor,Good,Maintenance executed under standard S&T divisional safety window.
HST-01788,AST-TRD-0439,2025-12-24,OHE Inspection,Contact Wire Height & Stagger Deviation,Joint safety inspection and rectified Contact Wire Height & Stagger Deviation,119,Completed,Yes,Fair,Good,Maintenance executed under standard TRD divisional safety window.
HST-01789,AST-TRD-0431,2025-10-29,OHE Inspection,Section Insulator Arcing Horn Burn,Joint safety inspection and rectified Section Insulator Arcing Horn Burn,83,Completed,Yes,Critical,Good,Maintenance executed under standard TRD divisional safety window.
HST-01790,AST-S&T-0374,2026-06-25,Point Machine Maintenance,Ground Connection Rodding Buckling,Routine preventive servicing and functional testing,74,Completed,Yes,Critical,Good,Maintenance executed under standard S&T divisional safety window.
HST-01791,AST-TRD-0506,2025-09-25,OHE Inspection,Contact Wire Height & Stagger Deviation,Joint safety inspection and rectified Contact Wire Height & Stagger Deviation,120,Completed,Yes,Degraded,Good,Maintenance executed under standard TRD divisional safety window.
HST-01792,AST-ENG-0175,2025-12-09,Rail Replacement,Corroded Rail Flange,Joint safety inspection and rectified Corroded Rail Flange,210,Completed,Yes,Degraded,Good,Maintenance executed under standard Engineering divisional safety window.
HST-01793,AST-TRD-0431,2025-11-20,OHE Component Replacement,Cantilever Bracket Assembly Misalignment,Executed scheduled overhaul of OHE Component Replacement,151,Completed,Yes,Critical,Good,Maintenance executed under standard TRD divisional safety window.
HST-01794,AST-ENG-0054,2026-05-08,Track Inspection,Ultrasonic Rail Flaw Detection (USFD) Anomaly,Joint safety inspection and rectified Ultrasonic Rail Flaw Detection (USFD) Anomaly,118,Completed,Yes,Poor,Good,Maintenance executed under standard Engineering divisional safety window.
HST-01795,AST-S&T-0348,2026-07-10,Signal Maintenance,Electronic Interlocking (EI) VDU Communication Fault,Routine preventive servicing and functional testing,113,Completed,Yes,Fair,Good,Maintenance executed under standard S&T divisional safety window.
HST-01796,AST-TRD-0473,2025-10-13,OHE Component Replacement,Cantilever Bracket Assembly Misalignment,Joint safety inspection and rectified Cantilever Bracket Assembly Misalignment,114,Completed,Yes,Critical,Good,Maintenance executed under standard TRD divisional safety window.
HST-01797,AST-TRD-0584,2025-09-15,Tower Wagon Inspection,Tunnel OHE Catenary Clearance Check,Replaced defective wear components for Tunnel OHE Catenary Clearance Check,156,Completed,Yes,Critical,Good,Maintenance executed under standard TRD divisional safety window.
HST-01798,AST-S&T-0261,2025-10-18,Signal Inspection,Signal Sighting Distance Obstruction,Repaired and calibrated Signal Sighting Distance Obstruction,76,Completed,Yes,Degraded,Good,Maintenance executed under standard S&T divisional safety window.
HST-01799,AST-ENG-0156,2025-11-25,Points & Crossing Maintenance,Loose Stretcher Bar Bolts,Executed scheduled overhaul of Points & Crossing Maintenance,80,Completed,Yes,Critical,Good,Maintenance executed under standard Engineering divisional safety window.
HST-01800,AST-S&T-0242,2026-03-04,Point Machine Maintenance,Crank Handle Interlock Microswitch Jam,Executed scheduled overhaul of Point Machine Maintenance,33,Completed,Yes,Degraded,Good,Maintenance executed under standard S&T divisional safety window.
HST-01801,AST-TRD-0437,2026-05-22,OHE Wire Maintenance,Catenary Wire Strand Broken,Repaired and calibrated Catenary Wire Strand Broken,262,Completed,Yes,Poor,Good,Maintenance executed under standard TRD divisional safety window.
HST-01802,AST-S&T-0262,2026-05-12,Track Circuit Maintenance,Track Circuit Dropping / False Occupancy,Routine preventive servicing and functional testing,67,Completed,Yes,Degraded,Good,Maintenance executed under standard S&T divisional safety window.
HST-01803,AST-S&T-0332,2026-03-10,Point Machine Maintenance,Crank Handle Interlock Microswitch Jam,Executed scheduled overhaul of Point Machine Maintenance,41,Completed,Yes,Critical,Good,Maintenance executed under standard S&T divisional safety window.
HST-01804,AST-ENG-0186,2025-11-16,Track Inspection,Formation / Embankment Settlement,Replaced defective wear components for Formation / Embankment Settlement,191,Completed,Yes,Poor,Good,Maintenance executed under standard Engineering divisional safety window.
HST-01805,AST-TRD-0467,2026-06-16,Contact Wire Replacement,In-Span Splice Elimination,Joint safety inspection and rectified In-Span Splice Elimination,311,Completed,Yes,Critical,Good,Maintenance executed under standard TRD divisional safety window.
HST-01806,AST-S&T-0235,2026-03-27,Track Circuit Maintenance,Bond Wire Broken / Disconnected,Replaced defective wear components for Bond Wire Broken / Disconnected,60,Completed,Yes,Critical,Good,Maintenance executed under standard S&T divisional safety window.
HST-01807,AST-ENG-0156,2026-02-23,Rail Replacement,Curve Gauge Corner Shelling / Spalling,Routine preventive servicing and functional testing,260,Completed,Yes,Fair,Good,Maintenance executed under standard Engineering divisional safety window.
HST-01808,AST-ENG-0075,2026-03-16,Ballast Cleaning,Cess / Drainage Deepening,Replaced defective wear components for Cess / Drainage Deepening,294,Completed,Yes,Degraded,Good,Maintenance executed under standard Engineering divisional safety window.
HST-01809,AST-ENG-0120,2025-09-10,Track Inspection,Buffer Stop Foundation Settlement,Routine preventive servicing and functional testing,112,Completed,Yes,Poor,Good,Maintenance executed under standard Engineering divisional safety window.
HST-01810,AST-ENG-0138,2026-04-30,Track Inspection,Diamond Crossing Flange Wear,Replaced defective wear components for Diamond Crossing Flange Wear,115,Completed,Yes,Poor,Good,Maintenance executed under standard Engineering divisional safety window.
HST-01811,AST-S&T-0266,2026-03-25,Axle Counter Maintenance,High Voltage Surge Suppressor Burnout,Replaced defective wear components for High Voltage Surge Suppressor Burnout,43,Completed,Yes,Fair,Good,Maintenance executed under standard S&T divisional safety window.
HST-01812,AST-S&T-0322,2026-03-28,Signal Maintenance,Signal Blank / Lamp Failure,Replaced defective wear components for Signal Blank / Lamp Failure,117,Requires Follow-up,Partial,Critical,Fair,Maintenance executed under standard S&T divisional safety window.
HST-01813,AST-TRD-0524,2025-10-22,Tower Wagon Inspection,Routine Catenary & OHE Profile Survey,Replaced defective wear components for Routine Catenary & OHE Profile Survey,201,Completed,Yes,Degraded,Good,Maintenance executed under standard TRD divisional safety window.
HST-01814,AST-ENG-0155,2025-10-30,Rail Grinding,Turnout Switch & Stock Rail Profile Restoration,Joint safety inspection and rectified Turnout Switch & Stock Rail Profile Restoration,199,Completed,Yes,Critical,Good,Maintenance executed under standard Engineering divisional safety window.
HST-01815,AST-S&T-0330,2025-12-22,Telecom Equipment Maintenance,Emergency Control Telephone (EC) Socket Defect,Replaced defective wear components for Emergency Control Telephone (EC) Socket Defect,61,Completed,Yes,Degraded,Good,Maintenance executed under standard S&T divisional safety window.
HST-01816,AST-ENG-0140,2026-06-19,Sleeper Replacement,Broken PSC Sleeper,Routine preventive servicing and functional testing,143,Completed,Yes,Degraded,Good,Maintenance executed under standard Engineering divisional safety window.
HST-01817,AST-TRD-0539,2026-03-02,Contact Wire Replacement,Turnout Overlap Wire Renewal,Replaced defective wear components for Turnout Overlap Wire Renewal,274,Completed,Yes,Degraded,Good,Maintenance executed under standard TRD divisional safety window.
HST-01818,AST-S&T-0219,2026-01-29,Axle Counter Maintenance,Track Device (Sensor) Misalignment,Repaired and calibrated Track Device (Sensor) Misalignment,56,Completed,Yes,Degraded,Good,Maintenance executed under standard S&T divisional safety window.
HST-01819,AST-S&T-0262,2026-02-01,Track Circuit Maintenance,Track Lead Cable Sheath Damage,Repaired and calibrated Track Lead Cable Sheath Damage,76,Completed,Yes,Critical,Good,Maintenance executed under standard S&T divisional safety window.
HST-01820,AST-S&T-0295,2026-05-11,Telecom Equipment Maintenance,VHF / MTRC Radio Base Station Fault,Replaced defective wear components for VHF / MTRC Radio Base Station Fault,92,Completed,Yes,Poor,Good,Maintenance executed under standard S&T divisional safety window.
HST-01821,AST-S&T-0231,2025-09-13,Telecom Equipment Maintenance,Yard CCTV Surveillance Node Offline,Routine preventive servicing and functional testing,51,Requires Follow-up,Partial,Critical,Fair,Maintenance executed under standard S&T divisional safety window.
HST-01822,AST-ENG-0036,2026-03-19,Points & Crossing Maintenance,Switch Toe Gap Out of Tolerance,Replaced defective wear components for Switch Toe Gap Out of Tolerance,101,Completed,Yes,Fair,Good,Maintenance executed under standard Engineering divisional safety window.
HST-01823,AST-TRD-0413,2025-12-08,Contact Wire Replacement,Loop Line Contact Wire Heavy Carbonization,Routine preventive servicing and functional testing,263,Completed,Yes,Fair,Good,Maintenance executed under standard TRD divisional safety window.
HST-01824,AST-S&T-0329,2026-02-10,Telecom Equipment Maintenance,Emergency Control Telephone (EC) Socket Defect,Replaced defective wear components for Emergency Control Telephone (EC) Socket Defect,51,Requires Follow-up,Partial,Fair,Fair,Maintenance executed under standard S&T divisional safety window.
HST-01825,AST-TRD-0484,2026-03-14,Contact Wire Replacement,Turnout Overlap Wire Renewal,Joint safety inspection and rectified Turnout Overlap Wire Renewal,278,Completed,Yes,Critical,Good,Maintenance executed under standard TRD divisional safety window.
HST-01826,AST-TRD-0571,2026-08-09,Contact Wire Replacement,Turnout Overlap Wire Renewal,Routine preventive servicing and functional testing,178,Completed,Yes,Fair,Good,Maintenance executed under standard TRD divisional safety window.
HST-01827,AST-S&T-0244,2026-06-22,Axle Counter Maintenance,Digital Axle Counter (SSDAC/HASDAC) Count Error,Routine preventive servicing and functional testing,82,Completed,Yes,Critical,Good,Maintenance executed under standard S&T divisional safety window.
HST-01828,AST-ENG-0001,2025-11-12,Track Inspection,Ultrasonic Rail Flaw Detection (USFD) Anomaly,Executed scheduled overhaul of Track Inspection,145,Completed,Yes,Poor,Good,Maintenance executed under standard Engineering divisional safety window.
HST-01829,AST-ENG-0051,2026-04-11,Rail Grinding,Turnout Switch & Stock Rail Profile Restoration,Executed scheduled overhaul of Rail Grinding,171,Completed,Yes,Critical,Good,Maintenance executed under standard Engineering divisional safety window.
HST-01830,AST-ENG-0197,2025-12-31,Rail Replacement,Rail Burn / Scabbing Defect,Joint safety inspection and rectified Rail Burn / Scabbing Defect,128,Requires Follow-up,Partial,Fair,Fair,Maintenance executed under standard Engineering divisional safety window.
HST-01831,AST-ENG-0016,2026-03-06,Sleeper Replacement,Points & Crossing Special Turnout Sleeper Shift,Repaired and calibrated Points & Crossing Special Turnout Sleeper Shift,182,Completed,Yes,Fair,Good,Maintenance executed under standard Engineering divisional safety window.
HST-01832,AST-ENG-0151,2025-11-13,Points & Crossing Maintenance,Loose Stretcher Bar Bolts,Routine preventive servicing and functional testing,61,Completed,Yes,Poor,Good,Maintenance executed under standard Engineering divisional safety window.
HST-01833,AST-S&T-0382,2026-07-07,Track Circuit Maintenance,Track Circuit Dropping / False Occupancy,Repaired and calibrated Track Circuit Dropping / False Occupancy,63,Completed,Yes,Poor,Good,Maintenance executed under standard S&T divisional safety window.
HST-01834,AST-TRD-0435,2026-06-28,Tower Wagon Inspection,Tunnel OHE Catenary Clearance Check,Routine preventive servicing and functional testing,236,Requires Follow-up,Partial,Critical,Fair,Maintenance executed under standard TRD divisional safety window.
HST-01835,AST-TRD-0464,2026-04-07,Tower Wagon Inspection,Neutral Section (PTFE Type) Inspection,Executed scheduled overhaul of Tower Wagon Inspection,99,Completed,Yes,Fair,Good,Maintenance executed under standard TRD divisional safety window.
HST-01836,AST-TRD-0448,2026-03-11,Tower Wagon Inspection,Tunnel OHE Catenary Clearance Check,Joint safety inspection and rectified Tunnel OHE Catenary Clearance Check,162,Completed,Yes,Critical,Good,Maintenance executed under standard TRD divisional safety window.
HST-01837,AST-TRD-0487,2026-07-23,OHE Wire Maintenance,Contact Wire Splice Sleeve Deformation,Repaired and calibrated Contact Wire Splice Sleeve Deformation,131,Completed,Yes,Critical,Good,Maintenance executed under standard TRD divisional safety window.
HST-01838,AST-ENG-0109,2026-08-16,Track Inspection,Switch Expansion Joint (SEJ) Gap Abnormality,Routine preventive servicing and functional testing,120,Completed,Yes,Critical,Good,Maintenance executed under standard Engineering divisional safety window.
HST-01839,AST-ENG-0108,2026-02-08,Track Inspection,Derailment Catch Siding Switch Inspection,Repaired and calibrated Derailment Catch Siding Switch Inspection,90,Completed,Yes,Critical,Good,Maintenance executed under standard Engineering divisional safety window.
HST-01840,AST-ENG-0024,2026-06-29,Track Tamping,Post-Renewal Track Stabilization,Executed scheduled overhaul of Track Tamping,178,Completed,Yes,Degraded,Good,Maintenance executed under standard Engineering divisional safety window.
HST-01841,AST-ENG-0101,2026-08-16,Sleeper Replacement,Damaged Elastic Rail Clips (ERC),Repaired and calibrated Damaged Elastic Rail Clips (ERC),110,Completed,Yes,Critical,Good,Maintenance executed under standard Engineering divisional safety window.
HST-01842,AST-S&T-0310,2026-03-02,Track Circuit Maintenance,Track Lead Cable Sheath Damage,Repaired and calibrated Track Lead Cable Sheath Damage,53,Completed,Yes,Fair,Good,Maintenance executed under standard S&T divisional safety window.
HST-01843,AST-TRD-0530,2025-12-07,OHE Component Replacement,Traction Substation 132kV Isolator Contact Blade Pitting,Repaired and calibrated Traction Substation 132kV Isolator Contact Blade Pitting,151,Completed,Yes,Poor,Good,Maintenance executed under standard TRD divisional safety window.
HST-01844,AST-ENG-0123,2025-12-12,Rail Replacement,Excessive Rail Wear Beyond Limit,Routine preventive servicing and functional testing,194,Completed,Yes,Degraded,Good,Maintenance executed under standard Engineering divisional safety window.
HST-01845,AST-TRD-0421,2025-11-23,OHE Wire Maintenance,Bridging Jumper Burning / Degradation,Repaired and calibrated Bridging Jumper Burning / Degradation,102,Completed,Yes,Degraded,Good,Maintenance executed under standard TRD divisional safety window.
HST-01846,AST-TRD-0495,2026-06-19,OHE Component Replacement,Traction Substation 25kV Vacuum Circuit Breaker (VCB) Fault,Replaced defective wear components for Traction Substation 25kV Vacuum Circuit Breaker (VCB) Fault,213,Completed,Yes,Poor,Good,Maintenance executed under standard TRD divisional safety window.
HST-01847,AST-ENG-0169,2026-03-07,Track Inspection,Derailment Catch Siding Switch Inspection,Replaced defective wear components for Derailment Catch Siding Switch Inspection,78,Completed,Yes,Poor,Good,Maintenance executed under standard Engineering divisional safety window.
HST-01848,AST-S&T-0384,2026-01-07,Signal Maintenance,Signal Post Corrosion & Alignment Tilt,Replaced defective wear components for Signal Post Corrosion & Alignment Tilt,142,Completed,Yes,Critical,Good,Maintenance executed under standard S&T divisional safety window.
HST-01849,AST-ENG-0142,2025-10-17,Track Tamping,Crossover S-Curve Alignment Tamping,Executed scheduled overhaul of Track Tamping,166,Completed,Yes,Poor,Good,Maintenance executed under standard Engineering divisional safety window.
HST-01850,AST-ENG-0004,2025-10-25,Track Inspection,Level Crossing Check Rail Flangeway Clogging,Replaced defective wear components for Level Crossing Check Rail Flangeway Clogging,48,Completed,Yes,Fair,Good,Maintenance executed under standard Engineering divisional safety window.
HST-01851,AST-S&T-0311,2026-04-12,Signal Maintenance,Signal Blank / Lamp Failure,Repaired and calibrated Signal Blank / Lamp Failure,95,Completed,Yes,Poor,Good,Maintenance executed under standard S&T divisional safety window.
HST-01852,AST-TRD-0522,2025-11-26,Tower Wagon Inspection,Neutral Section (PTFE Type) Inspection,Replaced defective wear components for Neutral Section (PTFE Type) Inspection,141,Completed,Yes,Degraded,Good,Maintenance executed under standard TRD divisional safety window.
HST-01853,AST-TRD-0507,2025-12-05,OHE Inspection,Contact Wire Height & Stagger Deviation,Repaired and calibrated Contact Wire Height & Stagger Deviation,148,Requires Follow-up,Partial,Degraded,Fair,Maintenance executed under standard TRD divisional safety window.
HST-01854,AST-S&T-0276,2025-11-08,Track Circuit Maintenance,Bond Wire Broken / Disconnected,Routine preventive servicing and functional testing,60,Completed,Yes,Poor,Good,Maintenance executed under standard S&T divisional safety window.
HST-01855,AST-S&T-0250,2026-03-30,Point Machine Maintenance,Point Machine Motor Replacement,Replaced defective wear components for Point Machine Motor Replacement,157,Requires Follow-up,Partial,Critical,Fair,Maintenance executed under standard S&T divisional safety window.
HST-01856,AST-S&T-0336,2026-06-05,Track Circuit Maintenance,Ballast Resistance Leakage (Low Ballast Resistance),Joint safety inspection and rectified Ballast Resistance Leakage (Low Ballast Resistance),85,Completed,Yes,Degraded,Good,Maintenance executed under standard S&T divisional safety window.
HST-01857,AST-ENG-0120,2026-03-18,Ballast Cleaning,Shoulder Ballast Contamination,Repaired and calibrated Shoulder Ballast Contamination,300,Completed,Yes,Critical,Good,Maintenance executed under standard Engineering divisional safety window.
HST-01858,AST-ENG-0082,2026-08-01,Track Tamping,Track Alignment & Level Deviation,Executed scheduled overhaul of Track Tamping,305,Requires Follow-up,Partial,Fair,Fair,Maintenance executed under standard Engineering divisional safety window.
HST-01859,AST-TRD-0512,2026-01-02,OHE Inspection,Section Insulator Arcing Horn Burn,Replaced defective wear components for Section Insulator Arcing Horn Burn,103,Requires Follow-up,Partial,Fair,Fair,Maintenance executed under standard TRD divisional safety window.
HST-01860,AST-S&T-0258,2025-12-07,Track Circuit Maintenance,Ballast Resistance Leakage (Low Ballast Resistance),Joint safety inspection and rectified Ballast Resistance Leakage (Low Ballast Resistance),68,Requires Follow-up,Partial,Poor,Fair,Maintenance executed under standard S&T divisional safety window.
HST-01861,AST-S&T-0234,2026-01-07,Telecom Equipment Maintenance,Passenger Information System (PIS) Display Node Link Drop,Repaired and calibrated Passenger Information System (PIS) Display Node Link Drop,66,Completed,Yes,Poor,Good,Maintenance executed under standard S&T divisional safety window.
HST-01862,AST-TRD-0404,2026-01-01,OHE Component Replacement,Traction Substation 25kV Vacuum Circuit Breaker (VCB) Fault,Repaired and calibrated Traction Substation 25kV Vacuum Circuit Breaker (VCB) Fault,179,Completed,Yes,Degraded,Good,Maintenance executed under standard TRD divisional safety window.
HST-01863,AST-ENG-0172,2026-03-15,Ballast Cleaning,Level Crossing Ballast Deep Screening,Joint safety inspection and rectified Level Crossing Ballast Deep Screening,384,Completed,Yes,Poor,Good,Maintenance executed under standard Engineering divisional safety window.
HST-01864,AST-ENG-0190,2026-06-16,Rail Replacement,Fractured Rail Segment,Repaired and calibrated Fractured Rail Segment,220,Completed,Yes,Fair,Good,Maintenance executed under standard Engineering divisional safety window.
HST-01865,AST-TRD-0402,2026-07-01,Contact Wire Replacement,Turnout Overlap Wire Renewal,Repaired and calibrated Turnout Overlap Wire Renewal,175,Completed,Yes,Degraded,Good,Maintenance executed under standard TRD divisional safety window.
HST-01866,AST-ENG-0007,2026-07-13,Track Tamping,Track Alignment & Level Deviation,Joint safety inspection and rectified Track Alignment & Level Deviation,245,Completed,Yes,Poor,Good,Maintenance executed under standard Engineering divisional safety window.
HST-01867,AST-S&T-0206,2026-02-11,Point Machine Maintenance,Point Machine Out of Adjustment / Flashover,Replaced defective wear components for Point Machine Out of Adjustment / Flashover,91,Completed,Yes,Fair,Good,Maintenance executed under standard S&T divisional safety window.
HST-01868,AST-ENG-0110,2025-12-06,Points & Crossing Maintenance,Worn CMS Crossing Nose,Joint safety inspection and rectified Worn CMS Crossing Nose,174,Completed,Yes,Fair,Good,Maintenance executed under standard Engineering divisional safety window.
HST-01869,AST-ENG-0184,2026-07-24,Track Inspection,Formation / Embankment Settlement,Repaired and calibrated Formation / Embankment Settlement,318,Completed,Yes,Fair,Good,Maintenance executed under standard Engineering divisional safety window.
HST-01870,AST-TRD-0545,2026-02-08,OHE Inspection,Contact Wire Height & Stagger Deviation,Repaired and calibrated Contact Wire Height & Stagger Deviation,98,Completed,Yes,Critical,Good,Maintenance executed under standard TRD divisional safety window.
HST-01871,AST-S&T-0374,2025-11-10,Signal Maintenance,Electronic Interlocking (EI) VDU Communication Fault,Executed scheduled overhaul of Signal Maintenance,84,Requires Follow-up,Partial,Poor,Fair,Maintenance executed under standard S&T divisional safety window.
HST-01872,AST-TRD-0538,2025-12-30,OHE Inspection,Neutral Section Transverse Slew Anomaly,Executed scheduled overhaul of OHE Inspection,102,Completed,Yes,Degraded,Good,Maintenance executed under standard TRD divisional safety window.
HST-01873,AST-TRD-0492,2026-03-21,OHE Inspection,Catenary Dropper Missing / Damaged,Routine preventive servicing and functional testing,60,Completed,Yes,Critical,Good,Maintenance executed under standard TRD divisional safety window.
HST-01874,AST-TRD-0491,2026-06-25,Tower Wagon Inspection,Overline Structure / Bridge Clearance Audit,Routine preventive servicing and functional testing,178,Completed,Yes,Fair,Good,Maintenance executed under standard TRD divisional safety window.
HST-01875,AST-TRD-0436,2026-03-15,Tower Wagon Inspection,Substation Feeder Jumper Maintenance,Repaired and calibrated Substation Feeder Jumper Maintenance,146,Completed,Yes,Fair,Good,Maintenance executed under standard TRD divisional safety window.
HST-01876,AST-TRD-0554,2026-03-06,OHE Inspection,Contact Wire Height & Stagger Deviation,Replaced defective wear components for Contact Wire Height & Stagger Deviation,153,Completed,Yes,Critical,Good,Maintenance executed under standard TRD divisional safety window.
HST-01877,AST-ENG-0052,2026-04-29,Track Inspection,Level Crossing Check Rail Flangeway Clogging,Routine preventive servicing and functional testing,57,Completed,Yes,Critical,Good,Maintenance executed under standard Engineering divisional safety window.
HST-01878,AST-S&T-0267,2026-02-25,Axle Counter Maintenance,Digital Axle Counter (SSDAC/HASDAC) Count Error,Replaced defective wear components for Digital Axle Counter (SSDAC/HASDAC) Count Error,67,Completed,Yes,Critical,Good,Maintenance executed under standard S&T divisional safety window.
HST-01879,AST-ENG-0096,2026-01-25,Sleeper Replacement,Points & Crossing Special Turnout Sleeper Shift,Routine preventive servicing and functional testing,171,Completed,Yes,Fair,Good,Maintenance executed under standard Engineering divisional safety window.
HST-01880,AST-TRD-0597,2026-03-27,OHE Inspection,Thermal Hotspot in Isolator / Jumper,Joint safety inspection and rectified Thermal Hotspot in Isolator / Jumper,85,Completed,Yes,Fair,Good,Maintenance executed under standard TRD divisional safety window.
HST-01881,AST-S&T-0252,2026-01-03,Signal Maintenance,Electronic Interlocking (EI) VDU Communication Fault,Joint safety inspection and rectified Electronic Interlocking (EI) VDU Communication Fault,76,Completed,Yes,Critical,Good,Maintenance executed under standard S&T divisional safety window.
HST-01882,AST-TRD-0529,2026-01-30,OHE Inspection,Section Insulator Arcing Horn Burn,Repaired and calibrated Section Insulator Arcing Horn Burn,110,Completed,Yes,Critical,Good,Maintenance executed under standard TRD divisional safety window.
HST-01883,AST-TRD-0467,2026-03-26,OHE Component Replacement,Traction Substation 25kV Vacuum Circuit Breaker (VCB) Fault,Executed scheduled overhaul of OHE Component Replacement,168,Requires Follow-up,Partial,Poor,Fair,Maintenance executed under standard TRD divisional safety window.
HST-01884,AST-TRD-0575,2025-12-19,Contact Wire Replacement,In-Span Splice Elimination,Executed scheduled overhaul of Contact Wire Replacement,322,Completed,Yes,Critical,Good,Maintenance executed under standard TRD divisional safety window.
HST-01885,AST-ENG-0079,2026-02-28,Ballast Cleaning,Cess / Drainage Deepening,Executed scheduled overhaul of Ballast Cleaning,272,Completed,Yes,Critical,Good,Maintenance executed under standard Engineering divisional safety window.
HST-01886,AST-ENG-0126,2025-11-22,Sleeper Replacement,Broken PSC Sleeper,Executed scheduled overhaul of Sleeper Replacement,162,Requires Follow-up,Partial,Degraded,Fair,Maintenance executed under standard Engineering divisional safety window.
HST-01887,AST-ENG-0155,2025-09-16,Track Tamping,Crossover S-Curve Alignment Tamping,Repaired and calibrated Crossover S-Curve Alignment Tamping,165,Completed,Yes,Fair,Good,Maintenance executed under standard Engineering divisional safety window.
HST-01888,AST-ENG-0143,2026-01-27,Rail Grinding,Rail Surface Corrugation,Repaired and calibrated Rail Surface Corrugation,296,Completed,Yes,Degraded,Good,Maintenance executed under standard Engineering divisional safety window.
HST-01889,AST-S&T-0230,2026-02-25,Telecom Equipment Maintenance,Yard CCTV Surveillance Node Offline,Joint safety inspection and rectified Yard CCTV Surveillance Node Offline,76,Completed,Yes,Poor,Good,Maintenance executed under standard S&T divisional safety window.
HST-01890,AST-TRD-0564,2026-02-17,Contact Wire Replacement,Severe Contact Wire Wear (< 74 sq mm),Replaced defective wear components for Severe Contact Wire Wear (< 74 sq mm),357,Completed,Yes,Fair,Good,Maintenance executed under standard TRD divisional safety window.
HST-01891,AST-TRD-0573,2026-01-01,OHE Wire Maintenance,Contact Wire Kink / Mechanical Damage,Executed scheduled overhaul of OHE Wire Maintenance,148,Completed,Yes,Degraded,Good,Maintenance executed under standard TRD divisional safety window.
HST-01892,AST-S&T-0213,2025-09-18,Telecom Equipment Maintenance,Passenger Information System (PIS) Display Node Link Drop,Joint safety inspection and rectified Passenger Information System (PIS) Display Node Link Drop,73,Completed,Yes,Poor,Good,Maintenance executed under standard S&T divisional safety window.
HST-01893,AST-ENG-0099,2026-05-27,Ballast Cleaning,Cess / Drainage Deepening,Executed scheduled overhaul of Ballast Cleaning,186,Completed,Yes,Poor,Good,Maintenance executed under standard Engineering divisional safety window.
HST-01894,AST-TRD-0534,2025-11-27,OHE Wire Maintenance,Contact Wire Kink / Mechanical Damage,Joint safety inspection and rectified Contact Wire Kink / Mechanical Damage,236,Completed,Yes,Degraded,Good,Maintenance executed under standard TRD divisional safety window.
HST-01895,AST-ENG-0012,2026-02-16,Rail Replacement,Defective Alumino-Thermic (AT) Weld Joint,Joint safety inspection and rectified Defective Alumino-Thermic (AT) Weld Joint,141,Completed,Yes,Fair,Good,Maintenance executed under standard Engineering divisional safety window.
HST-01896,AST-TRD-0412,2026-06-09,OHE Wire Maintenance,Contact Wire Splice Sleeve Deformation,Replaced defective wear components for Contact Wire Splice Sleeve Deformation,101,Completed,Yes,Poor,Good,Maintenance executed under standard TRD divisional safety window.
HST-01897,AST-S&T-0341,2026-02-06,Telecom Equipment Maintenance,Yard CCTV Surveillance Node Offline,Routine preventive servicing and functional testing,78,Completed,Yes,Degraded,Good,Maintenance executed under standard S&T divisional safety window.
HST-01898,AST-ENG-0041,2026-06-04,Ballast Cleaning,Station Yard Track Drain Choking,Repaired and calibrated Station Yard Track Drain Choking,177,Completed,Yes,Critical,Good,Maintenance executed under standard Engineering divisional safety window.
HST-01899,AST-ENG-0144,2026-07-03,Track Inspection,Buffer Stop Foundation Settlement,Repaired and calibrated Buffer Stop Foundation Settlement,81,Requires Follow-up,Partial,Poor,Fair,Maintenance executed under standard Engineering divisional safety window.
HST-01900,AST-ENG-0043,2026-05-15,Sleeper Replacement,Bridge Timber Sleeper Decay,Routine preventive servicing and functional testing,163,Completed,Yes,Critical,Good,Maintenance executed under standard Engineering divisional safety window.
HST-01901,AST-ENG-0119,2026-07-09,Sleeper Replacement,Perished Grooved Rubber Sole Plates (GRSP),Routine preventive servicing and functional testing,96,Completed,Yes,Fair,Good,Maintenance executed under standard Engineering divisional safety window.
HST-01902,AST-S&T-0366,2026-05-09,Signal Inspection,Signal Sighting Distance Obstruction,Replaced defective wear components for Signal Sighting Distance Obstruction,117,Completed,Yes,Poor,Good,Maintenance executed under standard S&T divisional safety window.
HST-01903,AST-ENG-0037,2026-06-06,Ballast Cleaning,Level Crossing Ballast Deep Screening,Routine preventive servicing and functional testing,345,Completed,Yes,Degraded,Good,Maintenance executed under standard Engineering divisional safety window.
HST-01904,AST-TRD-0431,2025-11-11,Contact Wire Replacement,Turnout Overlap Wire Renewal,Joint safety inspection and rectified Turnout Overlap Wire Renewal,226,Completed,Yes,Degraded,Good,Maintenance executed under standard TRD divisional safety window.
HST-01905,AST-TRD-0439,2026-08-13,Contact Wire Replacement,Severe Contact Wire Wear (< 74 sq mm),Repaired and calibrated Severe Contact Wire Wear (< 74 sq mm),372,Completed,Yes,Poor,Good,Maintenance executed under standard TRD divisional safety window.
HST-01906,AST-ENG-0001,2026-05-21,Rail Replacement,Excessive Rail Wear Beyond Limit,Routine preventive servicing and functional testing,284,Completed,Yes,Poor,Good,Maintenance executed under standard Engineering divisional safety window.
HST-01907,AST-ENG-0156,2025-11-12,Track Inspection,Track Geometry Gauge Variation,Replaced defective wear components for Track Geometry Gauge Variation,86,Requires Follow-up,Partial,Degraded,Fair,Maintenance executed under standard Engineering divisional safety window.
HST-01908,AST-TRD-0450,2025-10-06,OHE Wire Maintenance,Bridging Jumper Burning / Degradation,Joint safety inspection and rectified Bridging Jumper Burning / Degradation,111,Completed,Yes,Fair,Good,Maintenance executed under standard TRD divisional safety window.
HST-01909,AST-ENG-0021,2026-08-08,Track Inspection,Ballast Deficiency / Shoulder Loss,Replaced defective wear components for Ballast Deficiency / Shoulder Loss,156,Requires Follow-up,Partial,Poor,Fair,Maintenance executed under standard Engineering divisional safety window.
HST-01910,AST-ENG-0194,2025-11-10,Track Inspection,Buffer Stop Foundation Settlement,Routine preventive servicing and functional testing,108,Completed,Yes,Poor,Good,Maintenance executed under standard Engineering divisional safety window.
HST-01911,AST-ENG-0117,2026-06-27,Points & Crossing Maintenance,Check Rail Clearance Error,Executed scheduled overhaul of Points & Crossing Maintenance,139,Completed,Yes,Critical,Good,Maintenance executed under standard Engineering divisional safety window.
HST-01912,AST-TRD-0432,2026-06-27,OHE Component Replacement,Cantilever Bracket Assembly Misalignment,Executed scheduled overhaul of OHE Component Replacement,168,Completed,Yes,Poor,Good,Maintenance executed under standard TRD divisional safety window.
HST-01913,AST-ENG-0054,2025-11-30,Rail Grinding,Rail Surface Corrugation,Joint safety inspection and rectified Rail Surface Corrugation,286,Completed,Yes,Degraded,Good,Maintenance executed under standard Engineering divisional safety window.
HST-01914,AST-S&T-0364,2026-07-23,Point Machine Maintenance,Crank Handle Interlock Microswitch Jam,Joint safety inspection and rectified Crank Handle Interlock Microswitch Jam,57,Completed,Yes,Degraded,Good,Maintenance executed under standard S&T divisional safety window.
HST-01915,AST-S&T-0304,2026-03-15,Point Machine Maintenance,Point Detection Contact Carbonization,Repaired and calibrated Point Detection Contact Carbonization,97,Completed,Yes,Critical,Good,Maintenance executed under standard S&T divisional safety window.
HST-01916,AST-ENG-0107,2026-03-28,Track Inspection,Bridge Guard Rail Misalignment,Routine preventive servicing and functional testing,106,Completed,Yes,Critical,Good,Maintenance executed under standard Engineering divisional safety window.
HST-01917,AST-TRD-0557,2025-09-26,OHE Inspection,Contact Wire Height & Stagger Deviation,Executed scheduled overhaul of OHE Inspection,131,Requires Follow-up,Partial,Poor,Fair,Maintenance executed under standard TRD divisional safety window.
HST-01918,AST-S&T-0327,2026-07-31,Signal Maintenance,Signal Blank / Lamp Failure,Routine preventive servicing and functional testing,118,Completed,Yes,Critical,Good,Maintenance executed under standard S&T divisional safety window.
HST-01919,AST-S&T-0272,2026-07-07,Track Circuit Maintenance,Track Lead Cable Sheath Damage,Replaced defective wear components for Track Lead Cable Sheath Damage,62,Completed,Yes,Fair,Good,Maintenance executed under standard S&T divisional safety window.
HST-01920,AST-ENG-0043,2025-09-23,Rail Grinding,Turnout Switch & Stock Rail Profile Restoration,Executed scheduled overhaul of Rail Grinding,120,Completed,Yes,Poor,Good,Maintenance executed under standard Engineering divisional safety window.
HST-01921,AST-ENG-0018,2025-11-28,Rail Replacement,Curve Gauge Corner Shelling / Spalling,Routine preventive servicing and functional testing,317,Requires Follow-up,Partial,Degraded,Fair,Maintenance executed under standard Engineering divisional safety window.
HST-01922,AST-S&T-0244,2026-01-27,Axle Counter Maintenance,High Voltage Surge Suppressor Burnout,Executed scheduled overhaul of Axle Counter Maintenance,36,Completed,Yes,Critical,Good,Maintenance executed under standard S&T divisional safety window.
HST-01923,AST-TRD-0583,2025-12-12,Tower Wagon Inspection,Level Crossing Gate OHE Anti-Collision Guard Wire Sag,Replaced defective wear components for Level Crossing Gate OHE Anti-Collision Guard Wire Sag,113,Completed,Yes,Fair,Good,Maintenance executed under standard TRD divisional safety window.
HST-01924,AST-TRD-0550,2025-10-02,OHE Inspection,Neutral Section Transverse Slew Anomaly,Routine preventive servicing and functional testing,69,Completed,Yes,Degraded,Good,Maintenance executed under standard TRD divisional safety window.
HST-01925,AST-S&T-0388,2026-03-30,Telecom Equipment Maintenance,VHF / MTRC Radio Base Station Fault,Joint safety inspection and rectified VHF / MTRC Radio Base Station Fault,96,Completed,Yes,Critical,Good,Maintenance executed under standard S&T divisional safety window.
HST-01926,AST-TRD-0563,2026-06-15,OHE Wire Maintenance,Anti-Creep Wire Sagging,Replaced defective wear components for Anti-Creep Wire Sagging,154,Completed,Yes,Fair,Good,Maintenance executed under standard TRD divisional safety window.
HST-01927,AST-ENG-0167,2026-02-10,Rail Grinding,Rail Surface Corrugation,Replaced defective wear components for Rail Surface Corrugation,289,Completed,Yes,Poor,Good,Maintenance executed under standard Engineering divisional safety window.
HST-01928,AST-ENG-0115,2025-12-31,Track Tamping,Crossover S-Curve Alignment Tamping,Executed scheduled overhaul of Track Tamping,236,Completed,Yes,Poor,Good,Maintenance executed under standard Engineering divisional safety window.
HST-01929,AST-ENG-0167,2026-03-27,Sleeper Replacement,Damaged Elastic Rail Clips (ERC),Executed scheduled overhaul of Sleeper Replacement,115,Completed,Yes,Critical,Good,Maintenance executed under standard Engineering divisional safety window.
HST-01930,AST-TRD-0431,2025-09-11,Tower Wagon Inspection,Level Crossing Gate OHE Anti-Collision Guard Wire Sag,Replaced defective wear components for Level Crossing Gate OHE Anti-Collision Guard Wire Sag,95,Completed,Yes,Poor,Good,Maintenance executed under standard TRD divisional safety window.
HST-01931,AST-S&T-0386,2025-10-06,Signal Inspection,Signal Sighting Distance Obstruction,Repaired and calibrated Signal Sighting Distance Obstruction,95,Completed,Yes,Poor,Good,Maintenance executed under standard S&T divisional safety window.
HST-01932,AST-TRD-0484,2025-11-19,OHE Component Replacement,Cantilever Bracket Assembly Misalignment,Joint safety inspection and rectified Cantilever Bracket Assembly Misalignment,138,Completed,Yes,Fair,Good,Maintenance executed under standard TRD divisional safety window.
HST-01933,AST-ENG-0150,2026-02-11,Track Tamping,Crossover S-Curve Alignment Tamping,Joint safety inspection and rectified Crossover S-Curve Alignment Tamping,175,Completed,Yes,Poor,Good,Maintenance executed under standard Engineering divisional safety window.
HST-01934,AST-S&T-0234,2026-01-30,Axle Counter Maintenance,Reset Box Pushbutton Key Interlock Seizure,Routine preventive servicing and functional testing,49,Completed,Yes,Critical,Good,Maintenance executed under standard S&T divisional safety window.
HST-01935,AST-ENG-0103,2026-07-22,Rail Grinding,Rail Lip / Fin Formation,Executed scheduled overhaul of Rail Grinding,192,Completed,Yes,Degraded,Good,Maintenance executed under standard Engineering divisional safety window.
HST-01936,AST-S&T-0221,2026-07-15,Point Machine Maintenance,Crank Handle Interlock Microswitch Jam,Replaced defective wear components for Crank Handle Interlock Microswitch Jam,50,Requires Follow-up,Partial,Fair,Fair,Maintenance executed under standard S&T divisional safety window.
HST-01937,AST-ENG-0111,2025-11-15,Track Inspection,Ballast Deficiency / Shoulder Loss,Routine preventive servicing and functional testing,196,Completed,Yes,Critical,Good,Maintenance executed under standard Engineering divisional safety window.
HST-01938,AST-S&T-0256,2026-07-11,Signal Inspection,Aspect Current Sensor Anomaly,Repaired and calibrated Aspect Current Sensor Anomaly,55,Completed,Yes,Degraded,Good,Maintenance executed under standard S&T divisional safety window.
HST-01939,AST-ENG-0033,2025-12-31,Track Inspection,Buffer Stop Foundation Settlement,Joint safety inspection and rectified Buffer Stop Foundation Settlement,74,Completed,Yes,Poor,Good,Maintenance executed under standard Engineering divisional safety window.
HST-01940,AST-TRD-0499,2026-05-19,OHE Wire Maintenance,Contact Wire Kink / Mechanical Damage,Repaired and calibrated Contact Wire Kink / Mechanical Damage,193,Completed,Yes,Fair,Good,Maintenance executed under standard TRD divisional safety window.
HST-01941,AST-S&T-0284,2026-01-25,Point Machine Maintenance,Ground Connection Rodding Buckling,Repaired and calibrated Ground Connection Rodding Buckling,116,Completed,Yes,Fair,Good,Maintenance executed under standard S&T divisional safety window.
HST-01942,AST-TRD-0486,2026-06-16,OHE Wire Maintenance,Contact Wire Kink / Mechanical Damage,Joint safety inspection and rectified Contact Wire Kink / Mechanical Damage,196,Completed,Yes,Poor,Good,Maintenance executed under standard TRD divisional safety window.
HST-01943,AST-S&T-0256,2025-10-11,Signal Maintenance,Signalling Relay Contact Oxidation (Q-Series),Routine preventive servicing and functional testing,91,Completed,Yes,Degraded,Good,Maintenance executed under standard S&T divisional safety window.
HST-01944,AST-ENG-0110,2025-12-16,Rail Grinding,Rolling Contact Fatigue / Head Checking,Replaced defective wear components for Rolling Contact Fatigue / Head Checking,358,Completed,Yes,Degraded,Good,Maintenance executed under standard Engineering divisional safety window.
HST-01945,AST-S&T-0261,2026-01-08,Axle Counter Maintenance,Axle Counter Evaluator Card Failure,Executed scheduled overhaul of Axle Counter Maintenance,91,Completed,Yes,Poor,Good,Maintenance executed under standard S&T divisional safety window.
HST-01946,AST-ENG-0069,2026-03-04,Points & Crossing Maintenance,Switch Toe Gap Out of Tolerance,Routine preventive servicing and functional testing,77,Completed,Yes,Fair,Good,Maintenance executed under standard Engineering divisional safety window.
HST-01947,AST-S&T-0276,2026-03-15,Signal Maintenance,Data Logger Channel Telemetry Lockout,Executed scheduled overhaul of Signal Maintenance,58,Requires Follow-up,Partial,Degraded,Fair,Maintenance executed under standard S&T divisional safety window.
HST-01948,AST-ENG-0053,2025-12-27,Ballast Cleaning,Level Crossing Ballast Deep Screening,Joint safety inspection and rectified Level Crossing Ballast Deep Screening,380,Completed,Yes,Degraded,Good,Maintenance executed under standard Engineering divisional safety window.
HST-01949,AST-TRD-0461,2026-04-28,Tower Wagon Inspection,Overline Structure / Bridge Clearance Audit,Repaired and calibrated Overline Structure / Bridge Clearance Audit,116,Completed,Yes,Degraded,Good,Maintenance executed under standard TRD divisional safety window.
HST-01950,AST-TRD-0485,2025-11-02,Contact Wire Replacement,Severe Contact Wire Wear (< 74 sq mm),Replaced defective wear components for Severe Contact Wire Wear (< 74 sq mm),240,Completed,Yes,Critical,Good,Maintenance executed under standard TRD divisional safety window.
HST-01951,AST-S&T-0375,2026-04-15,Track Circuit Maintenance,Bond Wire Broken / Disconnected,Replaced defective wear components for Bond Wire Broken / Disconnected,36,Completed,Yes,Poor,Good,Maintenance executed under standard S&T divisional safety window.
HST-01952,AST-ENG-0052,2026-04-25,Points & Crossing Maintenance,Loose Stretcher Bar Bolts,Replaced defective wear components for Loose Stretcher Bar Bolts,50,Completed,Yes,Critical,Good,Maintenance executed under standard Engineering divisional safety window.
HST-01953,AST-ENG-0175,2026-07-23,Track Inspection,Bridge Guard Rail Misalignment,Repaired and calibrated Bridge Guard Rail Misalignment,144,Completed,Yes,Degraded,Good,Maintenance executed under standard Engineering divisional safety window.
HST-01954,AST-ENG-0010,2026-02-17,Track Inspection,Ballast Deficiency / Shoulder Loss,Repaired and calibrated Ballast Deficiency / Shoulder Loss,235,Completed,Yes,Poor,Good,Maintenance executed under standard Engineering divisional safety window.
HST-01955,AST-ENG-0175,2026-03-20,Ballast Cleaning,Shoulder Ballast Contamination,Repaired and calibrated Shoulder Ballast Contamination,197,Requires Follow-up,Partial,Fair,Fair,Maintenance executed under standard Engineering divisional safety window.
HST-01956,AST-TRD-0423,2026-06-04,OHE Component Replacement,Traction Substation 25kV Vacuum Circuit Breaker (VCB) Fault,Routine preventive servicing and functional testing,225,Completed,Yes,Poor,Good,Maintenance executed under standard TRD divisional safety window.
HST-01957,AST-TRD-0573,2025-09-27,Contact Wire Replacement,In-Span Splice Elimination,Executed scheduled overhaul of Contact Wire Replacement,192,Completed,Yes,Critical,Good,Maintenance executed under standard TRD divisional safety window.
HST-01958,AST-S&T-0239,2026-02-03,Signal Inspection,Signal Cable Insulation Degradation,Repaired and calibrated Signal Cable Insulation Degradation,122,Completed,Yes,Fair,Good,Maintenance executed under standard S&T divisional safety window.
HST-01959,AST-ENG-0073,2026-04-30,Points & Crossing Maintenance,Worn CMS Crossing Nose,Joint safety inspection and rectified Worn CMS Crossing Nose,179,Completed,Yes,Degraded,Good,Maintenance executed under standard Engineering divisional safety window.
HST-01960,AST-S&T-0260,2026-06-15,Telecom Equipment Maintenance,Yard CCTV Surveillance Node Offline,Replaced defective wear components for Yard CCTV Surveillance Node Offline,61,Completed,Yes,Degraded,Good,Maintenance executed under standard S&T divisional safety window.
HST-01961,AST-TRD-0461,2026-05-07,OHE Wire Maintenance,Contact Wire Kink / Mechanical Damage,Joint safety inspection and rectified Contact Wire Kink / Mechanical Damage,240,Completed,Yes,Degraded,Good,Maintenance executed under standard TRD divisional safety window.
HST-01962,AST-S&T-0373,2025-10-13,Point Machine Maintenance,Point Detection Contact Carbonization,Repaired and calibrated Point Detection Contact Carbonization,98,Completed,Yes,Degraded,Good,Maintenance executed under standard S&T divisional safety window.
HST-01963,AST-TRD-0436,2026-01-12,Contact Wire Replacement,Loop Line Contact Wire Heavy Carbonization,Joint safety inspection and rectified Loop Line Contact Wire Heavy Carbonization,277,Completed,Yes,Fair,Good,Maintenance executed under standard TRD divisional safety window.
HST-01964,AST-ENG-0018,2026-01-01,Rail Grinding,Rail Surface Corrugation,Joint safety inspection and rectified Rail Surface Corrugation,303,Requires Follow-up,Partial,Fair,Fair,Maintenance executed under standard Engineering divisional safety window.
HST-01965,AST-ENG-0101,2026-07-10,Track Tamping,Bridge Transition Approach Settlement,Routine preventive servicing and functional testing,222,Completed,Yes,Fair,Good,Maintenance executed under standard Engineering divisional safety window.
HST-01966,AST-ENG-0184,2026-06-10,Ballast Cleaning,Clogged / Foul Ballast Bed,Repaired and calibrated Clogged / Foul Ballast Bed,395,Completed,Yes,Degraded,Good,Maintenance executed under standard Engineering divisional safety window.
HST-01967,AST-TRD-0472,2026-07-26,Tower Wagon Inspection,Routine Catenary & OHE Profile Survey,Routine preventive servicing and functional testing,174,Completed,Yes,Poor,Good,Maintenance executed under standard TRD divisional safety window.
HST-01968,AST-TRD-0449,2026-07-29,OHE Inspection,Section Insulator Arcing Horn Burn,Joint safety inspection and rectified Section Insulator Arcing Horn Burn,117,Completed,Yes,Degraded,Good,Maintenance executed under standard TRD divisional safety window.
HST-01969,AST-TRD-0485,2026-01-08,Contact Wire Replacement,Contact Wire Parting / Snap Incident,Joint safety inspection and rectified Contact Wire Parting / Snap Incident,297,Completed,Yes,Critical,Good,Maintenance executed under standard TRD divisional safety window.
HST-01970,AST-TRD-0594,2026-02-02,OHE Wire Maintenance,Anti-Creep Wire Sagging,Routine preventive servicing and functional testing,148,Completed,Yes,Poor,Good,Maintenance executed under standard TRD divisional safety window.
HST-01971,AST-TRD-0593,2026-06-10,OHE Inspection,Mast Earthing Bond Disconnected,Replaced defective wear components for Mast Earthing Bond Disconnected,61,Completed,Yes,Poor,Good,Maintenance executed under standard TRD divisional safety window.
HST-01972,AST-TRD-0582,2026-02-01,OHE Wire Maintenance,Bridging Jumper Burning / Degradation,Executed scheduled overhaul of OHE Wire Maintenance,156,Completed,Yes,Critical,Good,Maintenance executed under standard TRD divisional safety window.
HST-01973,AST-ENG-0024,2026-03-26,Track Inspection,Ballast Deficiency / Shoulder Loss,Executed scheduled overhaul of Track Inspection,229,Completed,Yes,Degraded,Good,Maintenance executed under standard Engineering divisional safety window.
HST-01974,AST-S&T-0252,2025-10-12,Axle Counter Maintenance,High Voltage Surge Suppressor Burnout,Routine preventive servicing and functional testing,51,Completed,Yes,Poor,Good,Maintenance executed under standard S&T divisional safety window.
HST-01975,AST-TRD-0573,2025-09-11,OHE Inspection,Mast Earthing Bond Disconnected,Routine preventive servicing and functional testing,55,Completed,Yes,Degraded,Good,Maintenance executed under standard TRD divisional safety window.
HST-01976,AST-ENG-0054,2026-06-28,Rail Replacement,Corroded Rail Flange,Joint safety inspection and rectified Corroded Rail Flange,269,Completed,Yes,Fair,Good,Maintenance executed under standard Engineering divisional safety window.
HST-01977,AST-ENG-0062,2026-03-25,Track Inspection,Buffer Stop Foundation Settlement,Joint safety inspection and rectified Buffer Stop Foundation Settlement,82,Completed,Yes,Critical,Good,Maintenance executed under standard Engineering divisional safety window.
HST-01978,AST-TRD-0481,2026-05-31,OHE Inspection,Neutral Section Transverse Slew Anomaly,Joint safety inspection and rectified Neutral Section Transverse Slew Anomaly,98,Completed,Yes,Critical,Good,Maintenance executed under standard TRD divisional safety window.
HST-01979,AST-ENG-0075,2025-09-26,Ballast Cleaning,Cess / Drainage Deepening,Routine preventive servicing and functional testing,254,Completed,Yes,Poor,Good,Maintenance executed under standard Engineering divisional safety window.
HST-01980,AST-ENG-0180,2025-10-29,Ballast Cleaning,Level Crossing Ballast Deep Screening,Executed scheduled overhaul of Ballast Cleaning,366,Completed,Yes,Degraded,Good,Maintenance executed under standard Engineering divisional safety window.
HST-01981,AST-S&T-0358,2025-10-11,Telecom Equipment Maintenance,Yard CCTV Surveillance Node Offline,Routine preventive servicing and functional testing,78,Completed,Yes,Fair,Good,Maintenance executed under standard S&T divisional safety window.
HST-01982,AST-S&T-0369,2026-04-01,Axle Counter Maintenance,Reset Box Pushbutton Key Interlock Seizure,Routine preventive servicing and functional testing,38,Completed,Yes,Degraded,Good,Maintenance executed under standard S&T divisional safety window.
HST-01983,AST-S&T-0258,2026-03-28,Track Circuit Maintenance,Ballast Resistance Leakage (Low Ballast Resistance),Routine preventive servicing and functional testing,94,Requires Follow-up,Partial,Fair,Fair,Maintenance executed under standard S&T divisional safety window.
HST-01984,AST-TRD-0573,2026-07-14,Tower Wagon Inspection,Neutral Section (PTFE Type) Inspection,Routine preventive servicing and functional testing,146,Completed,Yes,Poor,Good,Maintenance executed under standard TRD divisional safety window.
HST-01985,AST-ENG-0090,2026-05-02,Track Inspection,Derailment Catch Siding Switch Inspection,Replaced defective wear components for Derailment Catch Siding Switch Inspection,118,Completed,Yes,Critical,Good,Maintenance executed under standard Engineering divisional safety window.
HST-01986,AST-ENG-0128,2026-05-07,Rail Replacement,Corroded Rail Flange,Replaced defective wear components for Corroded Rail Flange,219,Completed,Yes,Fair,Good,Maintenance executed under standard Engineering divisional safety window.
HST-01987,AST-ENG-0172,2026-03-17,Points & Crossing Maintenance,Worn Switch Rail / Tongue Rail Chipped,Repaired and calibrated Worn Switch Rail / Tongue Rail Chipped,185,Completed,Yes,Fair,Good,Maintenance executed under standard Engineering divisional safety window.
HST-01988,AST-TRD-0545,2026-03-26,Contact Wire Replacement,Severe Contact Wire Wear (< 74 sq mm),Routine preventive servicing and functional testing,300,Requires Follow-up,Partial,Poor,Fair,Maintenance executed under standard TRD divisional safety window.
HST-01989,AST-ENG-0094,2026-03-19,Sleeper Replacement,Damaged Elastic Rail Clips (ERC),Routine preventive servicing and functional testing,108,Completed,Yes,Critical,Good,Maintenance executed under standard Engineering divisional safety window.
HST-01990,AST-S&T-0328,2025-10-19,Signal Maintenance,Signal Blank / Lamp Failure,Executed scheduled overhaul of Signal Maintenance,80,Completed,Yes,Critical,Good,Maintenance executed under standard S&T divisional safety window.
HST-01991,AST-ENG-0165,2026-04-16,Track Inspection,Switch Expansion Joint (SEJ) Gap Abnormality,Joint safety inspection and rectified Switch Expansion Joint (SEJ) Gap Abnormality,120,Completed,Yes,Degraded,Good,Maintenance executed under standard Engineering divisional safety window.
HST-01992,AST-ENG-0047,2026-01-31,Track Inspection,Switch Expansion Joint (SEJ) Gap Abnormality,Joint safety inspection and rectified Switch Expansion Joint (SEJ) Gap Abnormality,102,Completed,Yes,Critical,Good,Maintenance executed under standard Engineering divisional safety window.
HST-01993,AST-ENG-0075,2026-02-28,Sleeper Replacement,Turnout Concrete Sleeper Fracture,Routine preventive servicing and functional testing,246,Completed,Yes,Degraded,Good,Maintenance executed under standard Engineering divisional safety window.
HST-01994,AST-ENG-0013,2025-10-25,Points & Crossing Maintenance,Loose Stretcher Bar Bolts,Joint safety inspection and rectified Loose Stretcher Bar Bolts,58,Completed,Yes,Fair,Good,Maintenance executed under standard Engineering divisional safety window.
HST-01995,AST-ENG-0064,2026-04-02,Points & Crossing Maintenance,Loose Stretcher Bar Bolts,Routine preventive servicing and functional testing,47,Completed,Yes,Poor,Good,Maintenance executed under standard Engineering divisional safety window.
HST-01996,AST-TRD-0453,2026-02-07,Contact Wire Replacement,Severe Contact Wire Wear (< 74 sq mm),Replaced defective wear components for Severe Contact Wire Wear (< 74 sq mm),388,Completed,Yes,Degraded,Good,Maintenance executed under standard TRD divisional safety window.
HST-01997,AST-ENG-0032,2026-01-09,Rail Replacement,Rail End Batter at Joint,Repaired and calibrated Rail End Batter at Joint,119,Completed,Yes,Critical,Good,Maintenance executed under standard Engineering divisional safety window.
HST-01998,AST-ENG-0016,2026-06-20,Sleeper Replacement,Points & Crossing Special Turnout Sleeper Shift,Repaired and calibrated Points & Crossing Special Turnout Sleeper Shift,146,Completed,Yes,Fair,Good,Maintenance executed under standard Engineering divisional safety window.
HST-01999,AST-TRD-0528,2026-04-26,OHE Wire Maintenance,Cross Feeder Wire Vibration Fatigue,Repaired and calibrated Cross Feeder Wire Vibration Fatigue,119,Completed,Yes,Poor,Good,Maintenance executed under standard TRD divisional safety window.
HST-02000,AST-TRD-0427,2026-04-15,OHE Component Replacement,Cantilever Bracket Assembly Misalignment,Routine preventive servicing and functional testing,144,Completed,Yes,Poor,Good,Maintenance executed under standard TRD divisional safety window.
HST-02001,AST-S&T-0264,2026-06-18,Axle Counter Maintenance,Axle Counter Evaluator Card Failure,Executed scheduled overhaul of Axle Counter Maintenance,107,Requires Follow-up,Partial,Degraded,Fair,Maintenance executed under standard S&T divisional safety window.
HST-02002,AST-S&T-0247,2025-10-11,Telecom Equipment Maintenance,VHF / MTRC Radio Base Station Fault,Routine preventive servicing and functional testing,111,Completed,Yes,Poor,Good,Maintenance executed under standard S&T divisional safety window.
HST-02003,AST-S&T-0307,2026-01-20,Track Circuit Maintenance,Glued Insulated Rail Joint (GJ) Failure,Repaired and calibrated Glued Insulated Rail Joint (GJ) Failure,119,Completed,Yes,Poor,Good,Maintenance executed under standard S&T divisional safety window.
HST-02004,AST-ENG-0043,2026-01-01,Points & Crossing Maintenance,Switch Toe Gap Out of Tolerance,Executed scheduled overhaul of Points & Crossing Maintenance,109,Completed,Yes,Degraded,Good,Maintenance executed under standard Engineering divisional safety window.
HST-02005,AST-S&T-0268,2025-11-23,Point Machine Maintenance,Ground Connection Rodding Buckling,Repaired and calibrated Ground Connection Rodding Buckling,75,Completed,Yes,Degraded,Good,Maintenance executed under standard S&T divisional safety window.
HST-02006,AST-TRD-0462,2026-05-23,Contact Wire Replacement,Severe Contact Wire Wear (< 74 sq mm),Joint safety inspection and rectified Severe Contact Wire Wear (< 74 sq mm),396,Completed,Yes,Critical,Good,Maintenance executed under standard TRD divisional safety window.
HST-02007,AST-TRD-0413,2026-04-04,OHE Component Replacement,Traction Substation 25kV Vacuum Circuit Breaker (VCB) Fault,Executed scheduled overhaul of OHE Component Replacement,193,Completed,Yes,Fair,Good,Maintenance executed under standard TRD divisional safety window.
HST-02008,AST-TRD-0477,2026-01-08,OHE Inspection,Catenary Dropper Missing / Damaged,Executed scheduled overhaul of OHE Inspection,55,Requires Follow-up,Partial,Poor,Fair,Maintenance executed under standard TRD divisional safety window.
HST-02009,AST-ENG-0073,2026-02-12,Rail Replacement,Fractured Rail Segment,Repaired and calibrated Fractured Rail Segment,162,Completed,Yes,Degraded,Good,Maintenance executed under standard Engineering divisional safety window.
HST-02010,AST-S&T-0204,2026-01-29,Signal Maintenance,Signal Blank / Lamp Failure,Replaced defective wear components for Signal Blank / Lamp Failure,86,Requires Follow-up,Partial,Degraded,Fair,Maintenance executed under standard S&T divisional safety window.
HST-02011,AST-S&T-0364,2026-04-19,Point Machine Maintenance,Point Machine Out of Adjustment / Flashover,Routine preventive servicing and functional testing,76,Completed,Yes,Critical,Good,Maintenance executed under standard S&T divisional safety window.
HST-02012,AST-ENG-0021,2026-07-24,Track Inspection,Fishplate Crack / Loose Bolt,Executed scheduled overhaul of Track Inspection,65,Completed,Yes,Poor,Good,Maintenance executed under standard Engineering divisional safety window.
HST-02013,AST-S&T-0368,2026-05-24,Axle Counter Maintenance,Axle Counter Evaluator Card Failure,Replaced defective wear components for Axle Counter Evaluator Card Failure,82,Completed,Yes,Degraded,Good,Maintenance executed under standard S&T divisional safety window.
HST-02014,AST-ENG-0097,2026-04-05,Track Inspection,Ultrasonic Rail Flaw Detection (USFD) Anomaly,Repaired and calibrated Ultrasonic Rail Flaw Detection (USFD) Anomaly,127,Completed,Yes,Poor,Good,Maintenance executed under standard Engineering divisional safety window.
HST-02015,AST-TRD-0508,2025-10-09,Contact Wire Replacement,In-Span Splice Elimination,Joint safety inspection and rectified In-Span Splice Elimination,262,Completed,Yes,Degraded,Good,Maintenance executed under standard TRD divisional safety window.
HST-02016,AST-TRD-0518,2026-04-23,OHE Wire Maintenance,Contact Wire Kink / Mechanical Damage,Executed scheduled overhaul of OHE Wire Maintenance,146,Completed,Yes,Critical,Good,Maintenance executed under standard TRD divisional safety window.
HST-02017,AST-S&T-0304,2025-11-14,Track Circuit Maintenance,Ballast Resistance Leakage (Low Ballast Resistance),Repaired and calibrated Ballast Resistance Leakage (Low Ballast Resistance),69,Completed,Yes,Poor,Good,Maintenance executed under standard S&T divisional safety window.
HST-02018,AST-ENG-0183,2026-05-13,Points & Crossing Maintenance,Worn CMS Crossing Nose,Repaired and calibrated Worn CMS Crossing Nose,223,Requires Follow-up,Partial,Critical,Fair,Maintenance executed under standard Engineering divisional safety window.
HST-02019,AST-ENG-0181,2026-04-30,Track Inspection,Formation / Embankment Settlement,Executed scheduled overhaul of Track Inspection,277,Completed,Yes,Fair,Good,Maintenance executed under standard Engineering divisional safety window.
HST-02020,AST-TRD-0468,2025-11-22,Contact Wire Replacement,Severe Contact Wire Wear (< 74 sq mm),Replaced defective wear components for Severe Contact Wire Wear (< 74 sq mm),368,Completed,Yes,Degraded,Good,Maintenance executed under standard TRD divisional safety window.
HST-02021,AST-S&T-0230,2026-04-05,Signal Inspection,Route Indicator Lamp Burnout,Executed scheduled overhaul of Signal Inspection,48,Completed,Yes,Critical,Good,Maintenance executed under standard S&T divisional safety window.
HST-02022,AST-S&T-0241,2026-06-11,Track Circuit Maintenance,Track Lead Cable Sheath Damage,Replaced defective wear components for Track Lead Cable Sheath Damage,56,Completed,Yes,Fair,Good,Maintenance executed under standard S&T divisional safety window.
HST-02023,AST-TRD-0443,2026-01-10,OHE Inspection,Section Insulator Arcing Horn Burn,Routine preventive servicing and functional testing,91,Completed,Yes,Critical,Good,Maintenance executed under standard TRD divisional safety window.
HST-02024,AST-TRD-0489,2026-03-19,Contact Wire Replacement,Severe Contact Wire Wear (< 74 sq mm),Joint safety inspection and rectified Severe Contact Wire Wear (< 74 sq mm),329,Requires Follow-up,Partial,Poor,Fair,Maintenance executed under standard TRD divisional safety window.
HST-02025,AST-TRD-0586,2026-01-08,Tower Wagon Inspection,Overline Structure / Bridge Clearance Audit,Replaced defective wear components for Overline Structure / Bridge Clearance Audit,161,Completed,Yes,Fair,Good,Maintenance executed under standard TRD divisional safety window.
HST-02026,AST-ENG-0195,2026-04-13,Track Inspection,Buffer Stop Foundation Settlement,Joint safety inspection and rectified Buffer Stop Foundation Settlement,112,Completed,Yes,Critical,Good,Maintenance executed under standard Engineering divisional safety window.
HST-02027,AST-TRD-0545,2026-03-26,Contact Wire Replacement,Contact Wire Parting / Snap Incident,Joint safety inspection and rectified Contact Wire Parting / Snap Incident,295,Completed,Yes,Fair,Good,Maintenance executed under standard TRD divisional safety window.
HST-02028,AST-TRD-0491,2025-11-17,OHE Component Replacement,Traction Substation 132kV Isolator Contact Blade Pitting,Routine preventive servicing and functional testing,155,Requires Follow-up,Partial,Poor,Fair,Maintenance executed under standard TRD divisional safety window.
HST-02029,AST-TRD-0508,2025-11-16,Contact Wire Replacement,Severe Contact Wire Wear (< 74 sq mm),Repaired and calibrated Severe Contact Wire Wear (< 74 sq mm),358,Completed,Yes,Fair,Good,Maintenance executed under standard TRD divisional safety window.
HST-02030,AST-S&T-0338,2025-10-17,Axle Counter Maintenance,Axle Counter Evaluator Card Failure,Repaired and calibrated Axle Counter Evaluator Card Failure,109,Completed,Yes,Fair,Good,Maintenance executed under standard S&T divisional safety window.
HST-02031,AST-ENG-0087,2026-02-01,Track Tamping,Post-Renewal Track Stabilization,Repaired and calibrated Post-Renewal Track Stabilization,165,Completed,Yes,Critical,Good,Maintenance executed under standard Engineering divisional safety window.
HST-02032,AST-ENG-0027,2026-03-07,Track Inspection,Bridge Guard Rail Misalignment,Joint safety inspection and rectified Bridge Guard Rail Misalignment,119,Completed,Yes,Fair,Good,Maintenance executed under standard Engineering divisional safety window.
HST-02033,AST-TRD-0430,2026-03-28,Tower Wagon Inspection,Substation Feeder Jumper Maintenance,Repaired and calibrated Substation Feeder Jumper Maintenance,134,Completed,Yes,Poor,Good,Maintenance executed under standard TRD divisional safety window.
HST-02034,AST-ENG-0058,2026-05-29,Track Inspection,Track Geometry Gauge Variation,Repaired and calibrated Track Geometry Gauge Variation,94,Completed,Yes,Poor,Good,Maintenance executed under standard Engineering divisional safety window.
HST-02035,AST-S&T-0381,2026-04-29,Signal Inspection,Shunt Signal Position Light Defect,Routine preventive servicing and functional testing,57,Completed,Yes,Fair,Good,Maintenance executed under standard S&T divisional safety window.
HST-02036,AST-ENG-0071,2025-10-01,Rail Grinding,Rail Surface Corrugation,Replaced defective wear components for Rail Surface Corrugation,254,Completed,Yes,Critical,Good,Maintenance executed under standard Engineering divisional safety window.
HST-02037,AST-TRD-0541,2025-12-26,OHE Component Replacement,Traction Substation 132kV Isolator Contact Blade Pitting,Repaired and calibrated Traction Substation 132kV Isolator Contact Blade Pitting,234,Completed,Yes,Poor,Good,Maintenance executed under standard TRD divisional safety window.
HST-02038,AST-TRD-0521,2026-07-20,Contact Wire Replacement,In-Span Splice Elimination,Executed scheduled overhaul of Contact Wire Replacement,307,Completed,Yes,Fair,Good,Maintenance executed under standard TRD divisional safety window.
HST-02039,AST-TRD-0526,2025-11-30,Contact Wire Replacement,Turnout Overlap Wire Renewal,Repaired and calibrated Turnout Overlap Wire Renewal,187,Completed,Yes,Degraded,Good,Maintenance executed under standard TRD divisional safety window.
HST-02040,AST-S&T-0395,2026-01-18,Point Machine Maintenance,Crank Handle Interlock Microswitch Jam,Joint safety inspection and rectified Crank Handle Interlock Microswitch Jam,44,Completed,Yes,Fair,Good,Maintenance executed under standard S&T divisional safety window.
HST-02041,AST-S&T-0326,2025-11-04,Point Machine Maintenance,Point Machine Motor Replacement,Repaired and calibrated Point Machine Motor Replacement,109,Completed,Yes,Critical,Good,Maintenance executed under standard S&T divisional safety window.
HST-02042,AST-ENG-0018,2026-07-22,Ballast Cleaning,Cess / Drainage Deepening,Executed scheduled overhaul of Ballast Cleaning,261,Completed,Yes,Degraded,Good,Maintenance executed under standard Engineering divisional safety window.
HST-02043,AST-S&T-0305,2026-04-09,Signal Maintenance,Signalling Relay Contact Oxidation (Q-Series),Repaired and calibrated Signalling Relay Contact Oxidation (Q-Series),72,Completed,Yes,Poor,Good,Maintenance executed under standard S&T divisional safety window.
HST-02044,AST-TRD-0416,2026-08-11,OHE Component Replacement,Insulator Flashover / Broken Porcelain Disc,Repaired and calibrated Insulator Flashover / Broken Porcelain Disc,142,Completed,Yes,Critical,Good,Maintenance executed under standard TRD divisional safety window.
HST-02045,AST-ENG-0050,2026-05-20,Rail Grinding,Turnout Switch & Stock Rail Profile Restoration,Routine preventive servicing and functional testing,197,Completed,Yes,Fair,Good,Maintenance executed under standard Engineering divisional safety window.
HST-02046,AST-TRD-0435,2026-02-01,OHE Inspection,Thermal Hotspot in Isolator / Jumper,Replaced defective wear components for Thermal Hotspot in Isolator / Jumper,98,Completed,Yes,Critical,Good,Maintenance executed under standard TRD divisional safety window.
HST-02047,AST-S&T-0234,2026-02-01,Track Circuit Maintenance,Ballast Resistance Leakage (Low Ballast Resistance),Routine preventive servicing and functional testing,106,Completed,Yes,Critical,Good,Maintenance executed under standard S&T divisional safety window.
HST-02048,AST-ENG-0041,2026-04-14,Rail Grinding,Rail Lip / Fin Formation,Replaced defective wear components for Rail Lip / Fin Formation,166,Completed,Yes,Fair,Good,Maintenance executed under standard Engineering divisional safety window.
HST-02049,AST-TRD-0483,2025-11-27,OHE Wire Maintenance,Contact Wire Splice Sleeve Deformation,Replaced defective wear components for Contact Wire Splice Sleeve Deformation,90,Completed,Yes,Fair,Good,Maintenance executed under standard TRD divisional safety window.
HST-02050,AST-S&T-0295,2025-11-28,Axle Counter Maintenance,High Voltage Surge Suppressor Burnout,Repaired and calibrated High Voltage Surge Suppressor Burnout,40,Completed,Yes,Degraded,Good,Maintenance executed under standard S&T divisional safety window.
HST-02051,AST-TRD-0500,2025-12-15,OHE Wire Maintenance,Catenary Wire Strand Broken,Repaired and calibrated Catenary Wire Strand Broken,222,Completed,Yes,Fair,Good,Maintenance executed under standard TRD divisional safety window.
HST-02052,AST-S&T-0396,2026-01-02,Signal Maintenance,Signalling Relay Contact Oxidation (Q-Series),Executed scheduled overhaul of Signal Maintenance,93,Requires Follow-up,Partial,Critical,Fair,Maintenance executed under standard S&T divisional safety window.
HST-02053,AST-S&T-0385,2026-01-19,Telecom Equipment Maintenance,Passenger Information System (PIS) Display Node Link Drop,Repaired and calibrated Passenger Information System (PIS) Display Node Link Drop,52,Completed,Yes,Poor,Good,Maintenance executed under standard S&T divisional safety window.
HST-02054,AST-ENG-0130,2025-11-13,Track Inspection,Ballast Deficiency / Shoulder Loss,Repaired and calibrated Ballast Deficiency / Shoulder Loss,164,Completed,Yes,Fair,Good,Maintenance executed under standard Engineering divisional safety window.
HST-02055,AST-ENG-0094,2026-03-28,Track Inspection,Buffer Stop Foundation Settlement,Replaced defective wear components for Buffer Stop Foundation Settlement,87,Completed,Yes,Degraded,Good,Maintenance executed under standard Engineering divisional safety window.
HST-02056,AST-S&T-0312,2026-08-15,Track Circuit Maintenance,Track Lead Cable Sheath Damage,Routine preventive servicing and functional testing,68,Completed,Yes,Degraded,Good,Maintenance executed under standard S&T divisional safety window.
HST-02057,AST-TRD-0537,2026-03-21,Tower Wagon Inspection,Level Crossing Gate OHE Anti-Collision Guard Wire Sag,Executed scheduled overhaul of Tower Wagon Inspection,100,Completed,Yes,Fair,Good,Maintenance executed under standard TRD divisional safety window.
HST-02058,AST-S&T-0350,2026-04-17,Signal Inspection,LED Signal Aspect Intensity Drop,Routine preventive servicing and functional testing,73,Completed,Yes,Critical,Good,Maintenance executed under standard S&T divisional safety window.
HST-02059,AST-ENG-0049,2025-12-18,Track Inspection,Ballast Deficiency / Shoulder Loss,Executed scheduled overhaul of Track Inspection,210,Completed,Yes,Critical,Good,Maintenance executed under standard Engineering divisional safety window.
HST-02060,AST-S&T-0332,2026-07-02,Axle Counter Maintenance,Track Device (Sensor) Misalignment,Repaired and calibrated Track Device (Sensor) Misalignment,52,Completed,Yes,Poor,Good,Maintenance executed under standard S&T divisional safety window.
HST-02061,AST-ENG-0009,2026-07-05,Ballast Cleaning,Cess / Drainage Deepening,Replaced defective wear components for Cess / Drainage Deepening,242,Completed,Yes,Critical,Good,Maintenance executed under standard Engineering divisional safety window.
HST-02062,AST-TRD-0573,2026-03-17,Tower Wagon Inspection,Substation Feeder Jumper Maintenance,Executed scheduled overhaul of Tower Wagon Inspection,95,Requires Follow-up,Partial,Poor,Fair,Maintenance executed under standard TRD divisional safety window.
HST-02063,AST-ENG-0021,2025-11-01,Track Tamping,Crossover S-Curve Alignment Tamping,Repaired and calibrated Crossover S-Curve Alignment Tamping,135,Completed,Yes,Fair,Good,Maintenance executed under standard Engineering divisional safety window.
HST-02064,AST-ENG-0195,2026-02-01,Rail Replacement,Defective Alumino-Thermic (AT) Weld Joint,Replaced defective wear components for Defective Alumino-Thermic (AT) Weld Joint,136,Completed,Yes,Fair,Good,Maintenance executed under standard Engineering divisional safety window.
HST-02065,AST-S&T-0212,2026-04-08,Telecom Equipment Maintenance,VHF / MTRC Radio Base Station Fault,Executed scheduled overhaul of Telecom Equipment Maintenance,74,Completed,Yes,Poor,Good,Maintenance executed under standard S&T divisional safety window.
HST-02066,AST-S&T-0383,2025-12-20,Track Circuit Maintenance,Track Circuit Dropping / False Occupancy,Repaired and calibrated Track Circuit Dropping / False Occupancy,73,Completed,Yes,Fair,Good,Maintenance executed under standard S&T divisional safety window.
HST-02067,AST-ENG-0013,2025-09-16,Sleeper Replacement,Bridge Timber Sleeper Decay,Routine preventive servicing and functional testing,153,Requires Follow-up,Partial,Poor,Fair,Maintenance executed under standard Engineering divisional safety window.
HST-02068,AST-S&T-0350,2026-07-17,Track Circuit Maintenance,Bond Wire Broken / Disconnected,Repaired and calibrated Bond Wire Broken / Disconnected,43,Completed,Yes,Fair,Good,Maintenance executed under standard S&T divisional safety window.
HST-02069,AST-ENG-0078,2026-07-02,Track Inspection,Ultrasonic Rail Flaw Detection (USFD) Anomaly,Repaired and calibrated Ultrasonic Rail Flaw Detection (USFD) Anomaly,96,Completed,Yes,Critical,Good,Maintenance executed under standard Engineering divisional safety window.
HST-02070,AST-S&T-0381,2025-12-12,Axle Counter Maintenance,High Voltage Surge Suppressor Burnout,Repaired and calibrated High Voltage Surge Suppressor Burnout,41,Completed,Yes,Fair,Good,Maintenance executed under standard S&T divisional safety window.
HST-02071,AST-S&T-0341,2025-12-12,Signal Maintenance,Signal Post Corrosion & Alignment Tilt,Executed scheduled overhaul of Signal Maintenance,129,Completed,Yes,Degraded,Good,Maintenance executed under standard S&T divisional safety window.
HST-02072,AST-TRD-0549,2026-04-01,Tower Wagon Inspection,Tunnel OHE Catenary Clearance Check,Repaired and calibrated Tunnel OHE Catenary Clearance Check,154,Completed,Yes,Critical,Good,Maintenance executed under standard TRD divisional safety window.
HST-02073,AST-TRD-0531,2026-02-27,OHE Wire Maintenance,Contact Wire Splice Sleeve Deformation,Executed scheduled overhaul of OHE Wire Maintenance,132,Completed,Yes,Critical,Good,Maintenance executed under standard TRD divisional safety window.
HST-02074,AST-S&T-0226,2026-08-11,Signal Inspection,Signal Sighting Distance Obstruction,Routine preventive servicing and functional testing,76,Completed,Yes,Poor,Good,Maintenance executed under standard S&T divisional safety window.
HST-02075,AST-TRD-0500,2026-07-16,Contact Wire Replacement,Turnout Overlap Wire Renewal,Replaced defective wear components for Turnout Overlap Wire Renewal,205,Completed,Yes,Poor,Good,Maintenance executed under standard TRD divisional safety window.
HST-02076,AST-S&T-0345,2025-12-03,Signal Inspection,LED Signal Aspect Intensity Drop,Executed scheduled overhaul of Signal Inspection,71,Completed,Yes,Fair,Good,Maintenance executed under standard S&T divisional safety window.
HST-02077,AST-ENG-0074,2026-01-10,Sleeper Replacement,Points & Crossing Special Turnout Sleeper Shift,Routine preventive servicing and functional testing,152,Completed,Yes,Fair,Good,Maintenance executed under standard Engineering divisional safety window.
HST-02078,AST-S&T-0346,2025-09-25,Signal Inspection,Calling-on Signal Aspect Failure,Repaired and calibrated Calling-on Signal Aspect Failure,46,Completed,Yes,Fair,Good,Maintenance executed under standard S&T divisional safety window.
HST-02079,AST-ENG-0180,2025-11-06,Track Inspection,Ultrasonic Rail Flaw Detection (USFD) Anomaly,Routine preventive servicing and functional testing,94,Requires Follow-up,Partial,Critical,Fair,Maintenance executed under standard Engineering divisional safety window.
HST-02080,AST-TRD-0577,2026-04-15,OHE Wire Maintenance,Contact Wire Splice Sleeve Deformation,Executed scheduled overhaul of OHE Wire Maintenance,130,Completed,Yes,Poor,Good,Maintenance executed under standard TRD divisional safety window.
HST-02081,AST-S&T-0340,2025-10-21,Signal Maintenance,Integrated Power Supply (IPS) Module Failure,Routine preventive servicing and functional testing,91,Completed,Yes,Fair,Good,Maintenance executed under standard S&T divisional safety window.
HST-02082,AST-TRD-0503,2025-11-08,OHE Inspection,Mast Earthing Bond Disconnected,Repaired and calibrated Mast Earthing Bond Disconnected,64,Completed,Yes,Poor,Good,Maintenance executed under standard TRD divisional safety window.
HST-02083,AST-ENG-0138,2026-01-03,Track Tamping,Bridge Transition Approach Settlement,Executed scheduled overhaul of Track Tamping,200,Completed,Yes,Critical,Good,Maintenance executed under standard Engineering divisional safety window.
HST-02084,AST-ENG-0110,2026-07-24,Track Inspection,Ultrasonic Rail Flaw Detection (USFD) Anomaly,Routine preventive servicing and functional testing,116,Completed,Yes,Degraded,Good,Maintenance executed under standard Engineering divisional safety window.
HST-02085,AST-TRD-0492,2026-08-17,Contact Wire Replacement,Turnout Overlap Wire Renewal,Replaced defective wear components for Turnout Overlap Wire Renewal,194,Completed,Yes,Fair,Good,Maintenance executed under standard TRD divisional safety window.
HST-02086,AST-TRD-0420,2025-11-04,OHE Component Replacement,Traction Substation 132kV Isolator Contact Blade Pitting,Routine preventive servicing and functional testing,197,Completed,Yes,Degraded,Good,Maintenance executed under standard TRD divisional safety window.
HST-02087,AST-ENG-0069,2025-12-09,Track Inspection,Formation / Embankment Settlement,Repaired and calibrated Formation / Embankment Settlement,316,Completed,Yes,Degraded,Good,Maintenance executed under standard Engineering divisional safety window.
HST-02088,AST-TRD-0561,2026-03-28,OHE Inspection,Contact Wire Height & Stagger Deviation,Replaced defective wear components for Contact Wire Height & Stagger Deviation,149,Completed,Yes,Degraded,Good,Maintenance executed under standard TRD divisional safety window.
HST-02089,AST-ENG-0108,2026-08-07,Sleeper Replacement,Broken PSC Sleeper,Routine preventive servicing and functional testing,187,Completed,Yes,Poor,Good,Maintenance executed under standard Engineering divisional safety window.
HST-02090,AST-S&T-0390,2026-02-10,Signal Inspection,LED Signal Aspect Intensity Drop,Joint safety inspection and rectified LED Signal Aspect Intensity Drop,77,Completed,Yes,Degraded,Good,Maintenance executed under standard S&T divisional safety window.
HST-02091,AST-ENG-0113,2026-02-24,Track Inspection,Formation / Embankment Settlement,Routine preventive servicing and functional testing,261,Completed,Yes,Critical,Good,Maintenance executed under standard Engineering divisional safety window.
HST-02092,AST-ENG-0006,2026-06-26,Track Inspection,Track Geometry Gauge Variation,Routine preventive servicing and functional testing,78,Completed,Yes,Degraded,Good,Maintenance executed under standard Engineering divisional safety window.
HST-02093,AST-ENG-0101,2026-06-01,Points & Crossing Maintenance,Loose Stretcher Bar Bolts,Routine preventive servicing and functional testing,75,Completed,Yes,Degraded,Good,Maintenance executed under standard Engineering divisional safety window.
HST-02094,AST-ENG-0110,2025-12-03,Track Tamping,Crossover S-Curve Alignment Tamping,Replaced defective wear components for Crossover S-Curve Alignment Tamping,160,Completed,Yes,Poor,Good,Maintenance executed under standard Engineering divisional safety window.
HST-02095,AST-S&T-0322,2026-01-09,Signal Inspection,Route Indicator Lamp Burnout,Joint safety inspection and rectified Route Indicator Lamp Burnout,52,Completed,Yes,Poor,Good,Maintenance executed under standard S&T divisional safety window.
HST-02096,AST-ENG-0105,2026-05-15,Sleeper Replacement,Broken PSC Sleeper,Routine preventive servicing and functional testing,135,Completed,Yes,Degraded,Good,Maintenance executed under standard Engineering divisional safety window.
HST-02097,AST-ENG-0180,2026-07-10,Track Inspection,Switch Expansion Joint (SEJ) Gap Abnormality,Repaired and calibrated Switch Expansion Joint (SEJ) Gap Abnormality,91,Completed,Yes,Critical,Good,Maintenance executed under standard Engineering divisional safety window.
HST-02098,AST-ENG-0098,2025-12-11,Rail Replacement,Curve Gauge Corner Shelling / Spalling,Executed scheduled overhaul of Rail Replacement,213,Completed,Yes,Critical,Good,Maintenance executed under standard Engineering divisional safety window.
HST-02099,AST-ENG-0161,2025-10-23,Rail Replacement,Curve Gauge Corner Shelling / Spalling,Repaired and calibrated Curve Gauge Corner Shelling / Spalling,295,Completed,Yes,Degraded,Good,Maintenance executed under standard Engineering divisional safety window.
HST-02100,AST-S&T-0328,2026-08-07,Point Machine Maintenance,Ground Connection Rodding Buckling,Replaced defective wear components for Ground Connection Rodding Buckling,76,Completed,Yes,Poor,Good,Maintenance executed under standard S&T divisional safety window.
HST-02101,AST-TRD-0402,2025-09-23,Tower Wagon Inspection,Tunnel OHE Catenary Clearance Check,Repaired and calibrated Tunnel OHE Catenary Clearance Check,175,Completed,Yes,Degraded,Good,Maintenance executed under standard TRD divisional safety window.
HST-02102,AST-S&T-0249,2026-03-27,Point Machine Maintenance,Lock Slide Notch Wear & Burr,Routine preventive servicing and functional testing,69,Completed,Yes,Poor,Good,Maintenance executed under standard S&T divisional safety window.
HST-02103,AST-ENG-0171,2026-08-02,Points & Crossing Maintenance,Worn Switch Rail / Tongue Rail Chipped,Executed scheduled overhaul of Points & Crossing Maintenance,149,Completed,Yes,Poor,Good,Maintenance executed under standard Engineering divisional safety window.
HST-02104,AST-ENG-0146,2026-05-05,Track Inspection,Fishplate Crack / Loose Bolt,Replaced defective wear components for Fishplate Crack / Loose Bolt,70,Completed,Yes,Poor,Good,Maintenance executed under standard Engineering divisional safety window.
HST-02105,AST-S&T-0388,2025-11-21,Point Machine Maintenance,Point Machine Out of Adjustment / Flashover,Replaced defective wear components for Point Machine Out of Adjustment / Flashover,71,Completed,Yes,Poor,Good,Maintenance executed under standard S&T divisional safety window.
HST-02106,AST-TRD-0414,2026-06-15,OHE Component Replacement,Insulator Flashover / Broken Porcelain Disc,Replaced defective wear components for Insulator Flashover / Broken Porcelain Disc,153,Completed,Yes,Critical,Good,Maintenance executed under standard TRD divisional safety window.
HST-02107,AST-TRD-0574,2026-02-15,Contact Wire Replacement,Contact Wire Parting / Snap Incident,Executed scheduled overhaul of Contact Wire Replacement,194,Completed,Yes,Degraded,Good,Maintenance executed under standard TRD divisional safety window.
HST-02108,AST-ENG-0156,2025-10-27,Rail Grinding,Gauge Corner Micro-Spalling on High Rail,Joint safety inspection and rectified Gauge Corner Micro-Spalling on High Rail,257,Completed,Yes,Degraded,Good,Maintenance executed under standard Engineering divisional safety window.
HST-02109,AST-ENG-0156,2026-07-28,Rail Replacement,Fractured Rail Segment,Routine preventive servicing and functional testing,218,Requires Follow-up,Partial,Fair,Fair,Maintenance executed under standard Engineering divisional safety window.
HST-02110,AST-S&T-0312,2025-09-20,Telecom Equipment Maintenance,Yard CCTV Surveillance Node Offline,Executed scheduled overhaul of Telecom Equipment Maintenance,68,Completed,Yes,Critical,Good,Maintenance executed under standard S&T divisional safety window.
HST-02111,AST-ENG-0079,2026-06-10,Sleeper Replacement,Perished Grooved Rubber Sole Plates (GRSP),Repaired and calibrated Perished Grooved Rubber Sole Plates (GRSP),139,Completed,Yes,Poor,Good,Maintenance executed under standard Engineering divisional safety window.
HST-02112,AST-S&T-0223,2026-05-27,Track Circuit Maintenance,Track Relay Choke Coil Breakdown,Replaced defective wear components for Track Relay Choke Coil Breakdown,69,Completed,Yes,Degraded,Good,Maintenance executed under standard S&T divisional safety window.
HST-02113,AST-TRD-0519,2025-09-09,Tower Wagon Inspection,Substation Feeder Jumper Maintenance,Joint safety inspection and rectified Substation Feeder Jumper Maintenance,93,Completed,Yes,Critical,Good,Maintenance executed under standard TRD divisional safety window.
HST-02114,AST-ENG-0104,2026-05-08,Sleeper Replacement,Bridge Timber Sleeper Decay,Replaced defective wear components for Bridge Timber Sleeper Decay,194,Completed,Yes,Critical,Good,Maintenance executed under standard Engineering divisional safety window.
HST-02115,AST-S&T-0203,2025-11-26,Track Circuit Maintenance,Track Lead Cable Sheath Damage,Joint safety inspection and rectified Track Lead Cable Sheath Damage,50,Completed,Yes,Poor,Good,Maintenance executed under standard S&T divisional safety window.
HST-02116,AST-S&T-0356,2025-09-10,Signal Maintenance,Signal Blank / Lamp Failure,Executed scheduled overhaul of Signal Maintenance,75,Completed,Yes,Fair,Good,Maintenance executed under standard S&T divisional safety window.
HST-02117,AST-ENG-0007,2026-07-14,Track Inspection,Fishplate Crack / Loose Bolt,Routine preventive servicing and functional testing,47,Completed,Yes,Fair,Good,Maintenance executed under standard Engineering divisional safety window.
HST-02118,AST-TRD-0474,2026-07-26,OHE Component Replacement,Cantilever Bracket Assembly Misalignment,Executed scheduled overhaul of OHE Component Replacement,116,Completed,Yes,Degraded,Good,Maintenance executed under standard TRD divisional safety window.
HST-02119,AST-S&T-0355,2026-01-04,Track Circuit Maintenance,Track Lead Cable Sheath Damage,Joint safety inspection and rectified Track Lead Cable Sheath Damage,57,Completed,Yes,Degraded,Good,Maintenance executed under standard S&T divisional safety window.
HST-02120,AST-TRD-0425,2026-02-04,OHE Component Replacement,Insulator Flashover / Broken Porcelain Disc,Routine preventive servicing and functional testing,154,Completed,Yes,Degraded,Good,Maintenance executed under standard TRD divisional safety window.
HST-02121,AST-ENG-0044,2026-04-17,Track Inspection,Fishplate Crack / Loose Bolt,Routine preventive servicing and functional testing,60,Completed,Yes,Poor,Good,Maintenance executed under standard Engineering divisional safety window.
HST-02122,AST-S&T-0263,2026-07-16,Axle Counter Maintenance,High Voltage Surge Suppressor Burnout,Executed scheduled overhaul of Axle Counter Maintenance,59,Completed,Yes,Critical,Good,Maintenance executed under standard S&T divisional safety window.
HST-02123,AST-ENG-0160,2025-12-21,Track Inspection,Ballast Deficiency / Shoulder Loss,Replaced defective wear components for Ballast Deficiency / Shoulder Loss,155,Completed,Yes,Degraded,Good,Maintenance executed under standard Engineering divisional safety window.
HST-02124,AST-S&T-0253,2025-11-02,Point Machine Maintenance,Ground Connection Rodding Buckling,Joint safety inspection and rectified Ground Connection Rodding Buckling,121,Requires Follow-up,Partial,Fair,Fair,Maintenance executed under standard S&T divisional safety window.
HST-02125,AST-S&T-0257,2026-04-18,Signal Maintenance,Signal Blank / Lamp Failure,Executed scheduled overhaul of Signal Maintenance,98,Completed,Yes,Fair,Good,Maintenance executed under standard S&T divisional safety window.
HST-02126,AST-S&T-0399,2026-04-07,Point Machine Maintenance,Ground Connection Rodding Buckling,Executed scheduled overhaul of Point Machine Maintenance,101,Completed,Yes,Degraded,Good,Maintenance executed under standard S&T divisional safety window.
HST-02127,AST-TRD-0464,2026-01-27,Tower Wagon Inspection,Overline Structure / Bridge Clearance Audit,Executed scheduled overhaul of Tower Wagon Inspection,188,Completed,Yes,Critical,Good,Maintenance executed under standard TRD divisional safety window.
HST-02128,AST-TRD-0565,2026-07-01,Contact Wire Replacement,Loop Line Contact Wire Heavy Carbonization,Routine preventive servicing and functional testing,203,Completed,Yes,Critical,Good,Maintenance executed under standard TRD divisional safety window.
HST-02129,AST-ENG-0191,2026-06-03,Track Inspection,Track Geometry Gauge Variation,Joint safety inspection and rectified Track Geometry Gauge Variation,74,Completed,Yes,Poor,Good,Maintenance executed under standard Engineering divisional safety window.
HST-02130,AST-ENG-0172,2026-01-09,Points & Crossing Maintenance,Loose Stretcher Bar Bolts,Routine preventive servicing and functional testing,63,Completed,Yes,Fair,Good,Maintenance executed under standard Engineering divisional safety window.
HST-02131,AST-TRD-0408,2026-05-25,OHE Component Replacement,Auto-Tensioning Device (ATD) Weight Jam,Repaired and calibrated Auto-Tensioning Device (ATD) Weight Jam,120,Completed,Yes,Fair,Good,Maintenance executed under standard TRD divisional safety window.
HST-02132,AST-TRD-0430,2025-09-18,OHE Inspection,Section Insulator Arcing Horn Burn,Routine preventive servicing and functional testing,75,Completed,Yes,Degraded,Good,Maintenance executed under standard TRD divisional safety window.
HST-02133,AST-S&T-0346,2026-03-29,Axle Counter Maintenance,High Voltage Surge Suppressor Burnout,Repaired and calibrated High Voltage Surge Suppressor Burnout,51,Completed,Yes,Critical,Good,Maintenance executed under standard S&T divisional safety window.
HST-02134,AST-ENG-0072,2026-08-06,Rail Grinding,Rail Surface Corrugation,Repaired and calibrated Rail Surface Corrugation,311,Completed,Yes,Poor,Good,Maintenance executed under standard Engineering divisional safety window.
HST-02135,AST-S&T-0308,2026-04-25,Telecom Equipment Maintenance,Emergency Control Telephone (EC) Socket Defect,Replaced defective wear components for Emergency Control Telephone (EC) Socket Defect,78,Completed,Yes,Fair,Good,Maintenance executed under standard S&T divisional safety window.
HST-02136,AST-ENG-0001,2026-04-23,Track Inspection,Ultrasonic Rail Flaw Detection (USFD) Anomaly,Replaced defective wear components for Ultrasonic Rail Flaw Detection (USFD) Anomaly,107,Completed,Yes,Critical,Good,Maintenance executed under standard Engineering divisional safety window.
HST-02137,AST-S&T-0346,2025-12-10,Signal Maintenance,Signalling Relay Contact Oxidation (Q-Series),Executed scheduled overhaul of Signal Maintenance,89,Completed,Yes,Degraded,Good,Maintenance executed under standard S&T divisional safety window.
HST-02138,AST-TRD-0522,2025-12-29,OHE Wire Maintenance,Cross Feeder Wire Vibration Fatigue,Repaired and calibrated Cross Feeder Wire Vibration Fatigue,102,Completed,Yes,Poor,Good,Maintenance executed under standard TRD divisional safety window.
HST-02139,AST-ENG-0044,2026-02-08,Rail Grinding,Rail Lip / Fin Formation,Routine preventive servicing and functional testing,188,Completed,Yes,Poor,Good,Maintenance executed under standard Engineering divisional safety window.
HST-02140,AST-ENG-0195,2026-02-21,Track Inspection,Fishplate Crack / Loose Bolt,Routine preventive servicing and functional testing,59,Completed,Yes,Fair,Good,Maintenance executed under standard Engineering divisional safety window.
HST-02141,AST-S&T-0283,2025-10-05,Signal Maintenance,Signal Post Corrosion & Alignment Tilt,Repaired and calibrated Signal Post Corrosion & Alignment Tilt,129,Completed,Yes,Fair,Good,Maintenance executed under standard S&T divisional safety window.
HST-02142,AST-S&T-0274,2025-12-08,Telecom Equipment Maintenance,Passenger Information System (PIS) Display Node Link Drop,Executed scheduled overhaul of Telecom Equipment Maintenance,46,Completed,Yes,Fair,Good,Maintenance executed under standard S&T divisional safety window.
HST-02143,AST-TRD-0417,2026-03-04,Tower Wagon Inspection,Overline Structure / Bridge Clearance Audit,Replaced defective wear components for Overline Structure / Bridge Clearance Audit,194,Completed,Yes,Critical,Good,Maintenance executed under standard TRD divisional safety window.
HST-02144,AST-ENG-0180,2025-11-12,Track Inspection,Level Crossing Check Rail Flangeway Clogging,Routine preventive servicing and functional testing,59,Completed,Yes,Degraded,Good,Maintenance executed under standard Engineering divisional safety window.
HST-02145,AST-S&T-0302,2025-11-28,Telecom Equipment Maintenance,Emergency Control Telephone (EC) Socket Defect,Repaired and calibrated Emergency Control Telephone (EC) Socket Defect,49,Requires Follow-up,Partial,Critical,Fair,Maintenance executed under standard S&T divisional safety window.
HST-02146,AST-TRD-0477,2026-08-06,OHE Component Replacement,Cantilever Bracket Assembly Misalignment,Repaired and calibrated Cantilever Bracket Assembly Misalignment,185,Completed,Yes,Degraded,Good,Maintenance executed under standard TRD divisional safety window.
HST-02147,AST-TRD-0572,2026-06-28,OHE Component Replacement,Insulator Flashover / Broken Porcelain Disc,Routine preventive servicing and functional testing,131,Requires Follow-up,Partial,Degraded,Fair,Maintenance executed under standard TRD divisional safety window.
HST-02148,AST-ENG-0186,2025-09-08,Sleeper Replacement,Perished Grooved Rubber Sole Plates (GRSP),Joint safety inspection and rectified Perished Grooved Rubber Sole Plates (GRSP),135,Completed,Yes,Fair,Good,Maintenance executed under standard Engineering divisional safety window.
HST-02149,AST-ENG-0058,2025-11-01,Sleeper Replacement,Turnout Concrete Sleeper Fracture,Routine preventive servicing and functional testing,180,Completed,Yes,Critical,Good,Maintenance executed under standard Engineering divisional safety window.
HST-02150,AST-TRD-0563,2025-09-06,OHE Component Replacement,Section Insulator Runner Wear,Replaced defective wear components for Section Insulator Runner Wear,173,Requires Follow-up,Partial,Poor,Fair,Maintenance executed under standard TRD divisional safety window.
HST-02151,AST-TRD-0591,2025-09-26,Tower Wagon Inspection,Overline Structure / Bridge Clearance Audit,Routine preventive servicing and functional testing,183,Completed,Yes,Degraded,Good,Maintenance executed under standard TRD divisional safety window.
HST-02152,AST-ENG-0161,2025-10-17,Rail Grinding,Turnout Switch & Stock Rail Profile Restoration,Joint safety inspection and rectified Turnout Switch & Stock Rail Profile Restoration,140,Completed,Yes,Degraded,Good,Maintenance executed under standard Engineering divisional safety window.
HST-02153,AST-S&T-0374,2025-12-14,Signal Inspection,Aspect Current Sensor Anomaly,Executed scheduled overhaul of Signal Inspection,39,Completed,Yes,Poor,Good,Maintenance executed under standard S&T divisional safety window.
HST-02154,AST-S&T-0229,2025-12-13,Signal Inspection,LED Signal Aspect Intensity Drop,Routine preventive servicing and functional testing,51,Completed,Yes,Poor,Good,Maintenance executed under standard S&T divisional safety window.
HST-02155,AST-ENG-0002,2025-09-20,Track Tamping,Turnout Packing & Lining Fault,Joint safety inspection and rectified Turnout Packing & Lining Fault,272,Completed,Yes,Critical,Good,Maintenance executed under standard Engineering divisional safety window.
HST-02156,AST-ENG-0016,2025-09-06,Track Inspection,Ballast Deficiency / Shoulder Loss,Replaced defective wear components for Ballast Deficiency / Shoulder Loss,179,Completed,Yes,Degraded,Good,Maintenance executed under standard Engineering divisional safety window.
HST-02157,AST-TRD-0420,2026-02-08,OHE Inspection,Mast Earthing Bond Disconnected,Routine preventive servicing and functional testing,78,Completed,Yes,Critical,Good,Maintenance executed under standard TRD divisional safety window.
HST-02158,AST-S&T-0346,2026-07-22,Signal Maintenance,Signalling Relay Contact Oxidation (Q-Series),Repaired and calibrated Signalling Relay Contact Oxidation (Q-Series),100,Completed,Yes,Critical,Good,Maintenance executed under standard S&T divisional safety window.
HST-02159,AST-S&T-0312,2026-06-02,Point Machine Maintenance,Lock Slide Notch Wear & Burr,Replaced defective wear components for Lock Slide Notch Wear & Burr,78,Requires Follow-up,Partial,Degraded,Fair,Maintenance executed under standard S&T divisional safety window.
HST-02160,AST-ENG-0084,2026-01-03,Points & Crossing Maintenance,Worn CMS Crossing Nose,Executed scheduled overhaul of Points & Crossing Maintenance,225,Completed,Yes,Poor,Good,Maintenance executed under standard Engineering divisional safety window.
HST-02161,AST-S&T-0372,2025-10-25,Telecom Equipment Maintenance,Optical Fibre Cable (OFC) Attenuation Surge,Replaced defective wear components for Optical Fibre Cable (OFC) Attenuation Surge,145,Completed,Yes,Fair,Good,Maintenance executed under standard S&T divisional safety window.
HST-02162,AST-ENG-0099,2026-03-06,Track Inspection,Derailment Catch Siding Switch Inspection,Routine preventive servicing and functional testing,97,Completed,Yes,Poor,Good,Maintenance executed under standard Engineering divisional safety window.
HST-02163,AST-TRD-0428,2026-02-17,OHE Wire Maintenance,Bridging Jumper Burning / Degradation,Repaired and calibrated Bridging Jumper Burning / Degradation,158,Completed,Yes,Poor,Good,Maintenance executed under standard TRD divisional safety window.
HST-02164,AST-S&T-0310,2026-04-18,Telecom Equipment Maintenance,Passenger Information System (PIS) Display Node Link Drop,Repaired and calibrated Passenger Information System (PIS) Display Node Link Drop,55,Completed,Yes,Degraded,Good,Maintenance executed under standard S&T divisional safety window.
HST-02165,AST-ENG-0141,2025-11-09,Rail Grinding,Turnout Switch & Stock Rail Profile Restoration,Routine preventive servicing and functional testing,125,Completed,Yes,Degraded,Good,Maintenance executed under standard Engineering divisional safety window.
HST-02166,AST-ENG-0148,2026-08-11,Points & Crossing Maintenance,Check Rail Clearance Error,Executed scheduled overhaul of Points & Crossing Maintenance,118,Completed,Yes,Critical,Good,Maintenance executed under standard Engineering divisional safety window.
HST-02167,AST-ENG-0173,2026-05-28,Track Tamping,Turnout Packing & Lining Fault,Executed scheduled overhaul of Track Tamping,159,Completed,Yes,Degraded,Good,Maintenance executed under standard Engineering divisional safety window.
HST-02168,AST-TRD-0577,2025-10-22,Tower Wagon Inspection,Neutral Section (PTFE Type) Inspection,Repaired and calibrated Neutral Section (PTFE Type) Inspection,119,Completed,Yes,Fair,Good,Maintenance executed under standard TRD divisional safety window.
HST-02169,AST-S&T-0373,2025-11-11,Point Machine Maintenance,Crank Handle Interlock Microswitch Jam,Routine preventive servicing and functional testing,52,Completed,Yes,Degraded,Good,Maintenance executed under standard S&T divisional safety window.
HST-02170,AST-ENG-0007,2025-12-24,Track Tamping,Track Alignment & Level Deviation,Routine preventive servicing and functional testing,291,Completed,Yes,Poor,Good,Maintenance executed under standard Engineering divisional safety window.
HST-02171,AST-TRD-0507,2025-11-16,OHE Wire Maintenance,Catenary Wire Strand Broken,Joint safety inspection and rectified Catenary Wire Strand Broken,191,Completed,Yes,Critical,Good,Maintenance executed under standard TRD divisional safety window.
HST-02172,AST-S&T-0268,2026-04-16,Signal Maintenance,Integrated Power Supply (IPS) Module Failure,Executed scheduled overhaul of Signal Maintenance,160,Completed,Yes,Fair,Good,Maintenance executed under standard S&T divisional safety window.
HST-02173,AST-TRD-0410,2026-01-09,Tower Wagon Inspection,Substation Feeder Jumper Maintenance,Executed scheduled overhaul of Tower Wagon Inspection,124,Completed,Yes,Critical,Good,Maintenance executed under standard TRD divisional safety window.
HST-02174,AST-TRD-0434,2025-12-20,OHE Inspection,Neutral Section Transverse Slew Anomaly,Executed scheduled overhaul of OHE Inspection,97,Completed,Yes,Critical,Good,Maintenance executed under standard TRD divisional safety window.
HST-02175,AST-TRD-0426,2026-07-01,Tower Wagon Inspection,Neutral Section (PTFE Type) Inspection,Replaced defective wear components for Neutral Section (PTFE Type) Inspection,134,Completed,Yes,Critical,Good,Maintenance executed under standard TRD divisional safety window.
HST-02176,AST-S&T-0379,2026-06-15,Signal Maintenance,Signalling Relay Contact Oxidation (Q-Series),Replaced defective wear components for Signalling Relay Contact Oxidation (Q-Series),92,Completed,Yes,Poor,Good,Maintenance executed under standard S&T divisional safety window.
HST-02177,AST-TRD-0555,2026-02-25,Contact Wire Replacement,Loop Line Contact Wire Heavy Carbonization,Routine preventive servicing and functional testing,191,Completed,Yes,Degraded,Good,Maintenance executed under standard TRD divisional safety window.
HST-02178,AST-S&T-0373,2026-08-01,Point Machine Maintenance,Point Detection Contact Carbonization,Joint safety inspection and rectified Point Detection Contact Carbonization,97,Completed,Yes,Degraded,Good,Maintenance executed under standard S&T divisional safety window.
HST-02179,AST-S&T-0374,2026-06-02,Point Machine Maintenance,Ground Connection Rodding Buckling,Executed scheduled overhaul of Point Machine Maintenance,116,Completed,Yes,Fair,Good,Maintenance executed under standard S&T divisional safety window.
HST-02180,AST-TRD-0583,2025-10-01,Contact Wire Replacement,Turnout Overlap Wire Renewal,Routine preventive servicing and functional testing,249,Completed,Yes,Poor,Good,Maintenance executed under standard TRD divisional safety window.
HST-02181,AST-TRD-0453,2026-06-18,OHE Inspection,Section Insulator Arcing Horn Burn,Executed scheduled overhaul of OHE Inspection,116,Completed,Yes,Degraded,Good,Maintenance executed under standard TRD divisional safety window.
HST-02182,AST-TRD-0404,2026-04-24,OHE Component Replacement,Cantilever Bracket Assembly Misalignment,Joint safety inspection and rectified Cantilever Bracket Assembly Misalignment,120,Completed,Yes,Fair,Good,Maintenance executed under standard TRD divisional safety window.
HST-02183,AST-TRD-0428,2025-10-09,Contact Wire Replacement,In-Span Splice Elimination,Repaired and calibrated In-Span Splice Elimination,302,Completed,Yes,Degraded,Good,Maintenance executed under standard TRD divisional safety window.
HST-02184,AST-ENG-0147,2026-01-19,Points & Crossing Maintenance,Worn CMS Crossing Nose,Replaced defective wear components for Worn CMS Crossing Nose,197,Completed,Yes,Fair,Good,Maintenance executed under standard Engineering divisional safety window.
HST-02185,AST-ENG-0184,2026-01-25,Ballast Cleaning,Shoulder Ballast Contamination,Joint safety inspection and rectified Shoulder Ballast Contamination,186,Completed,Yes,Degraded,Good,Maintenance executed under standard Engineering divisional safety window.
HST-02186,AST-S&T-0317,2026-02-03,Signal Maintenance,Signalling Relay Contact Oxidation (Q-Series),Repaired and calibrated Signalling Relay Contact Oxidation (Q-Series),63,Completed,Yes,Degraded,Good,Maintenance executed under standard S&T divisional safety window.
HST-02187,AST-ENG-0190,2025-12-23,Track Inspection,Buffer Stop Foundation Settlement,Executed scheduled overhaul of Track Inspection,101,Completed,Yes,Poor,Good,Maintenance executed under standard Engineering divisional safety window.
HST-02188,AST-TRD-0460,2026-08-07,OHE Component Replacement,Traction Substation 25kV Vacuum Circuit Breaker (VCB) Fault,Joint safety inspection and rectified Traction Substation 25kV Vacuum Circuit Breaker (VCB) Fault,135,Completed,Yes,Poor,Good,Maintenance executed under standard TRD divisional safety window.
HST-02189,AST-S&T-0303,2026-02-02,Telecom Equipment Maintenance,VHF / MTRC Radio Base Station Fault,Routine preventive servicing and functional testing,95,Completed,Yes,Fair,Good,Maintenance executed under standard S&T divisional safety window.
HST-02190,AST-ENG-0095,2025-11-07,Rail Replacement,Rail End Batter at Joint,Replaced defective wear components for Rail End Batter at Joint,139,Completed,Yes,Critical,Good,Maintenance executed under standard Engineering divisional safety window.
HST-02191,AST-TRD-0472,2026-06-13,OHE Wire Maintenance,Contact Wire Kink / Mechanical Damage,Repaired and calibrated Contact Wire Kink / Mechanical Damage,139,Completed,Yes,Poor,Good,Maintenance executed under standard TRD divisional safety window.
HST-02192,AST-S&T-0241,2026-04-19,Point Machine Maintenance,Point Machine Motor Replacement,Routine preventive servicing and functional testing,135,Completed,Yes,Poor,Good,Maintenance executed under standard S&T divisional safety window.
HST-02193,AST-S&T-0353,2026-08-11,Signal Inspection,Signal Sighting Distance Obstruction,Executed scheduled overhaul of Signal Inspection,114,Completed,Yes,Degraded,Good,Maintenance executed under standard S&T divisional safety window.
HST-02194,AST-S&T-0281,2025-09-22,Telecom Equipment Maintenance,Yard CCTV Surveillance Node Offline,Repaired and calibrated Yard CCTV Surveillance Node Offline,51,Completed,Yes,Critical,Good,Maintenance executed under standard S&T divisional safety window.
HST-02195,AST-S&T-0396,2026-07-20,Track Circuit Maintenance,Track Lead Cable Sheath Damage,Joint safety inspection and rectified Track Lead Cable Sheath Damage,52,Completed,Yes,Poor,Good,Maintenance executed under standard S&T divisional safety window.
HST-02196,AST-S&T-0341,2026-01-12,Telecom Equipment Maintenance,Yard CCTV Surveillance Node Offline,Replaced defective wear components for Yard CCTV Surveillance Node Offline,50,Completed,Yes,Degraded,Good,Maintenance executed under standard S&T divisional safety window.
HST-02197,AST-ENG-0095,2026-04-18,Ballast Cleaning,Clogged / Foul Ballast Bed,Routine preventive servicing and functional testing,280,Completed,Yes,Degraded,Good,Maintenance executed under standard Engineering divisional safety window.
HST-02198,AST-S&T-0255,2026-01-27,Signal Inspection,Aspect Current Sensor Anomaly,Replaced defective wear components for Aspect Current Sensor Anomaly,39,Completed,Yes,Degraded,Good,Maintenance executed under standard S&T divisional safety window.
HST-02199,AST-TRD-0552,2026-07-29,Tower Wagon Inspection,Level Crossing Gate OHE Anti-Collision Guard Wire Sag,Routine preventive servicing and functional testing,97,Requires Follow-up,Partial,Fair,Fair,Maintenance executed under standard TRD divisional safety window.
HST-02200,AST-ENG-0018,2026-07-07,Sleeper Replacement,Broken PSC Sleeper,Routine preventive servicing and functional testing,177,Requires Follow-up,Partial,Poor,Fair,Maintenance executed under standard Engineering divisional safety window.
HST-02201,AST-S&T-0357,2025-09-24,Track Circuit Maintenance,Track Circuit Dropping / False Occupancy,Repaired and calibrated Track Circuit Dropping / False Occupancy,61,Completed,Yes,Poor,Good,Maintenance executed under standard S&T divisional safety window.
HST-02202,AST-S&T-0340,2026-08-09,Axle Counter Maintenance,Axle Counter Evaluator Card Failure,Routine preventive servicing and functional testing,93,Completed,Yes,Fair,Good,Maintenance executed under standard S&T divisional safety window.
HST-02203,AST-S&T-0276,2026-08-16,Track Circuit Maintenance,Track Circuit Dropping / False Occupancy,Routine preventive servicing and functional testing,45,Completed,Yes,Fair,Good,Maintenance executed under standard S&T divisional safety window.
HST-02204,AST-TRD-0409,2026-02-25,Contact Wire Replacement,Severe Contact Wire Wear (< 74 sq mm),Repaired and calibrated Severe Contact Wire Wear (< 74 sq mm),304,Completed,Yes,Degraded,Good,Maintenance executed under standard TRD divisional safety window.
HST-02205,AST-S&T-0379,2025-10-24,Signal Maintenance,Integrated Power Supply (IPS) Module Failure,Replaced defective wear components for Integrated Power Supply (IPS) Module Failure,91,Requires Follow-up,Partial,Fair,Fair,Maintenance executed under standard S&T divisional safety window.
HST-02206,AST-ENG-0171,2026-05-06,Ballast Cleaning,Cess / Drainage Deepening,Routine preventive servicing and functional testing,252,Completed,Yes,Degraded,Good,Maintenance executed under standard Engineering divisional safety window.
HST-02207,AST-ENG-0050,2026-01-22,Points & Crossing Maintenance,Worn Switch Rail / Tongue Rail Chipped,Executed scheduled overhaul of Points & Crossing Maintenance,242,Completed,Yes,Degraded,Good,Maintenance executed under standard Engineering divisional safety window.
HST-02208,AST-TRD-0506,2026-07-02,OHE Component Replacement,Section Insulator Runner Wear,Repaired and calibrated Section Insulator Runner Wear,167,Completed,Yes,Degraded,Good,Maintenance executed under standard TRD divisional safety window.
HST-02209,AST-TRD-0570,2026-06-09,Contact Wire Replacement,Contact Wire Parting / Snap Incident,Joint safety inspection and rectified Contact Wire Parting / Snap Incident,222,Completed,Yes,Fair,Good,Maintenance executed under standard TRD divisional safety window.
HST-02210,AST-ENG-0100,2025-09-28,Rail Grinding,Rolling Contact Fatigue / Head Checking,Routine preventive servicing and functional testing,348,Completed,Yes,Degraded,Good,Maintenance executed under standard Engineering divisional safety window.
HST-02211,AST-TRD-0571,2025-09-30,OHE Wire Maintenance,Bridging Jumper Burning / Degradation,Repaired and calibrated Bridging Jumper Burning / Degradation,92,Completed,Yes,Degraded,Good,Maintenance executed under standard TRD divisional safety window.
HST-02212,AST-ENG-0146,2025-11-16,Track Inspection,Level Crossing Check Rail Flangeway Clogging,Routine preventive servicing and functional testing,51,Completed,Yes,Critical,Good,Maintenance executed under standard Engineering divisional safety window.
HST-02213,AST-TRD-0553,2026-07-02,OHE Wire Maintenance,Contact Wire Kink / Mechanical Damage,Executed scheduled overhaul of OHE Wire Maintenance,171,Completed,Yes,Critical,Good,Maintenance executed under standard TRD divisional safety window.
HST-02214,AST-TRD-0463,2026-08-05,Tower Wagon Inspection,Tunnel OHE Catenary Clearance Check,Replaced defective wear components for Tunnel OHE Catenary Clearance Check,224,Completed,Yes,Fair,Good,Maintenance executed under standard TRD divisional safety window.
HST-02215,AST-ENG-0117,2026-01-20,Track Inspection,Bridge Guard Rail Misalignment,Routine preventive servicing and functional testing,107,Completed,Yes,Poor,Good,Maintenance executed under standard Engineering divisional safety window.
HST-02216,AST-S&T-0226,2025-10-05,Signal Inspection,Aspect Current Sensor Anomaly,Replaced defective wear components for Aspect Current Sensor Anomaly,60,Completed,Yes,Fair,Good,Maintenance executed under standard S&T divisional safety window.
HST-02217,AST-S&T-0228,2026-08-13,Point Machine Maintenance,Lock Slide Notch Wear & Burr,Repaired and calibrated Lock Slide Notch Wear & Burr,87,Completed,Yes,Fair,Good,Maintenance executed under standard S&T divisional safety window.
HST-02218,AST-TRD-0516,2025-11-24,OHE Component Replacement,Traction Substation 25kV Vacuum Circuit Breaker (VCB) Fault,Repaired and calibrated Traction Substation 25kV Vacuum Circuit Breaker (VCB) Fault,152,Completed,Yes,Degraded,Good,Maintenance executed under standard TRD divisional safety window.
HST-02219,AST-ENG-0188,2026-06-02,Rail Replacement,Defective Alumino-Thermic (AT) Weld Joint,Repaired and calibrated Defective Alumino-Thermic (AT) Weld Joint,174,Completed,Yes,Degraded,Good,Maintenance executed under standard Engineering divisional safety window.
HST-02220,AST-ENG-0068,2026-06-20,Ballast Cleaning,Level Crossing Ballast Deep Screening,Joint safety inspection and rectified Level Crossing Ballast Deep Screening,378,Completed,Yes,Degraded,Good,Maintenance executed under standard Engineering divisional safety window.
HST-02221,AST-ENG-0056,2026-02-27,Track Tamping,Crossover S-Curve Alignment Tamping,Replaced defective wear components for Crossover S-Curve Alignment Tamping,149,Completed,Yes,Degraded,Good,Maintenance executed under standard Engineering divisional safety window.
HST-02222,AST-TRD-0489,2026-03-03,Tower Wagon Inspection,Neutral Section (PTFE Type) Inspection,Joint safety inspection and rectified Neutral Section (PTFE Type) Inspection,145,Completed,Yes,Critical,Good,Maintenance executed under standard TRD divisional safety window.
HST-02223,AST-S&T-0227,2026-02-28,Telecom Equipment Maintenance,Optical Fibre Cable (OFC) Attenuation Surge,Repaired and calibrated Optical Fibre Cable (OFC) Attenuation Surge,215,Completed,Yes,Critical,Good,Maintenance executed under standard S&T divisional safety window.
HST-02224,AST-ENG-0042,2025-10-29,Sleeper Replacement,Broken PSC Sleeper,Replaced defective wear components for Broken PSC Sleeper,216,Completed,Yes,Fair,Good,Maintenance executed under standard Engineering divisional safety window.
HST-02225,AST-TRD-0438,2026-02-18,Tower Wagon Inspection,Tunnel OHE Catenary Clearance Check,Routine preventive servicing and functional testing,201,Completed,Yes,Poor,Good,Maintenance executed under standard TRD divisional safety window.
HST-02226,AST-S&T-0346,2026-02-02,Signal Maintenance,Data Logger Channel Telemetry Lockout,Repaired and calibrated Data Logger Channel Telemetry Lockout,71,Completed,Yes,Fair,Good,Maintenance executed under standard S&T divisional safety window.
HST-02227,AST-ENG-0191,2026-03-17,Rail Grinding,Turnout Switch & Stock Rail Profile Restoration,Routine preventive servicing and functional testing,192,Completed,Yes,Critical,Good,Maintenance executed under standard Engineering divisional safety window.
HST-02228,AST-TRD-0403,2025-11-28,OHE Component Replacement,Cantilever Bracket Assembly Misalignment,Repaired and calibrated Cantilever Bracket Assembly Misalignment,179,Completed,Yes,Fair,Good,Maintenance executed under standard TRD divisional safety window.
HST-02229,AST-TRD-0575,2025-12-21,OHE Component Replacement,Insulator Flashover / Broken Porcelain Disc,Joint safety inspection and rectified Insulator Flashover / Broken Porcelain Disc,124,Completed,Yes,Poor,Good,Maintenance executed under standard TRD divisional safety window.
HST-02230,AST-S&T-0371,2025-11-19,Track Circuit Maintenance,Bond Wire Broken / Disconnected,Routine preventive servicing and functional testing,39,Completed,Yes,Fair,Good,Maintenance executed under standard S&T divisional safety window.
HST-02231,AST-ENG-0145,2026-01-06,Points & Crossing Maintenance,Check Rail Clearance Error,Executed scheduled overhaul of Points & Crossing Maintenance,114,Completed,Yes,Critical,Good,Maintenance executed under standard Engineering divisional safety window.
HST-02232,AST-S&T-0287,2026-08-02,Axle Counter Maintenance,Axle Counter Evaluator Card Failure,Repaired and calibrated Axle Counter Evaluator Card Failure,114,Completed,Yes,Degraded,Good,Maintenance executed under standard S&T divisional safety window.
HST-02233,AST-TRD-0510,2026-07-17,Contact Wire Replacement,Turnout Overlap Wire Renewal,Routine preventive servicing and functional testing,264,Completed,Yes,Fair,Good,Maintenance executed under standard TRD divisional safety window.
HST-02234,AST-ENG-0024,2026-02-27,Ballast Cleaning,Level Crossing Ballast Deep Screening,Joint safety inspection and rectified Level Crossing Ballast Deep Screening,294,Completed,Yes,Degraded,Good,Maintenance executed under standard Engineering divisional safety window.
HST-02235,AST-ENG-0079,2025-10-21,Ballast Cleaning,Clogged / Foul Ballast Bed,Joint safety inspection and rectified Clogged / Foul Ballast Bed,373,Completed,Yes,Degraded,Good,Maintenance executed under standard Engineering divisional safety window.
HST-02236,AST-ENG-0123,2026-05-20,Rail Replacement,Rail Burn / Scabbing Defect,Replaced defective wear components for Rail Burn / Scabbing Defect,188,Completed,Yes,Fair,Good,Maintenance executed under standard Engineering divisional safety window.
HST-02237,AST-S&T-0288,2026-06-07,Axle Counter Maintenance,Track Device (Sensor) Misalignment,Joint safety inspection and rectified Track Device (Sensor) Misalignment,50,Completed,Yes,Fair,Good,Maintenance executed under standard S&T divisional safety window.
HST-02238,AST-ENG-0068,2026-01-21,Track Tamping,Post-Renewal Track Stabilization,Repaired and calibrated Post-Renewal Track Stabilization,140,Completed,Yes,Degraded,Good,Maintenance executed under standard Engineering divisional safety window.
HST-02239,AST-S&T-0317,2026-05-14,Signal Maintenance,Data Logger Channel Telemetry Lockout,Joint safety inspection and rectified Data Logger Channel Telemetry Lockout,45,Completed,Yes,Poor,Good,Maintenance executed under standard S&T divisional safety window.
HST-02240,AST-TRD-0481,2026-01-27,OHE Wire Maintenance,Cross Feeder Wire Vibration Fatigue,Executed scheduled overhaul of OHE Wire Maintenance,93,Completed,Yes,Critical,Good,Maintenance executed under standard TRD divisional safety window.
HST-02241,AST-TRD-0554,2026-07-19,Contact Wire Replacement,Severe Contact Wire Wear (< 74 sq mm),Executed scheduled overhaul of Contact Wire Replacement,372,Requires Follow-up,Partial,Fair,Fair,Maintenance executed under standard TRD divisional safety window.
HST-02242,AST-TRD-0479,2025-12-14,OHE Wire Maintenance,Contact Wire Splice Sleeve Deformation,Executed scheduled overhaul of OHE Wire Maintenance,141,Completed,Yes,Degraded,Good,Maintenance executed under standard TRD divisional safety window.
HST-02243,AST-ENG-0067,2026-08-16,Track Inspection,Formation / Embankment Settlement,Repaired and calibrated Formation / Embankment Settlement,264,Completed,Yes,Fair,Good,Maintenance executed under standard Engineering divisional safety window.
HST-02244,AST-ENG-0182,2025-12-29,Rail Replacement,Excessive Rail Wear Beyond Limit,Replaced defective wear components for Excessive Rail Wear Beyond Limit,233,Completed,Yes,Critical,Good,Maintenance executed under standard Engineering divisional safety window.
HST-02245,AST-ENG-0007,2026-06-08,Track Inspection,Fishplate Crack / Loose Bolt,Joint safety inspection and rectified Fishplate Crack / Loose Bolt,68,Completed,Yes,Fair,Good,Maintenance executed under standard Engineering divisional safety window.
HST-02246,AST-TRD-0572,2025-11-20,OHE Wire Maintenance,Cross Feeder Wire Vibration Fatigue,Routine preventive servicing and functional testing,73,Completed,Yes,Critical,Good,Maintenance executed under standard TRD divisional safety window.
HST-02247,AST-ENG-0100,2025-11-26,Points & Crossing Maintenance,Worn CMS Crossing Nose,Executed scheduled overhaul of Points & Crossing Maintenance,263,Completed,Yes,Critical,Good,Maintenance executed under standard Engineering divisional safety window.
HST-02248,AST-TRD-0514,2026-04-18,Contact Wire Replacement,Severe Contact Wire Wear (< 74 sq mm),Replaced defective wear components for Severe Contact Wire Wear (< 74 sq mm),303,Completed,Yes,Critical,Good,Maintenance executed under standard TRD divisional safety window.
HST-02249,AST-S&T-0219,2026-04-27,Point Machine Maintenance,Lock Slide Notch Wear & Burr,Joint safety inspection and rectified Lock Slide Notch Wear & Burr,103,Completed,Yes,Critical,Good,Maintenance executed under standard S&T divisional safety window.
HST-02250,AST-S&T-0255,2026-08-02,Signal Inspection,Shunt Signal Position Light Defect,Repaired and calibrated Shunt Signal Position Light Defect,49,Completed,Yes,Poor,Good,Maintenance executed under standard S&T divisional safety window.
HST-02251,AST-S&T-0364,2025-12-23,Signal Maintenance,Data Logger Channel Telemetry Lockout,Repaired and calibrated Data Logger Channel Telemetry Lockout,61,Requires Follow-up,Partial,Degraded,Fair,Maintenance executed under standard S&T divisional safety window.
HST-02252,AST-TRD-0513,2026-06-07,OHE Wire Maintenance,Contact Wire Splice Sleeve Deformation,Replaced defective wear components for Contact Wire Splice Sleeve Deformation,138,Completed,Yes,Fair,Good,Maintenance executed under standard TRD divisional safety window.
HST-02253,AST-ENG-0048,2025-10-06,Rail Replacement,Rail Burn / Scabbing Defect,Joint safety inspection and rectified Rail Burn / Scabbing Defect,195,Requires Follow-up,Partial,Fair,Fair,Maintenance executed under standard Engineering divisional safety window.
HST-02254,AST-ENG-0118,2026-06-21,Rail Replacement,Defective Alumino-Thermic (AT) Weld Joint,Routine preventive servicing and functional testing,148,Completed,Yes,Degraded,Good,Maintenance executed under standard Engineering divisional safety window.
HST-02255,AST-TRD-0512,2025-12-27,Tower Wagon Inspection,Substation Feeder Jumper Maintenance,Replaced defective wear components for Substation Feeder Jumper Maintenance,146,Completed,Yes,Critical,Good,Maintenance executed under standard TRD divisional safety window.
HST-02256,AST-TRD-0554,2025-11-05,Contact Wire Replacement,Loop Line Contact Wire Heavy Carbonization,Executed scheduled overhaul of Contact Wire Replacement,207,Completed,Yes,Critical,Good,Maintenance executed under standard TRD divisional safety window.
HST-02257,AST-TRD-0416,2025-11-28,OHE Inspection,Neutral Section Transverse Slew Anomaly,Joint safety inspection and rectified Neutral Section Transverse Slew Anomaly,99,Completed,Yes,Degraded,Good,Maintenance executed under standard TRD divisional safety window.
HST-02258,AST-TRD-0516,2025-12-13,OHE Component Replacement,Cantilever Bracket Assembly Misalignment,Replaced defective wear components for Cantilever Bracket Assembly Misalignment,161,Completed,Yes,Fair,Good,Maintenance executed under standard TRD divisional safety window.
HST-02259,AST-ENG-0159,2025-12-24,Track Tamping,Bridge Transition Approach Settlement,Joint safety inspection and rectified Bridge Transition Approach Settlement,208,Requires Follow-up,Partial,Poor,Fair,Maintenance executed under standard Engineering divisional safety window.
HST-02260,AST-ENG-0127,2026-07-27,Points & Crossing Maintenance,Switch Toe Gap Out of Tolerance,Replaced defective wear components for Switch Toe Gap Out of Tolerance,106,Completed,Yes,Critical,Good,Maintenance executed under standard Engineering divisional safety window.
HST-02261,AST-TRD-0527,2026-04-12,OHE Wire Maintenance,Contact Wire Splice Sleeve Deformation,Joint safety inspection and rectified Contact Wire Splice Sleeve Deformation,157,Completed,Yes,Critical,Good,Maintenance executed under standard TRD divisional safety window.
HST-02262,AST-S&T-0387,2026-06-24,Telecom Equipment Maintenance,Optical Fibre Cable (OFC) Attenuation Surge,Repaired and calibrated Optical Fibre Cable (OFC) Attenuation Surge,172,Completed,Yes,Fair,Good,Maintenance executed under standard S&T divisional safety window.
HST-02263,AST-S&T-0209,2025-11-09,Axle Counter Maintenance,Digital Axle Counter (SSDAC/HASDAC) Count Error,Replaced defective wear components for Digital Axle Counter (SSDAC/HASDAC) Count Error,66,Completed,Yes,Poor,Good,Maintenance executed under standard S&T divisional safety window.
HST-02264,AST-S&T-0260,2026-02-24,Track Circuit Maintenance,Glued Insulated Rail Joint (GJ) Failure,Replaced defective wear components for Glued Insulated Rail Joint (GJ) Failure,188,Completed,Yes,Critical,Good,Maintenance executed under standard S&T divisional safety window.
HST-02265,AST-S&T-0350,2026-01-02,Telecom Equipment Maintenance,Yard CCTV Surveillance Node Offline,Repaired and calibrated Yard CCTV Surveillance Node Offline,52,Requires Follow-up,Partial,Fair,Fair,Maintenance executed under standard S&T divisional safety window.
HST-02266,AST-S&T-0318,2025-10-29,Axle Counter Maintenance,Axle Counter Evaluator Card Failure,Replaced defective wear components for Axle Counter Evaluator Card Failure,94,Requires Follow-up,Partial,Degraded,Fair,Maintenance executed under standard S&T divisional safety window.
HST-02267,AST-TRD-0559,2026-06-17,OHE Component Replacement,Section Insulator Runner Wear,Executed scheduled overhaul of OHE Component Replacement,164,Completed,Yes,Degraded,Good,Maintenance executed under standard TRD divisional safety window.
HST-02268,AST-TRD-0433,2026-05-19,OHE Component Replacement,Section Insulator Runner Wear,Executed scheduled overhaul of OHE Component Replacement,119,Requires Follow-up,Partial,Degraded,Fair,Maintenance executed under standard TRD divisional safety window.
HST-02269,AST-S&T-0231,2026-01-16,Point Machine Maintenance,Point Machine Motor Replacement,Executed scheduled overhaul of Point Machine Maintenance,139,Completed,Yes,Fair,Good,Maintenance executed under standard S&T divisional safety window.
HST-02270,AST-TRD-0424,2025-12-06,Tower Wagon Inspection,Overline Structure / Bridge Clearance Audit,Repaired and calibrated Overline Structure / Bridge Clearance Audit,195,Completed,Yes,Fair,Good,Maintenance executed under standard TRD divisional safety window.
HST-02271,AST-TRD-0490,2026-03-03,OHE Inspection,Catenary Dropper Missing / Damaged,Executed scheduled overhaul of OHE Inspection,66,Requires Follow-up,Partial,Poor,Fair,Maintenance executed under standard TRD divisional safety window.
HST-02272,AST-TRD-0572,2025-12-15,Contact Wire Replacement,In-Span Splice Elimination,Routine preventive servicing and functional testing,289,Completed,Yes,Poor,Good,Maintenance executed under standard TRD divisional safety window.
HST-02273,AST-ENG-0034,2026-04-30,Ballast Cleaning,Cess / Drainage Deepening,Repaired and calibrated Cess / Drainage Deepening,240,Completed,Yes,Degraded,Good,Maintenance executed under standard Engineering divisional safety window.
HST-02274,AST-S&T-0345,2025-10-07,Signal Maintenance,Electronic Interlocking (EI) VDU Communication Fault,Executed scheduled overhaul of Signal Maintenance,115,Completed,Yes,Critical,Good,Maintenance executed under standard S&T divisional safety window.
HST-02275,AST-ENG-0016,2025-10-24,Rail Replacement,Curve Gauge Corner Shelling / Spalling,Replaced defective wear components for Curve Gauge Corner Shelling / Spalling,252,Completed,Yes,Fair,Good,Maintenance executed under standard Engineering divisional safety window.
HST-02276,AST-ENG-0148,2026-05-19,Track Inspection,Ballast Deficiency / Shoulder Loss,Joint safety inspection and rectified Ballast Deficiency / Shoulder Loss,136,Completed,Yes,Critical,Good,Maintenance executed under standard Engineering divisional safety window.
HST-02277,AST-TRD-0448,2026-07-12,Tower Wagon Inspection,Routine Catenary & OHE Profile Survey,Routine preventive servicing and functional testing,206,Completed,Yes,Poor,Good,Maintenance executed under standard TRD divisional safety window.
HST-02278,AST-S&T-0323,2026-08-07,Axle Counter Maintenance,High Voltage Surge Suppressor Burnout,Executed scheduled overhaul of Axle Counter Maintenance,51,Completed,Yes,Degraded,Good,Maintenance executed under standard S&T divisional safety window.
HST-02279,AST-TRD-0515,2026-05-20,Tower Wagon Inspection,Neutral Section (PTFE Type) Inspection,Executed scheduled overhaul of Tower Wagon Inspection,140,Completed,Yes,Degraded,Good,Maintenance executed under standard TRD divisional safety window.
HST-02280,AST-ENG-0095,2026-07-29,Rail Replacement,Curve Gauge Corner Shelling / Spalling,Routine preventive servicing and functional testing,193,Completed,Yes,Critical,Good,Maintenance executed under standard Engineering divisional safety window.
HST-02281,AST-TRD-0413,2026-07-14,OHE Component Replacement,Cantilever Bracket Assembly Misalignment,Repaired and calibrated Cantilever Bracket Assembly Misalignment,157,Completed,Yes,Critical,Good,Maintenance executed under standard TRD divisional safety window.
HST-02282,AST-S&T-0237,2026-05-12,Point Machine Maintenance,Lock Slide Notch Wear & Burr,Routine preventive servicing and functional testing,69,Completed,Yes,Fair,Good,Maintenance executed under standard S&T divisional safety window.
HST-02283,AST-TRD-0463,2025-11-21,OHE Wire Maintenance,Catenary Wire Strand Broken,Repaired and calibrated Catenary Wire Strand Broken,220,Completed,Yes,Degraded,Good,Maintenance executed under standard TRD divisional safety window.
HST-02284,AST-ENG-0081,2026-02-26,Rail Replacement,Curve Gauge Corner Shelling / Spalling,Executed scheduled overhaul of Rail Replacement,290,Completed,Yes,Fair,Good,Maintenance executed under standard Engineering divisional safety window.
HST-02285,AST-S&T-0332,2026-04-19,Track Circuit Maintenance,Glued Insulated Rail Joint (GJ) Failure,Joint safety inspection and rectified Glued Insulated Rail Joint (GJ) Failure,136,Completed,Yes,Fair,Good,Maintenance executed under standard S&T divisional safety window.
HST-02286,AST-ENG-0031,2026-07-15,Ballast Cleaning,Level Crossing Ballast Deep Screening,Repaired and calibrated Level Crossing Ballast Deep Screening,276,Completed,Yes,Degraded,Good,Maintenance executed under standard Engineering divisional safety window.
HST-02287,AST-S&T-0360,2025-10-15,Telecom Equipment Maintenance,Emergency Control Telephone (EC) Socket Defect,Executed scheduled overhaul of Telecom Equipment Maintenance,62,Completed,Yes,Poor,Good,Maintenance executed under standard S&T divisional safety window.
HST-02288,AST-TRD-0548,2026-04-25,OHE Component Replacement,Auto-Tensioning Device (ATD) Weight Jam,Routine preventive servicing and functional testing,93,Completed,Yes,Critical,Good,Maintenance executed under standard TRD divisional safety window.
HST-02289,AST-TRD-0501,2026-06-15,OHE Component Replacement,Insulator Flashover / Broken Porcelain Disc,Routine preventive servicing and functional testing,117,Completed,Yes,Degraded,Good,Maintenance executed under standard TRD divisional safety window.
HST-02290,AST-S&T-0343,2026-04-23,Point Machine Maintenance,Ground Connection Rodding Buckling,Repaired and calibrated Ground Connection Rodding Buckling,75,Completed,Yes,Degraded,Good,Maintenance executed under standard S&T divisional safety window.
HST-02291,AST-ENG-0188,2026-07-25,Track Inspection,Ballast Deficiency / Shoulder Loss,Replaced defective wear components for Ballast Deficiency / Shoulder Loss,227,Completed,Yes,Critical,Good,Maintenance executed under standard Engineering divisional safety window.
HST-02292,AST-ENG-0165,2026-01-23,Sleeper Replacement,Turnout Concrete Sleeper Fracture,Joint safety inspection and rectified Turnout Concrete Sleeper Fracture,209,Completed,Yes,Degraded,Good,Maintenance executed under standard Engineering divisional safety window.
HST-02293,AST-ENG-0012,2025-11-05,Track Inspection,Switch Expansion Joint (SEJ) Gap Abnormality,Replaced defective wear components for Switch Expansion Joint (SEJ) Gap Abnormality,82,Completed,Yes,Poor,Good,Maintenance executed under standard Engineering divisional safety window.
HST-02294,AST-TRD-0517,2026-02-10,Tower Wagon Inspection,Overline Structure / Bridge Clearance Audit,Replaced defective wear components for Overline Structure / Bridge Clearance Audit,158,Completed,Yes,Degraded,Good,Maintenance executed under standard TRD divisional safety window.
HST-02295,AST-TRD-0496,2026-05-21,OHE Component Replacement,Section Insulator Runner Wear,Replaced defective wear components for Section Insulator Runner Wear,169,Requires Follow-up,Partial,Critical,Fair,Maintenance executed under standard TRD divisional safety window.
HST-02296,AST-ENG-0065,2026-05-20,Track Inspection,Fishplate Crack / Loose Bolt,Executed scheduled overhaul of Track Inspection,54,Completed,Yes,Poor,Good,Maintenance executed under standard Engineering divisional safety window.
HST-02297,AST-S&T-0354,2026-03-15,Signal Maintenance,Signalling Relay Contact Oxidation (Q-Series),Joint safety inspection and rectified Signalling Relay Contact Oxidation (Q-Series),63,Completed,Yes,Fair,Good,Maintenance executed under standard S&T divisional safety window.
HST-02298,AST-ENG-0098,2026-07-02,Rail Replacement,Rail Burn / Scabbing Defect,Executed scheduled overhaul of Rail Replacement,157,Completed,Yes,Poor,Good,Maintenance executed under standard Engineering divisional safety window.
HST-02299,AST-ENG-0146,2026-01-01,Points & Crossing Maintenance,Worn Switch Rail / Tongue Rail Chipped,Routine preventive servicing and functional testing,214,Completed,Yes,Fair,Good,Maintenance executed under standard Engineering divisional safety window.
HST-02300,AST-ENG-0147,2025-10-28,Track Inspection,Fishplate Crack / Loose Bolt,Joint safety inspection and rectified Fishplate Crack / Loose Bolt,57,Requires Follow-up,Partial,Poor,Fair,Maintenance executed under standard Engineering divisional safety window.
HST-02301,AST-TRD-0470,2026-01-22,Tower Wagon Inspection,Level Crossing Gate OHE Anti-Collision Guard Wire Sag,Routine preventive servicing and functional testing,84,Completed,Yes,Fair,Good,Maintenance executed under standard TRD divisional safety window.
HST-02302,AST-TRD-0508,2026-07-09,OHE Wire Maintenance,Contact Wire Kink / Mechanical Damage,Joint safety inspection and rectified Contact Wire Kink / Mechanical Damage,194,Completed,Yes,Critical,Good,Maintenance executed under standard TRD divisional safety window.
HST-02303,AST-TRD-0439,2026-04-09,OHE Wire Maintenance,Contact Wire Kink / Mechanical Damage,Executed scheduled overhaul of OHE Wire Maintenance,155,Requires Follow-up,Partial,Fair,Fair,Maintenance executed under standard TRD divisional safety window.
HST-02304,AST-ENG-0176,2025-10-26,Track Inspection,Ballast Deficiency / Shoulder Loss,Executed scheduled overhaul of Track Inspection,186,Completed,Yes,Fair,Good,Maintenance executed under standard Engineering divisional safety window.
HST-02305,AST-S&T-0381,2026-07-17,Point Machine Maintenance,Ground Connection Rodding Buckling,Repaired and calibrated Ground Connection Rodding Buckling,78,Completed,Yes,Critical,Good,Maintenance executed under standard S&T divisional safety window.
HST-02306,AST-ENG-0172,2025-11-27,Track Tamping,Bridge Transition Approach Settlement,Routine preventive servicing and functional testing,206,Completed,Yes,Degraded,Good,Maintenance executed under standard Engineering divisional safety window.
HST-02307,AST-S&T-0376,2025-12-31,Telecom Equipment Maintenance,Yard CCTV Surveillance Node Offline,Replaced defective wear components for Yard CCTV Surveillance Node Offline,75,Completed,Yes,Critical,Good,Maintenance executed under standard S&T divisional safety window.
HST-02308,AST-TRD-0406,2026-04-03,OHE Component Replacement,Traction Substation 25kV Vacuum Circuit Breaker (VCB) Fault,Replaced defective wear components for Traction Substation 25kV Vacuum Circuit Breaker (VCB) Fault,194,Completed,Yes,Fair,Good,Maintenance executed under standard TRD divisional safety window.
HST-02309,AST-TRD-0437,2026-02-20,Tower Wagon Inspection,Substation Feeder Jumper Maintenance,Repaired and calibrated Substation Feeder Jumper Maintenance,139,Completed,Yes,Critical,Good,Maintenance executed under standard TRD divisional safety window.
HST-02310,AST-TRD-0529,2026-05-11,Tower Wagon Inspection,Overline Structure / Bridge Clearance Audit,Joint safety inspection and rectified Overline Structure / Bridge Clearance Audit,147,Completed,Yes,Degraded,Good,Maintenance executed under standard TRD divisional safety window.
HST-02311,AST-S&T-0229,2026-04-09,Signal Maintenance,Signal Post Corrosion & Alignment Tilt,Replaced defective wear components for Signal Post Corrosion & Alignment Tilt,122,Completed,Yes,Fair,Good,Maintenance executed under standard S&T divisional safety window.
HST-02312,AST-ENG-0138,2026-04-30,Ballast Cleaning,Clogged / Foul Ballast Bed,Replaced defective wear components for Clogged / Foul Ballast Bed,463,Completed,Yes,Degraded,Good,Maintenance executed under standard Engineering divisional safety window.
HST-02313,AST-ENG-0085,2026-04-28,Track Inspection,Fishplate Crack / Loose Bolt,Executed scheduled overhaul of Track Inspection,65,Completed,Yes,Poor,Good,Maintenance executed under standard Engineering divisional safety window.
HST-02314,AST-ENG-0104,2026-02-12,Track Inspection,Fishplate Crack / Loose Bolt,Executed scheduled overhaul of Track Inspection,66,Completed,Yes,Fair,Good,Maintenance executed under standard Engineering divisional safety window.
HST-02315,AST-S&T-0211,2026-04-24,Telecom Equipment Maintenance,Optical Fibre Cable (OFC) Attenuation Surge,Executed scheduled overhaul of Telecom Equipment Maintenance,215,Completed,Yes,Critical,Good,Maintenance executed under standard S&T divisional safety window.
HST-02316,AST-ENG-0179,2026-02-20,Points & Crossing Maintenance,Switch Toe Gap Out of Tolerance,Joint safety inspection and rectified Switch Toe Gap Out of Tolerance,85,Completed,Yes,Fair,Good,Maintenance executed under standard Engineering divisional safety window.
HST-02317,AST-ENG-0146,2025-12-19,Rail Grinding,Rolling Contact Fatigue / Head Checking,Replaced defective wear components for Rolling Contact Fatigue / Head Checking,352,Completed,Yes,Poor,Good,Maintenance executed under standard Engineering divisional safety window.
HST-02318,AST-ENG-0068,2026-01-05,Rail Replacement,Rail End Batter at Joint,Replaced defective wear components for Rail End Batter at Joint,103,Completed,Yes,Poor,Good,Maintenance executed under standard Engineering divisional safety window.
HST-02319,AST-ENG-0083,2025-12-29,Track Inspection,Formation / Embankment Settlement,Routine preventive servicing and functional testing,199,Completed,Yes,Fair,Good,Maintenance executed under standard Engineering divisional safety window.
HST-02320,AST-TRD-0587,2026-06-06,Tower Wagon Inspection,Level Crossing Gate OHE Anti-Collision Guard Wire Sag,Routine preventive servicing and functional testing,89,Completed,Yes,Degraded,Good,Maintenance executed under standard TRD divisional safety window.
HST-02321,AST-TRD-0467,2026-08-16,OHE Wire Maintenance,Contact Wire Splice Sleeve Deformation,Replaced defective wear components for Contact Wire Splice Sleeve Deformation,159,Completed,Yes,Critical,Good,Maintenance executed under standard TRD divisional safety window.
HST-02322,AST-TRD-0538,2025-12-30,Tower Wagon Inspection,Routine Catenary & OHE Profile Survey,Routine preventive servicing and functional testing,220,Completed,Yes,Poor,Good,Maintenance executed under standard TRD divisional safety window.
HST-02323,AST-S&T-0310,2026-07-19,Signal Inspection,Calling-on Signal Aspect Failure,Routine preventive servicing and functional testing,56,Requires Follow-up,Partial,Critical,Fair,Maintenance executed under standard S&T divisional safety window.
HST-02324,AST-S&T-0261,2026-07-10,Telecom Equipment Maintenance,VHF / MTRC Radio Base Station Fault,Joint safety inspection and rectified VHF / MTRC Radio Base Station Fault,119,Completed,Yes,Poor,Good,Maintenance executed under standard S&T divisional safety window.
HST-02325,AST-TRD-0426,2025-09-29,OHE Component Replacement,Cantilever Bracket Assembly Misalignment,Repaired and calibrated Cantilever Bracket Assembly Misalignment,198,Completed,Yes,Poor,Good,Maintenance executed under standard TRD divisional safety window.
HST-02326,AST-TRD-0469,2025-10-11,OHE Inspection,Contact Wire Height & Stagger Deviation,Executed scheduled overhaul of OHE Inspection,147,Completed,Yes,Fair,Good,Maintenance executed under standard TRD divisional safety window.
HST-02327,AST-S&T-0295,2025-10-06,Telecom Equipment Maintenance,VHF / MTRC Radio Base Station Fault,Replaced defective wear components for VHF / MTRC Radio Base Station Fault,88,Completed,Yes,Degraded,Good,Maintenance executed under standard S&T divisional safety window.
HST-02328,AST-ENG-0194,2026-01-04,Points & Crossing Maintenance,Loose Stretcher Bar Bolts,Replaced defective wear components for Loose Stretcher Bar Bolts,75,Completed,Yes,Degraded,Good,Maintenance executed under standard Engineering divisional safety window.
HST-02329,AST-ENG-0066,2025-11-15,Track Tamping,Crossover S-Curve Alignment Tamping,Repaired and calibrated Crossover S-Curve Alignment Tamping,208,Completed,Yes,Degraded,Good,Maintenance executed under standard Engineering divisional safety window.
HST-02330,AST-S&T-0238,2026-02-07,Signal Maintenance,Data Logger Channel Telemetry Lockout,Routine preventive servicing and functional testing,50,Completed,Yes,Fair,Good,Maintenance executed under standard S&T divisional safety window.
HST-02331,AST-TRD-0428,2025-12-18,Tower Wagon Inspection,Neutral Section (PTFE Type) Inspection,Replaced defective wear components for Neutral Section (PTFE Type) Inspection,101,Completed,Yes,Critical,Good,Maintenance executed under standard TRD divisional safety window.
HST-02332,AST-S&T-0341,2026-05-25,Track Circuit Maintenance,Glued Insulated Rail Joint (GJ) Failure,Repaired and calibrated Glued Insulated Rail Joint (GJ) Failure,176,Requires Follow-up,Partial,Fair,Fair,Maintenance executed under standard S&T divisional safety window.
HST-02333,AST-ENG-0057,2025-09-28,Points & Crossing Maintenance,Check Rail Clearance Error,Executed scheduled overhaul of Points & Crossing Maintenance,90,Completed,Yes,Critical,Good,Maintenance executed under standard Engineering divisional safety window.
HST-02334,AST-TRD-0594,2025-12-20,Tower Wagon Inspection,Substation Feeder Jumper Maintenance,Replaced defective wear components for Substation Feeder Jumper Maintenance,148,Completed,Yes,Fair,Good,Maintenance executed under standard TRD divisional safety window.
HST-02335,AST-ENG-0128,2026-06-21,Track Inspection,Bridge Guard Rail Misalignment,Executed scheduled overhaul of Track Inspection,141,Completed,Yes,Critical,Good,Maintenance executed under standard Engineering divisional safety window.
HST-02336,AST-TRD-0485,2025-12-03,Tower Wagon Inspection,Tunnel OHE Catenary Clearance Check,Joint safety inspection and rectified Tunnel OHE Catenary Clearance Check,182,Completed,Yes,Degraded,Good,Maintenance executed under standard TRD divisional safety window.
HST-02337,AST-ENG-0033,2025-10-31,Rail Grinding,Rolling Contact Fatigue / Head Checking,Joint safety inspection and rectified Rolling Contact Fatigue / Head Checking,291,Completed,Yes,Poor,Good,Maintenance executed under standard Engineering divisional safety window.
HST-02338,AST-ENG-0181,2026-07-11,Sleeper Replacement,Damaged Elastic Rail Clips (ERC),Repaired and calibrated Damaged Elastic Rail Clips (ERC),120,Completed,Yes,Degraded,Good,Maintenance executed under standard Engineering divisional safety window.
HST-02339,AST-TRD-0515,2025-11-17,Contact Wire Replacement,Loop Line Contact Wire Heavy Carbonization,Repaired and calibrated Loop Line Contact Wire Heavy Carbonization,182,Completed,Yes,Degraded,Good,Maintenance executed under standard TRD divisional safety window.
HST-02340,AST-ENG-0078,2026-04-30,Track Inspection,Track Geometry Gauge Variation,Routine preventive servicing and functional testing,71,Completed,Yes,Critical,Good,Maintenance executed under standard Engineering divisional safety window.
HST-02341,AST-S&T-0291,2026-07-20,Track Circuit Maintenance,Track Relay Choke Coil Breakdown,Routine preventive servicing and functional testing,87,Requires Follow-up,Partial,Poor,Fair,Maintenance executed under standard S&T divisional safety window.
HST-02342,AST-TRD-0419,2026-06-26,Contact Wire Replacement,Severe Contact Wire Wear (< 74 sq mm),Joint safety inspection and rectified Severe Contact Wire Wear (< 74 sq mm),294,Completed,Yes,Critical,Good,Maintenance executed under standard TRD divisional safety window.
HST-02343,AST-ENG-0119,2025-12-05,Track Inspection,Ultrasonic Rail Flaw Detection (USFD) Anomaly,Routine preventive servicing and functional testing,108,Completed,Yes,Critical,Good,Maintenance executed under standard Engineering divisional safety window.
HST-02344,AST-TRD-0449,2025-12-27,OHE Wire Maintenance,Catenary Wire Strand Broken,Joint safety inspection and rectified Catenary Wire Strand Broken,186,Completed,Yes,Critical,Good,Maintenance executed under standard TRD divisional safety window.
HST-02345,AST-S&T-0321,2026-03-22,Track Circuit Maintenance,Track Lead Cable Sheath Damage,Replaced defective wear components for Track Lead Cable Sheath Damage,65,Requires Follow-up,Partial,Poor,Fair,Maintenance executed under standard S&T divisional safety window.
HST-02346,AST-TRD-0567,2025-09-20,OHE Wire Maintenance,Catenary Wire Strand Broken,Executed scheduled overhaul of OHE Wire Maintenance,229,Completed,Yes,Fair,Good,Maintenance executed under standard TRD divisional safety window.
HST-02347,AST-S&T-0312,2026-04-27,Signal Inspection,Shunt Signal Position Light Defect,Repaired and calibrated Shunt Signal Position Light Defect,42,Completed,Yes,Degraded,Good,Maintenance executed under standard S&T divisional safety window.
HST-02348,AST-TRD-0424,2026-08-03,OHE Inspection,Mast Earthing Bond Disconnected,Executed scheduled overhaul of OHE Inspection,45,Completed,Yes,Degraded,Good,Maintenance executed under standard TRD divisional safety window.
HST-02349,AST-TRD-0460,2025-11-20,Contact Wire Replacement,In-Span Splice Elimination,Repaired and calibrated In-Span Splice Elimination,313,Completed,Yes,Fair,Good,Maintenance executed under standard TRD divisional safety window.
HST-02350,AST-S&T-0297,2026-05-30,Telecom Equipment Maintenance,VHF / MTRC Radio Base Station Fault,Joint safety inspection and rectified VHF / MTRC Radio Base Station Fault,87,Completed,Yes,Poor,Good,Maintenance executed under standard S&T divisional safety window.
HST-02351,AST-ENG-0005,2026-08-03,Track Tamping,Turnout Packing & Lining Fault,Joint safety inspection and rectified Turnout Packing & Lining Fault,199,Completed,Yes,Critical,Good,Maintenance executed under standard Engineering divisional safety window.
HST-02352,AST-S&T-0210,2026-03-27,Point Machine Maintenance,Crank Handle Interlock Microswitch Jam,Replaced defective wear components for Crank Handle Interlock Microswitch Jam,55,Completed,Yes,Critical,Good,Maintenance executed under standard S&T divisional safety window.
HST-02353,AST-S&T-0267,2026-03-08,Signal Inspection,Signal Sighting Distance Obstruction,Replaced defective wear components for Signal Sighting Distance Obstruction,117,Completed,Yes,Degraded,Good,Maintenance executed under standard S&T divisional safety window.
HST-02354,AST-S&T-0343,2026-05-19,Signal Inspection,Route Indicator Lamp Burnout,Executed scheduled overhaul of Signal Inspection,72,Completed,Yes,Poor,Good,Maintenance executed under standard S&T divisional safety window.
HST-02355,AST-S&T-0273,2025-12-20,Telecom Equipment Maintenance,VHF / MTRC Radio Base Station Fault,Executed scheduled overhaul of Telecom Equipment Maintenance,85,Completed,Yes,Poor,Good,Maintenance executed under standard S&T divisional safety window.
HST-02356,AST-S&T-0359,2026-05-21,Telecom Equipment Maintenance,VHF / MTRC Radio Base Station Fault,Joint safety inspection and rectified VHF / MTRC Radio Base Station Fault,79,Completed,Yes,Fair,Good,Maintenance executed under standard S&T divisional safety window.
HST-02357,AST-TRD-0497,2025-10-08,OHE Inspection,Section Insulator Arcing Horn Burn,Executed scheduled overhaul of OHE Inspection,110,Completed,Yes,Degraded,Good,Maintenance executed under standard TRD divisional safety window.
HST-02358,AST-ENG-0158,2026-07-29,Track Inspection,Formation / Embankment Settlement,Repaired and calibrated Formation / Embankment Settlement,230,Completed,Yes,Degraded,Good,Maintenance executed under standard Engineering divisional safety window.
HST-02359,AST-ENG-0172,2026-07-02,Ballast Cleaning,Level Crossing Ballast Deep Screening,Routine preventive servicing and functional testing,340,Completed,Yes,Critical,Good,Maintenance executed under standard Engineering divisional safety window.
HST-02360,AST-TRD-0445,2026-08-05,Tower Wagon Inspection,Tunnel OHE Catenary Clearance Check,Repaired and calibrated Tunnel OHE Catenary Clearance Check,182,Completed,Yes,Fair,Good,Maintenance executed under standard TRD divisional safety window.
HST-02361,AST-TRD-0500,2025-12-08,OHE Inspection,Contact Wire Height & Stagger Deviation,Replaced defective wear components for Contact Wire Height & Stagger Deviation,113,Completed,Yes,Degraded,Good,Maintenance executed under standard TRD divisional safety window.
HST-02362,AST-S&T-0268,2026-02-12,Track Circuit Maintenance,Track Circuit Dropping / False Occupancy,Replaced defective wear components for Track Circuit Dropping / False Occupancy,78,Completed,Yes,Critical,Good,Maintenance executed under standard S&T divisional safety window.
HST-02363,AST-S&T-0276,2026-07-02,Signal Inspection,Aspect Current Sensor Anomaly,Joint safety inspection and rectified Aspect Current Sensor Anomaly,46,Requires Follow-up,Partial,Critical,Fair,Maintenance executed under standard S&T divisional safety window.
HST-02364,AST-S&T-0263,2026-06-11,Signal Maintenance,Integrated Power Supply (IPS) Module Failure,Repaired and calibrated Integrated Power Supply (IPS) Module Failure,108,Completed,Yes,Fair,Good,Maintenance executed under standard S&T divisional safety window.
HST-02365,AST-ENG-0191,2026-02-20,Points & Crossing Maintenance,Check Rail Clearance Error,Executed scheduled overhaul of Points & Crossing Maintenance,154,Completed,Yes,Degraded,Good,Maintenance executed under standard Engineering divisional safety window.
HST-02366,AST-ENG-0016,2026-04-17,Rail Grinding,Gauge Corner Micro-Spalling on High Rail,Replaced defective wear components for Gauge Corner Micro-Spalling on High Rail,315,Completed,Yes,Fair,Good,Maintenance executed under standard Engineering divisional safety window.
HST-02367,AST-ENG-0088,2025-11-11,Points & Crossing Maintenance,Switch Toe Gap Out of Tolerance,Routine preventive servicing and functional testing,108,Completed,Yes,Critical,Good,Maintenance executed under standard Engineering divisional safety window.
HST-02368,AST-S&T-0367,2026-01-12,Signal Maintenance,Signal Post Corrosion & Alignment Tilt,Joint safety inspection and rectified Signal Post Corrosion & Alignment Tilt,191,Completed,Yes,Fair,Good,Maintenance executed under standard S&T divisional safety window.
HST-02369,AST-S&T-0205,2025-09-07,Signal Inspection,Signal Sighting Distance Obstruction,Repaired and calibrated Signal Sighting Distance Obstruction,69,Completed,Yes,Poor,Good,Maintenance executed under standard S&T divisional safety window.
HST-02370,AST-TRD-0566,2026-06-15,OHE Inspection,Thermal Hotspot in Isolator / Jumper,Executed scheduled overhaul of OHE Inspection,105,Completed,Yes,Poor,Good,Maintenance executed under standard TRD divisional safety window.
HST-02371,AST-ENG-0056,2026-04-16,Ballast Cleaning,Station Yard Track Drain Choking,Joint safety inspection and rectified Station Yard Track Drain Choking,225,Completed,Yes,Critical,Good,Maintenance executed under standard Engineering divisional safety window.
HST-02372,AST-ENG-0115,2026-05-05,Points & Crossing Maintenance,Switch Toe Gap Out of Tolerance,Replaced defective wear components for Switch Toe Gap Out of Tolerance,68,Completed,Yes,Critical,Good,Maintenance executed under standard Engineering divisional safety window.
HST-02373,AST-ENG-0177,2025-10-11,Track Inspection,Ballast Deficiency / Shoulder Loss,Replaced defective wear components for Ballast Deficiency / Shoulder Loss,231,Completed,Yes,Fair,Good,Maintenance executed under standard Engineering divisional safety window.
HST-02374,AST-S&T-0329,2026-03-29,Signal Inspection,Aspect Current Sensor Anomaly,Routine preventive servicing and functional testing,52,Completed,Yes,Degraded,Good,Maintenance executed under standard S&T divisional safety window.
HST-02375,AST-TRD-0587,2025-11-20,OHE Component Replacement,Section Insulator Runner Wear,Executed scheduled overhaul of OHE Component Replacement,159,Completed,Yes,Fair,Good,Maintenance executed under standard TRD divisional safety window.
HST-02376,AST-ENG-0136,2025-11-20,Track Tamping,Crossover S-Curve Alignment Tamping,Replaced defective wear components for Crossover S-Curve Alignment Tamping,163,Completed,Yes,Degraded,Good,Maintenance executed under standard Engineering divisional safety window.
HST-02377,AST-TRD-0408,2026-01-27,OHE Component Replacement,Cantilever Bracket Assembly Misalignment,Repaired and calibrated Cantilever Bracket Assembly Misalignment,198,Completed,Yes,Fair,Good,Maintenance executed under standard TRD divisional safety window.
HST-02378,AST-S&T-0258,2025-10-15,Track Circuit Maintenance,Ballast Resistance Leakage (Low Ballast Resistance),Routine preventive servicing and functional testing,110,Completed,Yes,Critical,Good,Maintenance executed under standard S&T divisional safety window.
HST-02379,AST-S&T-0236,2026-05-08,Telecom Equipment Maintenance,Yard CCTV Surveillance Node Offline,Routine preventive servicing and functional testing,51,Completed,Yes,Poor,Good,Maintenance executed under standard S&T divisional safety window.
HST-02380,AST-TRD-0444,2026-05-09,OHE Inspection,Catenary Dropper Missing / Damaged,Joint safety inspection and rectified Catenary Dropper Missing / Damaged,51,Completed,Yes,Fair,Good,Maintenance executed under standard TRD divisional safety window.
HST-02381,AST-TRD-0542,2026-03-13,OHE Wire Maintenance,Bridging Jumper Burning / Degradation,Routine preventive servicing and functional testing,124,Completed,Yes,Critical,Good,Maintenance executed under standard TRD divisional safety window.
HST-02382,AST-ENG-0048,2026-06-08,Rail Replacement,Curve Gauge Corner Shelling / Spalling,Replaced defective wear components for Curve Gauge Corner Shelling / Spalling,289,Completed,Yes,Degraded,Good,Maintenance executed under standard Engineering divisional safety window.
HST-02383,AST-TRD-0530,2025-09-12,Tower Wagon Inspection,Substation Feeder Jumper Maintenance,Executed scheduled overhaul of Tower Wagon Inspection,102,Completed,Yes,Critical,Good,Maintenance executed under standard TRD divisional safety window.
HST-02384,AST-TRD-0561,2026-04-14,OHE Inspection,Thermal Hotspot in Isolator / Jumper,Repaired and calibrated Thermal Hotspot in Isolator / Jumper,83,Completed,Yes,Poor,Good,Maintenance executed under standard TRD divisional safety window.
HST-02385,AST-ENG-0027,2025-12-04,Points & Crossing Maintenance,Check Rail Clearance Error,Repaired and calibrated Check Rail Clearance Error,150,Completed,Yes,Fair,Good,Maintenance executed under standard Engineering divisional safety window.
HST-02386,AST-S&T-0338,2025-09-22,Track Circuit Maintenance,Track Circuit Dropping / False Occupancy,Repaired and calibrated Track Circuit Dropping / False Occupancy,68,Completed,Yes,Poor,Good,Maintenance executed under standard S&T divisional safety window.
HST-02387,AST-ENG-0010,2025-09-11,Track Inspection,Diamond Crossing Flange Wear,Routine preventive servicing and functional testing,160,Requires Follow-up,Partial,Fair,Fair,Maintenance executed under standard Engineering divisional safety window.
HST-02388,AST-S&T-0380,2026-04-18,Signal Inspection,Calling-on Signal Aspect Failure,Executed scheduled overhaul of Signal Inspection,53,Completed,Yes,Fair,Good,Maintenance executed under standard S&T divisional safety window.
HST-02389,AST-ENG-0007,2025-11-14,Track Inspection,Diamond Crossing Flange Wear,Routine preventive servicing and functional testing,112,Completed,Yes,Poor,Good,Maintenance executed under standard Engineering divisional safety window.
HST-02390,AST-ENG-0089,2026-02-14,Track Inspection,Buffer Stop Foundation Settlement,Repaired and calibrated Buffer Stop Foundation Settlement,104,Completed,Yes,Critical,Good,Maintenance executed under standard Engineering divisional safety window.
HST-02391,AST-S&T-0216,2026-01-25,Signal Maintenance,Data Logger Channel Telemetry Lockout,Joint safety inspection and rectified Data Logger Channel Telemetry Lockout,71,Completed,Yes,Fair,Good,Maintenance executed under standard S&T divisional safety window.
HST-02392,AST-ENG-0001,2026-07-23,Track Inspection,Diamond Crossing Flange Wear,Joint safety inspection and rectified Diamond Crossing Flange Wear,142,Completed,Yes,Poor,Good,Maintenance executed under standard Engineering divisional safety window.
HST-02393,AST-S&T-0222,2025-12-20,Point Machine Maintenance,Point Machine Motor Replacement,Routine preventive servicing and functional testing,104,Requires Follow-up,Partial,Degraded,Fair,Maintenance executed under standard S&T divisional safety window.
HST-02394,AST-ENG-0199,2026-03-24,Points & Crossing Maintenance,Switch Toe Gap Out of Tolerance,Replaced defective wear components for Switch Toe Gap Out of Tolerance,73,Completed,Yes,Poor,Good,Maintenance executed under standard Engineering divisional safety window.
HST-02395,AST-TRD-0594,2025-12-23,OHE Inspection,Thermal Hotspot in Isolator / Jumper,Repaired and calibrated Thermal Hotspot in Isolator / Jumper,74,Completed,Yes,Critical,Good,Maintenance executed under standard TRD divisional safety window.
HST-02396,AST-S&T-0264,2025-11-30,Signal Inspection,Shunt Signal Position Light Defect,Joint safety inspection and rectified Shunt Signal Position Light Defect,48,Completed,Yes,Degraded,Good,Maintenance executed under standard S&T divisional safety window.
HST-02397,AST-S&T-0265,2026-03-04,Signal Maintenance,Signalling Relay Contact Oxidation (Q-Series),Joint safety inspection and rectified Signalling Relay Contact Oxidation (Q-Series),66,Completed,Yes,Degraded,Good,Maintenance executed under standard S&T divisional safety window.
HST-02398,AST-S&T-0383,2025-12-13,Point Machine Maintenance,Point Detection Contact Carbonization,Repaired and calibrated Point Detection Contact Carbonization,64,Completed,Yes,Fair,Good,Maintenance executed under standard S&T divisional safety window.
HST-02399,AST-S&T-0319,2026-04-17,Point Machine Maintenance,Ground Connection Rodding Buckling,Repaired and calibrated Ground Connection Rodding Buckling,68,Completed,Yes,Poor,Good,Maintenance executed under standard S&T divisional safety window.
HST-02400,AST-TRD-0439,2026-07-13,Tower Wagon Inspection,Neutral Section (PTFE Type) Inspection,Routine preventive servicing and functional testing,134,Completed,Yes,Fair,Good,Maintenance executed under standard TRD divisional safety window.
HST-02401,AST-S&T-0316,2025-12-03,Signal Maintenance,Signal Post Corrosion & Alignment Tilt,Joint safety inspection and rectified Signal Post Corrosion & Alignment Tilt,139,Completed,Yes,Degraded,Good,Maintenance executed under standard S&T divisional safety window.
HST-02402,AST-TRD-0402,2025-11-14,OHE Inspection,Catenary Dropper Missing / Damaged,Replaced defective wear components for Catenary Dropper Missing / Damaged,62,Completed,Yes,Poor,Good,Maintenance executed under standard TRD divisional safety window.
HST-02403,AST-S&T-0351,2025-10-04,Signal Inspection,Aspect Current Sensor Anomaly,Joint safety inspection and rectified Aspect Current Sensor Anomaly,52,Completed,Yes,Fair,Good,Maintenance executed under standard S&T divisional safety window.
HST-02404,AST-ENG-0118,2026-04-21,Rail Replacement,Fractured Rail Segment,Routine preventive servicing and functional testing,180,Requires Follow-up,Partial,Fair,Fair,Maintenance executed under standard Engineering divisional safety window.
HST-02405,AST-ENG-0173,2025-10-12,Rail Grinding,Rail Lip / Fin Formation,Joint safety inspection and rectified Rail Lip / Fin Formation,191,Completed,Yes,Degraded,Good,Maintenance executed under standard Engineering divisional safety window.
HST-02406,AST-TRD-0560,2025-10-06,OHE Component Replacement,Section Insulator Runner Wear,Executed scheduled overhaul of OHE Component Replacement,158,Completed,Yes,Critical,Good,Maintenance executed under standard TRD divisional safety window.
HST-02407,AST-TRD-0402,2026-06-28,OHE Inspection,Neutral Section Transverse Slew Anomaly,Repaired and calibrated Neutral Section Transverse Slew Anomaly,91,Completed,Yes,Critical,Good,Maintenance executed under standard TRD divisional safety window.
HST-02408,AST-S&T-0212,2025-09-19,Axle Counter Maintenance,Axle Counter Evaluator Card Failure,Repaired and calibrated Axle Counter Evaluator Card Failure,103,Completed,Yes,Critical,Good,Maintenance executed under standard S&T divisional safety window.
HST-02409,AST-S&T-0361,2026-03-09,Signal Inspection,Shunt Signal Position Light Defect,Replaced defective wear components for Shunt Signal Position Light Defect,42,Completed,Yes,Degraded,Good,Maintenance executed under standard S&T divisional safety window.
HST-02410,AST-S&T-0253,2026-05-14,Signal Inspection,Route Indicator Lamp Burnout,Repaired and calibrated Route Indicator Lamp Burnout,68,Completed,Yes,Degraded,Good,Maintenance executed under standard S&T divisional safety window.
HST-02411,AST-ENG-0131,2026-02-05,Rail Replacement,Defective Alumino-Thermic (AT) Weld Joint,Repaired and calibrated Defective Alumino-Thermic (AT) Weld Joint,191,Completed,Yes,Fair,Good,Maintenance executed under standard Engineering divisional safety window.
HST-02412,AST-S&T-0201,2026-02-16,Axle Counter Maintenance,High Voltage Surge Suppressor Burnout,Executed scheduled overhaul of Axle Counter Maintenance,58,Completed,Yes,Fair,Good,Maintenance executed under standard S&T divisional safety window.
HST-02413,AST-TRD-0588,2026-02-10,OHE Component Replacement,Auto-Tensioning Device (ATD) Weight Jam,Repaired and calibrated Auto-Tensioning Device (ATD) Weight Jam,155,Completed,Yes,Poor,Good,Maintenance executed under standard TRD divisional safety window.
HST-02414,AST-S&T-0316,2026-03-15,Point Machine Maintenance,Crank Handle Interlock Microswitch Jam,Routine preventive servicing and functional testing,36,Completed,Yes,Degraded,Good,Maintenance executed under standard S&T divisional safety window.
HST-02415,AST-S&T-0240,2026-07-01,Signal Maintenance,Signal Blank / Lamp Failure,Repaired and calibrated Signal Blank / Lamp Failure,112,Completed,Yes,Poor,Good,Maintenance executed under standard S&T divisional safety window.
HST-02416,AST-S&T-0234,2025-09-30,Signal Maintenance,Data Logger Channel Telemetry Lockout,Repaired and calibrated Data Logger Channel Telemetry Lockout,55,Completed,Yes,Poor,Good,Maintenance executed under standard S&T divisional safety window.
HST-02417,AST-ENG-0141,2026-01-23,Sleeper Replacement,Broken PSC Sleeper,Routine preventive servicing and functional testing,165,Completed,Yes,Degraded,Good,Maintenance executed under standard Engineering divisional safety window.
HST-02418,AST-ENG-0087,2026-05-31,Points & Crossing Maintenance,Switch Toe Gap Out of Tolerance,Joint safety inspection and rectified Switch Toe Gap Out of Tolerance,78,Requires Follow-up,Partial,Poor,Fair,Maintenance executed under standard Engineering divisional safety window.
HST-02419,AST-TRD-0507,2025-10-06,OHE Wire Maintenance,Cross Feeder Wire Vibration Fatigue,Repaired and calibrated Cross Feeder Wire Vibration Fatigue,84,Requires Follow-up,Partial,Critical,Fair,Maintenance executed under standard TRD divisional safety window.
HST-02420,AST-ENG-0120,2026-05-04,Ballast Cleaning,Cess / Drainage Deepening,Replaced defective wear components for Cess / Drainage Deepening,233,Completed,Yes,Degraded,Good,Maintenance executed under standard Engineering divisional safety window.
HST-02421,AST-S&T-0245,2025-11-04,Signal Maintenance,Signal Blank / Lamp Failure,Executed scheduled overhaul of Signal Maintenance,83,Requires Follow-up,Partial,Fair,Fair,Maintenance executed under standard S&T divisional safety window.
HST-02422,AST-TRD-0484,2026-08-11,OHE Component Replacement,Cantilever Bracket Assembly Misalignment,Executed scheduled overhaul of OHE Component Replacement,138,Completed,Yes,Degraded,Good,Maintenance executed under standard TRD divisional safety window.
HST-02423,AST-S&T-0306,2026-04-08,Telecom Equipment Maintenance,Yard CCTV Surveillance Node Offline,Repaired and calibrated Yard CCTV Surveillance Node Offline,54,Completed,Yes,Degraded,Good,Maintenance executed under standard S&T divisional safety window.
HST-02424,AST-TRD-0481,2026-03-13,Tower Wagon Inspection,Substation Feeder Jumper Maintenance,Joint safety inspection and rectified Substation Feeder Jumper Maintenance,157,Completed,Yes,Degraded,Good,Maintenance executed under standard TRD divisional safety window.
HST-02425,AST-ENG-0152,2026-02-01,Rail Replacement,Fractured Rail Segment,Repaired and calibrated Fractured Rail Segment,238,Completed,Yes,Critical,Good,Maintenance executed under standard Engineering divisional safety window.
HST-02426,AST-S&T-0334,2026-08-10,Track Circuit Maintenance,Glued Insulated Rail Joint (GJ) Failure,Replaced defective wear components for Glued Insulated Rail Joint (GJ) Failure,186,Completed,Yes,Poor,Good,Maintenance executed under standard S&T divisional safety window.
HST-02427,AST-S&T-0242,2025-09-30,Point Machine Maintenance,Point Detection Contact Carbonization,Replaced defective wear components for Point Detection Contact Carbonization,66,Completed,Yes,Poor,Good,Maintenance executed under standard S&T divisional safety window.
HST-02428,AST-S&T-0302,2025-10-04,Signal Inspection,Aspect Current Sensor Anomaly,Executed scheduled overhaul of Signal Inspection,55,Completed,Yes,Fair,Good,Maintenance executed under standard S&T divisional safety window.
HST-02429,AST-S&T-0375,2026-05-15,Signal Inspection,Route Indicator Lamp Burnout,Routine preventive servicing and functional testing,78,Completed,Yes,Critical,Good,Maintenance executed under standard S&T divisional safety window.
HST-02430,AST-ENG-0004,2026-07-11,Ballast Cleaning,Station Yard Track Drain Choking,Repaired and calibrated Station Yard Track Drain Choking,231,Completed,Yes,Critical,Good,Maintenance executed under standard Engineering divisional safety window.
HST-02431,AST-ENG-0149,2026-05-12,Ballast Cleaning,Cess / Drainage Deepening,Routine preventive servicing and functional testing,264,Completed,Yes,Degraded,Good,Maintenance executed under standard Engineering divisional safety window.
HST-02432,AST-TRD-0455,2025-12-27,Contact Wire Replacement,Contact Wire Parting / Snap Incident,Repaired and calibrated Contact Wire Parting / Snap Incident,308,Completed,Yes,Degraded,Good,Maintenance executed under standard TRD divisional safety window.
HST-02433,AST-ENG-0159,2026-06-30,Track Inspection,Buffer Stop Foundation Settlement,Replaced defective wear components for Buffer Stop Foundation Settlement,82,Completed,Yes,Poor,Good,Maintenance executed under standard Engineering divisional safety window.
HST-02434,AST-ENG-0104,2025-12-02,Rail Grinding,Gauge Corner Micro-Spalling on High Rail,Joint safety inspection and rectified Gauge Corner Micro-Spalling on High Rail,253,Completed,Yes,Degraded,Good,Maintenance executed under standard Engineering divisional safety window.
HST-02435,AST-ENG-0199,2026-06-15,Rail Grinding,Rail Surface Corrugation,Executed scheduled overhaul of Rail Grinding,267,Completed,Yes,Poor,Good,Maintenance executed under standard Engineering divisional safety window.
HST-02436,AST-TRD-0452,2026-05-25,OHE Inspection,Mast Earthing Bond Disconnected,Replaced defective wear components for Mast Earthing Bond Disconnected,78,Completed,Yes,Fair,Good,Maintenance executed under standard TRD divisional safety window.
HST-02437,AST-TRD-0417,2025-09-27,Contact Wire Replacement,Loop Line Contact Wire Heavy Carbonization,Routine preventive servicing and functional testing,227,Completed,Yes,Degraded,Good,Maintenance executed under standard TRD divisional safety window.
HST-02438,AST-S&T-0210,2026-07-04,Axle Counter Maintenance,Reset Box Pushbutton Key Interlock Seizure,Repaired and calibrated Reset Box Pushbutton Key Interlock Seizure,42,Completed,Yes,Critical,Good,Maintenance executed under standard S&T divisional safety window.
HST-02439,AST-ENG-0054,2026-03-23,Track Tamping,Post-Renewal Track Stabilization,Repaired and calibrated Post-Renewal Track Stabilization,191,Completed,Yes,Fair,Good,Maintenance executed under standard Engineering divisional safety window.
HST-02440,AST-TRD-0470,2025-12-05,Tower Wagon Inspection,Substation Feeder Jumper Maintenance,Repaired and calibrated Substation Feeder Jumper Maintenance,159,Requires Follow-up,Partial,Poor,Fair,Maintenance executed under standard TRD divisional safety window.
HST-02441,AST-S&T-0209,2025-12-23,Signal Inspection,Signal Sighting Distance Obstruction,Executed scheduled overhaul of Signal Inspection,100,Completed,Yes,Critical,Good,Maintenance executed under standard S&T divisional safety window.
HST-02442,AST-S&T-0330,2025-12-29,Point Machine Maintenance,Point Detection Contact Carbonization,Repaired and calibrated Point Detection Contact Carbonization,88,Requires Follow-up,Partial,Degraded,Fair,Maintenance executed under standard S&T divisional safety window.
HST-02443,AST-ENG-0080,2026-05-25,Track Inspection,Level Crossing Check Rail Flangeway Clogging,Joint safety inspection and rectified Level Crossing Check Rail Flangeway Clogging,47,Completed,Yes,Critical,Good,Maintenance executed under standard Engineering divisional safety window.
HST-02444,AST-ENG-0052,2026-08-09,Sleeper Replacement,Broken PSC Sleeper,Joint safety inspection and rectified Broken PSC Sleeper,235,Completed,Yes,Fair,Good,Maintenance executed under standard Engineering divisional safety window.
HST-02445,AST-S&T-0236,2026-04-01,Signal Inspection,Signal Sighting Distance Obstruction,Joint safety inspection and rectified Signal Sighting Distance Obstruction,107,Completed,Yes,Degraded,Good,Maintenance executed under standard S&T divisional safety window.
HST-02446,AST-TRD-0435,2026-06-08,Tower Wagon Inspection,Overline Structure / Bridge Clearance Audit,Replaced defective wear components for Overline Structure / Bridge Clearance Audit,145,Completed,Yes,Fair,Good,Maintenance executed under standard TRD divisional safety window.
HST-02447,AST-S&T-0240,2026-01-28,Track Circuit Maintenance,Bond Wire Broken / Disconnected,Repaired and calibrated Bond Wire Broken / Disconnected,60,Completed,Yes,Poor,Good,Maintenance executed under standard S&T divisional safety window.
HST-02448,AST-ENG-0135,2026-04-06,Rail Grinding,Rail Lip / Fin Formation,Routine preventive servicing and functional testing,183,Completed,Yes,Degraded,Good,Maintenance executed under standard Engineering divisional safety window.
HST-02449,AST-ENG-0130,2026-01-09,Points & Crossing Maintenance,Worn CMS Crossing Nose,Repaired and calibrated Worn CMS Crossing Nose,214,Requires Follow-up,Partial,Critical,Fair,Maintenance executed under standard Engineering divisional safety window.
HST-02450,AST-ENG-0020,2026-07-20,Rail Replacement,Rail Burn / Scabbing Defect,Repaired and calibrated Rail Burn / Scabbing Defect,181,Completed,Yes,Poor,Good,Maintenance executed under standard Engineering divisional safety window.
HST-02451,AST-S&T-0368,2026-06-05,Point Machine Maintenance,Point Machine Motor Replacement,Repaired and calibrated Point Machine Motor Replacement,108,Completed,Yes,Degraded,Good,Maintenance executed under standard S&T divisional safety window.
HST-02452,AST-S&T-0208,2026-06-01,Signal Maintenance,Electronic Interlocking (EI) VDU Communication Fault,Executed scheduled overhaul of Signal Maintenance,85,Completed,Yes,Critical,Good,Maintenance executed under standard S&T divisional safety window.
HST-02453,AST-TRD-0452,2026-07-20,OHE Inspection,Neutral Section Transverse Slew Anomaly,Replaced defective wear components for Neutral Section Transverse Slew Anomaly,117,Completed,Yes,Degraded,Good,Maintenance executed under standard TRD divisional safety window.
HST-02454,AST-S&T-0290,2026-04-22,Signal Inspection,Aspect Current Sensor Anomaly,Joint safety inspection and rectified Aspect Current Sensor Anomaly,34,Completed,Yes,Poor,Good,Maintenance executed under standard S&T divisional safety window.
HST-02455,AST-TRD-0566,2026-04-20,OHE Wire Maintenance,Contact Wire Kink / Mechanical Damage,Replaced defective wear components for Contact Wire Kink / Mechanical Damage,234,Completed,Yes,Poor,Good,Maintenance executed under standard TRD divisional safety window.
HST-02456,AST-S&T-0355,2025-10-12,Signal Maintenance,Integrated Power Supply (IPS) Module Failure,Repaired and calibrated Integrated Power Supply (IPS) Module Failure,112,Completed,Yes,Degraded,Good,Maintenance executed under standard S&T divisional safety window.
HST-02457,AST-S&T-0305,2026-07-02,Telecom Equipment Maintenance,Emergency Control Telephone (EC) Socket Defect,Routine preventive servicing and functional testing,77,Completed,Yes,Critical,Good,Maintenance executed under standard S&T divisional safety window.
HST-02458,AST-S&T-0326,2026-02-26,Signal Inspection,Calling-on Signal Aspect Failure,Repaired and calibrated Calling-on Signal Aspect Failure,78,Completed,Yes,Critical,Good,Maintenance executed under standard S&T divisional safety window.
HST-02459,AST-ENG-0040,2026-05-27,Track Tamping,Bridge Transition Approach Settlement,Joint safety inspection and rectified Bridge Transition Approach Settlement,181,Completed,Yes,Critical,Good,Maintenance executed under standard Engineering divisional safety window.
HST-02460,AST-ENG-0198,2025-12-14,Track Inspection,Formation / Embankment Settlement,Joint safety inspection and rectified Formation / Embankment Settlement,320,Completed,Yes,Poor,Good,Maintenance executed under standard Engineering divisional safety window.
HST-02461,AST-S&T-0296,2026-07-21,Track Circuit Maintenance,Track Circuit Dropping / False Occupancy,Replaced defective wear components for Track Circuit Dropping / False Occupancy,45,Completed,Yes,Fair,Good,Maintenance executed under standard S&T divisional safety window.
HST-02462,AST-TRD-0425,2025-12-31,Tower Wagon Inspection,Substation Feeder Jumper Maintenance,Executed scheduled overhaul of Tower Wagon Inspection,145,Completed,Yes,Degraded,Good,Maintenance executed under standard TRD divisional safety window.
HST-02463,AST-ENG-0108,2025-09-10,Track Inspection,Ultrasonic Rail Flaw Detection (USFD) Anomaly,Replaced defective wear components for Ultrasonic Rail Flaw Detection (USFD) Anomaly,108,Completed,Yes,Fair,Good,Maintenance executed under standard Engineering divisional safety window.
HST-02464,AST-S&T-0377,2025-12-04,Signal Maintenance,Signal Blank / Lamp Failure,Joint safety inspection and rectified Signal Blank / Lamp Failure,90,Requires Follow-up,Partial,Fair,Fair,Maintenance executed under standard S&T divisional safety window.
HST-02465,AST-S&T-0232,2026-06-16,Point Machine Maintenance,Lock Slide Notch Wear & Burr,Joint safety inspection and rectified Lock Slide Notch Wear & Burr,100,Requires Follow-up,Partial,Critical,Fair,Maintenance executed under standard S&T divisional safety window.
HST-02466,AST-ENG-0170,2026-03-24,Ballast Cleaning,Cess / Drainage Deepening,Routine preventive servicing and functional testing,320,Completed,Yes,Poor,Good,Maintenance executed under standard Engineering divisional safety window.
HST-02467,AST-S&T-0238,2026-04-17,Axle Counter Maintenance,Digital Axle Counter (SSDAC/HASDAC) Count Error,Replaced defective wear components for Digital Axle Counter (SSDAC/HASDAC) Count Error,90,Completed,Yes,Critical,Good,Maintenance executed under standard S&T divisional safety window.
HST-02468,AST-ENG-0085,2026-08-05,Sleeper Replacement,Points & Crossing Special Turnout Sleeper Shift,Executed scheduled overhaul of Sleeper Replacement,158,Completed,Yes,Degraded,Good,Maintenance executed under standard Engineering divisional safety window.
HST-02469,AST-ENG-0165,2026-05-28,Sleeper Replacement,Turnout Concrete Sleeper Fracture,Routine preventive servicing and functional testing,258,Completed,Yes,Degraded,Good,Maintenance executed under standard Engineering divisional safety window.
HST-02470,AST-S&T-0258,2026-05-17,Track Circuit Maintenance,Glued Insulated Rail Joint (GJ) Failure,Joint safety inspection and rectified Glued Insulated Rail Joint (GJ) Failure,193,Completed,Yes,Poor,Good,Maintenance executed under standard S&T divisional safety window.
HST-02471,AST-ENG-0133,2026-05-31,Ballast Cleaning,Shoulder Ballast Contamination,Routine preventive servicing and functional testing,281,Requires Follow-up,Partial,Critical,Fair,Maintenance executed under standard Engineering divisional safety window.
HST-02472,AST-S&T-0286,2026-01-05,Track Circuit Maintenance,Ballast Resistance Leakage (Low Ballast Resistance),Repaired and calibrated Ballast Resistance Leakage (Low Ballast Resistance),74,Completed,Yes,Poor,Good,Maintenance executed under standard S&T divisional safety window.
HST-02473,AST-S&T-0239,2026-07-30,Signal Maintenance,Signal Post Corrosion & Alignment Tilt,Repaired and calibrated Signal Post Corrosion & Alignment Tilt,123,Completed,Yes,Critical,Good,Maintenance executed under standard S&T divisional safety window.
HST-02474,AST-S&T-0395,2026-06-29,Signal Inspection,Aspect Current Sensor Anomaly,Joint safety inspection and rectified Aspect Current Sensor Anomaly,46,Completed,Yes,Critical,Good,Maintenance executed under standard S&T divisional safety window.
HST-02475,AST-ENG-0187,2026-04-27,Sleeper Replacement,Perished Grooved Rubber Sole Plates (GRSP),Joint safety inspection and rectified Perished Grooved Rubber Sole Plates (GRSP),136,Completed,Yes,Fair,Good,Maintenance executed under standard Engineering divisional safety window.
HST-02476,AST-TRD-0448,2026-01-04,OHE Component Replacement,Auto-Tensioning Device (ATD) Weight Jam,Repaired and calibrated Auto-Tensioning Device (ATD) Weight Jam,113,Completed,Yes,Poor,Good,Maintenance executed under standard TRD divisional safety window.
HST-02477,AST-ENG-0200,2026-07-20,Track Inspection,Ballast Deficiency / Shoulder Loss,Routine preventive servicing and functional testing,229,Completed,Yes,Fair,Good,Maintenance executed under standard Engineering divisional safety window.
HST-02478,AST-S&T-0253,2026-02-28,Axle Counter Maintenance,Track Device (Sensor) Misalignment,Routine preventive servicing and functional testing,45,Completed,Yes,Degraded,Good,Maintenance executed under standard S&T divisional safety window.
HST-02479,AST-TRD-0558,2026-06-20,OHE Component Replacement,Cantilever Bracket Assembly Misalignment,Joint safety inspection and rectified Cantilever Bracket Assembly Misalignment,137,Requires Follow-up,Partial,Degraded,Fair,Maintenance executed under standard TRD divisional safety window.
HST-02480,AST-TRD-0474,2026-06-07,OHE Component Replacement,Auto-Tensioning Device (ATD) Weight Jam,Replaced defective wear components for Auto-Tensioning Device (ATD) Weight Jam,100,Completed,Yes,Critical,Good,Maintenance executed under standard TRD divisional safety window.
HST-02481,AST-TRD-0547,2026-03-29,OHE Wire Maintenance,Catenary Wire Strand Broken,Repaired and calibrated Catenary Wire Strand Broken,236,Requires Follow-up,Partial,Degraded,Fair,Maintenance executed under standard TRD divisional safety window.
HST-02482,AST-S&T-0237,2026-03-22,Point Machine Maintenance,Crank Handle Interlock Microswitch Jam,Replaced defective wear components for Crank Handle Interlock Microswitch Jam,48,Completed,Yes,Critical,Good,Maintenance executed under standard S&T divisional safety window.
HST-02483,AST-ENG-0099,2026-07-22,Rail Grinding,Rolling Contact Fatigue / Head Checking,Replaced defective wear components for Rolling Contact Fatigue / Head Checking,245,Completed,Yes,Fair,Good,Maintenance executed under standard Engineering divisional safety window.
HST-02484,AST-ENG-0198,2025-09-30,Points & Crossing Maintenance,Check Rail Clearance Error,Executed scheduled overhaul of Points & Crossing Maintenance,116,Completed,Yes,Degraded,Good,Maintenance executed under standard Engineering divisional safety window.
HST-02485,AST-S&T-0275,2026-05-21,Telecom Equipment Maintenance,Passenger Information System (PIS) Display Node Link Drop,Routine preventive servicing and functional testing,56,Completed,Yes,Degraded,Good,Maintenance executed under standard S&T divisional safety window.
HST-02486,AST-TRD-0496,2026-07-12,OHE Wire Maintenance,Contact Wire Kink / Mechanical Damage,Replaced defective wear components for Contact Wire Kink / Mechanical Damage,162,Completed,Yes,Poor,Good,Maintenance executed under standard TRD divisional safety window.
HST-02487,AST-S&T-0224,2026-06-12,Signal Maintenance,Signal Post Corrosion & Alignment Tilt,Joint safety inspection and rectified Signal Post Corrosion & Alignment Tilt,125,Completed,Yes,Fair,Good,Maintenance executed under standard S&T divisional safety window.
HST-02488,AST-S&T-0272,2025-10-27,Point Machine Maintenance,Lock Slide Notch Wear & Burr,Executed scheduled overhaul of Point Machine Maintenance,110,Completed,Yes,Poor,Good,Maintenance executed under standard S&T divisional safety window.
HST-02489,AST-S&T-0264,2026-07-28,Telecom Equipment Maintenance,Passenger Information System (PIS) Display Node Link Drop,Replaced defective wear components for Passenger Information System (PIS) Display Node Link Drop,45,Completed,Yes,Poor,Good,Maintenance executed under standard S&T divisional safety window.
HST-02490,AST-S&T-0286,2026-05-14,Signal Inspection,Shunt Signal Position Light Defect,Joint safety inspection and rectified Shunt Signal Position Light Defect,38,Completed,Yes,Fair,Good,Maintenance executed under standard S&T divisional safety window.
HST-02491,AST-TRD-0452,2026-08-03,OHE Component Replacement,Auto-Tensioning Device (ATD) Weight Jam,Routine preventive servicing and functional testing,120,Requires Follow-up,Partial,Poor,Fair,Maintenance executed under standard TRD divisional safety window.
HST-02492,AST-TRD-0501,2026-04-14,OHE Component Replacement,Section Insulator Runner Wear,Repaired and calibrated Section Insulator Runner Wear,118,Completed,Yes,Fair,Good,Maintenance executed under standard TRD divisional safety window.
HST-02493,AST-TRD-0481,2026-02-05,Tower Wagon Inspection,Neutral Section (PTFE Type) Inspection,Joint safety inspection and rectified Neutral Section (PTFE Type) Inspection,145,Requires Follow-up,Partial,Critical,Fair,Maintenance executed under standard TRD divisional safety window.
HST-02494,AST-S&T-0381,2025-12-02,Axle Counter Maintenance,High Voltage Surge Suppressor Burnout,Repaired and calibrated High Voltage Surge Suppressor Burnout,51,Completed,Yes,Fair,Good,Maintenance executed under standard S&T divisional safety window.
HST-02495,AST-ENG-0127,2025-12-05,Track Inspection,Buffer Stop Foundation Settlement,Joint safety inspection and rectified Buffer Stop Foundation Settlement,97,Requires Follow-up,Partial,Poor,Fair,Maintenance executed under standard Engineering divisional safety window.
HST-02496,AST-S&T-0283,2025-09-09,Point Machine Maintenance,Point Machine Out of Adjustment / Flashover,Joint safety inspection and rectified Point Machine Out of Adjustment / Flashover,115,Completed,Yes,Fair,Good,Maintenance executed under standard S&T divisional safety window.
HST-02497,AST-TRD-0424,2026-08-17,OHE Inspection,Catenary Dropper Missing / Damaged,Executed scheduled overhaul of OHE Inspection,62,Completed,Yes,Critical,Good,Maintenance executed under standard TRD divisional safety window.
HST-02498,AST-TRD-0482,2026-06-22,Tower Wagon Inspection,Level Crossing Gate OHE Anti-Collision Guard Wire Sag,Routine preventive servicing and functional testing,76,Requires Follow-up,Partial,Degraded,Fair,Maintenance executed under standard TRD divisional safety window.
HST-02499,AST-S&T-0281,2026-07-06,Signal Inspection,LED Signal Aspect Intensity Drop,Executed scheduled overhaul of Signal Inspection,60,Completed,Yes,Degraded,Good,Maintenance executed under standard S&T divisional safety window.
HST-02500,AST-ENG-0120,2026-02-12,Points & Crossing Maintenance,Worn CMS Crossing Nose,Repaired and calibrated Worn CMS Crossing Nose,162,Completed,Yes,Fair,Good,Maintenance executed under standard Engineering divisional safety window.
HST-02501,AST-TRD-0561,2026-03-26,OHE Wire Maintenance,Bridging Jumper Burning / Degradation,Routine preventive servicing and functional testing,130,Completed,Yes,Critical,Good,Maintenance executed under standard TRD divisional safety window.
HST-02502,AST-ENG-0059,2026-03-13,Rail Replacement,Rail Burn / Scabbing Defect,Routine preventive servicing and functional testing,148,Completed,Yes,Degraded,Good,Maintenance executed under standard Engineering divisional safety window.
HST-02503,AST-TRD-0413,2026-04-27,Tower Wagon Inspection,Level Crossing Gate OHE Anti-Collision Guard Wire Sag,Repaired and calibrated Level Crossing Gate OHE Anti-Collision Guard Wire Sag,86,Completed,Yes,Poor,Good,Maintenance executed under standard TRD divisional safety window.
HST-02504,AST-S&T-0277,2026-08-14,Point Machine Maintenance,Ground Connection Rodding Buckling,Executed scheduled overhaul of Point Machine Maintenance,77,Completed,Yes,Degraded,Good,Maintenance executed under standard S&T divisional safety window.
HST-02505,AST-TRD-0465,2025-11-30,Contact Wire Replacement,Turnout Overlap Wire Renewal,Executed scheduled overhaul of Contact Wire Replacement,238,Completed,Yes,Degraded,Good,Maintenance executed under standard TRD divisional safety window.
HST-02506,AST-ENG-0187,2026-06-12,Sleeper Replacement,Broken PSC Sleeper,Joint safety inspection and rectified Broken PSC Sleeper,221,Completed,Yes,Poor,Good,Maintenance executed under standard Engineering divisional safety window.
HST-02507,AST-S&T-0231,2025-10-08,Telecom Equipment Maintenance,Passenger Information System (PIS) Display Node Link Drop,Replaced defective wear components for Passenger Information System (PIS) Display Node Link Drop,73,Completed,Yes,Degraded,Good,Maintenance executed under standard S&T divisional safety window.
HST-02508,AST-TRD-0454,2026-07-26,Contact Wire Replacement,Turnout Overlap Wire Renewal,Routine preventive servicing and functional testing,163,Completed,Yes,Critical,Good,Maintenance executed under standard TRD divisional safety window.
HST-02509,AST-TRD-0595,2025-12-07,OHE Component Replacement,Insulator Flashover / Broken Porcelain Disc,Executed scheduled overhaul of OHE Component Replacement,116,Completed,Yes,Poor,Good,Maintenance executed under standard TRD divisional safety window.
HST-02510,AST-S&T-0241,2026-07-17,Signal Inspection,Route Indicator Lamp Burnout,Joint safety inspection and rectified Route Indicator Lamp Burnout,46,Requires Follow-up,Partial,Poor,Fair,Maintenance executed under standard S&T divisional safety window.
HST-02511,AST-S&T-0345,2026-03-07,Signal Inspection,Signal Sighting Distance Obstruction,Replaced defective wear components for Signal Sighting Distance Obstruction,120,Completed,Yes,Critical,Good,Maintenance executed under standard S&T divisional safety window.
HST-02512,AST-TRD-0476,2026-07-28,OHE Inspection,Mast Earthing Bond Disconnected,Replaced defective wear components for Mast Earthing Bond Disconnected,45,Completed,Yes,Fair,Good,Maintenance executed under standard TRD divisional safety window.
HST-02513,AST-ENG-0148,2025-09-29,Rail Replacement,Curve Gauge Corner Shelling / Spalling,Joint safety inspection and rectified Curve Gauge Corner Shelling / Spalling,209,Completed,Yes,Fair,Good,Maintenance executed under standard Engineering divisional safety window.
HST-02514,AST-ENG-0126,2026-04-09,Rail Grinding,Turnout Switch & Stock Rail Profile Restoration,Joint safety inspection and rectified Turnout Switch & Stock Rail Profile Restoration,163,Completed,Yes,Degraded,Good,Maintenance executed under standard Engineering divisional safety window.
HST-02515,AST-TRD-0405,2025-09-29,Tower Wagon Inspection,Substation Feeder Jumper Maintenance,Joint safety inspection and rectified Substation Feeder Jumper Maintenance,152,Completed,Yes,Critical,Good,Maintenance executed under standard TRD divisional safety window.
HST-02516,AST-S&T-0317,2026-03-19,Signal Inspection,Shunt Signal Position Light Defect,Routine preventive servicing and functional testing,59,Completed,Yes,Fair,Good,Maintenance executed under standard S&T divisional safety window.
HST-02517,AST-TRD-0528,2026-03-25,Contact Wire Replacement,Turnout Overlap Wire Renewal,Routine preventive servicing and functional testing,172,Completed,Yes,Poor,Good,Maintenance executed under standard TRD divisional safety window.
HST-02518,AST-ENG-0103,2025-12-22,Track Inspection,Fishplate Crack / Loose Bolt,Replaced defective wear components for Fishplate Crack / Loose Bolt,55,Completed,Yes,Poor,Good,Maintenance executed under standard Engineering divisional safety window.
HST-02519,AST-S&T-0325,2026-01-08,Telecom Equipment Maintenance,VHF / MTRC Radio Base Station Fault,Joint safety inspection and rectified VHF / MTRC Radio Base Station Fault,120,Completed,Yes,Fair,Good,Maintenance executed under standard S&T divisional safety window.
HST-02520,AST-ENG-0192,2026-07-03,Track Inspection,Derailment Catch Siding Switch Inspection,Routine preventive servicing and functional testing,103,Completed,Yes,Poor,Good,Maintenance executed under standard Engineering divisional safety window.
HST-02521,AST-S&T-0373,2026-06-07,Point Machine Maintenance,Point Machine Motor Replacement,Executed scheduled overhaul of Point Machine Maintenance,154,Completed,Yes,Fair,Good,Maintenance executed under standard S&T divisional safety window.
HST-02522,AST-ENG-0121,2025-12-14,Sleeper Replacement,Turnout Concrete Sleeper Fracture,Replaced defective wear components for Turnout Concrete Sleeper Fracture,295,Completed,Yes,Critical,Good,Maintenance executed under standard Engineering divisional safety window.
HST-02523,AST-S&T-0400,2025-12-07,Point Machine Maintenance,Point Machine Out of Adjustment / Flashover,Repaired and calibrated Point Machine Out of Adjustment / Flashover,73,Completed,Yes,Critical,Good,Maintenance executed under standard S&T divisional safety window.
HST-02524,AST-S&T-0351,2025-12-23,Axle Counter Maintenance,Digital Axle Counter (SSDAC/HASDAC) Count Error,Routine preventive servicing and functional testing,57,Completed,Yes,Degraded,Good,Maintenance executed under standard S&T divisional safety window.
HST-02525,AST-S&T-0237,2025-12-26,Signal Inspection,Route Indicator Lamp Burnout,Joint safety inspection and rectified Route Indicator Lamp Burnout,80,Completed,Yes,Critical,Good,Maintenance executed under standard S&T divisional safety window.
HST-02526,AST-S&T-0363,2025-10-16,Signal Inspection,Route Indicator Lamp Burnout,Joint safety inspection and rectified Route Indicator Lamp Burnout,56,Completed,Yes,Critical,Good,Maintenance executed under standard S&T divisional safety window.
HST-02527,AST-ENG-0167,2025-11-20,Ballast Cleaning,Station Yard Track Drain Choking,Joint safety inspection and rectified Station Yard Track Drain Choking,238,Completed,Yes,Poor,Good,Maintenance executed under standard Engineering divisional safety window.
HST-02528,AST-S&T-0322,2026-05-07,Signal Maintenance,Signalling Relay Contact Oxidation (Q-Series),Joint safety inspection and rectified Signalling Relay Contact Oxidation (Q-Series),84,Completed,Yes,Critical,Good,Maintenance executed under standard S&T divisional safety window.
HST-02529,AST-ENG-0148,2025-10-31,Sleeper Replacement,Points & Crossing Special Turnout Sleeper Shift,Repaired and calibrated Points & Crossing Special Turnout Sleeper Shift,135,Completed,Yes,Critical,Good,Maintenance executed under standard Engineering divisional safety window.
HST-02530,AST-TRD-0477,2026-05-20,Tower Wagon Inspection,Neutral Section (PTFE Type) Inspection,Executed scheduled overhaul of Tower Wagon Inspection,127,Requires Follow-up,Partial,Critical,Fair,Maintenance executed under standard TRD divisional safety window.
HST-02531,AST-ENG-0079,2026-01-16,Track Tamping,Crossover S-Curve Alignment Tamping,Repaired and calibrated Crossover S-Curve Alignment Tamping,152,Completed,Yes,Poor,Good,Maintenance executed under standard Engineering divisional safety window.
HST-02532,AST-S&T-0282,2025-09-07,Track Circuit Maintenance,Track Circuit Dropping / False Occupancy,Repaired and calibrated Track Circuit Dropping / False Occupancy,77,Completed,Yes,Fair,Good,Maintenance executed under standard S&T divisional safety window.
HST-02533,AST-S&T-0212,2025-10-26,Signal Inspection,Signal Sighting Distance Obstruction,Executed scheduled overhaul of Signal Inspection,111,Requires Follow-up,Partial,Fair,Fair,Maintenance executed under standard S&T divisional safety window.
HST-02534,AST-S&T-0260,2025-09-28,Track Circuit Maintenance,Track Relay Choke Coil Breakdown,Routine preventive servicing and functional testing,93,Requires Follow-up,Partial,Poor,Fair,Maintenance executed under standard S&T divisional safety window.
HST-02535,AST-S&T-0237,2025-12-30,Axle Counter Maintenance,Axle Counter Evaluator Card Failure,Joint safety inspection and rectified Axle Counter Evaluator Card Failure,99,Completed,Yes,Critical,Good,Maintenance executed under standard S&T divisional safety window.
HST-02536,AST-TRD-0517,2026-02-10,Contact Wire Replacement,Loop Line Contact Wire Heavy Carbonization,Executed scheduled overhaul of Contact Wire Replacement,238,Completed,Yes,Fair,Good,Maintenance executed under standard TRD divisional safety window.
HST-02537,AST-S&T-0316,2026-01-28,Track Circuit Maintenance,Glued Insulated Rail Joint (GJ) Failure,Joint safety inspection and rectified Glued Insulated Rail Joint (GJ) Failure,156,Completed,Yes,Degraded,Good,Maintenance executed under standard S&T divisional safety window.
HST-02538,AST-TRD-0430,2025-11-04,OHE Wire Maintenance,Cross Feeder Wire Vibration Fatigue,Executed scheduled overhaul of OHE Wire Maintenance,93,Completed,Yes,Degraded,Good,Maintenance executed under standard TRD divisional safety window.
HST-02539,AST-ENG-0139,2026-08-01,Track Inspection,Derailment Catch Siding Switch Inspection,Replaced defective wear components for Derailment Catch Siding Switch Inspection,94,Completed,Yes,Critical,Good,Maintenance executed under standard Engineering divisional safety window.
HST-02540,AST-TRD-0547,2026-02-14,OHE Component Replacement,Traction Substation 132kV Isolator Contact Blade Pitting,Repaired and calibrated Traction Substation 132kV Isolator Contact Blade Pitting,149,Completed,Yes,Critical,Good,Maintenance executed under standard TRD divisional safety window.
HST-02541,AST-ENG-0018,2025-12-14,Points & Crossing Maintenance,Switch Toe Gap Out of Tolerance,Repaired and calibrated Switch Toe Gap Out of Tolerance,91,Completed,Yes,Critical,Good,Maintenance executed under standard Engineering divisional safety window.
HST-02542,AST-ENG-0063,2026-05-07,Points & Crossing Maintenance,Loose Stretcher Bar Bolts,Executed scheduled overhaul of Points & Crossing Maintenance,60,Completed,Yes,Degraded,Good,Maintenance executed under standard Engineering divisional safety window.
HST-02543,AST-S&T-0307,2026-04-27,Signal Maintenance,Data Logger Channel Telemetry Lockout,Replaced defective wear components for Data Logger Channel Telemetry Lockout,79,Completed,Yes,Fair,Good,Maintenance executed under standard S&T divisional safety window.
HST-02544,AST-ENG-0031,2025-11-13,Track Inspection,Fishplate Crack / Loose Bolt,Replaced defective wear components for Fishplate Crack / Loose Bolt,46,Completed,Yes,Degraded,Good,Maintenance executed under standard Engineering divisional safety window.
HST-02545,AST-TRD-0536,2026-08-07,OHE Component Replacement,Auto-Tensioning Device (ATD) Weight Jam,Executed scheduled overhaul of OHE Component Replacement,90,Completed,Yes,Fair,Good,Maintenance executed under standard TRD divisional safety window.
HST-02546,AST-ENG-0185,2025-12-17,Points & Crossing Maintenance,Loose Stretcher Bar Bolts,Repaired and calibrated Loose Stretcher Bar Bolts,57,Requires Follow-up,Partial,Poor,Fair,Maintenance executed under standard Engineering divisional safety window.
HST-02547,AST-ENG-0061,2025-09-07,Track Inspection,Formation / Embankment Settlement,Routine preventive servicing and functional testing,292,Completed,Yes,Critical,Good,Maintenance executed under standard Engineering divisional safety window.
HST-02548,AST-ENG-0142,2025-12-24,Track Tamping,Post-Renewal Track Stabilization,Executed scheduled overhaul of Track Tamping,209,Completed,Yes,Fair,Good,Maintenance executed under standard Engineering divisional safety window.
HST-02549,AST-ENG-0189,2026-04-24,Rail Grinding,Turnout Switch & Stock Rail Profile Restoration,Executed scheduled overhaul of Rail Grinding,119,Completed,Yes,Critical,Good,Maintenance executed under standard Engineering divisional safety window.
HST-02550,AST-TRD-0516,2026-07-12,Tower Wagon Inspection,Routine Catenary & OHE Profile Survey,Joint safety inspection and rectified Routine Catenary & OHE Profile Survey,175,Completed,Yes,Degraded,Good,Maintenance executed under standard TRD divisional safety window.
HST-02551,AST-ENG-0101,2025-11-24,Track Tamping,Crossover S-Curve Alignment Tamping,Executed scheduled overhaul of Track Tamping,150,Completed,Yes,Degraded,Good,Maintenance executed under standard Engineering divisional safety window.
HST-02552,AST-ENG-0018,2025-09-09,Rail Replacement,Defective Alumino-Thermic (AT) Weld Joint,Executed scheduled overhaul of Rail Replacement,167,Requires Follow-up,Partial,Critical,Fair,Maintenance executed under standard Engineering divisional safety window.
HST-02553,AST-TRD-0538,2026-07-20,Tower Wagon Inspection,Neutral Section (PTFE Type) Inspection,Executed scheduled overhaul of Tower Wagon Inspection,113,Completed,Yes,Fair,Good,Maintenance executed under standard TRD divisional safety window.
HST-02554,AST-S&T-0263,2025-12-14,Signal Inspection,Route Indicator Lamp Burnout,Executed scheduled overhaul of Signal Inspection,73,Completed,Yes,Critical,Good,Maintenance executed under standard S&T divisional safety window.
HST-02555,AST-S&T-0212,2026-04-22,Telecom Equipment Maintenance,Emergency Control Telephone (EC) Socket Defect,Routine preventive servicing and functional testing,54,Completed,Yes,Critical,Good,Maintenance executed under standard S&T divisional safety window.
HST-02556,AST-TRD-0422,2026-05-19,OHE Component Replacement,Section Insulator Runner Wear,Repaired and calibrated Section Insulator Runner Wear,170,Completed,Yes,Degraded,Good,Maintenance executed under standard TRD divisional safety window.
HST-02557,AST-S&T-0254,2025-12-22,Axle Counter Maintenance,Track Device (Sensor) Misalignment,Executed scheduled overhaul of Axle Counter Maintenance,78,Completed,Yes,Poor,Good,Maintenance executed under standard S&T divisional safety window.
HST-02558,AST-ENG-0066,2026-08-11,Points & Crossing Maintenance,Worn Switch Rail / Tongue Rail Chipped,Repaired and calibrated Worn Switch Rail / Tongue Rail Chipped,232,Completed,Yes,Critical,Good,Maintenance executed under standard Engineering divisional safety window.
HST-02559,AST-S&T-0389,2026-02-27,Signal Maintenance,Signal Blank / Lamp Failure,Executed scheduled overhaul of Signal Maintenance,93,Requires Follow-up,Partial,Degraded,Fair,Maintenance executed under standard S&T divisional safety window.
HST-02560,AST-TRD-0578,2026-07-08,OHE Inspection,Mast Earthing Bond Disconnected,Repaired and calibrated Mast Earthing Bond Disconnected,46,Completed,Yes,Critical,Good,Maintenance executed under standard TRD divisional safety window.
HST-02561,AST-TRD-0503,2026-06-07,OHE Wire Maintenance,Bridging Jumper Burning / Degradation,Replaced defective wear components for Bridging Jumper Burning / Degradation,117,Completed,Yes,Fair,Good,Maintenance executed under standard TRD divisional safety window.
HST-02562,AST-S&T-0216,2025-09-13,Signal Inspection,LED Signal Aspect Intensity Drop,Replaced defective wear components for LED Signal Aspect Intensity Drop,76,Completed,Yes,Degraded,Good,Maintenance executed under standard S&T divisional safety window.
HST-02563,AST-S&T-0274,2026-03-07,Point Machine Maintenance,Lock Slide Notch Wear & Burr,Replaced defective wear components for Lock Slide Notch Wear & Burr,101,Completed,Yes,Degraded,Good,Maintenance executed under standard S&T divisional safety window.
HST-02564,AST-S&T-0232,2026-08-09,Axle Counter Maintenance,Reset Box Pushbutton Key Interlock Seizure,Repaired and calibrated Reset Box Pushbutton Key Interlock Seizure,49,Completed,Yes,Poor,Good,Maintenance executed under standard S&T divisional safety window.
HST-02565,AST-TRD-0434,2025-11-05,Tower Wagon Inspection,Overline Structure / Bridge Clearance Audit,Repaired and calibrated Overline Structure / Bridge Clearance Audit,138,Completed,Yes,Critical,Good,Maintenance executed under standard TRD divisional safety window.
HST-02566,AST-TRD-0596,2026-02-18,Tower Wagon Inspection,Overline Structure / Bridge Clearance Audit,Replaced defective wear components for Overline Structure / Bridge Clearance Audit,151,Completed,Yes,Fair,Good,Maintenance executed under standard TRD divisional safety window.
HST-02567,AST-S&T-0287,2026-06-17,Track Circuit Maintenance,Track Relay Choke Coil Breakdown,Executed scheduled overhaul of Track Circuit Maintenance,78,Completed,Yes,Degraded,Good,Maintenance executed under standard S&T divisional safety window.
HST-02568,AST-ENG-0124,2026-06-14,Sleeper Replacement,Broken PSC Sleeper,Joint safety inspection and rectified Broken PSC Sleeper,213,Completed,Yes,Poor,Good,Maintenance executed under standard Engineering divisional safety window.
HST-02569,AST-ENG-0176,2026-04-21,Rail Replacement,Corroded Rail Flange,Executed scheduled overhaul of Rail Replacement,270,Completed,Yes,Degraded,Good,Maintenance executed under standard Engineering divisional safety window.
HST-02570,AST-TRD-0524,2026-01-24,OHE Inspection,Neutral Section Transverse Slew Anomaly,Joint safety inspection and rectified Neutral Section Transverse Slew Anomaly,71,Completed,Yes,Poor,Good,Maintenance executed under standard TRD divisional safety window.
HST-02571,AST-ENG-0044,2025-09-29,Track Tamping,Turnout Packing & Lining Fault,Replaced defective wear components for Turnout Packing & Lining Fault,271,Completed,Yes,Critical,Good,Maintenance executed under standard Engineering divisional safety window.
HST-02572,AST-TRD-0423,2026-08-16,Tower Wagon Inspection,Tunnel OHE Catenary Clearance Check,Replaced defective wear components for Tunnel OHE Catenary Clearance Check,180,Requires Follow-up,Partial,Critical,Fair,Maintenance executed under standard TRD divisional safety window.
HST-02573,AST-TRD-0465,2026-04-06,Tower Wagon Inspection,Substation Feeder Jumper Maintenance,Joint safety inspection and rectified Substation Feeder Jumper Maintenance,127,Completed,Yes,Degraded,Good,Maintenance executed under standard TRD divisional safety window.
HST-02574,AST-ENG-0009,2026-06-12,Sleeper Replacement,Points & Crossing Special Turnout Sleeper Shift,Routine preventive servicing and functional testing,136,Requires Follow-up,Partial,Poor,Fair,Maintenance executed under standard Engineering divisional safety window.
HST-02575,AST-ENG-0055,2025-09-30,Rail Replacement,Curve Gauge Corner Shelling / Spalling,Repaired and calibrated Curve Gauge Corner Shelling / Spalling,307,Completed,Yes,Fair,Good,Maintenance executed under standard Engineering divisional safety window.
HST-02576,AST-ENG-0147,2025-09-09,Sleeper Replacement,Points & Crossing Special Turnout Sleeper Shift,Routine preventive servicing and functional testing,187,Requires Follow-up,Partial,Critical,Fair,Maintenance executed under standard Engineering divisional safety window.
HST-02577,AST-S&T-0369,2025-09-15,Signal Inspection,Signal Cable Insulation Degradation,Routine preventive servicing and functional testing,156,Completed,Yes,Poor,Good,Maintenance executed under standard S&T divisional safety window.
HST-02578,AST-S&T-0375,2026-08-04,Point Machine Maintenance,Point Detection Contact Carbonization,Repaired and calibrated Point Detection Contact Carbonization,86,Completed,Yes,Degraded,Good,Maintenance executed under standard S&T divisional safety window.
HST-02579,AST-TRD-0409,2026-07-15,Tower Wagon Inspection,Tunnel OHE Catenary Clearance Check,Joint safety inspection and rectified Tunnel OHE Catenary Clearance Check,175,Requires Follow-up,Partial,Degraded,Fair,Maintenance executed under standard TRD divisional safety window.
HST-02580,AST-S&T-0343,2026-03-23,Track Circuit Maintenance,Track Lead Cable Sheath Damage,Routine preventive servicing and functional testing,64,Completed,Yes,Critical,Good,Maintenance executed under standard S&T divisional safety window.
HST-02581,AST-TRD-0574,2026-05-08,OHE Wire Maintenance,Cross Feeder Wire Vibration Fatigue,Joint safety inspection and rectified Cross Feeder Wire Vibration Fatigue,109,Completed,Yes,Critical,Good,Maintenance executed under standard TRD divisional safety window.
HST-02582,AST-ENG-0022,2026-08-13,Track Inspection,Level Crossing Check Rail Flangeway Clogging,Replaced defective wear components for Level Crossing Check Rail Flangeway Clogging,52,Completed,Yes,Critical,Good,Maintenance executed under standard Engineering divisional safety window.
HST-02583,AST-TRD-0511,2025-11-14,Tower Wagon Inspection,Tunnel OHE Catenary Clearance Check,Joint safety inspection and rectified Tunnel OHE Catenary Clearance Check,155,Completed,Yes,Fair,Good,Maintenance executed under standard TRD divisional safety window.
HST-02584,AST-ENG-0151,2026-01-16,Points & Crossing Maintenance,Worn CMS Crossing Nose,Repaired and calibrated Worn CMS Crossing Nose,234,Completed,Yes,Critical,Good,Maintenance executed under standard Engineering divisional safety window.
HST-02585,AST-TRD-0566,2026-04-27,OHE Wire Maintenance,Bridging Jumper Burning / Degradation,Joint safety inspection and rectified Bridging Jumper Burning / Degradation,118,Completed,Yes,Critical,Good,Maintenance executed under standard TRD divisional safety window.
HST-02586,AST-TRD-0457,2026-05-16,OHE Wire Maintenance,Anti-Creep Wire Sagging,Replaced defective wear components for Anti-Creep Wire Sagging,120,Completed,Yes,Degraded,Good,Maintenance executed under standard TRD divisional safety window.
HST-02587,AST-TRD-0426,2026-04-21,OHE Component Replacement,Insulator Flashover / Broken Porcelain Disc,Replaced defective wear components for Insulator Flashover / Broken Porcelain Disc,117,Completed,Yes,Fair,Good,Maintenance executed under standard TRD divisional safety window.
HST-02588,AST-TRD-0410,2026-07-20,Tower Wagon Inspection,Substation Feeder Jumper Maintenance,Joint safety inspection and rectified Substation Feeder Jumper Maintenance,139,Requires Follow-up,Partial,Fair,Fair,Maintenance executed under standard TRD divisional safety window.
HST-02589,AST-ENG-0047,2026-07-23,Track Inspection,Ultrasonic Rail Flaw Detection (USFD) Anomaly,Routine preventive servicing and functional testing,97,Completed,Yes,Degraded,Good,Maintenance executed under standard Engineering divisional safety window.
HST-02590,AST-ENG-0069,2026-01-25,Sleeper Replacement,Bridge Timber Sleeper Decay,Executed scheduled overhaul of Sleeper Replacement,162,Completed,Yes,Poor,Good,Maintenance executed under standard Engineering divisional safety window.
HST-02591,AST-TRD-0502,2026-06-05,OHE Wire Maintenance,Bridging Jumper Burning / Degradation,Repaired and calibrated Bridging Jumper Burning / Degradation,151,Completed,Yes,Degraded,Good,Maintenance executed under standard TRD divisional safety window.
HST-02592,AST-S&T-0214,2026-07-06,Signal Inspection,LED Signal Aspect Intensity Drop,Repaired and calibrated LED Signal Aspect Intensity Drop,52,Completed,Yes,Degraded,Good,Maintenance executed under standard S&T divisional safety window.
HST-02593,AST-TRD-0418,2025-11-05,OHE Component Replacement,Traction Substation 25kV Vacuum Circuit Breaker (VCB) Fault,Replaced defective wear components for Traction Substation 25kV Vacuum Circuit Breaker (VCB) Fault,170,Requires Follow-up,Partial,Degraded,Fair,Maintenance executed under standard TRD divisional safety window.
HST-02594,AST-S&T-0257,2025-10-08,Telecom Equipment Maintenance,Emergency Control Telephone (EC) Socket Defect,Routine preventive servicing and functional testing,70,Completed,Yes,Fair,Good,Maintenance executed under standard S&T divisional safety window.
HST-02595,AST-TRD-0430,2025-10-26,Contact Wire Replacement,Turnout Overlap Wire Renewal,Replaced defective wear components for Turnout Overlap Wire Renewal,279,Requires Follow-up,Partial,Fair,Fair,Maintenance executed under standard TRD divisional safety window.
HST-02596,AST-S&T-0244,2026-03-03,Signal Maintenance,Integrated Power Supply (IPS) Module Failure,Replaced defective wear components for Integrated Power Supply (IPS) Module Failure,101,Completed,Yes,Degraded,Good,Maintenance executed under standard S&T divisional safety window.
HST-02597,AST-S&T-0393,2026-08-07,Signal Inspection,Signal Sighting Distance Obstruction,Routine preventive servicing and functional testing,90,Completed,Yes,Degraded,Good,Maintenance executed under standard S&T divisional safety window.
HST-02598,AST-S&T-0329,2026-07-22,Axle Counter Maintenance,Track Device (Sensor) Misalignment,Repaired and calibrated Track Device (Sensor) Misalignment,66,Completed,Yes,Poor,Good,Maintenance executed under standard S&T divisional safety window.
HST-02599,AST-ENG-0194,2026-03-27,Rail Replacement,Corroded Rail Flange,Routine preventive servicing and functional testing,282,Completed,Yes,Poor,Good,Maintenance executed under standard Engineering divisional safety window.
HST-02600,AST-ENG-0130,2025-10-05,Rail Grinding,Rail Lip / Fin Formation,Executed scheduled overhaul of Rail Grinding,182,Completed,Yes,Poor,Good,Maintenance executed under standard Engineering divisional safety window.
