slot_id,section_id,date,start_time,end_time,duration_hours,slot_type,is_available
SLOT-00001,Guntakal-SEC-02,2026-09-19,00:00,02:00,2,Night block,True
SLOT-00002,Secunderabad-SEC-08,2026-10-13,02:00,04:00,2,Night block,True
SLOT-00003,Guntur-SEC-07,2026-09-24,01:00,02:00,1,Traffic block,True
SLOT-00004,Guntur-SEC-01,2026-10-26,13:00,16:00,3,Night block,True
SLOT-00005,Hyderabad-SEC-06,2026-10-20,14:00,16:00,2,Night block,False
SLOT-00006,Guntur-SEC-05,2026-10-11,01:00,04:00,3,Traffic block,True
SLOT-00007,Secunderabad-SEC-05,2026-10-26,13:00,15:00,2,Traffic block,False
SLOT-00008,Secunderabad-SEC-07,2026-09-12,23:00,00:00,1,Night block,True
SLOT-00009,Vijayawada-SEC-05,2026-10-25,14:00,16:00,2,Night block,True
SLOT-00010,Vijayawada-SEC-01,2026-10-09,22:00,23:00,1,Traffic block,True
SLOT-00011,Secunderabad-SEC-06,2026-09-04,02:00,06:00,4,Night block,True
SLOT-00012,Guntakal-SEC-08,2026-09-03,13:00,17:00,4,Day block,True
SLOT-00013,Vijayawada-SEC-04,2026-10-14,05:00,07:00,2,Traffic block,True
SLOT-00014,Vijayawada-SEC-03,2026-09-21,04:00,08:00,4,Night block,False
SLOT-00015,Guntakal-SEC-02,2026-10-02,13:00,15:00,2,Traffic block,True
SLOT-00016,Secunderabad-SEC-06,2026-09-20,05:00,08:00,3,Traffic block,False
SLOT-00017,Secunderabad-SEC-04,2026-09-14,13:00,16:00,3,Night block,False
SLOT-00018,Guntakal-SEC-03,2026-09-11,03:00,07:00,4,Night block,False
SLOT-00019,Guntur-SEC-04,2026-09-28,14:00,18:00,4,Traffic block,True
SLOT-00020,Guntur-SEC-03,2026-10-29,14:00,18:00,4,Night block,True
SLOT-00021,Guntur-SEC-05,2026-10-08,00:00,03:00,3,Traffic block,False
SLOT-00022,Guntakal-SEC-06,2026-10-31,02:00,04:00,2,Night block,True
SLOT-00023,Secunderabad-SEC-03,2026-09-24,23:00,03:00,4,Night block,False
SLOT-00024,Guntakal-SEC-08,2026-09-19,23:00,03:00,4,Night block,True
SLOT-00025,Vijayawada-SEC-07,2026-10-01,01:00,05:00,4,Night block,True
SLOT-00026,Guntakal-SEC-03,2026-10-25,22:00,02:00,4,Traffic block,True
SLOT-00027,Secunderabad-SEC-07,2026-09-28,00:00,01:00,1,Night block,False
SLOT-00028,Vijayawada-SEC-08,2026-10-27,23:00,02:00,3,Night block,True
SLOT-00029,Guntakal-SEC-05,2026-09-18,02:00,05:00,3,Night block,True
SLOT-00030,Guntakal-SEC-01,2026-09-14,14:00,15:00,1,Traffic block,True
SLOT-00031,Hyderabad-SEC-04,2026-09-02,22:00,00:00,2,Night block,True
SLOT-00032,Guntakal-SEC-08,2026-10-28,05:00,07:00,2,Night block,True
SLOT-00033,Hyderabad-SEC-04,2026-09-29,05:00,09:00,4,Day block,True
SLOT-00034,Guntur-SEC-07,2026-09-17,02:00,05:00,3,Traffic block,False
SLOT-00035,Hyderabad-SEC-06,2026-10-12,00:00,03:00,3,Night block,True
SLOT-00036,Guntur-SEC-07,2026-09-21,13:00,16:00,3,Day block,True
SLOT-00037,Hyderabad-SEC-02,2026-09-21,00:00,04:00,4,Night block,True
SLOT-00038,Guntur-SEC-04,2026-10-29,14:00,16:00,2,Traffic block,True
SLOT-00039,Hyderabad-SEC-01,2026-09-07,05:00,06:00,1,Night block,True
SLOT-00040,Guntur-SEC-05,2026-10-04,23:00,02:00,3,Night block,True
SLOT-00041,Hyderabad-SEC-07,2026-10-28,03:00,05:00,2,Traffic block,True
SLOT-00042,Secunderabad-SEC-05,2026-10-12,23:00,01:00,2,Night block,True
SLOT-00043,Guntur-SEC-05,2026-10-28,01:00,02:00,1,Traffic block,True
SLOT-00044,Hyderabad-SEC-08,2026-10-21,05:00,09:00,4,Night block,True
SLOT-00045,Hyderabad-SEC-04,2026-10-25,14:00,17:00,3,Night block,True
SLOT-00046,Vijayawada-SEC-04,2026-09-03,23:00,01:00,2,Night block,True
SLOT-00047,Secunderabad-SEC-02,2026-09-05,04:00,07:00,3,Traffic block,True
SLOT-00048,Secunderabad-SEC-07,2026-10-10,14:00,16:00,2,Traffic block,False
SLOT-00049,Guntakal-SEC-03,2026-09-05,00:00,02:00,2,Night block,True
SLOT-00050,Secunderabad-SEC-01,2026-09-25,23:00,01:00,2,Night block,True
SLOT-00051,Hyderabad-SEC-02,2026-10-28,23:00,02:00,3,Night block,False
SLOT-00052,Guntur-SEC-06,2026-09-05,03:00,04:00,1,Traffic block,False
SLOT-00053,Guntur-SEC-08,2026-09-02,23:00,03:00,4,Night block,True
SLOT-00054,Guntur-SEC-06,2026-10-08,00:00,04:00,4,Night block,True
SLOT-00055,Guntur-SEC-07,2026-09-14,01:00,05:00,4,Traffic block,True
SLOT-00056,Guntur-SEC-05,2026-09-23,23:00,01:00,2,Night block,True
SLOT-00057,Secunderabad-SEC-04,2026-09-06,00:00,01:00,1,Traffic block,True
SLOT-00058,Guntur-SEC-05,2026-10-01,04:00,05:00,1,Night block,True
SLOT-00059,Secunderabad-SEC-04,2026-09-05,22:00,00:00,2,Night block,True
SLOT-00060,Guntur-SEC-02,2026-09-25,01:00,02:00,1,Night block,True
SLOT-00061,Guntakal-SEC-06,2026-10-21,03:00,07:00,4,Night block,True
SLOT-00062,Secunderabad-SEC-02,2026-09-07,00:00,02:00,2,Traffic block,True
SLOT-00063,Secunderabad-SEC-08,2026-09-11,13:00,15:00,2,Traffic block,False
SLOT-00064,Secunderabad-SEC-03,2026-09-21,01:00,02:00,1,Night block,False
SLOT-00065,Secunderabad-SEC-05,2026-10-19,22:00,23:00,1,Traffic block,True
SLOT-00066,Guntakal-SEC-02,2026-10-17,23:00,00:00,1,Night block,True
SLOT-00067,Guntur-SEC-06,2026-09-28,23:00,03:00,4,Traffic block,True
SLOT-00068,Secunderabad-SEC-08,2026-09-19,23:00,02:00,3,Night block,True
SLOT-00069,Guntur-SEC-04,2026-09-15,02:00,04:00,2,Traffic block,True
SLOT-00070,Hyderabad-SEC-05,2026-09-25,04:00,06:00,2,Traffic block,False
SLOT-00071,Guntakal-SEC-06,2026-10-03,13:00,14:00,1,Night block,True
SLOT-00072,Secunderabad-SEC-05,2026-10-28,14:00,15:00,1,Traffic block,True
SLOT-00073,Guntakal-SEC-05,2026-09-17,04:00,08:00,4,Night block,True
SLOT-00074,Vijayawada-SEC-03,2026-10-16,04:00,06:00,2,Traffic block,True
SLOT-00075,Hyderabad-SEC-02,2026-10-13,02:00,05:00,3,Traffic block,True
SLOT-00076,Hyderabad-SEC-02,2026-09-04,05:00,09:00,4,Traffic block,True
SLOT-00077,Guntakal-SEC-06,2026-09-01,02:00,05:00,3,Night block,True
SLOT-00078,Vijayawada-SEC-01,2026-09-27,03:00,05:00,2,Traffic block,True
SLOT-00079,Secunderabad-SEC-08,2026-10-13,14:00,17:00,3,Night block,True
SLOT-00080,Secunderabad-SEC-08,2026-10-25,03:00,05:00,2,Night block,True
SLOT-00081,Secunderabad-SEC-06,2026-10-15,03:00,05:00,2,Night block,True
SLOT-00082,Hyderabad-SEC-02,2026-09-27,14:00,18:00,4,Traffic block,True
SLOT-00083,Guntur-SEC-06,2026-09-18,04:00,06:00,2,Night block,True
SLOT-00084,Hyderabad-SEC-04,2026-09-01,14:00,16:00,2,Day block,True
SLOT-00085,Guntakal-SEC-04,2026-10-10,13:00,15:00,2,Night block,True
SLOT-00086,Guntur-SEC-01,2026-09-27,13:00,17:00,4,Traffic block,True
SLOT-00087,Hyderabad-SEC-05,2026-09-25,00:00,02:00,2,Traffic block,True
SLOT-00088,Guntur-SEC-04,2026-10-31,04:00,05:00,1,Traffic block,True
SLOT-00089,Guntakal-SEC-01,2026-10-21,14:00,15:00,1,Traffic block,True
SLOT-00090,Hyderabad-SEC-07,2026-09-21,04:00,07:00,3,Day block,False
SLOT-00091,Guntakal-SEC-04,2026-10-29,13:00,16:00,3,Night block,True
SLOT-00092,Secunderabad-SEC-08,2026-09-16,14:00,15:00,1,Night block,True
SLOT-00093,Guntur-SEC-06,2026-10-03,23:00,01:00,2,Day block,True
SLOT-00094,Guntur-SEC-06,2026-10-20,03:00,05:00,2,Traffic block,True
SLOT-00095,Guntur-SEC-06,2026-10-20,13:00,17:00,4,Traffic block,True
SLOT-00096,Hyderabad-SEC-03,2026-10-11,04:00,06:00,2,Night block,True
SLOT-00097,Hyderabad-SEC-07,2026-10-20,04:00,08:00,4,Day block,True
SLOT-00098,Guntakal-SEC-02,2026-10-12,00:00,02:00,2,Traffic block,True
SLOT-00099,Secunderabad-SEC-02,2026-09-10,01:00,04:00,3,Night block,True
SLOT-00100,Hyderabad-SEC-05,2026-09-19,05:00,07:00,2,Day block,True
SLOT-00101,Vijayawada-SEC-06,2026-09-09,03:00,06:00,3,Traffic block,True
SLOT-00102,Vijayawada-SEC-08,2026-09-14,05:00,09:00,4,Night block,False
SLOT-00103,Vijayawada-SEC-01,2026-10-20,22:00,02:00,4,Traffic block,True
SLOT-00104,Guntakal-SEC-08,2026-09-20,23:00,01:00,2,Day block,False
SLOT-00105,Vijayawada-SEC-07,2026-10-24,23:00,00:00,1,Night block,True
SLOT-00106,Guntur-SEC-06,2026-10-11,13:00,14:00,1,Traffic block,True
SLOT-00107,Guntakal-SEC-08,2026-10-14,14:00,18:00,4,Traffic block,True
SLOT-00108,Guntakal-SEC-04,2026-10-27,01:00,02:00,1,Traffic block,True
SLOT-00109,Hyderabad-SEC-02,2026-09-07,13:00,15:00,2,Night block,True
SLOT-00110,Hyderabad-SEC-08,2026-09-18,02:00,03:00,1,Night block,True
SLOT-00111,Guntur-SEC-02,2026-09-22,00:00,01:00,1,Night block,False
SLOT-00112,Guntur-SEC-05,2026-10-27,05:00,06:00,1,Night block,True
SLOT-00113,Hyderabad-SEC-07,2026-10-19,02:00,03:00,1,Traffic block,True
SLOT-00114,Secunderabad-SEC-03,2026-10-12,23:00,00:00,1,Night block,True
SLOT-00115,Guntakal-SEC-01,2026-09-19,03:00,04:00,1,Night block,True
SLOT-00116,Vijayawada-SEC-07,2026-09-09,00:00,04:00,4,Night block,True
SLOT-00117,Vijayawada-SEC-02,2026-09-29,13:00,15:00,2,Day block,False
SLOT-00118,Hyderabad-SEC-02,2026-09-12,13:00,15:00,2,Traffic block,False
SLOT-00119,Guntur-SEC-05,2026-09-27,03:00,04:00,1,Night block,True
SLOT-00120,Secunderabad-SEC-04,2026-09-30,05:00,07:00,2,Traffic block,True
SLOT-00121,Guntur-SEC-07,2026-09-06,04:00,05:00,1,Night block,False
SLOT-00122,Vijayawada-SEC-04,2026-09-28,04:00,06:00,2,Day block,True
SLOT-00123,Guntur-SEC-01,2026-10-13,04:00,08:00,4,Traffic block,True
SLOT-00124,Vijayawada-SEC-05,2026-10-03,03:00,04:00,1,Night block,True
SLOT-00125,Vijayawada-SEC-01,2026-10-15,22:00,01:00,3,Traffic block,False
SLOT-00126,Guntakal-SEC-07,2026-10-05,04:00,08:00,4,Night block,True
SLOT-00127,Hyderabad-SEC-06,2026-09-19,14:00,17:00,3,Night block,True
SLOT-00128,Hyderabad-SEC-06,2026-10-01,02:00,05:00,3,Night block,True
SLOT-00129,Hyderabad-SEC-05,2026-10-06,23:00,01:00,2,Night block,True
SLOT-00130,Guntakal-SEC-06,2026-09-23,04:00,05:00,1,Traffic block,False
SLOT-00131,Vijayawada-SEC-02,2026-09-08,00:00,01:00,1,Night block,True
SLOT-00132,Hyderabad-SEC-08,2026-09-26,01:00,02:00,1,Traffic block,False
SLOT-00133,Guntur-SEC-05,2026-10-04,05:00,08:00,3,Night block,True
SLOT-00134,Secunderabad-SEC-03,2026-10-17,05:00,09:00,4,Traffic block,True
SLOT-00135,Guntur-SEC-01,2026-10-30,02:00,06:00,4,Day block,False
SLOT-00136,Vijayawada-SEC-06,2026-09-16,23:00,02:00,3,Traffic block,False
SLOT-00137,Secunderabad-SEC-01,2026-09-03,02:00,05:00,3,Traffic block,False
SLOT-00138,Hyderabad-SEC-07,2026-09-22,02:00,05:00,3,Night block,True
SLOT-00139,Guntur-SEC-08,2026-10-13,03:00,04:00,1,Night block,True
SLOT-00140,Guntakal-SEC-04,2026-09-24,22:00,02:00,4,Traffic block,True
SLOT-00141,Secunderabad-SEC-07,2026-10-18,01:00,02:00,1,Night block,True
SLOT-00142,Vijayawada-SEC-08,2026-10-13,03:00,06:00,3,Day block,True
SLOT-00143,Guntakal-SEC-03,2026-10-24,23:00,01:00,2,Night block,True
SLOT-00144,Guntur-SEC-04,2026-10-08,04:00,07:00,3,Night block,True
SLOT-00145,Hyderabad-SEC-04,2026-10-01,01:00,05:00,4,Traffic block,True
SLOT-00146,Hyderabad-SEC-07,2026-09-14,05:00,06:00,1,Traffic block,False
SLOT-00147,Guntakal-SEC-02,2026-10-05,02:00,05:00,3,Night block,True
SLOT-00148,Guntur-SEC-07,2026-09-14,23:00,03:00,4,Traffic block,True
SLOT-00149,Vijayawada-SEC-05,2026-10-25,01:00,05:00,4,Night block,True
SLOT-00150,Hyderabad-SEC-07,2026-10-10,02:00,06:00,4,Day block,True
SLOT-00151,Guntur-SEC-07,2026-10-06,04:00,06:00,2,Day block,True
SLOT-00152,Guntakal-SEC-06,2026-09-07,05:00,07:00,2,Night block,True
SLOT-00153,Vijayawada-SEC-01,2026-09-04,23:00,03:00,4,Traffic block,True
SLOT-00154,Guntakal-SEC-07,2026-09-03,13:00,17:00,4,Day block,True
SLOT-00155,Vijayawada-SEC-01,2026-10-17,22:00,01:00,3,Traffic block,True
SLOT-00156,Hyderabad-SEC-02,2026-09-22,23:00,02:00,3,Night block,True
SLOT-00157,Hyderabad-SEC-05,2026-09-16,03:00,04:00,1,Traffic block,True
SLOT-00158,Guntakal-SEC-05,2026-09-25,22:00,01:00,3,Night block,True
SLOT-00159,Guntur-SEC-01,2026-10-18,02:00,03:00,1,Night block,True
SLOT-00160,Secunderabad-SEC-01,2026-10-16,03:00,07:00,4,Night block,True
SLOT-00161,Guntakal-SEC-08,2026-10-18,01:00,04:00,3,Traffic block,True
SLOT-00162,Secunderabad-SEC-06,2026-09-28,05:00,09:00,4,Night block,True
SLOT-00163,Secunderabad-SEC-04,2026-10-24,14:00,16:00,2,Traffic block,True
SLOT-00164,Guntur-SEC-05,2026-09-06,04:00,07:00,3,Day block,False
SLOT-00165,Guntakal-SEC-04,2026-10-30,03:00,04:00,1,Night block,True
SLOT-00166,Guntakal-SEC-06,2026-10-23,14:00,18:00,4,Night block,True
SLOT-00167,Guntakal-SEC-03,2026-10-28,13:00,16:00,3,Traffic block,True
SLOT-00168,Secunderabad-SEC-07,2026-09-26,03:00,05:00,2,Traffic block,False
SLOT-00169,Vijayawada-SEC-07,2026-10-25,03:00,07:00,4,Night block,True
SLOT-00170,Guntakal-SEC-07,2026-09-30,22:00,02:00,4,Night block,True
SLOT-00171,Secunderabad-SEC-04,2026-09-12,05:00,06:00,1,Night block,False
SLOT-00172,Guntur-SEC-04,2026-09-28,00:00,04:00,4,Day block,True
SLOT-00173,Secunderabad-SEC-02,2026-10-03,05:00,07:00,2,Night block,False
SLOT-00174,Guntur-SEC-03,2026-10-03,23:00,03:00,4,Night block,False
SLOT-00175,Vijayawada-SEC-06,2026-09-09,13:00,16:00,3,Night block,False
SLOT-00176,Guntakal-SEC-01,2026-09-05,02:00,05:00,3,Night block,True
SLOT-00177,Guntakal-SEC-01,2026-09-13,23:00,03:00,4,Night block,True
SLOT-00178,Vijayawada-SEC-06,2026-09-21,23:00,03:00,4,Night block,True
SLOT-00179,Secunderabad-SEC-05,2026-10-06,02:00,03:00,1,Traffic block,True
SLOT-00180,Guntur-SEC-01,2026-10-11,03:00,04:00,1,Day block,True
SLOT-00181,Hyderabad-SEC-06,2026-10-11,02:00,06:00,4,Night block,True
SLOT-00182,Hyderabad-SEC-06,2026-10-07,03:00,04:00,1,Traffic block,True
SLOT-00183,Hyderabad-SEC-07,2026-09-09,01:00,05:00,4,Night block,True
SLOT-00184,Hyderabad-SEC-02,2026-09-05,14:00,17:00,3,Night block,True
SLOT-00185,Secunderabad-SEC-07,2026-10-03,00:00,04:00,4,Traffic block,True
SLOT-00186,Guntakal-SEC-05,2026-10-18,02:00,04:00,2,Night block,True
SLOT-00187,Secunderabad-SEC-06,2026-09-22,02:00,04:00,2,Night block,True
SLOT-00188,Guntur-SEC-02,2026-10-26,13:00,16:00,3,Traffic block,True
SLOT-00189,Guntur-SEC-08,2026-09-13,01:00,03:00,2,Night block,True
SLOT-00190,Guntur-SEC-06,2026-10-28,04:00,06:00,2,Night block,True
SLOT-00191,Guntur-SEC-08,2026-10-14,13:00,15:00,2,Traffic block,True
SLOT-00192,Hyderabad-SEC-08,2026-09-16,14:00,18:00,4,Day block,True
SLOT-00193,Hyderabad-SEC-02,2026-10-27,02:00,05:00,3,Night block,False
SLOT-00194,Guntakal-SEC-06,2026-09-08,13:00,15:00,2,Day block,True
SLOT-00195,Guntur-SEC-07,2026-09-07,05:00,08:00,3,Night block,True
SLOT-00196,Vijayawada-SEC-04,2026-10-05,01:00,03:00,2,Night block,True
SLOT-00197,Guntakal-SEC-06,2026-09-02,03:00,05:00,2,Night block,True
SLOT-00198,Guntur-SEC-07,2026-09-20,23:00,03:00,4,Traffic block,False
SLOT-00199,Guntur-SEC-05,2026-09-21,14:00,17:00,3,Day block,True
SLOT-00200,Guntakal-SEC-05,2026-09-20,04:00,06:00,2,Night block,False
SLOT-00201,Guntur-SEC-08,2026-09-14,23:00,01:00,2,Night block,True
SLOT-00202,Guntakal-SEC-06,2026-10-28,05:00,09:00,4,Traffic block,True
SLOT-00203,Secunderabad-SEC-03,2026-10-28,05:00,06:00,1,Night block,True
SLOT-00204,Secunderabad-SEC-05,2026-09-14,04:00,08:00,4,Night block,True
SLOT-00205,Guntur-SEC-03,2026-09-21,13:00,17:00,4,Day block,True
SLOT-00206,Guntur-SEC-08,2026-10-21,04:00,07:00,3,Night block,True
SLOT-00207,Vijayawada-SEC-07,2026-09-20,01:00,03:00,2,Night block,True
SLOT-00208,Hyderabad-SEC-02,2026-10-24,03:00,06:00,3,Traffic block,True
SLOT-00209,Guntur-SEC-04,2026-09-24,14:00,16:00,2,Day block,True
SLOT-00210,Hyderabad-SEC-08,2026-10-31,14:00,18:00,4,Traffic block,True
SLOT-00211,Vijayawada-SEC-03,2026-10-31,00:00,04:00,4,Traffic block,True
SLOT-00212,Vijayawada-SEC-08,2026-10-28,23:00,01:00,2,Night block,True
SLOT-00213,Guntur-SEC-08,2026-09-30,04:00,07:00,3,Traffic block,True
SLOT-00214,Hyderabad-SEC-04,2026-09-17,03:00,07:00,4,Traffic block,True
SLOT-00215,Secunderabad-SEC-08,2026-10-04,02:00,03:00,1,Traffic block,True
SLOT-00216,Guntakal-SEC-02,2026-09-03,23:00,01:00,2,Night block,True
SLOT-00217,Vijayawada-SEC-04,2026-10-01,01:00,05:00,4,Night block,True
SLOT-00218,Vijayawada-SEC-01,2026-10-23,00:00,02:00,2,Night block,True
SLOT-00219,Guntur-SEC-02,2026-09-26,04:00,08:00,4,Traffic block,True
SLOT-00220,Hyderabad-SEC-01,2026-10-30,04:00,08:00,4,Night block,True
SLOT-00221,Hyderabad-SEC-08,2026-09-30,22:00,01:00,3,Night block,True
SLOT-00222,Guntur-SEC-08,2026-10-10,05:00,09:00,4,Traffic block,True
SLOT-00223,Secunderabad-SEC-07,2026-09-19,23:00,00:00,1,Night block,False
SLOT-00224,Guntakal-SEC-03,2026-09-27,01:00,02:00,1,Traffic block,True
SLOT-00225,Vijayawada-SEC-04,2026-10-22,03:00,06:00,3,Night block,True
SLOT-00226,Vijayawada-SEC-06,2026-10-31,02:00,06:00,4,Day block,False
SLOT-00227,Guntur-SEC-02,2026-10-04,13:00,16:00,3,Night block,True
SLOT-00228,Vijayawada-SEC-04,2026-10-31,13:00,16:00,3,Night block,True
SLOT-00229,Secunderabad-SEC-04,2026-10-27,05:00,07:00,2,Night block,True
SLOT-00230,Vijayawada-SEC-03,2026-09-03,14:00,18:00,4,Night block,True
SLOT-00231,Vijayawada-SEC-07,2026-09-14,05:00,07:00,2,Traffic block,True
SLOT-00232,Guntakal-SEC-08,2026-10-01,13:00,14:00,1,Night block,False
SLOT-00233,Hyderabad-SEC-05,2026-09-27,01:00,02:00,1,Night block,True
SLOT-00234,Hyderabad-SEC-05,2026-09-11,23:00,03:00,4,Night block,True
SLOT-00235,Vijayawada-SEC-06,2026-10-04,13:00,17:00,4,Night block,True
SLOT-00236,Hyderabad-SEC-05,2026-09-29,13:00,17:00,4,Night block,True
SLOT-00237,Vijayawada-SEC-05,2026-09-22,04:00,07:00,3,Night block,True
SLOT-00238,Guntakal-SEC-02,2026-10-17,03:00,04:00,1,Night block,True
SLOT-00239,Hyderabad-SEC-01,2026-10-11,03:00,06:00,3,Day block,False
SLOT-00240,Hyderabad-SEC-05,2026-10-26,23:00,02:00,3,Night block,False
SLOT-00241,Vijayawada-SEC-04,2026-10-26,00:00,01:00,1,Night block,True
SLOT-00242,Secunderabad-SEC-03,2026-09-20,00:00,01:00,1,Traffic block,True
SLOT-00243,Guntur-SEC-05,2026-09-03,03:00,07:00,4,Traffic block,True
SLOT-00244,Vijayawada-SEC-08,2026-10-22,14:00,16:00,2,Night block,True
SLOT-00245,Vijayawada-SEC-02,2026-09-20,01:00,04:00,3,Traffic block,True
SLOT-00246,Hyderabad-SEC-01,2026-10-07,14:00,18:00,4,Night block,True
SLOT-00247,Guntur-SEC-07,2026-10-21,14:00,17:00,3,Traffic block,False
SLOT-00248,Hyderabad-SEC-08,2026-09-12,01:00,02:00,1,Traffic block,True
SLOT-00249,Guntur-SEC-08,2026-10-28,04:00,06:00,2,Night block,True
SLOT-00250,Secunderabad-SEC-06,2026-10-28,14:00,17:00,3,Traffic block,True
SLOT-00251,Guntur-SEC-08,2026-10-14,23:00,03:00,4,Night block,True
SLOT-00252,Guntakal-SEC-02,2026-10-14,00:00,03:00,3,Day block,False
SLOT-00253,Hyderabad-SEC-08,2026-10-28,13:00,16:00,3,Night block,True
SLOT-00254,Vijayawada-SEC-03,2026-10-01,01:00,04:00,3,Night block,True
SLOT-00255,Guntur-SEC-04,2026-09-21,22:00,02:00,4,Traffic block,True
SLOT-00256,Vijayawada-SEC-06,2026-09-29,22:00,01:00,3,Day block,True
SLOT-00257,Secunderabad-SEC-07,2026-10-14,14:00,15:00,1,Night block,True
SLOT-00258,Hyderabad-SEC-05,2026-09-13,23:00,00:00,1,Night block,True
SLOT-00259,Guntur-SEC-07,2026-09-01,14:00,15:00,1,Night block,True
SLOT-00260,Guntur-SEC-05,2026-10-07,13:00,15:00,2,Traffic block,True
SLOT-00261,Vijayawada-SEC-04,2026-09-29,22:00,01:00,3,Traffic block,True
SLOT-00262,Secunderabad-SEC-01,2026-09-15,23:00,03:00,4,Night block,True
SLOT-00263,Guntur-SEC-03,2026-10-21,04:00,08:00,4,Traffic block,True
SLOT-00264,Hyderabad-SEC-05,2026-09-20,23:00,00:00,1,Day block,False
SLOT-00265,Guntur-SEC-03,2026-10-05,04:00,08:00,4,Day block,True
SLOT-00266,Vijayawada-SEC-05,2026-10-15,02:00,03:00,1,Night block,True
SLOT-00267,Vijayawada-SEC-03,2026-09-25,22:00,02:00,4,Night block,True
SLOT-00268,Vijayawada-SEC-06,2026-10-01,05:00,08:00,3,Traffic block,True
SLOT-00269,Guntur-SEC-08,2026-10-05,05:00,08:00,3,Night block,True
SLOT-00270,Guntur-SEC-01,2026-10-27,05:00,07:00,2,Night block,True
SLOT-00271,Guntur-SEC-03,2026-09-19,03:00,04:00,1,Traffic block,True
SLOT-00272,Vijayawada-SEC-01,2026-09-10,02:00,05:00,3,Traffic block,True
SLOT-00273,Guntakal-SEC-01,2026-09-05,02:00,04:00,2,Night block,True
SLOT-00274,Vijayawada-SEC-08,2026-10-15,05:00,06:00,1,Day block,False
SLOT-00275,Guntakal-SEC-05,2026-09-24,14:00,16:00,2,Night block,True
SLOT-00276,Vijayawada-SEC-02,2026-10-13,13:00,17:00,4,Night block,False
SLOT-00277,Guntakal-SEC-01,2026-10-02,14:00,18:00,4,Night block,False
SLOT-00278,Vijayawada-SEC-02,2026-10-22,22:00,23:00,1,Night block,True
SLOT-00279,Secunderabad-SEC-04,2026-09-10,04:00,07:00,3,Night block,False
SLOT-00280,Hyderabad-SEC-02,2026-10-14,13:00,16:00,3,Night block,True
SLOT-00281,Hyderabad-SEC-06,2026-09-16,23:00,03:00,4,Day block,True
SLOT-00282,Vijayawada-SEC-07,2026-10-19,23:00,01:00,2,Night block,True
SLOT-00283,Vijayawada-SEC-05,2026-10-04,14:00,18:00,4,Day block,True
SLOT-00284,Guntur-SEC-02,2026-10-04,23:00,01:00,2,Night block,True
SLOT-00285,Guntur-SEC-05,2026-09-14,22:00,02:00,4,Traffic block,True
SLOT-00286,Guntur-SEC-01,2026-09-23,02:00,04:00,2,Night block,True
SLOT-00287,Hyderabad-SEC-07,2026-10-24,23:00,01:00,2,Night block,False
SLOT-00288,Vijayawada-SEC-07,2026-10-17,05:00,07:00,2,Night block,True
SLOT-00289,Secunderabad-SEC-02,2026-09-25,22:00,01:00,3,Traffic block,True
SLOT-00290,Secunderabad-SEC-02,2026-10-13,03:00,05:00,2,Traffic block,True
SLOT-00291,Hyderabad-SEC-08,2026-10-17,05:00,06:00,1,Night block,True
SLOT-00292,Vijayawada-SEC-02,2026-09-27,13:00,15:00,2,Night block,False
SLOT-00293,Guntur-SEC-05,2026-09-26,14:00,18:00,4,Traffic block,True
SLOT-00294,Hyderabad-SEC-03,2026-10-25,13:00,17:00,4,Day block,True
SLOT-00295,Hyderabad-SEC-07,2026-10-01,01:00,02:00,1,Traffic block,True
SLOT-00296,Hyderabad-SEC-05,2026-09-29,04:00,08:00,4,Night block,True
SLOT-00297,Hyderabad-SEC-05,2026-09-15,03:00,04:00,1,Night block,True
SLOT-00298,Guntakal-SEC-02,2026-09-03,13:00,15:00,2,Traffic block,True
SLOT-00299,Secunderabad-SEC-08,2026-09-04,03:00,05:00,2,Night block,False
SLOT-00300,Guntur-SEC-07,2026-10-02,03:00,07:00,4,Night block,True
SLOT-00301,Guntakal-SEC-02,2026-10-20,23:00,00:00,1,Day block,False
SLOT-00302,Guntur-SEC-02,2026-09-06,03:00,05:00,2,Day block,True
SLOT-00303,Vijayawada-SEC-08,2026-10-31,05:00,09:00,4,Night block,True
SLOT-00304,Vijayawada-SEC-06,2026-10-09,22:00,01:00,3,Night block,True
SLOT-00305,Guntur-SEC-02,2026-10-13,22:00,01:00,3,Night block,True
SLOT-00306,Hyderabad-SEC-04,2026-10-30,04:00,06:00,2,Night block,True
SLOT-00307,Guntakal-SEC-07,2026-10-04,00:00,01:00,1,Day block,False
SLOT-00308,Hyderabad-SEC-01,2026-09-28,13:00,15:00,2,Traffic block,False
SLOT-00309,Guntakal-SEC-05,2026-10-15,00:00,03:00,3,Night block,True
SLOT-00310,Secunderabad-SEC-02,2026-09-20,22:00,02:00,4,Traffic block,True
SLOT-00311,Hyderabad-SEC-07,2026-10-02,05:00,08:00,3,Night block,True
SLOT-00312,Guntakal-SEC-05,2026-09-16,13:00,16:00,3,Day block,True
SLOT-00313,Secunderabad-SEC-04,2026-10-02,14:00,18:00,4,Night block,True
SLOT-00314,Vijayawada-SEC-02,2026-10-15,13:00,16:00,3,Traffic block,True
SLOT-00315,Secunderabad-SEC-06,2026-10-19,05:00,07:00,2,Night block,True
SLOT-00316,Vijayawada-SEC-02,2026-10-02,00:00,02:00,2,Night block,True
SLOT-00317,Secunderabad-SEC-04,2026-10-25,14:00,18:00,4,Traffic block,False
SLOT-00318,Hyderabad-SEC-08,2026-10-01,13:00,15:00,2,Traffic block,True
SLOT-00319,Guntakal-SEC-05,2026-09-07,04:00,07:00,3,Night block,True
SLOT-00320,Hyderabad-SEC-07,2026-10-14,00:00,01:00,1,Traffic block,True
SLOT-00321,Secunderabad-SEC-05,2026-09-10,00:00,04:00,4,Night block,True
SLOT-00322,Secunderabad-SEC-02,2026-09-26,23:00,00:00,1,Traffic block,True
SLOT-00323,Guntakal-SEC-07,2026-10-30,23:00,01:00,2,Traffic block,False
SLOT-00324,Vijayawada-SEC-03,2026-10-26,02:00,05:00,3,Night block,True
SLOT-00325,Guntur-SEC-04,2026-09-22,02:00,04:00,2,Night block,True
SLOT-00326,Hyderabad-SEC-03,2026-10-10,04:00,07:00,3,Traffic block,True
SLOT-00327,Hyderabad-SEC-05,2026-10-07,05:00,06:00,1,Traffic block,True
SLOT-00328,Hyderabad-SEC-07,2026-09-13,03:00,04:00,1,Night block,True
SLOT-00329,Guntur-SEC-04,2026-10-08,05:00,06:00,1,Night block,True
SLOT-00330,Guntur-SEC-04,2026-10-09,05:00,06:00,1,Night block,True
SLOT-00331,Vijayawada-SEC-06,2026-09-27,01:00,02:00,1,Traffic block,True
SLOT-00332,Guntur-SEC-08,2026-09-19,00:00,01:00,1,Night block,False
SLOT-00333,Secunderabad-SEC-02,2026-10-14,13:00,15:00,2,Traffic block,True
SLOT-00334,Guntakal-SEC-02,2026-09-21,02:00,06:00,4,Traffic block,False
SLOT-00335,Hyderabad-SEC-06,2026-10-09,23:00,03:00,4,Night block,True
SLOT-00336,Vijayawada-SEC-08,2026-09-01,02:00,05:00,3,Night block,True
SLOT-00337,Hyderabad-SEC-01,2026-09-23,00:00,03:00,3,Night block,True
SLOT-00338,Vijayawada-SEC-05,2026-10-18,01:00,02:00,1,Night block,True
SLOT-00339,Guntakal-SEC-01,2026-10-15,22:00,01:00,3,Traffic block,True
SLOT-00340,Guntur-SEC-03,2026-09-21,04:00,05:00,1,Night block,True
SLOT-00341,Secunderabad-SEC-01,2026-10-09,03:00,07:00,4,Night block,True
SLOT-00342,Secunderabad-SEC-05,2026-10-10,02:00,06:00,4,Day block,False
SLOT-00343,Guntakal-SEC-08,2026-09-17,22:00,02:00,4,Night block,True
SLOT-00344,Guntakal-SEC-06,2026-09-26,13:00,15:00,2,Night block,False
SLOT-00345,Secunderabad-SEC-04,2026-10-24,05:00,09:00,4,Traffic block,True
SLOT-00346,Guntakal-SEC-04,2026-09-18,13:00,14:00,1,Night block,False
SLOT-00347,Vijayawada-SEC-01,2026-10-24,03:00,06:00,3,Night block,True
SLOT-00348,Guntakal-SEC-08,2026-10-26,13:00,17:00,4,Traffic block,False
SLOT-00349,Guntakal-SEC-08,2026-09-02,05:00,06:00,1,Traffic block,False
SLOT-00350,Guntakal-SEC-08,2026-10-15,14:00,18:00,4,Night block,True
SLOT-00351,Hyderabad-SEC-05,2026-09-14,14:00,16:00,2,Day block,False
SLOT-00352,Guntakal-SEC-04,2026-10-02,04:00,06:00,2,Night block,False
SLOT-00353,Hyderabad-SEC-06,2026-09-03,03:00,06:00,3,Traffic block,True
SLOT-00354,Hyderabad-SEC-05,2026-10-17,13:00,14:00,1,Day block,True
SLOT-00355,Guntur-SEC-06,2026-09-28,04:00,08:00,4,Night block,True
SLOT-00356,Guntakal-SEC-04,2026-09-12,04:00,06:00,2,Night block,True
SLOT-00357,Hyderabad-SEC-06,2026-09-04,02:00,06:00,4,Day block,True
SLOT-00358,Vijayawada-SEC-01,2026-09-16,14:00,18:00,4,Night block,True
SLOT-00359,Hyderabad-SEC-04,2026-09-07,03:00,05:00,2,Night block,False
SLOT-00360,Hyderabad-SEC-03,2026-09-16,01:00,04:00,3,Night block,True
SLOT-00361,Guntur-SEC-08,2026-10-05,00:00,02:00,2,Night block,True
SLOT-00362,Vijayawada-SEC-05,2026-10-18,02:00,06:00,4,Night block,True
SLOT-00363,Guntakal-SEC-08,2026-09-27,05:00,09:00,4,Traffic block,False
SLOT-00364,Guntur-SEC-02,2026-09-27,22:00,23:00,1,Traffic block,False
SLOT-00365,Hyderabad-SEC-04,2026-09-03,00:00,01:00,1,Traffic block,False
SLOT-00366,Hyderabad-SEC-05,2026-10-13,05:00,07:00,2,Night block,True
SLOT-00367,Guntakal-SEC-08,2026-10-26,00:00,01:00,1,Traffic block,True
SLOT-00368,Hyderabad-SEC-03,2026-10-15,05:00,09:00,4,Night block,True
SLOT-00369,Secunderabad-SEC-04,2026-10-01,14:00,17:00,3,Day block,True
SLOT-00370,Secunderabad-SEC-07,2026-10-22,04:00,05:00,1,Night block,True
SLOT-00371,Secunderabad-SEC-08,2026-09-19,04:00,08:00,4,Night block,False
SLOT-00372,Hyderabad-SEC-07,2026-09-22,04:00,05:00,1,Night block,True
SLOT-00373,Guntur-SEC-03,2026-10-29,05:00,09:00,4,Traffic block,False
SLOT-00374,Guntur-SEC-02,2026-09-28,22:00,01:00,3,Night block,True
SLOT-00375,Guntakal-SEC-06,2026-09-16,13:00,15:00,2,Night block,False
SLOT-00376,Guntur-SEC-04,2026-09-28,05:00,08:00,3,Day block,True
SLOT-00377,Vijayawada-SEC-07,2026-09-18,04:00,06:00,2,Night block,False
SLOT-00378,Secunderabad-SEC-07,2026-10-24,13:00,15:00,2,Night block,True
SLOT-00379,Guntakal-SEC-02,2026-10-03,04:00,05:00,1,Night block,True
SLOT-00380,Guntakal-SEC-04,2026-09-25,02:00,04:00,2,Night block,True
SLOT-00381,Hyderabad-SEC-03,2026-10-31,00:00,03:00,3,Traffic block,True
SLOT-00382,Guntakal-SEC-08,2026-09-06,03:00,04:00,1,Day block,True
SLOT-00383,Guntur-SEC-04,2026-09-08,01:00,05:00,4,Traffic block,True
SLOT-00384,Hyderabad-SEC-01,2026-09-19,14:00,16:00,2,Night block,True
SLOT-00385,Hyderabad-SEC-05,2026-10-21,03:00,07:00,4,Night block,True
SLOT-00386,Hyderabad-SEC-08,2026-10-27,01:00,05:00,4,Traffic block,True
SLOT-00387,Guntur-SEC-03,2026-10-06,02:00,04:00,2,Night block,True
SLOT-00388,Hyderabad-SEC-02,2026-10-31,04:00,06:00,2,Night block,True
SLOT-00389,Guntakal-SEC-05,2026-10-15,14:00,17:00,3,Night block,True
SLOT-00390,Guntur-SEC-05,2026-09-18,00:00,04:00,4,Night block,True
SLOT-00391,Hyderabad-SEC-05,2026-10-11,13:00,14:00,1,Traffic block,True
SLOT-00392,Guntakal-SEC-06,2026-09-29,14:00,15:00,1,Night block,True
SLOT-00393,Vijayawada-SEC-08,2026-10-18,04:00,07:00,3,Night block,True
SLOT-00394,Hyderabad-SEC-01,2026-09-03,23:00,02:00,3,Night block,True
SLOT-00395,Hyderabad-SEC-06,2026-10-28,02:00,05:00,3,Night block,False
SLOT-00396,Hyderabad-SEC-01,2026-09-28,03:00,06:00,3,Night block,True
SLOT-00397,Guntur-SEC-04,2026-10-25,01:00,05:00,4,Night block,False
SLOT-00398,Guntur-SEC-01,2026-09-17,23:00,00:00,1,Night block,True
SLOT-00399,Vijayawada-SEC-08,2026-10-02,05:00,07:00,2,Night block,False
SLOT-00400,Guntur-SEC-01,2026-10-10,01:00,04:00,3,Night block,True
SLOT-00401,Guntur-SEC-01,2026-10-14,04:00,05:00,1,Night block,True
SLOT-00402,Vijayawada-SEC-05,2026-10-01,13:00,16:00,3,Night block,True
SLOT-00403,Vijayawada-SEC-05,2026-09-18,01:00,05:00,4,Night block,True
SLOT-00404,Secunderabad-SEC-01,2026-10-02,01:00,04:00,3,Night block,True
SLOT-00405,Guntakal-SEC-04,2026-10-28,05:00,06:00,1,Night block,True
SLOT-00406,Guntakal-SEC-02,2026-10-08,05:00,08:00,3,Night block,True
SLOT-00407,Guntur-SEC-08,2026-10-25,03:00,07:00,4,Night block,False
SLOT-00408,Guntur-SEC-06,2026-09-12,23:00,03:00,4,Night block,True
SLOT-00409,Hyderabad-SEC-02,2026-09-04,22:00,01:00,3,Night block,True
SLOT-00410,Secunderabad-SEC-05,2026-09-25,22:00,01:00,3,Night block,False
SLOT-00411,Vijayawada-SEC-03,2026-09-13,00:00,01:00,1,Night block,True
SLOT-00412,Guntakal-SEC-04,2026-10-17,13:00,16:00,3,Night block,True
SLOT-00413,Secunderabad-SEC-02,2026-10-13,00:00,04:00,4,Day block,True
SLOT-00414,Secunderabad-SEC-08,2026-10-14,23:00,00:00,1,Night block,False
SLOT-00415,Guntur-SEC-07,2026-09-15,03:00,04:00,1,Night block,True
SLOT-00416,Guntur-SEC-01,2026-09-16,02:00,06:00,4,Night block,True
SLOT-00417,Guntur-SEC-08,2026-09-15,13:00,16:00,3,Night block,False
SLOT-00418,Vijayawada-SEC-02,2026-10-29,13:00,14:00,1,Night block,True
SLOT-00419,Guntur-SEC-06,2026-09-15,05:00,07:00,2,Night block,True
SLOT-00420,Guntur-SEC-03,2026-10-19,05:00,08:00,3,Day block,True
SLOT-00421,Guntakal-SEC-07,2026-10-26,03:00,07:00,4,Traffic block,True
SLOT-00422,Guntakal-SEC-08,2026-09-07,03:00,06:00,3,Traffic block,True
SLOT-00423,Guntakal-SEC-03,2026-09-10,13:00,14:00,1,Day block,False
SLOT-00424,Secunderabad-SEC-02,2026-10-10,22:00,02:00,4,Night block,True
SLOT-00425,Secunderabad-SEC-01,2026-10-15,05:00,06:00,1,Night block,True
SLOT-00426,Secunderabad-SEC-08,2026-10-29,13:00,16:00,3,Night block,True
SLOT-00427,Hyderabad-SEC-08,2026-10-25,01:00,03:00,2,Night block,True
SLOT-00428,Secunderabad-SEC-04,2026-10-12,02:00,05:00,3,Traffic block,False
SLOT-00429,Vijayawada-SEC-04,2026-09-28,00:00,01:00,1,Night block,True
SLOT-00430,Hyderabad-SEC-05,2026-10-13,02:00,04:00,2,Night block,True
SLOT-00431,Guntakal-SEC-08,2026-10-25,14:00,16:00,2,Night block,True
SLOT-00432,Hyderabad-SEC-05,2026-09-20,05:00,07:00,2,Night block,True
SLOT-00433,Guntur-SEC-07,2026-09-18,14:00,17:00,3,Night block,True
SLOT-00434,Guntur-SEC-05,2026-09-30,05:00,09:00,4,Night block,True
SLOT-00435,Hyderabad-SEC-01,2026-10-25,22:00,01:00,3,Traffic block,True
SLOT-00436,Vijayawada-SEC-05,2026-09-28,14:00,18:00,4,Night block,True
SLOT-00437,Secunderabad-SEC-04,2026-09-14,01:00,02:00,1,Night block,True
SLOT-00438,Secunderabad-SEC-05,2026-09-16,03:00,07:00,4,Night block,True
SLOT-00439,Guntakal-SEC-01,2026-09-12,01:00,04:00,3,Night block,True
SLOT-00440,Guntakal-SEC-06,2026-09-19,05:00,09:00,4,Night block,True
SLOT-00441,Vijayawada-SEC-07,2026-10-10,13:00,15:00,2,Day block,True
SLOT-00442,Vijayawada-SEC-02,2026-09-24,04:00,06:00,2,Night block,False
SLOT-00443,Guntakal-SEC-06,2026-10-15,03:00,06:00,3,Night block,True
SLOT-00444,Secunderabad-SEC-05,2026-10-02,03:00,06:00,3,Traffic block,True
SLOT-00445,Secunderabad-SEC-02,2026-10-31,13:00,15:00,2,Traffic block,True
SLOT-00446,Secunderabad-SEC-07,2026-09-23,14:00,17:00,3,Night block,True
SLOT-00447,Hyderabad-SEC-03,2026-09-03,01:00,02:00,1,Traffic block,False
SLOT-00448,Vijayawada-SEC-03,2026-09-12,01:00,03:00,2,Night block,True
SLOT-00449,Guntakal-SEC-08,2026-09-07,02:00,03:00,1,Traffic block,True
SLOT-00450,Hyderabad-SEC-01,2026-09-15,02:00,04:00,2,Night block,True
SLOT-00451,Guntakal-SEC-01,2026-09-07,04:00,06:00,2,Traffic block,True
SLOT-00452,Vijayawada-SEC-07,2026-10-11,02:00,06:00,4,Traffic block,True
SLOT-00453,Secunderabad-SEC-08,2026-09-19,04:00,07:00,3,Night block,True
SLOT-00454,Guntakal-SEC-06,2026-10-12,00:00,03:00,3,Night block,False
SLOT-00455,Guntur-SEC-02,2026-10-02,22:00,02:00,4,Night block,True
SLOT-00456,Secunderabad-SEC-03,2026-10-20,01:00,02:00,1,Day block,True
SLOT-00457,Secunderabad-SEC-07,2026-09-14,02:00,06:00,4,Night block,True
SLOT-00458,Vijayawada-SEC-04,2026-10-16,13:00,15:00,2,Night block,True
SLOT-00459,Guntur-SEC-03,2026-10-10,00:00,02:00,2,Night block,True
SLOT-00460,Hyderabad-SEC-05,2026-10-16,03:00,04:00,1,Night block,False
SLOT-00461,Guntakal-SEC-06,2026-09-29,01:00,05:00,4,Night block,True
SLOT-00462,Hyderabad-SEC-04,2026-09-07,05:00,08:00,3,Night block,True
SLOT-00463,Hyderabad-SEC-04,2026-10-17,14:00,18:00,4,Day block,True
SLOT-00464,Guntur-SEC-01,2026-09-01,02:00,04:00,2,Night block,True
SLOT-00465,Hyderabad-SEC-06,2026-09-15,00:00,04:00,4,Night block,False
SLOT-00466,Hyderabad-SEC-07,2026-10-17,05:00,06:00,1,Night block,True
SLOT-00467,Guntur-SEC-08,2026-10-31,23:00,03:00,4,Day block,True
SLOT-00468,Vijayawada-SEC-06,2026-10-13,22:00,23:00,1,Traffic block,False
SLOT-00469,Secunderabad-SEC-08,2026-10-27,23:00,02:00,3,Day block,False
SLOT-00470,Guntur-SEC-06,2026-09-18,13:00,14:00,1,Night block,False
SLOT-00471,Secunderabad-SEC-06,2026-10-09,00:00,01:00,1,Night block,True
SLOT-00472,Guntakal-SEC-06,2026-09-08,14:00,17:00,3,Night block,True
SLOT-00473,Vijayawada-SEC-06,2026-10-28,14:00,16:00,2,Night block,True
SLOT-00474,Guntur-SEC-07,2026-09-03,02:00,06:00,4,Night block,True
SLOT-00475,Guntur-SEC-04,2026-10-22,22:00,01:00,3,Traffic block,False
SLOT-00476,Guntakal-SEC-02,2026-09-14,01:00,02:00,1,Night block,False
SLOT-00477,Secunderabad-SEC-04,2026-10-16,13:00,16:00,3,Traffic block,True
SLOT-00478,Guntakal-SEC-04,2026-10-15,23:00,02:00,3,Traffic block,True
SLOT-00479,Hyderabad-SEC-08,2026-10-30,13:00,16:00,3,Day block,True
SLOT-00480,Vijayawada-SEC-05,2026-09-06,00:00,03:00,3,Night block,True
SLOT-00481,Secunderabad-SEC-03,2026-10-30,03:00,04:00,1,Traffic block,True
SLOT-00482,Guntur-SEC-06,2026-09-22,23:00,03:00,4,Night block,False
SLOT-00483,Hyderabad-SEC-03,2026-10-08,05:00,09:00,4,Day block,True
SLOT-00484,Guntakal-SEC-06,2026-10-26,22:00,01:00,3,Night block,False
SLOT-00485,Vijayawada-SEC-05,2026-09-07,04:00,07:00,3,Traffic block,True
SLOT-00486,Secunderabad-SEC-07,2026-09-11,05:00,09:00,4,Night block,True
SLOT-00487,Secunderabad-SEC-01,2026-10-19,23:00,00:00,1,Day block,True
SLOT-00488,Secunderabad-SEC-04,2026-10-12,23:00,00:00,1,Night block,True
SLOT-00489,Guntakal-SEC-04,2026-10-18,01:00,04:00,3,Night block,True
SLOT-00490,Hyderabad-SEC-04,2026-09-23,00:00,01:00,1,Traffic block,True
SLOT-00491,Guntur-SEC-07,2026-10-11,04:00,06:00,2,Traffic block,True
SLOT-00492,Vijayawada-SEC-07,2026-10-21,13:00,16:00,3,Night block,True
SLOT-00493,Guntur-SEC-03,2026-09-20,14:00,16:00,2,Night block,True
SLOT-00494,Vijayawada-SEC-07,2026-10-15,23:00,01:00,2,Night block,True
SLOT-00495,Guntur-SEC-02,2026-09-01,04:00,06:00,2,Night block,True
SLOT-00496,Secunderabad-SEC-06,2026-09-30,04:00,07:00,3,Night block,True
SLOT-00497,Hyderabad-SEC-05,2026-10-15,13:00,16:00,3,Traffic block,True
SLOT-00498,Guntur-SEC-04,2026-10-03,02:00,03:00,1,Day block,True
SLOT-00499,Hyderabad-SEC-04,2026-09-07,02:00,04:00,2,Night block,False
SLOT-00500,Guntur-SEC-01,2026-09-25,01:00,04:00,3,Traffic block,True
SLOT-00501,Hyderabad-SEC-03,2026-09-03,23:00,03:00,4,Night block,True
SLOT-00502,Guntur-SEC-06,2026-10-08,00:00,04:00,4,Day block,True
SLOT-00503,Secunderabad-SEC-07,2026-10-24,05:00,06:00,1,Night block,True
SLOT-00504,Vijayawada-SEC-06,2026-09-16,01:00,05:00,4,Night block,True
SLOT-00505,Guntakal-SEC-07,2026-10-28,03:00,05:00,2,Night block,True
SLOT-00506,Hyderabad-SEC-03,2026-09-25,00:00,03:00,3,Traffic block,True
SLOT-00507,Guntur-SEC-07,2026-10-29,05:00,09:00,4,Night block,True
SLOT-00508,Guntur-SEC-06,2026-09-06,14:00,16:00,2,Night block,True
SLOT-00509,Vijayawada-SEC-07,2026-09-16,03:00,04:00,1,Night block,False
SLOT-00510,Vijayawada-SEC-04,2026-09-22,13:00,17:00,4,Night block,True
SLOT-00511,Secunderabad-SEC-05,2026-09-13,03:00,04:00,1,Traffic block,True
SLOT-00512,Hyderabad-SEC-07,2026-09-27,22:00,00:00,2,Day block,False
SLOT-00513,Guntakal-SEC-04,2026-09-11,02:00,06:00,4,Day block,True
SLOT-00514,Guntakal-SEC-08,2026-09-20,03:00,04:00,1,Day block,False
SLOT-00515,Secunderabad-SEC-02,2026-09-14,04:00,05:00,1,Night block,True
SLOT-00516,Guntur-SEC-01,2026-10-11,05:00,07:00,2,Traffic block,True
SLOT-00517,Guntur-SEC-04,2026-10-02,01:00,03:00,2,Night block,True
SLOT-00518,Vijayawada-SEC-05,2026-09-22,01:00,04:00,3,Night block,True
SLOT-00519,Vijayawada-SEC-01,2026-09-14,02:00,05:00,3,Day block,False
SLOT-00520,Hyderabad-SEC-01,2026-10-13,05:00,07:00,2,Traffic block,True
SLOT-00521,Hyderabad-SEC-08,2026-10-07,03:00,06:00,3,Day block,True
SLOT-00522,Guntur-SEC-05,2026-09-30,05:00,07:00,2,Traffic block,True
SLOT-00523,Vijayawada-SEC-04,2026-09-08,23:00,03:00,4,Night block,True
SLOT-00524,Guntakal-SEC-03,2026-09-01,13:00,16:00,3,Night block,True
SLOT-00525,Secunderabad-SEC-05,2026-09-21,04:00,05:00,1,Night block,True
SLOT-00526,Guntur-SEC-06,2026-10-03,03:00,04:00,1,Traffic block,True
SLOT-00527,Guntakal-SEC-06,2026-09-01,01:00,05:00,4,Night block,True
SLOT-00528,Secunderabad-SEC-02,2026-09-13,04:00,05:00,1,Night block,False
SLOT-00529,Guntakal-SEC-07,2026-09-09,13:00,17:00,4,Night block,False
SLOT-00530,Guntakal-SEC-04,2026-09-11,14:00,16:00,2,Traffic block,True
SLOT-00531,Guntur-SEC-02,2026-10-31,04:00,07:00,3,Traffic block,True
SLOT-00532,Guntur-SEC-08,2026-09-27,22:00,02:00,4,Day block,True
SLOT-00533,Guntakal-SEC-04,2026-09-25,14:00,16:00,2,Night block,True
SLOT-00534,Vijayawada-SEC-05,2026-09-01,01:00,03:00,2,Night block,True
SLOT-00535,Hyderabad-SEC-08,2026-10-20,22:00,00:00,2,Traffic block,False
SLOT-00536,Secunderabad-SEC-01,2026-09-11,13:00,17:00,4,Night block,True
SLOT-00537,Secunderabad-SEC-05,2026-09-19,23:00,02:00,3,Day block,False
SLOT-00538,Guntakal-SEC-07,2026-09-08,04:00,08:00,4,Night block,False
SLOT-00539,Guntur-SEC-03,2026-10-18,00:00,02:00,2,Night block,True
SLOT-00540,Guntakal-SEC-05,2026-10-15,02:00,06:00,4,Night block,True
SLOT-00541,Vijayawada-SEC-04,2026-10-24,02:00,06:00,4,Day block,True
SLOT-00542,Secunderabad-SEC-05,2026-09-20,01:00,02:00,1,Day block,True
SLOT-00543,Secunderabad-SEC-05,2026-10-14,05:00,07:00,2,Day block,True
SLOT-00544,Guntakal-SEC-06,2026-10-31,14:00,15:00,1,Traffic block,True
SLOT-00545,Secunderabad-SEC-03,2026-09-28,23:00,00:00,1,Night block,False
SLOT-00546,Vijayawada-SEC-07,2026-09-19,14:00,15:00,1,Night block,True
SLOT-00547,Guntur-SEC-07,2026-09-14,00:00,02:00,2,Traffic block,False
SLOT-00548,Guntakal-SEC-08,2026-10-11,23:00,02:00,3,Traffic block,False
SLOT-00549,Vijayawada-SEC-01,2026-10-08,02:00,03:00,1,Night block,True
SLOT-00550,Secunderabad-SEC-03,2026-10-21,03:00,05:00,2,Night block,True
SLOT-00551,Vijayawada-SEC-07,2026-09-15,23:00,02:00,3,Night block,True
SLOT-00552,Vijayawada-SEC-08,2026-10-11,23:00,03:00,4,Traffic block,True
SLOT-00553,Vijayawada-SEC-08,2026-10-05,14:00,16:00,2,Night block,False
SLOT-00554,Guntur-SEC-01,2026-09-29,22:00,00:00,2,Night block,True
SLOT-00555,Hyderabad-SEC-04,2026-10-16,04:00,06:00,2,Night block,True
SLOT-00556,Guntur-SEC-03,2026-09-22,01:00,04:00,3,Night block,True
SLOT-00557,Hyderabad-SEC-01,2026-09-25,05:00,09:00,4,Night block,True
SLOT-00558,Guntur-SEC-02,2026-09-10,00:00,04:00,4,Night block,True
SLOT-00559,Hyderabad-SEC-04,2026-10-11,04:00,05:00,1,Day block,True
SLOT-00560,Vijayawada-SEC-02,2026-09-04,02:00,03:00,1,Night block,True
SLOT-00561,Secunderabad-SEC-01,2026-10-04,04:00,06:00,2,Traffic block,True
SLOT-00562,Secunderabad-SEC-08,2026-09-19,01:00,02:00,1,Traffic block,True
SLOT-00563,Guntur-SEC-05,2026-10-08,13:00,15:00,2,Traffic block,True
SLOT-00564,Guntakal-SEC-06,2026-09-01,14:00,17:00,3,Day block,True
SLOT-00565,Guntakal-SEC-03,2026-09-19,03:00,05:00,2,Night block,False
SLOT-00566,Hyderabad-SEC-06,2026-09-11,23:00,00:00,1,Night block,True
SLOT-00567,Guntakal-SEC-01,2026-10-19,01:00,05:00,4,Night block,True
SLOT-00568,Vijayawada-SEC-06,2026-10-14,13:00,15:00,2,Night block,True
SLOT-00569,Hyderabad-SEC-02,2026-10-20,05:00,06:00,1,Traffic block,True
SLOT-00570,Guntur-SEC-04,2026-09-15,02:00,04:00,2,Night block,True
SLOT-00571,Secunderabad-SEC-01,2026-10-28,05:00,09:00,4,Traffic block,True
SLOT-00572,Secunderabad-SEC-03,2026-09-16,14:00,18:00,4,Traffic block,True
SLOT-00573,Guntakal-SEC-06,2026-10-09,04:00,05:00,1,Traffic block,True
SLOT-00574,Hyderabad-SEC-03,2026-09-14,22:00,01:00,3,Night block,True
SLOT-00575,Guntakal-SEC-05,2026-10-02,22:00,23:00,1,Traffic block,True
SLOT-00576,Guntakal-SEC-03,2026-10-21,04:00,08:00,4,Night block,True
SLOT-00577,Guntur-SEC-07,2026-09-07,03:00,05:00,2,Day block,True
SLOT-00578,Secunderabad-SEC-07,2026-10-20,00:00,02:00,2,Traffic block,True
SLOT-00579,Guntakal-SEC-06,2026-10-04,05:00,06:00,1,Traffic block,True
SLOT-00580,Hyderabad-SEC-02,2026-09-06,01:00,02:00,1,Night block,True
SLOT-00581,Vijayawada-SEC-01,2026-09-13,05:00,07:00,2,Traffic block,True
SLOT-00582,Hyderabad-SEC-06,2026-09-26,22:00,00:00,2,Night block,True
SLOT-00583,Guntakal-SEC-02,2026-09-04,22:00,23:00,1,Traffic block,True
SLOT-00584,Guntakal-SEC-06,2026-09-28,03:00,04:00,1,Night block,False
SLOT-00585,Guntur-SEC-02,2026-09-04,02:00,06:00,4,Night block,True
SLOT-00586,Vijayawada-SEC-04,2026-09-30,22:00,01:00,3,Traffic block,True
SLOT-00587,Guntur-SEC-06,2026-09-06,22:00,23:00,1,Traffic block,True
SLOT-00588,Hyderabad-SEC-03,2026-09-15,04:00,08:00,4,Day block,True
SLOT-00589,Secunderabad-SEC-03,2026-09-23,01:00,02:00,1,Day block,True
SLOT-00590,Guntakal-SEC-01,2026-10-01,03:00,04:00,1,Traffic block,True
SLOT-00591,Vijayawada-SEC-04,2026-10-04,02:00,03:00,1,Night block,True
SLOT-00592,Guntakal-SEC-04,2026-10-24,22:00,00:00,2,Night block,False
SLOT-00593,Secunderabad-SEC-06,2026-10-24,04:00,06:00,2,Night block,True
SLOT-00594,Guntakal-SEC-04,2026-09-25,23:00,03:00,4,Night block,True
SLOT-00595,Vijayawada-SEC-02,2026-10-21,05:00,09:00,4,Night block,True
SLOT-00596,Secunderabad-SEC-02,2026-10-19,00:00,01:00,1,Day block,True
SLOT-00597,Hyderabad-SEC-07,2026-09-15,03:00,06:00,3,Night block,True
SLOT-00598,Secunderabad-SEC-07,2026-10-10,05:00,06:00,1,Day block,True
SLOT-00599,Secunderabad-SEC-03,2026-09-14,00:00,04:00,4,Traffic block,False
SLOT-00600,Secunderabad-SEC-05,2026-10-01,00:00,04:00,4,Traffic block,True
SLOT-00601,Guntur-SEC-02,2026-10-06,04:00,08:00,4,Night block,True
SLOT-00602,Vijayawada-SEC-01,2026-10-21,00:00,04:00,4,Night block,True
SLOT-00603,Hyderabad-SEC-02,2026-10-29,01:00,02:00,1,Night block,True
SLOT-00604,Hyderabad-SEC-07,2026-09-09,03:00,06:00,3,Night block,True
SLOT-00605,Guntakal-SEC-05,2026-09-24,14:00,16:00,2,Traffic block,True
SLOT-00606,Guntur-SEC-06,2026-09-11,01:00,03:00,2,Traffic block,True
SLOT-00607,Vijayawada-SEC-05,2026-10-12,13:00,15:00,2,Night block,False
SLOT-00608,Secunderabad-SEC-05,2026-09-27,00:00,03:00,3,Day block,False
SLOT-00609,Secunderabad-SEC-08,2026-10-01,02:00,04:00,2,Night block,True
SLOT-00610,Secunderabad-SEC-05,2026-09-29,00:00,04:00,4,Night block,False
SLOT-00611,Guntur-SEC-01,2026-09-16,14:00,16:00,2,Night block,True
SLOT-00612,Guntakal-SEC-08,2026-10-21,22:00,00:00,2,Traffic block,True
SLOT-00613,Guntakal-SEC-01,2026-10-17,00:00,03:00,3,Night block,True
SLOT-00614,Guntakal-SEC-08,2026-10-15,14:00,15:00,1,Traffic block,False
SLOT-00615,Guntur-SEC-03,2026-09-21,13:00,16:00,3,Night block,False
SLOT-00616,Guntakal-SEC-02,2026-09-07,13:00,16:00,3,Night block,True
SLOT-00617,Secunderabad-SEC-07,2026-09-22,14:00,15:00,1,Traffic block,False
SLOT-00618,Vijayawada-SEC-01,2026-09-03,14:00,15:00,1,Night block,True
SLOT-00619,Secunderabad-SEC-02,2026-10-15,05:00,07:00,2,Traffic block,True
SLOT-00620,Guntur-SEC-08,2026-10-11,23:00,01:00,2,Traffic block,False
SLOT-00621,Vijayawada-SEC-04,2026-09-24,05:00,07:00,2,Night block,True
SLOT-00622,Guntakal-SEC-07,2026-09-02,03:00,05:00,2,Night block,False
SLOT-00623,Hyderabad-SEC-01,2026-10-12,04:00,05:00,1,Traffic block,True
SLOT-00624,Hyderabad-SEC-01,2026-09-28,22:00,00:00,2,Traffic block,False
SLOT-00625,Vijayawada-SEC-06,2026-09-18,02:00,04:00,2,Day block,False
SLOT-00626,Guntur-SEC-08,2026-10-05,05:00,07:00,2,Night block,False
SLOT-00627,Secunderabad-SEC-01,2026-09-05,03:00,05:00,2,Traffic block,True
SLOT-00628,Vijayawada-SEC-06,2026-09-01,23:00,00:00,1,Night block,True
SLOT-00629,Guntur-SEC-08,2026-10-30,13:00,16:00,3,Day block,False
SLOT-00630,Hyderabad-SEC-05,2026-10-13,00:00,01:00,1,Traffic block,True
SLOT-00631,Guntakal-SEC-06,2026-09-28,05:00,06:00,1,Night block,True
SLOT-00632,Hyderabad-SEC-04,2026-10-02,00:00,01:00,1,Day block,True
SLOT-00633,Vijayawada-SEC-02,2026-10-14,14:00,15:00,1,Night block,True
SLOT-00634,Hyderabad-SEC-07,2026-10-25,01:00,02:00,1,Night block,True
SLOT-00635,Hyderabad-SEC-02,2026-09-27,04:00,06:00,2,Night block,True
SLOT-00636,Guntur-SEC-03,2026-09-06,13:00,15:00,2,Night block,True
SLOT-00637,Guntur-SEC-07,2026-10-27,01:00,05:00,4,Traffic block,True
SLOT-00638,Vijayawada-SEC-04,2026-10-09,13:00,16:00,3,Traffic block,True
SLOT-00639,Guntur-SEC-01,2026-10-10,01:00,04:00,3,Traffic block,True
SLOT-00640,Hyderabad-SEC-08,2026-09-30,22:00,23:00,1,Day block,True
SLOT-00641,Vijayawada-SEC-01,2026-09-17,05:00,07:00,2,Traffic block,True
SLOT-00642,Guntur-SEC-07,2026-09-03,05:00,06:00,1,Traffic block,False
SLOT-00643,Guntur-SEC-07,2026-09-22,05:00,06:00,1,Night block,True
SLOT-00644,Guntakal-SEC-03,2026-10-24,22:00,23:00,1,Night block,False
SLOT-00645,Hyderabad-SEC-03,2026-10-05,13:00,17:00,4,Night block,True
SLOT-00646,Guntakal-SEC-08,2026-10-26,00:00,01:00,1,Night block,True
SLOT-00647,Hyderabad-SEC-05,2026-09-13,22:00,02:00,4,Night block,False
SLOT-00648,Secunderabad-SEC-06,2026-09-20,02:00,03:00,1,Night block,True
SLOT-00649,Hyderabad-SEC-08,2026-10-23,22:00,01:00,3,Night block,False
SLOT-00650,Vijayawada-SEC-04,2026-10-05,01:00,04:00,3,Night block,True
SLOT-00651,Guntakal-SEC-04,2026-10-01,22:00,02:00,4,Day block,True
SLOT-00652,Guntakal-SEC-07,2026-10-24,14:00,16:00,2,Night block,True
SLOT-00653,Guntur-SEC-07,2026-10-29,03:00,05:00,2,Night block,True
SLOT-00654,Secunderabad-SEC-01,2026-09-16,04:00,07:00,3,Traffic block,True
SLOT-00655,Hyderabad-SEC-01,2026-09-19,03:00,05:00,2,Traffic block,False
SLOT-00656,Secunderabad-SEC-03,2026-10-26,23:00,02:00,3,Night block,True
SLOT-00657,Hyderabad-SEC-04,2026-09-27,01:00,05:00,4,Night block,True
SLOT-00658,Vijayawada-SEC-05,2026-09-04,14:00,15:00,1,Day block,True
SLOT-00659,Hyderabad-SEC-05,2026-10-10,22:00,01:00,3,Night block,True
SLOT-00660,Guntur-SEC-06,2026-09-02,23:00,02:00,3,Night block,True
SLOT-00661,Vijayawada-SEC-06,2026-10-16,05:00,09:00,4,Traffic block,True
SLOT-00662,Guntur-SEC-07,2026-10-15,13:00,15:00,2,Night block,False
SLOT-00663,Hyderabad-SEC-07,2026-09-03,02:00,03:00,1,Night block,True
SLOT-00664,Hyderabad-SEC-06,2026-10-15,05:00,08:00,3,Night block,False
SLOT-00665,Guntakal-SEC-01,2026-09-20,04:00,05:00,1,Night block,False
SLOT-00666,Guntur-SEC-01,2026-10-14,03:00,04:00,1,Traffic block,True
SLOT-00667,Guntur-SEC-05,2026-10-28,02:00,06:00,4,Night block,True
SLOT-00668,Vijayawada-SEC-04,2026-09-02,02:00,03:00,1,Night block,True
SLOT-00669,Vijayawada-SEC-04,2026-10-23,22:00,00:00,2,Day block,True
SLOT-00670,Vijayawada-SEC-05,2026-09-30,00:00,01:00,1,Traffic block,True
SLOT-00671,Guntur-SEC-02,2026-10-15,00:00,04:00,4,Night block,True
SLOT-00672,Vijayawada-SEC-06,2026-09-10,04:00,06:00,2,Traffic block,True
SLOT-00673,Guntur-SEC-06,2026-10-28,14:00,17:00,3,Night block,True
SLOT-00674,Guntakal-SEC-02,2026-10-30,13:00,17:00,4,Traffic block,True
SLOT-00675,Vijayawada-SEC-04,2026-09-18,01:00,04:00,3,Night block,True
SLOT-00676,Hyderabad-SEC-04,2026-10-09,22:00,23:00,1,Traffic block,True
SLOT-00677,Guntur-SEC-07,2026-10-26,04:00,08:00,4,Traffic block,True
SLOT-00678,Guntur-SEC-05,2026-10-06,05:00,09:00,4,Traffic block,True
SLOT-00679,Hyderabad-SEC-06,2026-09-12,04:00,06:00,2,Night block,True
SLOT-00680,Guntur-SEC-01,2026-10-05,02:00,05:00,3,Night block,True
SLOT-00681,Vijayawada-SEC-04,2026-10-13,22:00,02:00,4,Traffic block,True
SLOT-00682,Secunderabad-SEC-07,2026-09-06,22:00,02:00,4,Night block,True
SLOT-00683,Guntakal-SEC-01,2026-10-11,01:00,04:00,3,Night block,False
SLOT-00684,Guntur-SEC-08,2026-09-29,04:00,08:00,4,Traffic block,True
SLOT-00685,Hyderabad-SEC-06,2026-09-29,01:00,02:00,1,Night block,True
SLOT-00686,Guntur-SEC-05,2026-10-25,02:00,06:00,4,Night block,True
SLOT-00687,Guntur-SEC-03,2026-09-04,13:00,17:00,4,Night block,True
SLOT-00688,Guntakal-SEC-03,2026-10-17,02:00,03:00,1,Night block,True
SLOT-00689,Guntakal-SEC-05,2026-10-01,22:00,01:00,3,Night block,True
SLOT-00690,Secunderabad-SEC-05,2026-09-26,03:00,06:00,3,Traffic block,True
SLOT-00691,Hyderabad-SEC-03,2026-10-17,13:00,16:00,3,Traffic block,True
SLOT-00692,Secunderabad-SEC-06,2026-09-09,01:00,04:00,3,Traffic block,True
SLOT-00693,Vijayawada-SEC-07,2026-10-16,22:00,00:00,2,Day block,True
SLOT-00694,Guntur-SEC-07,2026-10-10,00:00,04:00,4,Day block,True
SLOT-00695,Secunderabad-SEC-07,2026-10-29,04:00,08:00,4,Traffic block,False
SLOT-00696,Secunderabad-SEC-07,2026-10-02,00:00,03:00,3,Day block,True
SLOT-00697,Guntur-SEC-06,2026-09-03,01:00,04:00,3,Night block,False
SLOT-00698,Vijayawada-SEC-04,2026-09-25,04:00,05:00,1,Traffic block,True
SLOT-00699,Guntur-SEC-01,2026-10-28,05:00,08:00,3,Night block,True
SLOT-00700,Hyderabad-SEC-07,2026-09-24,14:00,18:00,4,Traffic block,False
SLOT-00701,Vijayawada-SEC-05,2026-10-29,05:00,06:00,1,Night block,True
SLOT-00702,Secunderabad-SEC-01,2026-10-31,02:00,04:00,2,Traffic block,True
SLOT-00703,Secunderabad-SEC-08,2026-09-06,03:00,04:00,1,Night block,True
SLOT-00704,Secunderabad-SEC-06,2026-10-18,04:00,05:00,1,Night block,True
SLOT-00705,Hyderabad-SEC-03,2026-09-17,14:00,17:00,3,Traffic block,True
SLOT-00706,Guntur-SEC-05,2026-10-14,14:00,16:00,2,Night block,True
SLOT-00707,Vijayawada-SEC-02,2026-10-06,02:00,04:00,2,Traffic block,True
SLOT-00708,Vijayawada-SEC-01,2026-10-13,01:00,03:00,2,Night block,True
SLOT-00709,Guntakal-SEC-01,2026-10-10,22:00,00:00,2,Night block,True
SLOT-00710,Secunderabad-SEC-01,2026-10-04,04:00,08:00,4,Day block,False
SLOT-00711,Guntur-SEC-08,2026-09-14,02:00,06:00,4,Traffic block,True
SLOT-00712,Guntakal-SEC-06,2026-09-28,02:00,06:00,4,Night block,True
SLOT-00713,Guntur-SEC-06,2026-09-04,02:00,05:00,3,Traffic block,True
SLOT-00714,Hyderabad-SEC-08,2026-10-04,04:00,07:00,3,Day block,False
SLOT-00715,Secunderabad-SEC-02,2026-10-09,00:00,04:00,4,Night block,False
SLOT-00716,Hyderabad-SEC-05,2026-09-20,14:00,16:00,2,Traffic block,False
SLOT-00717,Vijayawada-SEC-02,2026-10-30,13:00,16:00,3,Night block,False
SLOT-00718,Hyderabad-SEC-01,2026-10-28,22:00,02:00,4,Night block,True
SLOT-00719,Guntakal-SEC-04,2026-09-25,03:00,04:00,1,Night block,True
SLOT-00720,Guntakal-SEC-02,2026-10-21,02:00,03:00,1,Day block,True
SLOT-00721,Guntakal-SEC-04,2026-10-08,03:00,04:00,1,Day block,True
SLOT-00722,Secunderabad-SEC-06,2026-09-10,02:00,03:00,1,Night block,True
SLOT-00723,Guntakal-SEC-06,2026-10-12,01:00,03:00,2,Day block,True
SLOT-00724,Secunderabad-SEC-06,2026-09-14,13:00,16:00,3,Night block,True
SLOT-00725,Secunderabad-SEC-07,2026-10-16,13:00,16:00,3,Night block,True
SLOT-00726,Secunderabad-SEC-01,2026-09-01,22:00,02:00,4,Night block,True
SLOT-00727,Hyderabad-SEC-08,2026-09-04,00:00,02:00,2,Night block,False
SLOT-00728,Guntur-SEC-04,2026-09-02,14:00,16:00,2,Night block,False
SLOT-00729,Hyderabad-SEC-01,2026-10-18,04:00,06:00,2,Night block,True
SLOT-00730,Guntakal-SEC-01,2026-10-27,22:00,01:00,3,Night block,False
SLOT-00731,Vijayawada-SEC-07,2026-09-05,00:00,02:00,2,Night block,False
SLOT-00732,Hyderabad-SEC-03,2026-10-30,05:00,08:00,3,Night block,True
SLOT-00733,Guntur-SEC-07,2026-09-16,00:00,03:00,3,Night block,True
SLOT-00734,Secunderabad-SEC-05,2026-10-10,13:00,16:00,3,Traffic block,True
SLOT-00735,Hyderabad-SEC-08,2026-09-27,22:00,00:00,2,Night block,True
SLOT-00736,Vijayawada-SEC-01,2026-10-14,01:00,03:00,2,Night block,False
SLOT-00737,Hyderabad-SEC-01,2026-10-03,23:00,01:00,2,Traffic block,True
SLOT-00738,Vijayawada-SEC-06,2026-09-02,14:00,15:00,1,Night block,True
SLOT-00739,Guntakal-SEC-06,2026-09-30,00:00,04:00,4,Night block,True
SLOT-00740,Guntur-SEC-08,2026-10-24,23:00,01:00,2,Traffic block,True
SLOT-00741,Guntakal-SEC-06,2026-09-20,14:00,17:00,3,Day block,False
SLOT-00742,Secunderabad-SEC-05,2026-09-07,03:00,04:00,1,Night block,True
SLOT-00743,Guntur-SEC-03,2026-10-22,22:00,02:00,4,Night block,True
SLOT-00744,Vijayawada-SEC-01,2026-09-20,02:00,06:00,4,Traffic block,True
SLOT-00745,Guntur-SEC-04,2026-10-27,03:00,06:00,3,Traffic block,True
SLOT-00746,Guntakal-SEC-08,2026-10-03,03:00,04:00,1,Traffic block,False
SLOT-00747,Secunderabad-SEC-01,2026-09-13,05:00,08:00,3,Night block,True
SLOT-00748,Guntur-SEC-01,2026-09-13,02:00,06:00,4,Night block,False
SLOT-00749,Guntur-SEC-08,2026-10-11,01:00,03:00,2,Night block,True
SLOT-00750,Secunderabad-SEC-01,2026-09-12,03:00,07:00,4,Traffic block,False
SLOT-00751,Hyderabad-SEC-02,2026-10-24,22:00,23:00,1,Night block,True
SLOT-00752,Guntur-SEC-03,2026-10-30,04:00,08:00,4,Night block,True
SLOT-00753,Guntakal-SEC-05,2026-10-08,23:00,00:00,1,Traffic block,True
SLOT-00754,Secunderabad-SEC-08,2026-10-07,13:00,16:00,3,Night block,True
SLOT-00755,Vijayawada-SEC-08,2026-09-23,13:00,15:00,2,Night block,True
SLOT-00756,Secunderabad-SEC-02,2026-09-12,01:00,02:00,1,Traffic block,False
SLOT-00757,Hyderabad-SEC-01,2026-10-01,00:00,01:00,1,Traffic block,True
SLOT-00758,Vijayawada-SEC-01,2026-09-12,02:00,03:00,1,Night block,True
SLOT-00759,Vijayawada-SEC-03,2026-09-03,22:00,00:00,2,Day block,True
SLOT-00760,Secunderabad-SEC-04,2026-10-04,23:00,00:00,1,Night block,True
SLOT-00761,Guntur-SEC-05,2026-09-08,00:00,01:00,1,Night block,False
SLOT-00762,Vijayawada-SEC-04,2026-09-17,14:00,17:00,3,Traffic block,True
SLOT-00763,Secunderabad-SEC-07,2026-10-20,01:00,05:00,4,Night block,True
SLOT-00764,Guntur-SEC-02,2026-09-27,05:00,06:00,1,Traffic block,True
SLOT-00765,Hyderabad-SEC-01,2026-09-24,14:00,18:00,4,Traffic block,True
SLOT-00766,Vijayawada-SEC-05,2026-09-08,13:00,14:00,1,Night block,False
SLOT-00767,Secunderabad-SEC-04,2026-09-10,04:00,07:00,3,Night block,False
SLOT-00768,Vijayawada-SEC-05,2026-09-09,14:00,15:00,1,Traffic block,True
SLOT-00769,Guntakal-SEC-07,2026-09-10,04:00,05:00,1,Day block,False
SLOT-00770,Hyderabad-SEC-07,2026-10-23,04:00,07:00,3,Night block,True
SLOT-00771,Hyderabad-SEC-03,2026-09-27,13:00,17:00,4,Night block,True
SLOT-00772,Guntakal-SEC-01,2026-09-27,23:00,00:00,1,Night block,True
SLOT-00773,Guntakal-SEC-04,2026-09-01,00:00,01:00,1,Traffic block,False
SLOT-00774,Secunderabad-SEC-08,2026-09-14,14:00,17:00,3,Night block,True
SLOT-00775,Guntur-SEC-08,2026-10-17,01:00,02:00,1,Traffic block,True
SLOT-00776,Vijayawada-SEC-04,2026-09-13,02:00,04:00,2,Night block,True
SLOT-00777,Hyderabad-SEC-03,2026-10-15,03:00,05:00,2,Night block,True
SLOT-00778,Vijayawada-SEC-03,2026-10-12,02:00,04:00,2,Traffic block,True
SLOT-00779,Secunderabad-SEC-03,2026-09-08,05:00,08:00,3,Night block,True
SLOT-00780,Guntakal-SEC-08,2026-09-30,22:00,02:00,4,Traffic block,True
SLOT-00781,Secunderabad-SEC-03,2026-10-15,00:00,01:00,1,Night block,True
SLOT-00782,Secunderabad-SEC-06,2026-10-25,01:00,05:00,4,Night block,True
SLOT-00783,Guntur-SEC-08,2026-10-09,03:00,05:00,2,Day block,True
SLOT-00784,Guntakal-SEC-04,2026-10-03,23:00,00:00,1,Night block,True
SLOT-00785,Hyderabad-SEC-06,2026-10-12,13:00,15:00,2,Night block,True
SLOT-00786,Guntakal-SEC-07,2026-10-11,05:00,06:00,1,Day block,True
SLOT-00787,Guntakal-SEC-08,2026-10-02,05:00,09:00,4,Night block,False
SLOT-00788,Vijayawada-SEC-06,2026-09-08,22:00,00:00,2,Traffic block,True
SLOT-00789,Vijayawada-SEC-05,2026-10-02,00:00,03:00,3,Night block,True
SLOT-00790,Guntakal-SEC-05,2026-09-02,01:00,03:00,2,Day block,True
SLOT-00791,Hyderabad-SEC-01,2026-09-24,04:00,05:00,1,Night block,True
SLOT-00792,Hyderabad-SEC-08,2026-09-15,02:00,06:00,4,Traffic block,False
SLOT-00793,Guntur-SEC-06,2026-09-03,01:00,05:00,4,Traffic block,False
SLOT-00794,Guntur-SEC-05,2026-09-16,03:00,07:00,4,Day block,True
SLOT-00795,Guntur-SEC-04,2026-09-24,03:00,07:00,4,Night block,True
SLOT-00796,Hyderabad-SEC-05,2026-10-02,01:00,03:00,2,Night block,True
SLOT-00797,Secunderabad-SEC-03,2026-10-05,02:00,06:00,4,Night block,True
SLOT-00798,Guntur-SEC-06,2026-09-21,13:00,14:00,1,Night block,True
SLOT-00799,Secunderabad-SEC-08,2026-10-03,13:00,17:00,4,Night block,False
SLOT-00800,Guntur-SEC-01,2026-09-26,01:00,02:00,1,Traffic block,False
SLOT-00801,Vijayawada-SEC-04,2026-10-06,23:00,01:00,2,Traffic block,True
SLOT-00802,Guntur-SEC-07,2026-09-21,22:00,02:00,4,Night block,True
SLOT-00803,Vijayawada-SEC-08,2026-09-02,23:00,03:00,4,Night block,False
SLOT-00804,Guntur-SEC-01,2026-09-13,01:00,04:00,3,Day block,False
SLOT-00805,Vijayawada-SEC-01,2026-10-03,23:00,03:00,4,Traffic block,True
SLOT-00806,Guntur-SEC-02,2026-09-08,14:00,17:00,3,Day block,True
SLOT-00807,Vijayawada-SEC-06,2026-09-17,05:00,08:00,3,Traffic block,False
SLOT-00808,Guntakal-SEC-02,2026-10-13,02:00,04:00,2,Night block,False
SLOT-00809,Hyderabad-SEC-05,2026-10-28,23:00,01:00,2,Night block,True
SLOT-00810,Vijayawada-SEC-08,2026-09-04,00:00,02:00,2,Traffic block,True
SLOT-00811,Secunderabad-SEC-04,2026-10-13,22:00,02:00,4,Night block,True
SLOT-00812,Vijayawada-SEC-08,2026-09-17,04:00,05:00,1,Traffic block,False
SLOT-00813,Hyderabad-SEC-01,2026-10-04,05:00,07:00,2,Night block,True
SLOT-00814,Hyderabad-SEC-03,2026-09-16,01:00,03:00,2,Night block,False
SLOT-00815,Guntur-SEC-05,2026-10-25,14:00,16:00,2,Night block,True
SLOT-00816,Vijayawada-SEC-05,2026-09-09,22:00,23:00,1,Traffic block,True
SLOT-00817,Guntur-SEC-07,2026-09-06,14:00,18:00,4,Day block,True
SLOT-00818,Vijayawada-SEC-07,2026-09-19,00:00,02:00,2,Night block,False
SLOT-00819,Vijayawada-SEC-07,2026-09-28,01:00,05:00,4,Night block,True
SLOT-00820,Guntakal-SEC-01,2026-09-07,14:00,15:00,1,Night block,True
SLOT-00821,Secunderabad-SEC-01,2026-09-02,00:00,01:00,1,Traffic block,False
SLOT-00822,Secunderabad-SEC-06,2026-09-15,03:00,04:00,1,Traffic block,True
SLOT-00823,Vijayawada-SEC-03,2026-10-17,01:00,04:00,3,Traffic block,True
SLOT-00824,Guntakal-SEC-01,2026-10-29,00:00,01:00,1,Night block,False
SLOT-00825,Vijayawada-SEC-08,2026-10-24,23:00,01:00,2,Night block,True
SLOT-00826,Hyderabad-SEC-04,2026-10-26,01:00,03:00,2,Night block,True
SLOT-00827,Vijayawada-SEC-02,2026-09-18,04:00,06:00,2,Day block,True
SLOT-00828,Guntakal-SEC-03,2026-09-21,13:00,14:00,1,Night block,False
SLOT-00829,Guntakal-SEC-04,2026-09-28,22:00,23:00,1,Night block,True
SLOT-00830,Hyderabad-SEC-03,2026-10-18,03:00,05:00,2,Traffic block,False
SLOT-00831,Hyderabad-SEC-08,2026-10-19,14:00,17:00,3,Night block,True
SLOT-00832,Hyderabad-SEC-06,2026-09-07,04:00,08:00,4,Traffic block,True
SLOT-00833,Hyderabad-SEC-07,2026-09-12,23:00,00:00,1,Traffic block,True
SLOT-00834,Vijayawada-SEC-07,2026-10-31,22:00,00:00,2,Traffic block,True
SLOT-00835,Guntur-SEC-04,2026-09-08,23:00,03:00,4,Night block,False
SLOT-00836,Hyderabad-SEC-06,2026-09-25,22:00,23:00,1,Night block,True
SLOT-00837,Hyderabad-SEC-08,2026-10-08,01:00,05:00,4,Traffic block,True
SLOT-00838,Hyderabad-SEC-05,2026-10-26,02:00,06:00,4,Traffic block,True
SLOT-00839,Hyderabad-SEC-01,2026-10-22,13:00,17:00,4,Night block,False
SLOT-00840,Guntakal-SEC-03,2026-10-30,22:00,02:00,4,Night block,True
SLOT-00841,Guntur-SEC-05,2026-10-13,05:00,09:00,4,Night block,True
SLOT-00842,Hyderabad-SEC-01,2026-09-02,00:00,04:00,4,Night block,True
SLOT-00843,Guntur-SEC-03,2026-10-04,02:00,04:00,2,Day block,True
SLOT-00844,Guntur-SEC-07,2026-09-16,03:00,05:00,2,Night block,True
SLOT-00845,Secunderabad-SEC-06,2026-10-30,02:00,06:00,4,Night block,True
SLOT-00846,Guntakal-SEC-06,2026-09-29,00:00,04:00,4,Night block,False
SLOT-00847,Guntakal-SEC-08,2026-09-17,13:00,14:00,1,Traffic block,True
SLOT-00848,Vijayawada-SEC-02,2026-09-06,14:00,16:00,2,Night block,True
SLOT-00849,Secunderabad-SEC-01,2026-10-11,05:00,09:00,4,Day block,True
SLOT-00850,Hyderabad-SEC-01,2026-10-04,00:00,02:00,2,Traffic block,True
SLOT-00851,Vijayawada-SEC-03,2026-10-08,05:00,08:00,3,Traffic block,False
SLOT-00852,Guntur-SEC-08,2026-09-26,23:00,01:00,2,Night block,True
SLOT-00853,Vijayawada-SEC-06,2026-10-02,00:00,04:00,4,Day block,True
SLOT-00854,Secunderabad-SEC-05,2026-10-24,23:00,00:00,1,Night block,True
SLOT-00855,Secunderabad-SEC-06,2026-09-23,04:00,06:00,2,Traffic block,True
SLOT-00856,Secunderabad-SEC-06,2026-10-07,14:00,17:00,3,Traffic block,True
SLOT-00857,Hyderabad-SEC-03,2026-10-27,04:00,08:00,4,Night block,True
SLOT-00858,Guntur-SEC-05,2026-10-19,02:00,05:00,3,Day block,True
SLOT-00859,Hyderabad-SEC-06,2026-09-25,03:00,06:00,3,Night block,True
SLOT-00860,Secunderabad-SEC-04,2026-10-10,04:00,05:00,1,Night block,True
SLOT-00861,Guntur-SEC-02,2026-09-30,02:00,05:00,3,Night block,True
SLOT-00862,Vijayawada-SEC-03,2026-10-06,14:00,15:00,1,Night block,True
SLOT-00863,Vijayawada-SEC-02,2026-10-25,01:00,04:00,3,Traffic block,True
SLOT-00864,Guntur-SEC-05,2026-09-04,01:00,02:00,1,Night block,True
SLOT-00865,Secunderabad-SEC-08,2026-09-01,04:00,07:00,3,Traffic block,True
SLOT-00866,Hyderabad-SEC-07,2026-09-11,00:00,04:00,4,Traffic block,False
SLOT-00867,Hyderabad-SEC-07,2026-10-06,00:00,02:00,2,Night block,True
SLOT-00868,Hyderabad-SEC-04,2026-10-08,13:00,14:00,1,Night block,True
SLOT-00869,Guntakal-SEC-04,2026-09-25,01:00,02:00,1,Night block,True
SLOT-00870,Guntur-SEC-07,2026-10-28,04:00,05:00,1,Night block,False
SLOT-00871,Guntakal-SEC-07,2026-09-24,04:00,07:00,3,Night block,False
SLOT-00872,Vijayawada-SEC-08,2026-10-26,03:00,06:00,3,Night block,True
SLOT-00873,Guntakal-SEC-04,2026-10-18,23:00,00:00,1,Night block,True
SLOT-00874,Vijayawada-SEC-05,2026-09-02,03:00,07:00,4,Night block,True
SLOT-00875,Guntakal-SEC-04,2026-10-03,13:00,16:00,3,Night block,True
SLOT-00876,Guntakal-SEC-03,2026-09-17,03:00,06:00,3,Night block,False
SLOT-00877,Secunderabad-SEC-01,2026-09-05,23:00,00:00,1,Night block,True
SLOT-00878,Guntakal-SEC-01,2026-09-30,00:00,04:00,4,Day block,True
SLOT-00879,Guntur-SEC-07,2026-10-02,22:00,23:00,1,Traffic block,True
SLOT-00880,Secunderabad-SEC-05,2026-09-20,05:00,07:00,2,Night block,False
SLOT-00881,Hyderabad-SEC-04,2026-10-30,13:00,16:00,3,Traffic block,True
SLOT-00882,Guntakal-SEC-05,2026-09-14,05:00,06:00,1,Day block,True
SLOT-00883,Vijayawada-SEC-05,2026-09-23,01:00,04:00,3,Night block,False
SLOT-00884,Vijayawada-SEC-06,2026-10-09,02:00,05:00,3,Day block,True
SLOT-00885,Secunderabad-SEC-07,2026-10-20,03:00,05:00,2,Traffic block,True
SLOT-00886,Secunderabad-SEC-03,2026-09-20,23:00,00:00,1,Traffic block,True
SLOT-00887,Guntakal-SEC-02,2026-10-19,03:00,06:00,3,Traffic block,True
SLOT-00888,Hyderabad-SEC-08,2026-10-06,01:00,03:00,2,Day block,True
SLOT-00889,Hyderabad-SEC-07,2026-09-07,13:00,15:00,2,Night block,True
SLOT-00890,Vijayawada-SEC-02,2026-10-13,03:00,07:00,4,Night block,True
SLOT-00891,Vijayawada-SEC-07,2026-09-09,22:00,02:00,4,Night block,True
SLOT-00892,Secunderabad-SEC-08,2026-09-08,23:00,01:00,2,Traffic block,False
SLOT-00893,Secunderabad-SEC-07,2026-09-09,22:00,00:00,2,Night block,True
SLOT-00894,Vijayawada-SEC-04,2026-10-26,03:00,04:00,1,Night block,False
SLOT-00895,Hyderabad-SEC-08,2026-09-11,04:00,07:00,3,Night block,True
SLOT-00896,Secunderabad-SEC-06,2026-10-02,14:00,18:00,4,Night block,True
SLOT-00897,Guntur-SEC-04,2026-09-01,14:00,15:00,1,Night block,True
SLOT-00898,Vijayawada-SEC-02,2026-09-16,03:00,06:00,3,Day block,True
SLOT-00899,Vijayawada-SEC-06,2026-09-24,03:00,04:00,1,Traffic block,True
SLOT-00900,Guntur-SEC-04,2026-09-11,22:00,02:00,4,Traffic block,True
SLOT-00901,Guntakal-SEC-07,2026-10-15,00:00,03:00,3,Traffic block,False
SLOT-00902,Secunderabad-SEC-02,2026-10-07,04:00,05:00,1,Night block,True
SLOT-00903,Guntur-SEC-08,2026-09-06,13:00,15:00,2,Night block,True
SLOT-00904,Vijayawada-SEC-04,2026-09-05,22:00,00:00,2,Night block,True
SLOT-00905,Vijayawada-SEC-03,2026-10-23,01:00,05:00,4,Night block,True
SLOT-00906,Guntur-SEC-08,2026-09-01,03:00,07:00,4,Traffic block,True
SLOT-00907,Guntur-SEC-05,2026-10-27,03:00,05:00,2,Traffic block,True
SLOT-00908,Vijayawada-SEC-01,2026-09-09,04:00,06:00,2,Traffic block,True
SLOT-00909,Hyderabad-SEC-04,2026-10-17,03:00,07:00,4,Night block,True
SLOT-00910,Guntakal-SEC-06,2026-09-17,01:00,04:00,3,Night block,True
SLOT-00911,Hyderabad-SEC-02,2026-10-20,14:00,17:00,3,Night block,True
SLOT-00912,Guntakal-SEC-02,2026-09-17,14:00,17:00,3,Day block,True
SLOT-00913,Guntakal-SEC-04,2026-09-14,04:00,07:00,3,Night block,True
SLOT-00914,Hyderabad-SEC-06,2026-09-20,00:00,04:00,4,Day block,True
SLOT-00915,Guntakal-SEC-07,2026-09-14,02:00,04:00,2,Day block,True
SLOT-00916,Guntakal-SEC-02,2026-10-13,22:00,00:00,2,Night block,True
SLOT-00917,Hyderabad-SEC-05,2026-10-31,23:00,02:00,3,Night block,True
SLOT-00918,Hyderabad-SEC-04,2026-10-12,23:00,03:00,4,Night block,False
SLOT-00919,Guntakal-SEC-01,2026-10-02,02:00,03:00,1,Traffic block,True
SLOT-00920,Secunderabad-SEC-02,2026-10-29,13:00,17:00,4,Night block,True
SLOT-00921,Secunderabad-SEC-01,2026-09-07,13:00,15:00,2,Night block,True
SLOT-00922,Guntur-SEC-05,2026-09-29,01:00,04:00,3,Day block,True
SLOT-00923,Guntur-SEC-07,2026-09-11,04:00,07:00,3,Day block,True
SLOT-00924,Secunderabad-SEC-08,2026-09-23,02:00,04:00,2,Night block,True
SLOT-00925,Hyderabad-SEC-04,2026-09-09,00:00,01:00,1,Night block,True
SLOT-00926,Guntur-SEC-07,2026-10-12,22:00,23:00,1,Day block,True
SLOT-00927,Vijayawada-SEC-04,2026-09-11,00:00,02:00,2,Night block,True
SLOT-00928,Secunderabad-SEC-01,2026-10-12,23:00,02:00,3,Traffic block,True
SLOT-00929,Guntakal-SEC-07,2026-10-14,04:00,08:00,4,Day block,True
SLOT-00930,Vijayawada-SEC-03,2026-10-02,23:00,01:00,2,Day block,False
SLOT-00931,Secunderabad-SEC-01,2026-09-11,05:00,06:00,1,Night block,True
SLOT-00932,Vijayawada-SEC-03,2026-09-11,14:00,16:00,2,Traffic block,False
SLOT-00933,Hyderabad-SEC-05,2026-10-21,23:00,01:00,2,Night block,True
SLOT-00934,Guntakal-SEC-01,2026-10-30,03:00,05:00,2,Night block,True
SLOT-00935,Vijayawada-SEC-04,2026-10-24,02:00,05:00,3,Night block,True
SLOT-00936,Guntur-SEC-06,2026-10-01,00:00,01:00,1,Night block,True
SLOT-00937,Secunderabad-SEC-07,2026-10-02,01:00,04:00,3,Night block,True
SLOT-00938,Guntakal-SEC-05,2026-09-10,04:00,08:00,4,Night block,True
SLOT-00939,Hyderabad-SEC-04,2026-10-21,23:00,02:00,3,Traffic block,True
SLOT-00940,Secunderabad-SEC-04,2026-10-05,05:00,06:00,1,Traffic block,True
SLOT-00941,Vijayawada-SEC-04,2026-09-09,22:00,02:00,4,Traffic block,False
SLOT-00942,Secunderabad-SEC-02,2026-10-07,23:00,03:00,4,Traffic block,True
SLOT-00943,Guntakal-SEC-02,2026-10-29,01:00,02:00,1,Traffic block,True
SLOT-00944,Hyderabad-SEC-06,2026-10-28,00:00,02:00,2,Night block,False
SLOT-00945,Hyderabad-SEC-01,2026-10-17,14:00,16:00,2,Night block,True
SLOT-00946,Hyderabad-SEC-08,2026-10-14,00:00,01:00,1,Night block,True
SLOT-00947,Guntur-SEC-04,2026-10-03,04:00,06:00,2,Night block,True
SLOT-00948,Vijayawada-SEC-01,2026-10-07,14:00,18:00,4,Day block,True
SLOT-00949,Guntakal-SEC-04,2026-10-31,02:00,05:00,3,Day block,False
SLOT-00950,Hyderabad-SEC-07,2026-10-19,05:00,09:00,4,Night block,True
SLOT-00951,Guntur-SEC-05,2026-10-13,14:00,15:00,1,Night block,False
SLOT-00952,Hyderabad-SEC-07,2026-10-22,01:00,02:00,1,Night block,True
SLOT-00953,Guntur-SEC-02,2026-10-23,03:00,06:00,3,Day block,True
SLOT-00954,Guntur-SEC-07,2026-09-12,03:00,06:00,3,Night block,True
SLOT-00955,Secunderabad-SEC-06,2026-09-24,05:00,09:00,4,Night block,False
SLOT-00956,Secunderabad-SEC-08,2026-10-13,04:00,06:00,2,Night block,True
SLOT-00957,Secunderabad-SEC-08,2026-09-05,05:00,08:00,3,Night block,False
SLOT-00958,Secunderabad-SEC-08,2026-09-08,22:00,01:00,3,Day block,True
SLOT-00959,Secunderabad-SEC-08,2026-10-10,02:00,06:00,4,Night block,True
SLOT-00960,Secunderabad-SEC-08,2026-10-01,03:00,05:00,2,Night block,True
SLOT-00961,Guntakal-SEC-04,2026-10-06,01:00,04:00,3,Night block,True
SLOT-00962,Guntur-SEC-05,2026-10-28,04:00,05:00,1,Traffic block,True
SLOT-00963,Secunderabad-SEC-06,2026-10-07,22:00,23:00,1,Traffic block,False
SLOT-00964,Secunderabad-SEC-01,2026-10-28,13:00,15:00,2,Day block,True
SLOT-00965,Guntakal-SEC-02,2026-09-16,02:00,06:00,4,Night block,True
SLOT-00966,Hyderabad-SEC-05,2026-10-23,05:00,06:00,1,Day block,True
SLOT-00967,Hyderabad-SEC-01,2026-09-08,23:00,03:00,4,Night block,True
SLOT-00968,Guntakal-SEC-05,2026-09-05,14:00,15:00,1,Night block,False
SLOT-00969,Guntur-SEC-02,2026-10-08,22:00,23:00,1,Traffic block,False
SLOT-00970,Guntakal-SEC-02,2026-09-24,23:00,02:00,3,Night block,True
SLOT-00971,Secunderabad-SEC-02,2026-09-19,23:00,02:00,3,Night block,True
SLOT-00972,Secunderabad-SEC-05,2026-09-03,00:00,04:00,4,Day block,True
SLOT-00973,Hyderabad-SEC-03,2026-09-06,23:00,01:00,2,Night block,False
SLOT-00974,Vijayawada-SEC-05,2026-09-06,13:00,17:00,4,Day block,True
SLOT-00975,Guntur-SEC-01,2026-10-22,13:00,16:00,3,Night block,False
SLOT-00976,Vijayawada-SEC-08,2026-10-16,00:00,04:00,4,Night block,True
SLOT-00977,Hyderabad-SEC-05,2026-10-07,00:00,04:00,4,Night block,True
SLOT-00978,Secunderabad-SEC-04,2026-09-25,14:00,15:00,1,Night block,True
SLOT-00979,Hyderabad-SEC-08,2026-09-25,05:00,06:00,1,Night block,False
SLOT-00980,Guntakal-SEC-05,2026-10-09,02:00,03:00,1,Night block,True
SLOT-00981,Guntur-SEC-08,2026-09-19,23:00,02:00,3,Night block,True
SLOT-00982,Hyderabad-SEC-03,2026-09-13,23:00,01:00,2,Night block,True
SLOT-00983,Guntur-SEC-04,2026-09-25,05:00,08:00,3,Traffic block,False
SLOT-00984,Guntakal-SEC-01,2026-10-29,14:00,15:00,1,Traffic block,True
SLOT-00985,Guntur-SEC-03,2026-10-04,22:00,23:00,1,Night block,True
SLOT-00986,Hyderabad-SEC-04,2026-10-26,13:00,15:00,2,Night block,True
SLOT-00987,Guntur-SEC-06,2026-09-03,03:00,04:00,1,Night block,True
SLOT-00988,Secunderabad-SEC-08,2026-09-30,13:00,15:00,2,Night block,True
SLOT-00989,Guntakal-SEC-05,2026-09-22,22:00,23:00,1,Night block,True
SLOT-00990,Hyderabad-SEC-08,2026-10-12,01:00,03:00,2,Traffic block,True
SLOT-00991,Secunderabad-SEC-07,2026-10-27,05:00,06:00,1,Night block,True
SLOT-00992,Hyderabad-SEC-01,2026-10-26,04:00,07:00,3,Night block,True
SLOT-00993,Guntur-SEC-04,2026-10-21,00:00,01:00,1,Night block,True
SLOT-00994,Vijayawada-SEC-01,2026-10-22,05:00,09:00,4,Traffic block,True
SLOT-00995,Secunderabad-SEC-06,2026-09-12,05:00,08:00,3,Night block,True
SLOT-00996,Guntakal-SEC-04,2026-10-22,14:00,17:00,3,Night block,True
SLOT-00997,Guntakal-SEC-01,2026-10-07,23:00,00:00,1,Traffic block,True
SLOT-00998,Guntakal-SEC-01,2026-09-02,23:00,00:00,1,Night block,False
SLOT-00999,Guntakal-SEC-04,2026-09-20,23:00,03:00,4,Night block,True
SLOT-01000,Guntakal-SEC-08,2026-09-10,01:00,05:00,4,Night block,True
SLOT-01001,Hyderabad-SEC-08,2026-09-30,03:00,04:00,1,Night block,True
SLOT-01002,Guntur-SEC-02,2026-10-02,05:00,07:00,2,Traffic block,True
SLOT-01003,Vijayawada-SEC-04,2026-09-01,03:00,04:00,1,Traffic block,True
SLOT-01004,Guntur-SEC-07,2026-10-08,23:00,03:00,4,Night block,False
SLOT-01005,Guntakal-SEC-07,2026-10-21,22:00,23:00,1,Night block,True
SLOT-01006,Guntakal-SEC-08,2026-10-19,00:00,04:00,4,Night block,True
SLOT-01007,Vijayawada-SEC-07,2026-09-21,00:00,04:00,4,Traffic block,True
SLOT-01008,Secunderabad-SEC-07,2026-10-07,02:00,04:00,2,Night block,True
SLOT-01009,Guntur-SEC-03,2026-09-27,02:00,04:00,2,Traffic block,True
SLOT-01010,Vijayawada-SEC-07,2026-09-23,02:00,06:00,4,Night block,True
SLOT-01011,Guntur-SEC-05,2026-09-12,13:00,16:00,3,Night block,True
SLOT-01012,Vijayawada-SEC-06,2026-09-09,13:00,14:00,1,Night block,True
SLOT-01013,Guntakal-SEC-01,2026-10-31,02:00,06:00,4,Traffic block,False
SLOT-01014,Secunderabad-SEC-06,2026-10-13,22:00,00:00,2,Night block,True
SLOT-01015,Vijayawada-SEC-01,2026-10-12,00:00,01:00,1,Night block,False
SLOT-01016,Vijayawada-SEC-07,2026-09-03,04:00,08:00,4,Night block,True
SLOT-01017,Guntur-SEC-06,2026-09-07,22:00,01:00,3,Night block,True
SLOT-01018,Secunderabad-SEC-05,2026-09-22,13:00,16:00,3,Day block,True
SLOT-01019,Guntur-SEC-03,2026-09-12,22:00,02:00,4,Night block,True
SLOT-01020,Hyderabad-SEC-01,2026-09-17,22:00,00:00,2,Night block,True
SLOT-01021,Vijayawada-SEC-02,2026-09-08,05:00,07:00,2,Traffic block,False
SLOT-01022,Hyderabad-SEC-06,2026-09-27,04:00,07:00,3,Traffic block,True
SLOT-01023,Secunderabad-SEC-05,2026-09-25,13:00,15:00,2,Day block,True
SLOT-01024,Secunderabad-SEC-04,2026-09-14,02:00,04:00,2,Night block,True
SLOT-01025,Hyderabad-SEC-04,2026-10-16,22:00,23:00,1,Night block,True
SLOT-01026,Vijayawada-SEC-02,2026-10-26,01:00,04:00,3,Night block,True
SLOT-01027,Secunderabad-SEC-06,2026-10-28,02:00,05:00,3,Night block,True
SLOT-01028,Hyderabad-SEC-03,2026-09-13,03:00,06:00,3,Night block,True
SLOT-01029,Guntur-SEC-07,2026-10-07,01:00,04:00,3,Night block,True
SLOT-01030,Guntakal-SEC-06,2026-10-11,05:00,09:00,4,Traffic block,True
SLOT-01031,Hyderabad-SEC-06,2026-10-19,13:00,15:00,2,Night block,True
SLOT-01032,Secunderabad-SEC-07,2026-09-07,14:00,15:00,1,Traffic block,True
SLOT-01033,Guntakal-SEC-04,2026-09-24,14:00,17:00,3,Night block,False
SLOT-01034,Guntur-SEC-05,2026-09-22,13:00,16:00,3,Traffic block,False
SLOT-01035,Vijayawada-SEC-04,2026-09-14,00:00,01:00,1,Traffic block,True
SLOT-01036,Vijayawada-SEC-04,2026-09-09,03:00,07:00,4,Night block,False
SLOT-01037,Guntakal-SEC-04,2026-09-15,03:00,05:00,2,Traffic block,False
SLOT-01038,Guntakal-SEC-07,2026-10-29,01:00,05:00,4,Day block,True
SLOT-01039,Secunderabad-SEC-05,2026-09-05,01:00,04:00,3,Night block,False
SLOT-01040,Vijayawada-SEC-03,2026-09-29,00:00,02:00,2,Traffic block,True
SLOT-01041,Guntur-SEC-07,2026-09-28,04:00,06:00,2,Night block,False
SLOT-01042,Secunderabad-SEC-08,2026-10-17,01:00,05:00,4,Traffic block,False
SLOT-01043,Vijayawada-SEC-08,2026-09-05,00:00,01:00,1,Night block,False
SLOT-01044,Secunderabad-SEC-02,2026-10-14,04:00,08:00,4,Night block,False
SLOT-01045,Vijayawada-SEC-04,2026-10-12,00:00,03:00,3,Day block,False
SLOT-01046,Guntur-SEC-03,2026-10-05,13:00,16:00,3,Night block,True
SLOT-01047,Hyderabad-SEC-07,2026-09-23,03:00,07:00,4,Day block,True
SLOT-01048,Guntur-SEC-06,2026-10-20,22:00,00:00,2,Traffic block,False
SLOT-01049,Hyderabad-SEC-07,2026-09-01,02:00,05:00,3,Traffic block,True
SLOT-01050,Guntakal-SEC-02,2026-10-04,22:00,23:00,1,Night block,False
SLOT-01051,Hyderabad-SEC-07,2026-10-23,13:00,16:00,3,Night block,True
SLOT-01052,Guntakal-SEC-05,2026-09-20,03:00,06:00,3,Traffic block,False
SLOT-01053,Hyderabad-SEC-04,2026-10-07,01:00,04:00,3,Night block,True
SLOT-01054,Vijayawada-SEC-03,2026-10-26,04:00,07:00,3,Day block,True
SLOT-01055,Guntakal-SEC-01,2026-10-08,01:00,02:00,1,Night block,True
SLOT-01056,Guntakal-SEC-01,2026-10-14,14:00,15:00,1,Day block,True
SLOT-01057,Vijayawada-SEC-06,2026-10-12,04:00,07:00,3,Day block,True
SLOT-01058,Guntakal-SEC-02,2026-09-30,04:00,07:00,3,Night block,True
SLOT-01059,Guntur-SEC-02,2026-10-20,23:00,02:00,3,Night block,True
SLOT-01060,Guntakal-SEC-01,2026-09-12,01:00,04:00,3,Night block,True
SLOT-01061,Hyderabad-SEC-06,2026-09-06,04:00,06:00,2,Night block,True
SLOT-01062,Secunderabad-SEC-05,2026-09-15,03:00,04:00,1,Night block,False
SLOT-01063,Vijayawada-SEC-01,2026-09-29,13:00,16:00,3,Day block,True
SLOT-01064,Vijayawada-SEC-01,2026-09-14,23:00,02:00,3,Night block,True
SLOT-01065,Vijayawada-SEC-02,2026-10-28,05:00,06:00,1,Traffic block,True
SLOT-01066,Secunderabad-SEC-01,2026-10-23,13:00,17:00,4,Night block,False
SLOT-01067,Vijayawada-SEC-06,2026-09-04,23:00,03:00,4,Day block,True
SLOT-01068,Hyderabad-SEC-08,2026-10-10,03:00,06:00,3,Night block,True
SLOT-01069,Secunderabad-SEC-04,2026-10-16,14:00,17:00,3,Traffic block,False
SLOT-01070,Hyderabad-SEC-05,2026-09-08,23:00,00:00,1,Traffic block,True
SLOT-01071,Hyderabad-SEC-06,2026-10-31,03:00,05:00,2,Night block,True
SLOT-01072,Secunderabad-SEC-06,2026-10-03,03:00,06:00,3,Night block,True
SLOT-01073,Hyderabad-SEC-01,2026-09-20,22:00,01:00,3,Night block,True
SLOT-01074,Guntur-SEC-02,2026-10-03,01:00,04:00,3,Night block,True
SLOT-01075,Guntur-SEC-03,2026-09-09,14:00,17:00,3,Night block,False
SLOT-01076,Guntur-SEC-03,2026-09-11,01:00,05:00,4,Traffic block,True
SLOT-01077,Guntur-SEC-02,2026-10-30,02:00,06:00,4,Traffic block,True
SLOT-01078,Vijayawada-SEC-07,2026-10-23,22:00,23:00,1,Traffic block,True
SLOT-01079,Guntakal-SEC-08,2026-09-27,05:00,06:00,1,Traffic block,False
SLOT-01080,Hyderabad-SEC-06,2026-10-09,14:00,17:00,3,Night block,True
SLOT-01081,Guntakal-SEC-03,2026-09-17,13:00,15:00,2,Night block,True
SLOT-01082,Guntakal-SEC-05,2026-09-19,05:00,06:00,1,Night block,True
SLOT-01083,Vijayawada-SEC-01,2026-09-05,23:00,02:00,3,Day block,True
SLOT-01084,Vijayawada-SEC-01,2026-09-04,05:00,07:00,2,Night block,True
SLOT-01085,Hyderabad-SEC-08,2026-10-16,03:00,04:00,1,Traffic block,True
SLOT-01086,Vijayawada-SEC-04,2026-09-10,00:00,02:00,2,Traffic block,False
SLOT-01087,Secunderabad-SEC-05,2026-10-22,14:00,18:00,4,Night block,True
SLOT-01088,Guntur-SEC-05,2026-09-03,13:00,15:00,2,Day block,True
SLOT-01089,Vijayawada-SEC-03,2026-09-25,13:00,17:00,4,Night block,True
SLOT-01090,Secunderabad-SEC-02,2026-10-13,00:00,04:00,4,Night block,True
SLOT-01091,Guntakal-SEC-03,2026-10-08,13:00,15:00,2,Night block,False
SLOT-01092,Guntakal-SEC-07,2026-10-08,00:00,01:00,1,Night block,True
SLOT-01093,Guntakal-SEC-06,2026-10-29,03:00,04:00,1,Night block,True
SLOT-01094,Guntakal-SEC-01,2026-10-14,03:00,07:00,4,Traffic block,True
SLOT-01095,Hyderabad-SEC-06,2026-09-15,14:00,15:00,1,Night block,True
SLOT-01096,Guntur-SEC-04,2026-09-20,04:00,05:00,1,Night block,True
SLOT-01097,Hyderabad-SEC-01,2026-09-12,02:00,03:00,1,Night block,True
SLOT-01098,Guntakal-SEC-06,2026-10-31,14:00,16:00,2,Night block,False
SLOT-01099,Guntakal-SEC-08,2026-09-21,03:00,05:00,2,Night block,False
SLOT-01100,Hyderabad-SEC-04,2026-10-24,05:00,08:00,3,Night block,True
SLOT-01101,Hyderabad-SEC-07,2026-09-19,05:00,06:00,1,Night block,True
SLOT-01102,Vijayawada-SEC-06,2026-10-17,13:00,14:00,1,Night block,True
SLOT-01103,Hyderabad-SEC-04,2026-10-03,04:00,06:00,2,Traffic block,True
SLOT-01104,Hyderabad-SEC-03,2026-10-11,22:00,02:00,4,Traffic block,True
SLOT-01105,Hyderabad-SEC-02,2026-09-01,01:00,02:00,1,Night block,True
SLOT-01106,Vijayawada-SEC-04,2026-10-04,05:00,08:00,3,Traffic block,True
SLOT-01107,Secunderabad-SEC-03,2026-09-21,02:00,04:00,2,Traffic block,True
SLOT-01108,Guntakal-SEC-01,2026-10-26,01:00,05:00,4,Traffic block,False
SLOT-01109,Vijayawada-SEC-07,2026-10-12,14:00,15:00,1,Night block,True
SLOT-01110,Guntakal-SEC-01,2026-10-16,02:00,03:00,1,Night block,False
SLOT-01111,Guntakal-SEC-07,2026-09-04,02:00,05:00,3,Traffic block,True
SLOT-01112,Guntur-SEC-05,2026-10-07,23:00,01:00,2,Day block,True
SLOT-01113,Hyderabad-SEC-04,2026-10-03,01:00,02:00,1,Traffic block,True
SLOT-01114,Hyderabad-SEC-06,2026-09-07,05:00,06:00,1,Traffic block,False
SLOT-01115,Vijayawada-SEC-03,2026-10-27,04:00,08:00,4,Night block,True
SLOT-01116,Guntakal-SEC-04,2026-09-07,04:00,08:00,4,Traffic block,True
SLOT-01117,Hyderabad-SEC-01,2026-10-26,22:00,02:00,4,Night block,True
SLOT-01118,Guntakal-SEC-07,2026-10-25,01:00,04:00,3,Day block,True
SLOT-01119,Hyderabad-SEC-06,2026-10-24,02:00,04:00,2,Day block,False
SLOT-01120,Vijayawada-SEC-05,2026-09-30,23:00,00:00,1,Day block,True
SLOT-01121,Hyderabad-SEC-02,2026-09-19,00:00,03:00,3,Day block,False
SLOT-01122,Vijayawada-SEC-08,2026-09-15,00:00,03:00,3,Night block,True
SLOT-01123,Secunderabad-SEC-07,2026-09-20,01:00,04:00,3,Day block,False
SLOT-01124,Vijayawada-SEC-04,2026-10-20,22:00,01:00,3,Night block,False
SLOT-01125,Guntur-SEC-01,2026-10-02,14:00,17:00,3,Night block,True
SLOT-01126,Guntur-SEC-05,2026-09-18,13:00,17:00,4,Traffic block,True
SLOT-01127,Guntakal-SEC-06,2026-10-23,13:00,15:00,2,Day block,True
SLOT-01128,Guntakal-SEC-03,2026-09-16,13:00,14:00,1,Day block,True
SLOT-01129,Secunderabad-SEC-07,2026-09-26,22:00,01:00,3,Day block,True
SLOT-01130,Vijayawada-SEC-01,2026-09-20,01:00,05:00,4,Night block,True
SLOT-01131,Guntakal-SEC-04,2026-10-02,22:00,00:00,2,Night block,True
SLOT-01132,Guntakal-SEC-02,2026-10-17,03:00,05:00,2,Night block,True
SLOT-01133,Secunderabad-SEC-06,2026-09-02,02:00,04:00,2,Day block,True
SLOT-01134,Hyderabad-SEC-05,2026-10-13,01:00,04:00,3,Night block,True
SLOT-01135,Vijayawada-SEC-01,2026-09-03,01:00,05:00,4,Traffic block,True
SLOT-01136,Hyderabad-SEC-04,2026-09-06,05:00,09:00,4,Day block,True
SLOT-01137,Hyderabad-SEC-06,2026-10-26,04:00,06:00,2,Night block,True
SLOT-01138,Vijayawada-SEC-04,2026-10-18,01:00,03:00,2,Night block,False
SLOT-01139,Hyderabad-SEC-03,2026-09-10,04:00,08:00,4,Traffic block,True
SLOT-01140,Secunderabad-SEC-02,2026-10-18,14:00,15:00,1,Day block,True
SLOT-01141,Guntakal-SEC-08,2026-09-29,04:00,06:00,2,Night block,True
SLOT-01142,Guntakal-SEC-06,2026-09-18,02:00,05:00,3,Day block,True
SLOT-01143,Vijayawada-SEC-04,2026-09-25,23:00,00:00,1,Day block,False
SLOT-01144,Guntakal-SEC-03,2026-09-26,13:00,17:00,4,Day block,True
SLOT-01145,Secunderabad-SEC-01,2026-10-01,02:00,06:00,4,Night block,True
SLOT-01146,Vijayawada-SEC-08,2026-10-15,01:00,05:00,4,Traffic block,True
SLOT-01147,Guntur-SEC-03,2026-10-31,03:00,05:00,2,Traffic block,True
SLOT-01148,Guntakal-SEC-02,2026-09-23,03:00,07:00,4,Traffic block,False
SLOT-01149,Secunderabad-SEC-03,2026-10-06,02:00,03:00,1,Day block,False
SLOT-01150,Guntakal-SEC-05,2026-09-25,23:00,00:00,1,Traffic block,True
SLOT-01151,Guntakal-SEC-02,2026-09-01,02:00,06:00,4,Night block,True
SLOT-01152,Vijayawada-SEC-01,2026-10-13,13:00,16:00,3,Day block,True
SLOT-01153,Guntakal-SEC-03,2026-10-22,14:00,15:00,1,Night block,True
SLOT-01154,Secunderabad-SEC-06,2026-09-23,03:00,07:00,4,Day block,True
SLOT-01155,Secunderabad-SEC-02,2026-10-24,13:00,14:00,1,Traffic block,True
SLOT-01156,Vijayawada-SEC-01,2026-09-16,22:00,00:00,2,Night block,True
SLOT-01157,Secunderabad-SEC-01,2026-10-14,02:00,06:00,4,Night block,True
SLOT-01158,Guntur-SEC-07,2026-10-17,22:00,00:00,2,Day block,True
SLOT-01159,Guntakal-SEC-05,2026-09-13,00:00,02:00,2,Night block,False
SLOT-01160,Secunderabad-SEC-08,2026-09-09,22:00,23:00,1,Night block,True
SLOT-01161,Guntakal-SEC-05,2026-10-23,22:00,00:00,2,Traffic block,False
SLOT-01162,Vijayawada-SEC-02,2026-09-15,02:00,06:00,4,Night block,True
SLOT-01163,Vijayawada-SEC-01,2026-09-18,01:00,05:00,4,Traffic block,True
SLOT-01164,Hyderabad-SEC-04,2026-10-04,01:00,04:00,3,Traffic block,True
SLOT-01165,Hyderabad-SEC-07,2026-09-18,22:00,00:00,2,Traffic block,True
SLOT-01166,Vijayawada-SEC-05,2026-09-09,02:00,05:00,3,Night block,False
SLOT-01167,Guntur-SEC-02,2026-09-08,23:00,03:00,4,Night block,True
SLOT-01168,Secunderabad-SEC-07,2026-10-20,22:00,02:00,4,Night block,False
SLOT-01169,Secunderabad-SEC-08,2026-09-16,03:00,07:00,4,Traffic block,True
SLOT-01170,Vijayawada-SEC-04,2026-09-06,04:00,07:00,3,Day block,False
SLOT-01171,Guntakal-SEC-01,2026-09-29,02:00,04:00,2,Night block,True
SLOT-01172,Guntakal-SEC-01,2026-10-04,23:00,03:00,4,Traffic block,True
SLOT-01173,Vijayawada-SEC-03,2026-10-29,02:00,05:00,3,Day block,False
SLOT-01174,Vijayawada-SEC-05,2026-09-03,03:00,07:00,4,Night block,False
SLOT-01175,Guntakal-SEC-08,2026-10-12,00:00,02:00,2,Traffic block,True
SLOT-01176,Guntakal-SEC-02,2026-10-25,03:00,05:00,2,Traffic block,True
SLOT-01177,Secunderabad-SEC-04,2026-09-26,00:00,02:00,2,Night block,False
SLOT-01178,Guntur-SEC-08,2026-09-16,13:00,17:00,4,Night block,True
SLOT-01179,Hyderabad-SEC-01,2026-09-23,23:00,03:00,4,Traffic block,False
SLOT-01180,Guntakal-SEC-05,2026-09-30,03:00,05:00,2,Night block,False
SLOT-01181,Hyderabad-SEC-01,2026-09-14,14:00,15:00,1,Night block,True
SLOT-01182,Hyderabad-SEC-06,2026-10-29,04:00,05:00,1,Night block,True
SLOT-01183,Guntakal-SEC-03,2026-10-14,14:00,18:00,4,Traffic block,False
SLOT-01184,Vijayawada-SEC-03,2026-09-30,22:00,23:00,1,Night block,True
SLOT-01185,Secunderabad-SEC-03,2026-09-30,23:00,03:00,4,Night block,True
SLOT-01186,Hyderabad-SEC-05,2026-10-22,23:00,02:00,3,Night block,True
SLOT-01187,Vijayawada-SEC-01,2026-10-19,14:00,17:00,3,Night block,False
SLOT-01188,Vijayawada-SEC-08,2026-10-28,14:00,16:00,2,Night block,True
SLOT-01189,Secunderabad-SEC-02,2026-09-05,01:00,05:00,4,Night block,True
SLOT-01190,Guntur-SEC-02,2026-09-30,14:00,17:00,3,Night block,True
SLOT-01191,Secunderabad-SEC-03,2026-10-27,13:00,17:00,4,Traffic block,False
SLOT-01192,Guntakal-SEC-01,2026-10-15,23:00,00:00,1,Traffic block,True
SLOT-01193,Secunderabad-SEC-08,2026-10-15,13:00,17:00,4,Day block,True
SLOT-01194,Hyderabad-SEC-01,2026-09-04,03:00,04:00,1,Traffic block,False
SLOT-01195,Hyderabad-SEC-05,2026-10-25,02:00,04:00,2,Day block,True
SLOT-01196,Secunderabad-SEC-01,2026-10-06,03:00,05:00,2,Night block,False
SLOT-01197,Guntur-SEC-07,2026-10-22,01:00,04:00,3,Traffic block,True
SLOT-01198,Secunderabad-SEC-02,2026-10-22,03:00,05:00,2,Night block,False
SLOT-01199,Hyderabad-SEC-01,2026-10-31,00:00,02:00,2,Traffic block,True
SLOT-01200,Secunderabad-SEC-07,2026-10-23,03:00,07:00,4,Traffic block,True
SLOT-01201,Hyderabad-SEC-05,2026-09-24,00:00,03:00,3,Day block,True
SLOT-01202,Hyderabad-SEC-03,2026-09-07,23:00,03:00,4,Traffic block,True
SLOT-01203,Hyderabad-SEC-05,2026-09-30,03:00,05:00,2,Day block,True
SLOT-01204,Vijayawada-SEC-01,2026-10-26,14:00,15:00,1,Day block,True
SLOT-01205,Hyderabad-SEC-02,2026-09-16,23:00,03:00,4,Night block,True
SLOT-01206,Secunderabad-SEC-03,2026-09-27,02:00,03:00,1,Night block,True
SLOT-01207,Guntur-SEC-06,2026-10-06,13:00,15:00,2,Traffic block,True
SLOT-01208,Hyderabad-SEC-03,2026-09-05,13:00,14:00,1,Traffic block,True
SLOT-01209,Hyderabad-SEC-03,2026-09-26,14:00,15:00,1,Night block,True
SLOT-01210,Hyderabad-SEC-08,2026-10-31,22:00,02:00,4,Traffic block,False
SLOT-01211,Guntakal-SEC-02,2026-10-23,04:00,05:00,1,Night block,True
SLOT-01212,Secunderabad-SEC-03,2026-09-07,05:00,08:00,3,Day block,True
SLOT-01213,Vijayawada-SEC-04,2026-09-21,05:00,09:00,4,Night block,True
SLOT-01214,Hyderabad-SEC-01,2026-10-18,00:00,04:00,4,Night block,True
SLOT-01215,Vijayawada-SEC-04,2026-10-25,03:00,04:00,1,Night block,True
SLOT-01216,Guntur-SEC-07,2026-10-30,02:00,06:00,4,Day block,False
SLOT-01217,Vijayawada-SEC-03,2026-09-08,05:00,07:00,2,Night block,False
SLOT-01218,Vijayawada-SEC-02,2026-09-16,01:00,02:00,1,Traffic block,True
SLOT-01219,Secunderabad-SEC-05,2026-10-17,13:00,17:00,4,Traffic block,True
SLOT-01220,Vijayawada-SEC-03,2026-09-27,14:00,18:00,4,Traffic block,True
SLOT-01221,Guntur-SEC-05,2026-09-09,14:00,18:00,4,Night block,True
SLOT-01222,Hyderabad-SEC-01,2026-10-15,04:00,08:00,4,Night block,True
SLOT-01223,Guntakal-SEC-04,2026-10-31,13:00,16:00,3,Day block,True
SLOT-01224,Secunderabad-SEC-04,2026-10-10,13:00,15:00,2,Night block,True
SLOT-01225,Guntur-SEC-04,2026-10-21,23:00,03:00,4,Night block,True
SLOT-01226,Guntur-SEC-02,2026-10-21,02:00,04:00,2,Day block,True
SLOT-01227,Guntur-SEC-07,2026-10-19,03:00,07:00,4,Traffic block,True
SLOT-01228,Hyderabad-SEC-07,2026-09-01,22:00,23:00,1,Night block,True
SLOT-01229,Secunderabad-SEC-03,2026-10-01,14:00,16:00,2,Traffic block,True
SLOT-01230,Hyderabad-SEC-02,2026-10-24,02:00,06:00,4,Night block,True
SLOT-01231,Secunderabad-SEC-05,2026-10-08,22:00,02:00,4,Day block,True
SLOT-01232,Vijayawada-SEC-04,2026-09-12,05:00,06:00,1,Traffic block,True
SLOT-01233,Vijayawada-SEC-05,2026-09-15,23:00,01:00,2,Night block,False
SLOT-01234,Guntakal-SEC-01,2026-10-12,04:00,07:00,3,Night block,True
SLOT-01235,Guntakal-SEC-03,2026-10-20,04:00,08:00,4,Traffic block,True
SLOT-01236,Guntur-SEC-08,2026-10-16,23:00,01:00,2,Night block,True
SLOT-01237,Guntur-SEC-06,2026-10-30,01:00,05:00,4,Night block,True
SLOT-01238,Guntur-SEC-02,2026-10-06,13:00,17:00,4,Day block,True
SLOT-01239,Guntakal-SEC-01,2026-09-09,00:00,04:00,4,Night block,True
SLOT-01240,Hyderabad-SEC-07,2026-10-05,02:00,04:00,2,Night block,True
SLOT-01241,Hyderabad-SEC-04,2026-09-09,05:00,07:00,2,Traffic block,True
SLOT-01242,Hyderabad-SEC-02,2026-10-26,14:00,15:00,1,Day block,True
SLOT-01243,Secunderabad-SEC-05,2026-09-12,01:00,03:00,2,Traffic block,True
SLOT-01244,Hyderabad-SEC-04,2026-09-08,05:00,09:00,4,Night block,True
SLOT-01245,Guntur-SEC-01,2026-09-11,02:00,05:00,3,Traffic block,True
SLOT-01246,Hyderabad-SEC-07,2026-09-13,03:00,06:00,3,Night block,True
SLOT-01247,Hyderabad-SEC-01,2026-10-26,04:00,07:00,3,Night block,True
SLOT-01248,Hyderabad-SEC-03,2026-09-12,22:00,01:00,3,Night block,False
SLOT-01249,Vijayawada-SEC-03,2026-09-23,02:00,03:00,1,Night block,True
SLOT-01250,Secunderabad-SEC-03,2026-10-07,01:00,03:00,2,Night block,True
SLOT-01251,Vijayawada-SEC-02,2026-09-19,14:00,18:00,4,Day block,True
SLOT-01252,Guntur-SEC-06,2026-10-03,03:00,04:00,1,Night block,True
SLOT-01253,Vijayawada-SEC-03,2026-10-09,04:00,05:00,1,Day block,True
SLOT-01254,Guntur-SEC-07,2026-09-23,01:00,03:00,2,Night block,False
SLOT-01255,Hyderabad-SEC-03,2026-10-31,04:00,05:00,1,Night block,True
SLOT-01256,Hyderabad-SEC-07,2026-10-18,13:00,17:00,4,Day block,False
SLOT-01257,Secunderabad-SEC-07,2026-10-06,04:00,07:00,3,Night block,True
SLOT-01258,Hyderabad-SEC-01,2026-10-17,04:00,08:00,4,Night block,True
SLOT-01259,Guntakal-SEC-06,2026-09-06,23:00,02:00,3,Night block,False
SLOT-01260,Hyderabad-SEC-03,2026-09-19,05:00,07:00,2,Day block,True
SLOT-01261,Secunderabad-SEC-07,2026-09-04,14:00,17:00,3,Traffic block,True
SLOT-01262,Hyderabad-SEC-07,2026-10-10,14:00,16:00,2,Night block,False
SLOT-01263,Guntakal-SEC-06,2026-10-01,05:00,06:00,1,Night block,True
SLOT-01264,Hyderabad-SEC-08,2026-09-16,01:00,03:00,2,Traffic block,True
SLOT-01265,Guntur-SEC-07,2026-09-11,05:00,08:00,3,Traffic block,True
SLOT-01266,Hyderabad-SEC-05,2026-10-22,05:00,08:00,3,Day block,True
SLOT-01267,Secunderabad-SEC-01,2026-09-29,23:00,02:00,3,Night block,True
SLOT-01268,Guntur-SEC-04,2026-10-01,14:00,16:00,2,Night block,True
SLOT-01269,Guntur-SEC-08,2026-10-04,03:00,04:00,1,Traffic block,True
SLOT-01270,Secunderabad-SEC-06,2026-09-27,03:00,04:00,1,Night block,True
SLOT-01271,Guntur-SEC-07,2026-10-10,04:00,05:00,1,Day block,True
SLOT-01272,Secunderabad-SEC-03,2026-09-30,03:00,07:00,4,Traffic block,True
SLOT-01273,Secunderabad-SEC-08,2026-10-02,13:00,16:00,3,Night block,True
SLOT-01274,Secunderabad-SEC-05,2026-09-19,05:00,08:00,3,Night block,True
SLOT-01275,Vijayawada-SEC-04,2026-10-09,01:00,04:00,3,Night block,True
SLOT-01276,Guntakal-SEC-05,2026-10-18,22:00,01:00,3,Day block,True
SLOT-01277,Guntakal-SEC-02,2026-10-07,02:00,04:00,2,Night block,False
SLOT-01278,Guntur-SEC-02,2026-09-03,02:00,04:00,2,Traffic block,True
SLOT-01279,Guntakal-SEC-07,2026-10-28,01:00,02:00,1,Day block,True
SLOT-01280,Hyderabad-SEC-01,2026-10-11,13:00,15:00,2,Night block,True
SLOT-01281,Hyderabad-SEC-03,2026-10-18,00:00,03:00,3,Night block,True
SLOT-01282,Secunderabad-SEC-03,2026-10-01,00:00,03:00,3,Night block,True
SLOT-01283,Secunderabad-SEC-07,2026-10-02,05:00,07:00,2,Night block,True
SLOT-01284,Secunderabad-SEC-05,2026-10-27,00:00,03:00,3,Night block,True
SLOT-01285,Secunderabad-SEC-05,2026-10-19,04:00,08:00,4,Day block,False
SLOT-01286,Secunderabad-SEC-07,2026-10-20,02:00,06:00,4,Night block,True
SLOT-01287,Hyderabad-SEC-07,2026-10-09,14:00,17:00,3,Traffic block,True
SLOT-01288,Guntakal-SEC-05,2026-09-13,14:00,18:00,4,Traffic block,False
SLOT-01289,Secunderabad-SEC-06,2026-09-28,13:00,14:00,1,Day block,True
SLOT-01290,Secunderabad-SEC-07,2026-10-07,22:00,02:00,4,Night block,True
SLOT-01291,Guntur-SEC-07,2026-09-13,02:00,03:00,1,Night block,True
SLOT-01292,Hyderabad-SEC-01,2026-10-19,05:00,08:00,3,Night block,True
SLOT-01293,Guntur-SEC-07,2026-10-30,14:00,15:00,1,Night block,True
SLOT-01294,Guntakal-SEC-06,2026-10-18,05:00,07:00,2,Night block,True
SLOT-01295,Guntur-SEC-03,2026-09-19,03:00,05:00,2,Traffic block,True
SLOT-01296,Guntakal-SEC-04,2026-09-06,01:00,04:00,3,Night block,True
SLOT-01297,Guntur-SEC-06,2026-09-04,01:00,04:00,3,Traffic block,False
SLOT-01298,Vijayawada-SEC-03,2026-09-25,13:00,14:00,1,Night block,False
SLOT-01299,Vijayawada-SEC-01,2026-09-29,23:00,01:00,2,Night block,True
SLOT-01300,Guntakal-SEC-01,2026-09-26,03:00,04:00,1,Night block,True
SLOT-01301,Guntakal-SEC-02,2026-10-30,13:00,14:00,1,Night block,True
SLOT-01302,Guntakal-SEC-04,2026-10-07,03:00,05:00,2,Night block,True
SLOT-01303,Hyderabad-SEC-03,2026-09-14,22:00,00:00,2,Traffic block,True
SLOT-01304,Secunderabad-SEC-06,2026-09-17,23:00,01:00,2,Day block,True
SLOT-01305,Guntakal-SEC-03,2026-10-03,05:00,07:00,2,Night block,False
SLOT-01306,Vijayawada-SEC-04,2026-10-18,00:00,04:00,4,Night block,True
SLOT-01307,Guntakal-SEC-01,2026-10-02,23:00,03:00,4,Traffic block,True
SLOT-01308,Secunderabad-SEC-03,2026-10-07,00:00,01:00,1,Night block,True
SLOT-01309,Secunderabad-SEC-06,2026-09-01,00:00,01:00,1,Night block,True
SLOT-01310,Guntur-SEC-03,2026-09-26,13:00,14:00,1,Night block,True
SLOT-01311,Hyderabad-SEC-01,2026-10-23,13:00,16:00,3,Night block,True
SLOT-01312,Hyderabad-SEC-06,2026-10-28,01:00,05:00,4,Traffic block,True
SLOT-01313,Guntur-SEC-08,2026-10-15,14:00,18:00,4,Night block,True
SLOT-01314,Hyderabad-SEC-07,2026-10-19,04:00,06:00,2,Night block,True
SLOT-01315,Vijayawada-SEC-02,2026-09-09,23:00,00:00,1,Night block,True
SLOT-01316,Vijayawada-SEC-05,2026-09-30,05:00,07:00,2,Traffic block,True
SLOT-01317,Hyderabad-SEC-06,2026-09-30,13:00,17:00,4,Traffic block,True
SLOT-01318,Guntakal-SEC-03,2026-09-09,23:00,01:00,2,Night block,True
SLOT-01319,Secunderabad-SEC-04,2026-10-19,14:00,15:00,1,Night block,True
SLOT-01320,Guntakal-SEC-03,2026-09-20,13:00,14:00,1,Night block,True
SLOT-01321,Hyderabad-SEC-04,2026-10-29,13:00,16:00,3,Day block,True
SLOT-01322,Guntakal-SEC-05,2026-09-01,14:00,16:00,2,Night block,True
SLOT-01323,Vijayawada-SEC-06,2026-09-15,01:00,04:00,3,Traffic block,True
SLOT-01324,Hyderabad-SEC-07,2026-10-02,13:00,15:00,2,Night block,True
SLOT-01325,Secunderabad-SEC-05,2026-10-11,00:00,02:00,2,Night block,True
SLOT-01326,Secunderabad-SEC-07,2026-09-25,04:00,08:00,4,Day block,True
SLOT-01327,Hyderabad-SEC-05,2026-10-06,02:00,04:00,2,Day block,True
SLOT-01328,Vijayawada-SEC-05,2026-10-12,02:00,06:00,4,Night block,True
SLOT-01329,Hyderabad-SEC-02,2026-09-19,23:00,03:00,4,Night block,True
SLOT-01330,Guntakal-SEC-07,2026-10-12,00:00,01:00,1,Night block,True
SLOT-01331,Hyderabad-SEC-05,2026-10-22,01:00,04:00,3,Traffic block,True
SLOT-01332,Hyderabad-SEC-06,2026-09-23,02:00,05:00,3,Night block,False
SLOT-01333,Hyderabad-SEC-05,2026-09-24,03:00,04:00,1,Night block,True
SLOT-01334,Guntakal-SEC-08,2026-09-18,23:00,03:00,4,Night block,True
SLOT-01335,Hyderabad-SEC-08,2026-10-26,04:00,07:00,3,Night block,True
SLOT-01336,Hyderabad-SEC-05,2026-09-07,04:00,07:00,3,Night block,False
SLOT-01337,Secunderabad-SEC-01,2026-09-09,00:00,02:00,2,Night block,True
SLOT-01338,Secunderabad-SEC-01,2026-10-11,14:00,15:00,1,Night block,True
SLOT-01339,Guntur-SEC-04,2026-09-02,04:00,06:00,2,Night block,False
SLOT-01340,Secunderabad-SEC-07,2026-10-22,00:00,01:00,1,Night block,True
SLOT-01341,Hyderabad-SEC-07,2026-10-01,05:00,07:00,2,Night block,False
SLOT-01342,Hyderabad-SEC-02,2026-09-19,22:00,02:00,4,Night block,True
SLOT-01343,Guntakal-SEC-06,2026-10-16,13:00,17:00,4,Traffic block,True
SLOT-01344,Hyderabad-SEC-08,2026-09-04,05:00,08:00,3,Night block,True
SLOT-01345,Secunderabad-SEC-06,2026-09-02,05:00,09:00,4,Night block,True
SLOT-01346,Vijayawada-SEC-02,2026-10-10,03:00,07:00,4,Traffic block,False
SLOT-01347,Guntur-SEC-06,2026-09-01,13:00,16:00,3,Day block,True
SLOT-01348,Vijayawada-SEC-02,2026-10-16,03:00,06:00,3,Traffic block,False
SLOT-01349,Vijayawada-SEC-05,2026-10-31,22:00,01:00,3,Night block,False
SLOT-01350,Vijayawada-SEC-01,2026-09-04,04:00,08:00,4,Night block,True
SLOT-01351,Hyderabad-SEC-02,2026-09-13,00:00,04:00,4,Night block,True
SLOT-01352,Vijayawada-SEC-08,2026-10-27,02:00,05:00,3,Night block,True
SLOT-01353,Guntur-SEC-06,2026-10-24,04:00,06:00,2,Day block,True
SLOT-01354,Guntur-SEC-02,2026-10-19,02:00,04:00,2,Night block,True
SLOT-01355,Vijayawada-SEC-06,2026-09-20,22:00,00:00,2,Night block,False
SLOT-01356,Vijayawada-SEC-01,2026-10-28,03:00,04:00,1,Night block,False
SLOT-01357,Guntur-SEC-03,2026-09-17,13:00,17:00,4,Night block,True
SLOT-01358,Secunderabad-SEC-02,2026-09-16,22:00,23:00,1,Traffic block,False
SLOT-01359,Guntakal-SEC-03,2026-10-28,01:00,04:00,3,Day block,True
SLOT-01360,Hyderabad-SEC-06,2026-10-02,01:00,02:00,1,Traffic block,True
SLOT-01361,Secunderabad-SEC-02,2026-09-18,04:00,06:00,2,Night block,True
SLOT-01362,Secunderabad-SEC-03,2026-10-08,22:00,23:00,1,Traffic block,True
SLOT-01363,Vijayawada-SEC-08,2026-10-23,04:00,05:00,1,Day block,False
SLOT-01364,Secunderabad-SEC-02,2026-09-04,22:00,02:00,4,Traffic block,True
SLOT-01365,Guntakal-SEC-03,2026-10-13,22:00,02:00,4,Night block,True
SLOT-01366,Guntakal-SEC-04,2026-09-10,02:00,05:00,3,Night block,True
SLOT-01367,Guntur-SEC-01,2026-10-04,05:00,09:00,4,Night block,True
SLOT-01368,Guntakal-SEC-03,2026-09-20,02:00,04:00,2,Night block,True
SLOT-01369,Secunderabad-SEC-06,2026-10-09,03:00,05:00,2,Traffic block,True
SLOT-01370,Guntur-SEC-03,2026-10-23,14:00,17:00,3,Day block,True
SLOT-01371,Vijayawada-SEC-04,2026-10-19,02:00,03:00,1,Night block,True
SLOT-01372,Guntakal-SEC-07,2026-09-12,03:00,04:00,1,Traffic block,True
SLOT-01373,Guntur-SEC-05,2026-09-05,04:00,06:00,2,Traffic block,True
SLOT-01374,Vijayawada-SEC-07,2026-10-13,05:00,09:00,4,Traffic block,True
SLOT-01375,Vijayawada-SEC-07,2026-09-08,02:00,05:00,3,Night block,True
SLOT-01376,Hyderabad-SEC-02,2026-09-25,03:00,07:00,4,Night block,True
SLOT-01377,Secunderabad-SEC-05,2026-10-29,14:00,17:00,3,Day block,True
SLOT-01378,Guntur-SEC-06,2026-09-13,04:00,08:00,4,Traffic block,True
SLOT-01379,Vijayawada-SEC-06,2026-09-04,13:00,16:00,3,Traffic block,True
SLOT-01380,Vijayawada-SEC-02,2026-09-30,13:00,16:00,3,Night block,False
SLOT-01381,Guntur-SEC-01,2026-10-25,23:00,00:00,1,Night block,True
SLOT-01382,Hyderabad-SEC-04,2026-10-07,14:00,16:00,2,Day block,True
SLOT-01383,Guntur-SEC-08,2026-10-19,22:00,01:00,3,Traffic block,False
SLOT-01384,Guntakal-SEC-02,2026-10-13,04:00,06:00,2,Traffic block,True
SLOT-01385,Vijayawada-SEC-05,2026-09-27,22:00,02:00,4,Night block,True
SLOT-01386,Guntur-SEC-06,2026-09-21,00:00,03:00,3,Night block,True
SLOT-01387,Guntakal-SEC-07,2026-10-31,05:00,08:00,3,Traffic block,True
SLOT-01388,Guntakal-SEC-04,2026-10-22,23:00,00:00,1,Day block,True
SLOT-01389,Hyderabad-SEC-07,2026-10-26,13:00,14:00,1,Night block,True
SLOT-01390,Hyderabad-SEC-07,2026-09-02,01:00,05:00,4,Night block,True
SLOT-01391,Vijayawada-SEC-01,2026-10-08,14:00,15:00,1,Traffic block,True
SLOT-01392,Guntur-SEC-03,2026-10-03,03:00,04:00,1,Night block,True
SLOT-01393,Guntakal-SEC-01,2026-09-12,00:00,04:00,4,Night block,True
SLOT-01394,Secunderabad-SEC-05,2026-10-20,01:00,05:00,4,Day block,False
SLOT-01395,Guntur-SEC-03,2026-10-10,00:00,03:00,3,Night block,True
SLOT-01396,Vijayawada-SEC-02,2026-10-25,13:00,15:00,2,Traffic block,True
SLOT-01397,Hyderabad-SEC-07,2026-10-23,04:00,08:00,4,Night block,True
SLOT-01398,Vijayawada-SEC-01,2026-10-13,03:00,05:00,2,Night block,True
SLOT-01399,Guntur-SEC-07,2026-10-21,03:00,05:00,2,Night block,True
SLOT-01400,Hyderabad-SEC-08,2026-10-24,02:00,03:00,1,Traffic block,True
SLOT-01401,Secunderabad-SEC-03,2026-10-22,03:00,06:00,3,Night block,True
SLOT-01402,Secunderabad-SEC-04,2026-09-21,13:00,16:00,3,Traffic block,True
SLOT-01403,Secunderabad-SEC-06,2026-09-29,02:00,03:00,1,Traffic block,True
SLOT-01404,Guntakal-SEC-02,2026-10-24,13:00,15:00,2,Traffic block,True
SLOT-01405,Secunderabad-SEC-05,2026-10-04,13:00,17:00,4,Traffic block,True
SLOT-01406,Hyderabad-SEC-05,2026-10-05,14:00,16:00,2,Night block,True
SLOT-01407,Guntakal-SEC-04,2026-10-30,04:00,07:00,3,Day block,True
SLOT-01408,Secunderabad-SEC-07,2026-09-15,01:00,03:00,2,Night block,False
SLOT-01409,Secunderabad-SEC-01,2026-10-30,23:00,03:00,4,Night block,False
SLOT-01410,Vijayawada-SEC-08,2026-09-23,00:00,03:00,3,Night block,True
SLOT-01411,Guntur-SEC-03,2026-09-17,14:00,15:00,1,Day block,False
SLOT-01412,Guntur-SEC-01,2026-10-15,02:00,05:00,3,Night block,True
SLOT-01413,Secunderabad-SEC-08,2026-09-13,01:00,04:00,3,Traffic block,False
SLOT-01414,Vijayawada-SEC-07,2026-10-19,23:00,02:00,3,Day block,True
SLOT-01415,Guntur-SEC-06,2026-10-24,02:00,03:00,1,Traffic block,True
SLOT-01416,Hyderabad-SEC-03,2026-10-25,04:00,07:00,3,Day block,True
SLOT-01417,Guntakal-SEC-06,2026-10-05,04:00,05:00,1,Night block,True
SLOT-01418,Guntur-SEC-07,2026-09-25,00:00,02:00,2,Night block,False
SLOT-01419,Guntur-SEC-04,2026-10-19,13:00,17:00,4,Night block,True
SLOT-01420,Hyderabad-SEC-06,2026-09-13,04:00,07:00,3,Traffic block,True
SLOT-01421,Secunderabad-SEC-08,2026-10-16,23:00,00:00,1,Night block,True
SLOT-01422,Vijayawada-SEC-02,2026-09-05,00:00,02:00,2,Night block,True
SLOT-01423,Guntakal-SEC-02,2026-09-19,03:00,07:00,4,Night block,True
SLOT-01424,Hyderabad-SEC-02,2026-09-17,02:00,05:00,3,Night block,True
SLOT-01425,Guntakal-SEC-07,2026-09-18,02:00,04:00,2,Night block,True
SLOT-01426,Vijayawada-SEC-06,2026-10-15,04:00,08:00,4,Night block,True
SLOT-01427,Hyderabad-SEC-02,2026-09-27,22:00,00:00,2,Night block,False
SLOT-01428,Vijayawada-SEC-07,2026-09-22,00:00,02:00,2,Traffic block,True
SLOT-01429,Guntur-SEC-05,2026-09-17,13:00,14:00,1,Night block,True
SLOT-01430,Guntur-SEC-08,2026-10-26,01:00,03:00,2,Traffic block,False
SLOT-01431,Guntakal-SEC-06,2026-10-04,14:00,18:00,4,Traffic block,True
SLOT-01432,Vijayawada-SEC-04,2026-10-21,01:00,03:00,2,Traffic block,False
SLOT-01433,Secunderabad-SEC-03,2026-10-17,04:00,05:00,1,Day block,True
SLOT-01434,Guntakal-SEC-02,2026-09-09,00:00,02:00,2,Night block,False
SLOT-01435,Guntur-SEC-07,2026-10-11,03:00,06:00,3,Night block,True
SLOT-01436,Vijayawada-SEC-06,2026-09-23,00:00,01:00,1,Night block,True
SLOT-01437,Guntur-SEC-03,2026-09-16,22:00,00:00,2,Night block,True
SLOT-01438,Guntakal-SEC-02,2026-10-11,03:00,07:00,4,Traffic block,True
SLOT-01439,Hyderabad-SEC-08,2026-10-29,04:00,05:00,1,Day block,True
SLOT-01440,Guntakal-SEC-05,2026-10-25,01:00,03:00,2,Traffic block,False
SLOT-01441,Guntakal-SEC-03,2026-10-22,05:00,08:00,3,Night block,True
SLOT-01442,Guntur-SEC-01,2026-10-02,14:00,16:00,2,Night block,True
SLOT-01443,Guntakal-SEC-04,2026-10-26,02:00,04:00,2,Night block,True
SLOT-01444,Hyderabad-SEC-02,2026-10-13,13:00,14:00,1,Night block,True
SLOT-01445,Vijayawada-SEC-07,2026-09-16,04:00,06:00,2,Traffic block,False
SLOT-01446,Hyderabad-SEC-07,2026-09-06,01:00,04:00,3,Night block,True
SLOT-01447,Hyderabad-SEC-01,2026-09-12,04:00,08:00,4,Night block,True
SLOT-01448,Guntakal-SEC-01,2026-10-13,23:00,00:00,1,Night block,True
SLOT-01449,Guntakal-SEC-01,2026-10-27,00:00,04:00,4,Night block,True
SLOT-01450,Guntur-SEC-08,2026-09-26,05:00,06:00,1,Traffic block,False
SLOT-01451,Guntur-SEC-04,2026-10-01,04:00,05:00,1,Night block,False
SLOT-01452,Guntakal-SEC-07,2026-09-07,03:00,05:00,2,Night block,True
SLOT-01453,Vijayawada-SEC-03,2026-10-23,23:00,01:00,2,Night block,True
SLOT-01454,Guntakal-SEC-05,2026-09-28,05:00,06:00,1,Night block,True
SLOT-01455,Vijayawada-SEC-02,2026-10-16,03:00,04:00,1,Day block,False
SLOT-01456,Guntur-SEC-08,2026-09-26,00:00,03:00,3,Day block,True
SLOT-01457,Guntakal-SEC-08,2026-10-13,13:00,14:00,1,Night block,True
SLOT-01458,Hyderabad-SEC-04,2026-10-14,03:00,05:00,2,Traffic block,True
SLOT-01459,Secunderabad-SEC-07,2026-09-20,13:00,17:00,4,Traffic block,False
SLOT-01460,Hyderabad-SEC-06,2026-10-17,03:00,05:00,2,Night block,True
SLOT-01461,Hyderabad-SEC-08,2026-09-07,04:00,06:00,2,Traffic block,False
SLOT-01462,Guntakal-SEC-06,2026-10-11,02:00,03:00,1,Night block,True
SLOT-01463,Secunderabad-SEC-06,2026-10-15,13:00,17:00,4,Night block,True
SLOT-01464,Guntakal-SEC-01,2026-10-20,14:00,18:00,4,Traffic block,False
SLOT-01465,Vijayawada-SEC-05,2026-09-09,00:00,04:00,4,Night block,True
SLOT-01466,Secunderabad-SEC-07,2026-09-26,23:00,02:00,3,Night block,True
SLOT-01467,Hyderabad-SEC-04,2026-09-10,13:00,17:00,4,Traffic block,True
SLOT-01468,Hyderabad-SEC-01,2026-10-16,14:00,15:00,1,Traffic block,True
SLOT-01469,Hyderabad-SEC-05,2026-10-06,14:00,17:00,3,Traffic block,True
SLOT-01470,Guntakal-SEC-02,2026-09-05,23:00,00:00,1,Day block,False
SLOT-01471,Hyderabad-SEC-06,2026-10-08,04:00,07:00,3,Day block,True
SLOT-01472,Secunderabad-SEC-08,2026-10-29,14:00,17:00,3,Night block,True
SLOT-01473,Vijayawada-SEC-01,2026-09-10,14:00,17:00,3,Night block,True
SLOT-01474,Vijayawada-SEC-03,2026-10-24,02:00,05:00,3,Traffic block,False
SLOT-01475,Hyderabad-SEC-01,2026-10-07,03:00,07:00,4,Night block,True
SLOT-01476,Vijayawada-SEC-08,2026-09-23,14:00,17:00,3,Night block,True
SLOT-01477,Hyderabad-SEC-05,2026-09-08,00:00,01:00,1,Night block,False
SLOT-01478,Vijayawada-SEC-04,2026-09-17,13:00,14:00,1,Traffic block,True
SLOT-01479,Vijayawada-SEC-02,2026-10-05,05:00,08:00,3,Day block,True
SLOT-01480,Guntur-SEC-06,2026-10-28,02:00,06:00,4,Traffic block,True
SLOT-01481,Guntakal-SEC-06,2026-09-04,22:00,23:00,1,Night block,True
SLOT-01482,Guntur-SEC-05,2026-10-24,00:00,03:00,3,Traffic block,True
SLOT-01483,Hyderabad-SEC-06,2026-09-23,14:00,15:00,1,Traffic block,True
SLOT-01484,Secunderabad-SEC-03,2026-10-24,13:00,16:00,3,Night block,True
SLOT-01485,Vijayawada-SEC-03,2026-09-15,05:00,08:00,3,Traffic block,True
SLOT-01486,Guntur-SEC-08,2026-09-26,23:00,00:00,1,Night block,False
SLOT-01487,Guntakal-SEC-03,2026-10-19,22:00,01:00,3,Night block,True
SLOT-01488,Vijayawada-SEC-02,2026-09-16,04:00,08:00,4,Night block,True
SLOT-01489,Vijayawada-SEC-06,2026-10-19,14:00,15:00,1,Traffic block,True
SLOT-01490,Vijayawada-SEC-02,2026-09-15,05:00,07:00,2,Night block,True
SLOT-01491,Vijayawada-SEC-06,2026-09-25,01:00,02:00,1,Night block,False
SLOT-01492,Hyderabad-SEC-02,2026-10-21,22:00,02:00,4,Night block,True
SLOT-01493,Secunderabad-SEC-07,2026-10-28,13:00,15:00,2,Traffic block,True
SLOT-01494,Guntur-SEC-08,2026-10-17,05:00,08:00,3,Night block,False
SLOT-01495,Secunderabad-SEC-04,2026-10-07,13:00,16:00,3,Night block,True
SLOT-01496,Hyderabad-SEC-05,2026-10-10,04:00,06:00,2,Traffic block,True
SLOT-01497,Guntakal-SEC-07,2026-09-26,00:00,01:00,1,Night block,True
SLOT-01498,Guntakal-SEC-06,2026-10-06,13:00,17:00,4,Traffic block,True
SLOT-01499,Hyderabad-SEC-07,2026-09-22,03:00,05:00,2,Night block,True
SLOT-01500,Guntakal-SEC-06,2026-10-22,03:00,05:00,2,Night block,True
SLOT-01501,Secunderabad-SEC-05,2026-10-26,23:00,01:00,2,Night block,True
SLOT-01502,Vijayawada-SEC-08,2026-10-21,22:00,02:00,4,Traffic block,True
SLOT-01503,Guntur-SEC-05,2026-10-27,04:00,06:00,2,Traffic block,False
SLOT-01504,Vijayawada-SEC-05,2026-10-26,13:00,15:00,2,Night block,True
SLOT-01505,Vijayawada-SEC-06,2026-09-29,01:00,05:00,4,Night block,True
SLOT-01506,Hyderabad-SEC-03,2026-10-27,22:00,23:00,1,Night block,False
SLOT-01507,Secunderabad-SEC-08,2026-10-15,02:00,03:00,1,Night block,True
SLOT-01508,Guntakal-SEC-04,2026-09-21,13:00,16:00,3,Night block,True
SLOT-01509,Guntur-SEC-01,2026-10-18,03:00,07:00,4,Night block,True
SLOT-01510,Secunderabad-SEC-08,2026-09-14,23:00,01:00,2,Traffic block,False
SLOT-01511,Vijayawada-SEC-04,2026-09-14,00:00,03:00,3,Traffic block,True
SLOT-01512,Secunderabad-SEC-04,2026-09-15,14:00,16:00,2,Traffic block,True
SLOT-01513,Hyderabad-SEC-03,2026-09-29,23:00,01:00,2,Night block,True
SLOT-01514,Secunderabad-SEC-06,2026-09-12,03:00,05:00,2,Night block,True
SLOT-01515,Hyderabad-SEC-05,2026-10-22,03:00,07:00,4,Day block,True
SLOT-01516,Guntakal-SEC-07,2026-10-09,00:00,01:00,1,Night block,True
SLOT-01517,Hyderabad-SEC-08,2026-09-09,23:00,01:00,2,Traffic block,True
SLOT-01518,Vijayawada-SEC-06,2026-09-29,00:00,03:00,3,Night block,True
SLOT-01519,Guntakal-SEC-02,2026-10-16,00:00,03:00,3,Night block,True
SLOT-01520,Guntur-SEC-07,2026-10-16,04:00,05:00,1,Traffic block,True
SLOT-01521,Vijayawada-SEC-07,2026-10-09,02:00,04:00,2,Night block,False
SLOT-01522,Hyderabad-SEC-06,2026-09-28,04:00,06:00,2,Night block,True
SLOT-01523,Guntur-SEC-04,2026-10-06,03:00,04:00,1,Night block,True
SLOT-01524,Secunderabad-SEC-02,2026-10-16,03:00,05:00,2,Day block,False
SLOT-01525,Guntur-SEC-04,2026-10-18,14:00,16:00,2,Traffic block,True
SLOT-01526,Guntakal-SEC-04,2026-10-17,00:00,03:00,3,Night block,True
SLOT-01527,Hyderabad-SEC-07,2026-09-19,05:00,09:00,4,Night block,True
SLOT-01528,Guntakal-SEC-05,2026-10-05,01:00,02:00,1,Day block,True
SLOT-01529,Hyderabad-SEC-08,2026-10-09,04:00,06:00,2,Traffic block,False
SLOT-01530,Hyderabad-SEC-06,2026-09-12,02:00,04:00,2,Night block,True
SLOT-01531,Hyderabad-SEC-01,2026-10-08,05:00,07:00,2,Day block,True
SLOT-01532,Secunderabad-SEC-05,2026-10-29,00:00,01:00,1,Traffic block,True
SLOT-01533,Vijayawada-SEC-07,2026-09-10,02:00,06:00,4,Night block,True
SLOT-01534,Hyderabad-SEC-02,2026-09-16,00:00,01:00,1,Day block,True
SLOT-01535,Guntakal-SEC-02,2026-09-08,00:00,02:00,2,Night block,False
SLOT-01536,Guntakal-SEC-01,2026-09-10,05:00,07:00,2,Night block,True
SLOT-01537,Hyderabad-SEC-07,2026-10-19,04:00,05:00,1,Traffic block,True
SLOT-01538,Hyderabad-SEC-04,2026-09-17,14:00,18:00,4,Night block,True
SLOT-01539,Vijayawada-SEC-01,2026-10-03,03:00,04:00,1,Night block,True
SLOT-01540,Guntur-SEC-05,2026-10-29,01:00,02:00,1,Night block,True
SLOT-01541,Hyderabad-SEC-06,2026-09-29,23:00,01:00,2,Traffic block,True
SLOT-01542,Guntakal-SEC-04,2026-10-28,01:00,02:00,1,Day block,False
SLOT-01543,Guntakal-SEC-04,2026-09-10,05:00,06:00,1,Night block,True
SLOT-01544,Vijayawada-SEC-06,2026-09-07,00:00,04:00,4,Traffic block,True
SLOT-01545,Hyderabad-SEC-04,2026-09-19,04:00,05:00,1,Traffic block,True
SLOT-01546,Guntur-SEC-06,2026-10-21,13:00,17:00,4,Night block,True
SLOT-01547,Guntur-SEC-04,2026-10-11,22:00,02:00,4,Traffic block,True
SLOT-01548,Guntur-SEC-03,2026-09-09,00:00,03:00,3,Night block,True
SLOT-01549,Guntakal-SEC-08,2026-10-21,22:00,23:00,1,Night block,True
SLOT-01550,Guntakal-SEC-04,2026-09-05,00:00,01:00,1,Night block,False
SLOT-01551,Guntakal-SEC-07,2026-10-29,23:00,01:00,2,Night block,True
SLOT-01552,Secunderabad-SEC-07,2026-09-08,14:00,18:00,4,Day block,False
SLOT-01553,Guntakal-SEC-05,2026-10-28,01:00,04:00,3,Traffic block,False
SLOT-01554,Hyderabad-SEC-01,2026-10-03,00:00,01:00,1,Night block,False
SLOT-01555,Secunderabad-SEC-02,2026-10-23,05:00,08:00,3,Night block,True
SLOT-01556,Secunderabad-SEC-03,2026-10-03,04:00,07:00,3,Day block,True
SLOT-01557,Secunderabad-SEC-01,2026-10-29,04:00,06:00,2,Traffic block,True
SLOT-01558,Guntur-SEC-07,2026-09-14,00:00,04:00,4,Day block,False
SLOT-01559,Guntakal-SEC-06,2026-10-30,02:00,06:00,4,Night block,True
SLOT-01560,Hyderabad-SEC-02,2026-10-26,04:00,07:00,3,Night block,True
SLOT-01561,Vijayawada-SEC-05,2026-09-21,22:00,23:00,1,Traffic block,True
SLOT-01562,Secunderabad-SEC-05,2026-09-04,03:00,07:00,4,Traffic block,True
SLOT-01563,Vijayawada-SEC-02,2026-09-16,03:00,06:00,3,Night block,True
SLOT-01564,Secunderabad-SEC-02,2026-09-28,02:00,06:00,4,Night block,True
SLOT-01565,Guntakal-SEC-08,2026-10-01,00:00,02:00,2,Night block,False
SLOT-01566,Secunderabad-SEC-03,2026-09-17,01:00,05:00,4,Night block,True
SLOT-01567,Guntakal-SEC-02,2026-09-15,04:00,05:00,1,Traffic block,True
SLOT-01568,Hyderabad-SEC-01,2026-10-07,02:00,05:00,3,Traffic block,True
SLOT-01569,Guntur-SEC-05,2026-10-17,04:00,08:00,4,Day block,True
SLOT-01570,Vijayawada-SEC-05,2026-09-15,00:00,03:00,3,Traffic block,True
SLOT-01571,Secunderabad-SEC-03,2026-10-13,05:00,06:00,1,Night block,True
SLOT-01572,Hyderabad-SEC-01,2026-09-23,03:00,06:00,3,Night block,False
SLOT-01573,Vijayawada-SEC-01,2026-10-09,02:00,05:00,3,Traffic block,True
SLOT-01574,Secunderabad-SEC-03,2026-10-17,23:00,02:00,3,Day block,False
SLOT-01575,Guntakal-SEC-01,2026-10-20,03:00,07:00,4,Traffic block,True
SLOT-01576,Secunderabad-SEC-05,2026-09-12,23:00,01:00,2,Day block,True
SLOT-01577,Guntakal-SEC-07,2026-09-22,13:00,16:00,3,Traffic block,True
SLOT-01578,Vijayawada-SEC-03,2026-10-28,02:00,03:00,1,Day block,True
SLOT-01579,Vijayawada-SEC-05,2026-10-05,04:00,08:00,4,Traffic block,True
SLOT-01580,Hyderabad-SEC-05,2026-10-27,02:00,06:00,4,Day block,True
SLOT-01581,Vijayawada-SEC-04,2026-10-20,04:00,08:00,4,Night block,True
SLOT-01582,Guntakal-SEC-08,2026-10-27,23:00,00:00,1,Night block,True
SLOT-01583,Vijayawada-SEC-03,2026-09-03,01:00,04:00,3,Night block,True
SLOT-01584,Hyderabad-SEC-01,2026-10-30,03:00,06:00,3,Night block,True
SLOT-01585,Guntur-SEC-05,2026-10-21,01:00,05:00,4,Day block,True
SLOT-01586,Secunderabad-SEC-02,2026-10-06,03:00,04:00,1,Traffic block,True
SLOT-01587,Vijayawada-SEC-08,2026-09-20,23:00,03:00,4,Night block,True
SLOT-01588,Guntakal-SEC-08,2026-09-15,03:00,07:00,4,Traffic block,True
SLOT-01589,Secunderabad-SEC-07,2026-10-02,05:00,07:00,2,Traffic block,False
SLOT-01590,Hyderabad-SEC-03,2026-09-25,01:00,03:00,2,Traffic block,True
SLOT-01591,Secunderabad-SEC-02,2026-10-28,00:00,01:00,1,Night block,True
SLOT-01592,Guntur-SEC-08,2026-10-24,05:00,06:00,1,Night block,True
SLOT-01593,Secunderabad-SEC-03,2026-09-12,02:00,06:00,4,Traffic block,True
SLOT-01594,Hyderabad-SEC-02,2026-10-08,14:00,17:00,3,Traffic block,True
SLOT-01595,Hyderabad-SEC-02,2026-10-17,04:00,06:00,2,Traffic block,True
SLOT-01596,Hyderabad-SEC-04,2026-10-30,00:00,02:00,2,Traffic block,True
SLOT-01597,Secunderabad-SEC-08,2026-10-11,04:00,06:00,2,Traffic block,True
SLOT-01598,Guntakal-SEC-04,2026-09-05,13:00,15:00,2,Traffic block,True
SLOT-01599,Guntakal-SEC-03,2026-10-02,14:00,16:00,2,Night block,True
SLOT-01600,Hyderabad-SEC-08,2026-10-21,03:00,05:00,2,Night block,True
SLOT-01601,Secunderabad-SEC-06,2026-10-24,05:00,09:00,4,Night block,True
SLOT-01602,Guntakal-SEC-07,2026-10-26,03:00,05:00,2,Night block,True
SLOT-01603,Hyderabad-SEC-08,2026-09-18,22:00,23:00,1,Night block,True
SLOT-01604,Hyderabad-SEC-01,2026-10-24,02:00,06:00,4,Night block,True
SLOT-01605,Vijayawada-SEC-07,2026-09-16,14:00,16:00,2,Night block,True
SLOT-01606,Secunderabad-SEC-01,2026-09-10,23:00,00:00,1,Night block,True
SLOT-01607,Hyderabad-SEC-03,2026-09-07,00:00,02:00,2,Day block,True
SLOT-01608,Guntakal-SEC-04,2026-09-01,14:00,17:00,3,Night block,True
SLOT-01609,Hyderabad-SEC-03,2026-10-21,13:00,15:00,2,Night block,True
SLOT-01610,Vijayawada-SEC-06,2026-09-17,22:00,01:00,3,Traffic block,False
SLOT-01611,Vijayawada-SEC-07,2026-10-31,00:00,03:00,3,Night block,False
SLOT-01612,Guntur-SEC-07,2026-09-22,05:00,06:00,1,Traffic block,True
SLOT-01613,Vijayawada-SEC-07,2026-10-06,02:00,03:00,1,Traffic block,True
SLOT-01614,Guntur-SEC-06,2026-10-12,01:00,04:00,3,Day block,True
SLOT-01615,Secunderabad-SEC-02,2026-10-02,03:00,05:00,2,Traffic block,True
SLOT-01616,Guntur-SEC-01,2026-09-15,05:00,08:00,3,Night block,True
SLOT-01617,Guntur-SEC-04,2026-10-23,22:00,02:00,4,Night block,False
SLOT-01618,Hyderabad-SEC-03,2026-09-29,02:00,03:00,1,Night block,False
SLOT-01619,Vijayawada-SEC-05,2026-10-04,03:00,05:00,2,Traffic block,True
SLOT-01620,Guntakal-SEC-04,2026-10-10,04:00,06:00,2,Traffic block,True
SLOT-01621,Guntakal-SEC-03,2026-09-02,02:00,06:00,4,Night block,True
SLOT-01622,Hyderabad-SEC-08,2026-09-12,04:00,07:00,3,Day block,True
SLOT-01623,Vijayawada-SEC-08,2026-10-17,03:00,04:00,1,Night block,True
SLOT-01624,Guntakal-SEC-07,2026-10-12,04:00,05:00,1,Traffic block,True
SLOT-01625,Secunderabad-SEC-06,2026-09-17,03:00,05:00,2,Night block,True
SLOT-01626,Guntakal-SEC-02,2026-10-28,23:00,00:00,1,Day block,True
SLOT-01627,Guntakal-SEC-02,2026-10-02,01:00,02:00,1,Traffic block,False
SLOT-01628,Vijayawada-SEC-02,2026-09-19,00:00,04:00,4,Night block,True
SLOT-01629,Guntakal-SEC-03,2026-09-27,01:00,03:00,2,Night block,True
SLOT-01630,Vijayawada-SEC-05,2026-10-21,03:00,07:00,4,Night block,False
SLOT-01631,Guntakal-SEC-05,2026-09-21,05:00,09:00,4,Night block,True
SLOT-01632,Secunderabad-SEC-08,2026-10-28,04:00,05:00,1,Traffic block,True
SLOT-01633,Guntur-SEC-06,2026-09-30,01:00,02:00,1,Traffic block,False
SLOT-01634,Hyderabad-SEC-05,2026-09-09,02:00,04:00,2,Day block,True
SLOT-01635,Guntakal-SEC-08,2026-09-09,22:00,01:00,3,Traffic block,True
SLOT-01636,Secunderabad-SEC-07,2026-10-08,00:00,02:00,2,Traffic block,True
SLOT-01637,Guntakal-SEC-05,2026-10-13,14:00,17:00,3,Night block,True
SLOT-01638,Hyderabad-SEC-06,2026-10-12,23:00,01:00,2,Traffic block,True
SLOT-01639,Guntur-SEC-04,2026-10-26,03:00,05:00,2,Night block,True
SLOT-01640,Vijayawada-SEC-07,2026-09-27,04:00,06:00,2,Night block,False
SLOT-01641,Guntur-SEC-08,2026-09-08,02:00,03:00,1,Night block,True
SLOT-01642,Guntur-SEC-08,2026-09-04,00:00,03:00,3,Night block,False
SLOT-01643,Guntakal-SEC-01,2026-09-11,22:00,02:00,4,Night block,True
SLOT-01644,Secunderabad-SEC-04,2026-09-12,13:00,16:00,3,Day block,False
SLOT-01645,Guntur-SEC-08,2026-09-19,14:00,17:00,3,Day block,True
SLOT-01646,Guntur-SEC-02,2026-09-26,14:00,16:00,2,Night block,True
SLOT-01647,Guntur-SEC-02,2026-09-02,22:00,00:00,2,Night block,True
SLOT-01648,Hyderabad-SEC-01,2026-10-08,14:00,17:00,3,Traffic block,True
SLOT-01649,Hyderabad-SEC-06,2026-09-14,04:00,08:00,4,Night block,False
SLOT-01650,Hyderabad-SEC-07,2026-10-30,03:00,06:00,3,Night block,True
SLOT-01651,Guntakal-SEC-06,2026-10-26,13:00,15:00,2,Traffic block,True
SLOT-01652,Guntakal-SEC-03,2026-09-10,13:00,15:00,2,Traffic block,True
SLOT-01653,Secunderabad-SEC-06,2026-10-04,22:00,00:00,2,Traffic block,True
SLOT-01654,Secunderabad-SEC-04,2026-09-06,03:00,07:00,4,Night block,True
SLOT-01655,Guntur-SEC-01,2026-09-29,03:00,05:00,2,Traffic block,True
SLOT-01656,Guntur-SEC-06,2026-10-12,14:00,17:00,3,Day block,False
SLOT-01657,Guntakal-SEC-04,2026-09-17,14:00,18:00,4,Traffic block,True
SLOT-01658,Guntakal-SEC-02,2026-09-22,03:00,05:00,2,Traffic block,True
SLOT-01659,Guntur-SEC-01,2026-10-08,14:00,15:00,1,Day block,True
SLOT-01660,Guntur-SEC-02,2026-09-10,04:00,06:00,2,Day block,True
SLOT-01661,Secunderabad-SEC-04,2026-10-19,13:00,15:00,2,Night block,False
SLOT-01662,Hyderabad-SEC-06,2026-10-04,02:00,04:00,2,Traffic block,True
SLOT-01663,Hyderabad-SEC-04,2026-10-08,01:00,05:00,4,Night block,True
SLOT-01664,Guntakal-SEC-08,2026-10-26,13:00,15:00,2,Day block,True
SLOT-01665,Hyderabad-SEC-01,2026-10-31,14:00,15:00,1,Traffic block,True
SLOT-01666,Hyderabad-SEC-05,2026-10-04,14:00,18:00,4,Night block,True
SLOT-01667,Secunderabad-SEC-08,2026-10-30,00:00,03:00,3,Traffic block,True
SLOT-01668,Hyderabad-SEC-08,2026-09-30,03:00,06:00,3,Night block,False
SLOT-01669,Hyderabad-SEC-02,2026-09-22,00:00,01:00,1,Day block,True
SLOT-01670,Guntakal-SEC-01,2026-09-30,23:00,01:00,2,Day block,False
SLOT-01671,Guntur-SEC-02,2026-10-20,01:00,05:00,4,Traffic block,False
SLOT-01672,Hyderabad-SEC-08,2026-10-31,00:00,04:00,4,Day block,False
SLOT-01673,Hyderabad-SEC-05,2026-09-26,22:00,02:00,4,Night block,False
SLOT-01674,Guntur-SEC-04,2026-10-17,14:00,18:00,4,Traffic block,True
SLOT-01675,Guntur-SEC-01,2026-09-25,03:00,06:00,3,Night block,True
SLOT-01676,Secunderabad-SEC-01,2026-09-02,14:00,17:00,3,Night block,True
SLOT-01677,Hyderabad-SEC-04,2026-09-18,01:00,03:00,2,Traffic block,True
SLOT-01678,Hyderabad-SEC-01,2026-10-07,00:00,01:00,1,Night block,True
SLOT-01679,Vijayawada-SEC-02,2026-10-21,22:00,00:00,2,Night block,False
SLOT-01680,Guntur-SEC-07,2026-10-09,00:00,04:00,4,Night block,True
SLOT-01681,Hyderabad-SEC-06,2026-10-13,22:00,02:00,4,Night block,True
SLOT-01682,Guntakal-SEC-08,2026-09-27,01:00,05:00,4,Night block,True
SLOT-01683,Vijayawada-SEC-03,2026-10-06,00:00,02:00,2,Traffic block,True
SLOT-01684,Vijayawada-SEC-02,2026-09-11,02:00,05:00,3,Night block,True
SLOT-01685,Secunderabad-SEC-06,2026-10-15,13:00,16:00,3,Night block,True
SLOT-01686,Guntakal-SEC-08,2026-10-06,13:00,17:00,4,Night block,True
SLOT-01687,Guntur-SEC-02,2026-09-23,14:00,15:00,1,Night block,True
SLOT-01688,Hyderabad-SEC-02,2026-09-13,03:00,05:00,2,Night block,False
SLOT-01689,Hyderabad-SEC-02,2026-09-17,00:00,01:00,1,Night block,True
SLOT-01690,Hyderabad-SEC-07,2026-09-05,14:00,18:00,4,Traffic block,True
SLOT-01691,Guntakal-SEC-08,2026-09-29,14:00,17:00,3,Night block,True
SLOT-01692,Guntakal-SEC-05,2026-10-07,22:00,01:00,3,Traffic block,True
SLOT-01693,Guntur-SEC-06,2026-09-02,05:00,08:00,3,Night block,True
SLOT-01694,Hyderabad-SEC-08,2026-09-09,13:00,16:00,3,Traffic block,True
SLOT-01695,Guntakal-SEC-05,2026-10-22,02:00,06:00,4,Night block,True
SLOT-01696,Guntakal-SEC-01,2026-10-28,14:00,15:00,1,Night block,False
SLOT-01697,Secunderabad-SEC-05,2026-10-15,13:00,17:00,4,Night block,True
SLOT-01698,Secunderabad-SEC-08,2026-10-17,00:00,01:00,1,Traffic block,False
SLOT-01699,Hyderabad-SEC-05,2026-10-01,14:00,18:00,4,Night block,True
SLOT-01700,Secunderabad-SEC-04,2026-09-12,02:00,03:00,1,Night block,False
SLOT-01701,Guntur-SEC-04,2026-09-20,02:00,04:00,2,Night block,True
SLOT-01702,Guntakal-SEC-06,2026-09-21,02:00,04:00,2,Night block,True
SLOT-01703,Vijayawada-SEC-03,2026-09-17,05:00,09:00,4,Night block,True
SLOT-01704,Vijayawada-SEC-02,2026-10-18,00:00,02:00,2,Night block,False
SLOT-01705,Secunderabad-SEC-02,2026-10-07,04:00,05:00,1,Night block,True
SLOT-01706,Guntur-SEC-02,2026-09-22,04:00,07:00,3,Night block,True
SLOT-01707,Secunderabad-SEC-07,2026-09-29,13:00,16:00,3,Night block,True
SLOT-01708,Vijayawada-SEC-07,2026-09-27,04:00,07:00,3,Night block,True
SLOT-01709,Vijayawada-SEC-04,2026-09-27,02:00,06:00,4,Night block,False
SLOT-01710,Vijayawada-SEC-02,2026-09-04,03:00,04:00,1,Night block,True
SLOT-01711,Secunderabad-SEC-01,2026-09-26,01:00,04:00,3,Night block,True
SLOT-01712,Hyderabad-SEC-01,2026-10-31,05:00,08:00,3,Night block,True
SLOT-01713,Hyderabad-SEC-06,2026-10-23,00:00,04:00,4,Day block,True
SLOT-01714,Hyderabad-SEC-04,2026-09-08,22:00,00:00,2,Night block,False
SLOT-01715,Secunderabad-SEC-05,2026-09-04,04:00,07:00,3,Day block,True
SLOT-01716,Secunderabad-SEC-07,2026-09-15,13:00,16:00,3,Night block,False
SLOT-01717,Secunderabad-SEC-04,2026-10-27,13:00,17:00,4,Night block,True
SLOT-01718,Secunderabad-SEC-02,2026-09-13,23:00,00:00,1,Night block,False
SLOT-01719,Guntur-SEC-07,2026-10-10,00:00,03:00,3,Night block,True
SLOT-01720,Guntur-SEC-08,2026-09-22,01:00,04:00,3,Night block,True
SLOT-01721,Vijayawada-SEC-04,2026-10-24,23:00,03:00,4,Day block,True
SLOT-01722,Hyderabad-SEC-05,2026-10-18,14:00,18:00,4,Night block,False
SLOT-01723,Secunderabad-SEC-01,2026-10-26,00:00,03:00,3,Traffic block,True
SLOT-01724,Vijayawada-SEC-05,2026-09-11,13:00,16:00,3,Day block,True
SLOT-01725,Secunderabad-SEC-01,2026-10-23,04:00,06:00,2,Traffic block,False
SLOT-01726,Secunderabad-SEC-01,2026-09-03,22:00,02:00,4,Night block,True
SLOT-01727,Vijayawada-SEC-05,2026-10-31,03:00,06:00,3,Day block,True
SLOT-01728,Hyderabad-SEC-08,2026-09-15,04:00,06:00,2,Traffic block,True
SLOT-01729,Guntakal-SEC-03,2026-09-29,04:00,08:00,4,Night block,False
SLOT-01730,Guntur-SEC-08,2026-09-15,02:00,05:00,3,Night block,True
SLOT-01731,Secunderabad-SEC-07,2026-09-22,13:00,14:00,1,Night block,True
SLOT-01732,Secunderabad-SEC-06,2026-09-12,04:00,06:00,2,Night block,True
SLOT-01733,Guntur-SEC-06,2026-10-07,02:00,05:00,3,Traffic block,False
SLOT-01734,Guntur-SEC-02,2026-09-08,14:00,17:00,3,Night block,True
SLOT-01735,Vijayawada-SEC-06,2026-10-16,00:00,01:00,1,Traffic block,False
SLOT-01736,Hyderabad-SEC-02,2026-09-18,01:00,05:00,4,Night block,True
SLOT-01737,Secunderabad-SEC-04,2026-09-26,23:00,03:00,4,Traffic block,True
SLOT-01738,Vijayawada-SEC-07,2026-10-20,02:00,06:00,4,Night block,True
SLOT-01739,Secunderabad-SEC-07,2026-10-22,05:00,06:00,1,Traffic block,True
SLOT-01740,Hyderabad-SEC-06,2026-09-09,02:00,04:00,2,Night block,True
SLOT-01741,Secunderabad-SEC-05,2026-10-19,03:00,05:00,2,Traffic block,True
SLOT-01742,Guntakal-SEC-05,2026-10-21,00:00,02:00,2,Day block,True
SLOT-01743,Secunderabad-SEC-02,2026-10-02,02:00,05:00,3,Night block,True
SLOT-01744,Hyderabad-SEC-01,2026-09-30,03:00,06:00,3,Night block,True
SLOT-01745,Guntakal-SEC-08,2026-10-23,01:00,05:00,4,Day block,False
SLOT-01746,Hyderabad-SEC-03,2026-10-17,05:00,08:00,3,Night block,True
SLOT-01747,Vijayawada-SEC-08,2026-09-08,13:00,14:00,1,Day block,True
SLOT-01748,Hyderabad-SEC-01,2026-09-28,03:00,06:00,3,Night block,True
SLOT-01749,Guntur-SEC-03,2026-10-20,05:00,09:00,4,Traffic block,True
SLOT-01750,Vijayawada-SEC-01,2026-10-04,00:00,04:00,4,Day block,False
SLOT-01751,Guntakal-SEC-05,2026-10-21,02:00,03:00,1,Night block,True
SLOT-01752,Hyderabad-SEC-07,2026-10-19,05:00,07:00,2,Night block,False
SLOT-01753,Guntakal-SEC-06,2026-09-25,13:00,17:00,4,Traffic block,True
SLOT-01754,Hyderabad-SEC-08,2026-09-29,01:00,03:00,2,Night block,True
SLOT-01755,Vijayawada-SEC-01,2026-10-09,02:00,03:00,1,Night block,True
SLOT-01756,Vijayawada-SEC-06,2026-10-06,05:00,07:00,2,Night block,True
SLOT-01757,Guntakal-SEC-05,2026-10-15,05:00,08:00,3,Traffic block,True
SLOT-01758,Hyderabad-SEC-01,2026-09-21,05:00,08:00,3,Night block,False
SLOT-01759,Hyderabad-SEC-07,2026-10-03,00:00,04:00,4,Day block,True
SLOT-01760,Hyderabad-SEC-06,2026-10-21,22:00,02:00,4,Night block,True
SLOT-01761,Hyderabad-SEC-07,2026-10-08,23:00,02:00,3,Day block,False
SLOT-01762,Guntakal-SEC-04,2026-10-20,04:00,05:00,1,Night block,True
SLOT-01763,Guntur-SEC-01,2026-10-08,00:00,03:00,3,Day block,True
SLOT-01764,Vijayawada-SEC-01,2026-09-07,23:00,00:00,1,Night block,True
SLOT-01765,Guntur-SEC-08,2026-09-30,14:00,16:00,2,Night block,False
SLOT-01766,Hyderabad-SEC-01,2026-10-27,01:00,04:00,3,Night block,True
SLOT-01767,Hyderabad-SEC-06,2026-09-15,03:00,05:00,2,Traffic block,True
SLOT-01768,Guntur-SEC-06,2026-09-29,00:00,03:00,3,Night block,True
SLOT-01769,Vijayawada-SEC-01,2026-09-23,03:00,06:00,3,Night block,True
SLOT-01770,Guntur-SEC-05,2026-10-08,01:00,03:00,2,Night block,True
SLOT-01771,Vijayawada-SEC-08,2026-09-09,05:00,08:00,3,Traffic block,True
SLOT-01772,Secunderabad-SEC-02,2026-09-20,01:00,05:00,4,Night block,True
SLOT-01773,Vijayawada-SEC-01,2026-09-07,02:00,03:00,1,Night block,False
SLOT-01774,Guntakal-SEC-05,2026-09-20,04:00,07:00,3,Day block,True
SLOT-01775,Guntakal-SEC-07,2026-09-01,02:00,05:00,3,Traffic block,True
SLOT-01776,Secunderabad-SEC-02,2026-10-14,01:00,05:00,4,Traffic block,True
SLOT-01777,Secunderabad-SEC-01,2026-10-02,01:00,03:00,2,Traffic block,True
SLOT-01778,Hyderabad-SEC-06,2026-10-25,14:00,16:00,2,Night block,True
SLOT-01779,Guntakal-SEC-06,2026-10-31,01:00,04:00,3,Day block,True
SLOT-01780,Secunderabad-SEC-01,2026-09-29,03:00,07:00,4,Night block,True
SLOT-01781,Vijayawada-SEC-08,2026-10-11,02:00,05:00,3,Night block,True
SLOT-01782,Secunderabad-SEC-02,2026-09-07,02:00,03:00,1,Night block,True
SLOT-01783,Guntur-SEC-04,2026-10-16,03:00,06:00,3,Night block,True
SLOT-01784,Guntakal-SEC-06,2026-09-24,00:00,01:00,1,Night block,True
SLOT-01785,Vijayawada-SEC-08,2026-09-06,02:00,06:00,4,Night block,True
SLOT-01786,Guntur-SEC-06,2026-09-29,05:00,09:00,4,Night block,False
SLOT-01787,Hyderabad-SEC-01,2026-10-20,03:00,07:00,4,Night block,True
SLOT-01788,Vijayawada-SEC-02,2026-09-03,23:00,02:00,3,Night block,True
SLOT-01789,Hyderabad-SEC-01,2026-10-24,05:00,07:00,2,Night block,True
SLOT-01790,Hyderabad-SEC-06,2026-10-13,23:00,00:00,1,Day block,True
SLOT-01791,Secunderabad-SEC-03,2026-09-05,04:00,08:00,4,Night block,True
SLOT-01792,Secunderabad-SEC-04,2026-10-21,02:00,06:00,4,Day block,True
SLOT-01793,Hyderabad-SEC-08,2026-09-09,04:00,08:00,4,Night block,True
SLOT-01794,Secunderabad-SEC-06,2026-09-20,13:00,16:00,3,Night block,True
SLOT-01795,Hyderabad-SEC-01,2026-10-22,22:00,00:00,2,Night block,True
SLOT-01796,Vijayawada-SEC-05,2026-10-10,13:00,17:00,4,Traffic block,True
SLOT-01797,Guntur-SEC-05,2026-10-14,14:00,16:00,2,Traffic block,True
SLOT-01798,Vijayawada-SEC-03,2026-09-17,23:00,01:00,2,Day block,True
SLOT-01799,Vijayawada-SEC-08,2026-09-15,02:00,05:00,3,Traffic block,False
SLOT-01800,Secunderabad-SEC-05,2026-10-04,13:00,16:00,3,Night block,True
SLOT-01801,Hyderabad-SEC-06,2026-10-23,02:00,06:00,4,Night block,True
SLOT-01802,Guntakal-SEC-08,2026-10-17,13:00,16:00,3,Day block,True
SLOT-01803,Secunderabad-SEC-06,2026-10-29,13:00,14:00,1,Night block,False
SLOT-01804,Hyderabad-SEC-02,2026-10-14,01:00,03:00,2,Traffic block,True
SLOT-01805,Secunderabad-SEC-04,2026-09-12,05:00,09:00,4,Night block,True
SLOT-01806,Guntakal-SEC-02,2026-10-01,13:00,14:00,1,Night block,True
SLOT-01807,Guntakal-SEC-04,2026-09-10,04:00,05:00,1,Night block,True
SLOT-01808,Guntur-SEC-03,2026-09-21,13:00,15:00,2,Night block,False
SLOT-01809,Secunderabad-SEC-04,2026-09-17,13:00,16:00,3,Night block,False
SLOT-01810,Secunderabad-SEC-02,2026-09-29,02:00,05:00,3,Night block,True
SLOT-01811,Guntur-SEC-01,2026-10-15,00:00,03:00,3,Traffic block,True
SLOT-01812,Vijayawada-SEC-06,2026-10-10,14:00,16:00,2,Night block,True
SLOT-01813,Guntur-SEC-01,2026-10-21,23:00,01:00,2,Night block,True
SLOT-01814,Vijayawada-SEC-04,2026-09-20,02:00,05:00,3,Night block,True
SLOT-01815,Secunderabad-SEC-05,2026-09-12,22:00,02:00,4,Day block,True
SLOT-01816,Secunderabad-SEC-07,2026-09-09,22:00,00:00,2,Night block,True
SLOT-01817,Guntakal-SEC-02,2026-10-24,23:00,03:00,4,Night block,True
SLOT-01818,Guntakal-SEC-03,2026-10-13,22:00,23:00,1,Day block,True
SLOT-01819,Secunderabad-SEC-03,2026-09-27,22:00,23:00,1,Night block,True
SLOT-01820,Guntur-SEC-02,2026-09-06,00:00,03:00,3,Traffic block,True
SLOT-01821,Guntur-SEC-07,2026-10-24,03:00,05:00,2,Night block,True
SLOT-01822,Guntur-SEC-02,2026-10-03,04:00,05:00,1,Night block,False
SLOT-01823,Guntakal-SEC-02,2026-09-30,01:00,05:00,4,Night block,True
SLOT-01824,Vijayawada-SEC-05,2026-10-11,22:00,02:00,4,Traffic block,True
SLOT-01825,Vijayawada-SEC-04,2026-09-02,05:00,08:00,3,Night block,True
SLOT-01826,Hyderabad-SEC-01,2026-09-02,14:00,18:00,4,Traffic block,True
SLOT-01827,Guntur-SEC-07,2026-09-01,01:00,05:00,4,Traffic block,True
SLOT-01828,Vijayawada-SEC-01,2026-10-29,00:00,02:00,2,Day block,True
SLOT-01829,Vijayawada-SEC-01,2026-10-02,00:00,04:00,4,Night block,True
SLOT-01830,Hyderabad-SEC-04,2026-09-05,03:00,07:00,4,Night block,True
SLOT-01831,Guntur-SEC-01,2026-10-15,02:00,04:00,2,Night block,False
SLOT-01832,Guntakal-SEC-08,2026-10-12,01:00,03:00,2,Day block,True
SLOT-01833,Guntakal-SEC-08,2026-10-05,23:00,03:00,4,Night block,True
SLOT-01834,Hyderabad-SEC-07,2026-10-30,05:00,07:00,2,Night block,False
SLOT-01835,Guntakal-SEC-06,2026-10-25,00:00,01:00,1,Night block,True
SLOT-01836,Secunderabad-SEC-06,2026-10-18,00:00,04:00,4,Day block,True
SLOT-01837,Secunderabad-SEC-01,2026-09-24,22:00,23:00,1,Day block,True
SLOT-01838,Guntakal-SEC-01,2026-09-14,23:00,00:00,1,Night block,True
SLOT-01839,Hyderabad-SEC-01,2026-09-16,02:00,04:00,2,Traffic block,False
SLOT-01840,Secunderabad-SEC-04,2026-09-11,01:00,02:00,1,Night block,True
SLOT-01841,Guntur-SEC-02,2026-10-13,00:00,02:00,2,Traffic block,True
SLOT-01842,Vijayawada-SEC-04,2026-10-04,01:00,04:00,3,Day block,True
SLOT-01843,Guntakal-SEC-07,2026-10-27,13:00,14:00,1,Traffic block,True
SLOT-01844,Secunderabad-SEC-08,2026-10-19,05:00,08:00,3,Day block,True
SLOT-01845,Vijayawada-SEC-05,2026-09-25,01:00,02:00,1,Night block,True
SLOT-01846,Vijayawada-SEC-07,2026-10-31,13:00,17:00,4,Traffic block,False
SLOT-01847,Guntakal-SEC-04,2026-09-19,23:00,01:00,2,Night block,True
SLOT-01848,Vijayawada-SEC-07,2026-09-04,03:00,06:00,3,Day block,True
SLOT-01849,Guntur-SEC-06,2026-10-06,04:00,07:00,3,Traffic block,True
SLOT-01850,Secunderabad-SEC-05,2026-09-07,05:00,08:00,3,Night block,True
SLOT-01851,Guntur-SEC-03,2026-10-29,00:00,04:00,4,Night block,True
SLOT-01852,Guntur-SEC-05,2026-10-03,14:00,18:00,4,Night block,True
SLOT-01853,Secunderabad-SEC-05,2026-10-01,22:00,00:00,2,Day block,True
SLOT-01854,Secunderabad-SEC-07,2026-10-26,04:00,08:00,4,Night block,True
SLOT-01855,Hyderabad-SEC-03,2026-10-17,00:00,02:00,2,Night block,True
SLOT-01856,Vijayawada-SEC-01,2026-10-31,14:00,16:00,2,Night block,False
SLOT-01857,Hyderabad-SEC-08,2026-09-28,23:00,02:00,3,Night block,True
SLOT-01858,Vijayawada-SEC-02,2026-09-07,14:00,17:00,3,Traffic block,True
SLOT-01859,Guntakal-SEC-05,2026-10-06,23:00,02:00,3,Night block,True
SLOT-01860,Hyderabad-SEC-04,2026-09-19,04:00,06:00,2,Day block,True
SLOT-01861,Guntur-SEC-02,2026-10-27,22:00,01:00,3,Night block,True
SLOT-01862,Guntur-SEC-06,2026-10-28,23:00,02:00,3,Traffic block,False
SLOT-01863,Guntur-SEC-06,2026-09-13,22:00,23:00,1,Night block,True
SLOT-01864,Guntur-SEC-05,2026-10-07,23:00,03:00,4,Day block,True
SLOT-01865,Guntakal-SEC-07,2026-10-30,13:00,14:00,1,Night block,True
SLOT-01866,Vijayawada-SEC-07,2026-10-25,02:00,06:00,4,Traffic block,True
SLOT-01867,Hyderabad-SEC-07,2026-10-28,01:00,05:00,4,Traffic block,True
SLOT-01868,Guntakal-SEC-03,2026-10-20,23:00,03:00,4,Night block,True
SLOT-01869,Hyderabad-SEC-05,2026-09-29,13:00,17:00,4,Day block,True
SLOT-01870,Hyderabad-SEC-06,2026-10-29,13:00,16:00,3,Traffic block,True
SLOT-01871,Hyderabad-SEC-03,2026-10-21,01:00,05:00,4,Night block,True
SLOT-01872,Secunderabad-SEC-03,2026-10-08,13:00,14:00,1,Traffic block,True
SLOT-01873,Hyderabad-SEC-08,2026-09-29,05:00,06:00,1,Night block,True
SLOT-01874,Guntur-SEC-03,2026-10-31,03:00,06:00,3,Traffic block,True
SLOT-01875,Secunderabad-SEC-04,2026-09-10,01:00,02:00,1,Day block,False
SLOT-01876,Vijayawada-SEC-04,2026-09-28,23:00,03:00,4,Day block,True
SLOT-01877,Guntur-SEC-07,2026-09-11,14:00,16:00,2,Night block,False
SLOT-01878,Vijayawada-SEC-04,2026-09-25,03:00,07:00,4,Night block,True
SLOT-01879,Hyderabad-SEC-02,2026-09-12,04:00,06:00,2,Night block,True
SLOT-01880,Secunderabad-SEC-05,2026-10-19,02:00,03:00,1,Night block,True
SLOT-01881,Hyderabad-SEC-08,2026-09-29,02:00,06:00,4,Night block,False
SLOT-01882,Guntur-SEC-04,2026-10-08,01:00,04:00,3,Traffic block,True
SLOT-01883,Secunderabad-SEC-01,2026-09-05,02:00,04:00,2,Traffic block,True
SLOT-01884,Guntakal-SEC-01,2026-10-14,05:00,08:00,3,Night block,True
SLOT-01885,Guntakal-SEC-02,2026-09-25,00:00,04:00,4,Day block,True
SLOT-01886,Secunderabad-SEC-01,2026-09-28,13:00,16:00,3,Traffic block,True
SLOT-01887,Vijayawada-SEC-05,2026-09-04,00:00,03:00,3,Night block,True
SLOT-01888,Hyderabad-SEC-01,2026-10-27,13:00,16:00,3,Day block,True
SLOT-01889,Vijayawada-SEC-01,2026-10-26,00:00,01:00,1,Traffic block,False
SLOT-01890,Guntakal-SEC-07,2026-10-17,23:00,03:00,4,Day block,True
SLOT-01891,Secunderabad-SEC-08,2026-09-20,04:00,06:00,2,Day block,True
SLOT-01892,Secunderabad-SEC-01,2026-09-14,04:00,06:00,2,Night block,True
SLOT-01893,Hyderabad-SEC-04,2026-09-30,02:00,03:00,1,Traffic block,True
SLOT-01894,Guntur-SEC-04,2026-09-27,22:00,02:00,4,Day block,True
SLOT-01895,Hyderabad-SEC-04,2026-09-08,14:00,18:00,4,Night block,True
SLOT-01896,Guntur-SEC-04,2026-10-01,01:00,03:00,2,Night block,True
SLOT-01897,Guntakal-SEC-06,2026-10-03,03:00,07:00,4,Traffic block,True
SLOT-01898,Hyderabad-SEC-03,2026-09-01,01:00,05:00,4,Day block,True
SLOT-01899,Secunderabad-SEC-07,2026-10-24,03:00,07:00,4,Traffic block,True
SLOT-01900,Vijayawada-SEC-03,2026-10-19,02:00,03:00,1,Night block,False
SLOT-01901,Secunderabad-SEC-02,2026-09-09,01:00,03:00,2,Traffic block,True
SLOT-01902,Guntakal-SEC-08,2026-09-02,23:00,03:00,4,Traffic block,True
SLOT-01903,Guntakal-SEC-01,2026-10-02,22:00,00:00,2,Traffic block,True
SLOT-01904,Secunderabad-SEC-05,2026-10-15,04:00,08:00,4,Night block,True
SLOT-01905,Hyderabad-SEC-04,2026-09-10,04:00,08:00,4,Night block,False
SLOT-01906,Guntur-SEC-06,2026-10-07,04:00,06:00,2,Night block,True
SLOT-01907,Secunderabad-SEC-08,2026-10-13,14:00,17:00,3,Night block,False
SLOT-01908,Secunderabad-SEC-06,2026-10-24,23:00,03:00,4,Night block,True
SLOT-01909,Vijayawada-SEC-08,2026-10-08,02:00,05:00,3,Night block,False
SLOT-01910,Hyderabad-SEC-06,2026-10-01,13:00,14:00,1,Night block,True
SLOT-01911,Secunderabad-SEC-07,2026-09-26,05:00,06:00,1,Traffic block,True
SLOT-01912,Guntur-SEC-01,2026-10-13,14:00,15:00,1,Traffic block,True
SLOT-01913,Secunderabad-SEC-05,2026-10-17,01:00,03:00,2,Traffic block,True
SLOT-01914,Secunderabad-SEC-04,2026-10-09,00:00,03:00,3,Night block,True
SLOT-01915,Guntur-SEC-02,2026-10-13,14:00,16:00,2,Day block,True
SLOT-01916,Vijayawada-SEC-08,2026-09-01,04:00,06:00,2,Traffic block,True
SLOT-01917,Hyderabad-SEC-04,2026-09-24,23:00,00:00,1,Traffic block,True
SLOT-01918,Vijayawada-SEC-07,2026-09-08,01:00,05:00,4,Traffic block,True
SLOT-01919,Guntur-SEC-03,2026-10-02,02:00,04:00,2,Night block,True
SLOT-01920,Guntur-SEC-01,2026-10-30,05:00,06:00,1,Day block,False
SLOT-01921,Hyderabad-SEC-02,2026-09-20,01:00,02:00,1,Night block,True
SLOT-01922,Guntakal-SEC-07,2026-10-22,23:00,01:00,2,Night block,True
SLOT-01923,Vijayawada-SEC-04,2026-10-15,04:00,07:00,3,Traffic block,True
SLOT-01924,Guntur-SEC-02,2026-09-28,01:00,04:00,3,Day block,True
SLOT-01925,Vijayawada-SEC-01,2026-09-09,00:00,04:00,4,Traffic block,True
SLOT-01926,Guntakal-SEC-02,2026-10-23,22:00,02:00,4,Night block,True
SLOT-01927,Hyderabad-SEC-04,2026-09-11,05:00,08:00,3,Day block,True
SLOT-01928,Vijayawada-SEC-07,2026-09-12,01:00,02:00,1,Traffic block,True
SLOT-01929,Guntakal-SEC-07,2026-09-25,00:00,03:00,3,Night block,True
SLOT-01930,Hyderabad-SEC-02,2026-10-11,00:00,04:00,4,Night block,False
SLOT-01931,Hyderabad-SEC-01,2026-09-01,22:00,02:00,4,Traffic block,True
SLOT-01932,Vijayawada-SEC-07,2026-10-04,04:00,08:00,4,Traffic block,True
SLOT-01933,Guntakal-SEC-01,2026-09-10,00:00,03:00,3,Night block,True
SLOT-01934,Guntur-SEC-04,2026-09-24,23:00,02:00,3,Day block,True
SLOT-01935,Secunderabad-SEC-02,2026-10-02,02:00,06:00,4,Traffic block,True
SLOT-01936,Vijayawada-SEC-03,2026-10-09,00:00,03:00,3,Traffic block,True
SLOT-01937,Hyderabad-SEC-08,2026-10-05,01:00,02:00,1,Traffic block,True
SLOT-01938,Secunderabad-SEC-06,2026-10-12,03:00,07:00,4,Night block,True
SLOT-01939,Secunderabad-SEC-05,2026-09-25,14:00,15:00,1,Night block,True
SLOT-01940,Vijayawada-SEC-04,2026-10-23,14:00,15:00,1,Night block,True
SLOT-01941,Secunderabad-SEC-06,2026-09-03,02:00,06:00,4,Night block,True
SLOT-01942,Vijayawada-SEC-06,2026-09-01,22:00,00:00,2,Traffic block,True
SLOT-01943,Hyderabad-SEC-06,2026-09-06,04:00,06:00,2,Day block,False
SLOT-01944,Vijayawada-SEC-08,2026-10-05,04:00,05:00,1,Traffic block,False
SLOT-01945,Vijayawada-SEC-08,2026-09-06,01:00,03:00,2,Night block,True
SLOT-01946,Vijayawada-SEC-07,2026-09-06,03:00,07:00,4,Night block,True
SLOT-01947,Guntur-SEC-07,2026-10-23,02:00,06:00,4,Traffic block,True
SLOT-01948,Secunderabad-SEC-03,2026-09-20,02:00,04:00,2,Night block,True
SLOT-01949,Hyderabad-SEC-01,2026-10-28,00:00,01:00,1,Night block,False
SLOT-01950,Guntur-SEC-06,2026-10-10,13:00,16:00,3,Night block,True
SLOT-01951,Guntur-SEC-06,2026-10-18,00:00,04:00,4,Night block,True
SLOT-01952,Guntakal-SEC-08,2026-09-16,23:00,00:00,1,Night block,True
SLOT-01953,Guntakal-SEC-04,2026-10-31,01:00,03:00,2,Night block,True
SLOT-01954,Guntakal-SEC-01,2026-09-17,22:00,01:00,3,Traffic block,True
SLOT-01955,Hyderabad-SEC-06,2026-09-23,04:00,07:00,3,Traffic block,True
SLOT-01956,Vijayawada-SEC-06,2026-09-17,04:00,05:00,1,Night block,True
SLOT-01957,Hyderabad-SEC-01,2026-09-24,05:00,06:00,1,Night block,True
SLOT-01958,Vijayawada-SEC-02,2026-10-11,01:00,05:00,4,Night block,True
SLOT-01959,Hyderabad-SEC-02,2026-10-13,14:00,17:00,3,Night block,True
SLOT-01960,Guntakal-SEC-06,2026-10-09,23:00,03:00,4,Night block,False
SLOT-01961,Secunderabad-SEC-01,2026-10-06,14:00,16:00,2,Traffic block,True
SLOT-01962,Guntur-SEC-08,2026-10-26,14:00,18:00,4,Night block,False
SLOT-01963,Hyderabad-SEC-04,2026-09-08,14:00,18:00,4,Night block,True
SLOT-01964,Vijayawada-SEC-01,2026-09-18,14:00,15:00,1,Traffic block,True
SLOT-01965,Secunderabad-SEC-01,2026-10-25,01:00,05:00,4,Night block,False
SLOT-01966,Hyderabad-SEC-02,2026-10-07,14:00,17:00,3,Traffic block,True
SLOT-01967,Hyderabad-SEC-06,2026-10-20,03:00,04:00,1,Night block,True
SLOT-01968,Guntakal-SEC-07,2026-10-14,01:00,05:00,4,Night block,True
SLOT-01969,Hyderabad-SEC-08,2026-09-02,14:00,15:00,1,Day block,False
SLOT-01970,Guntakal-SEC-06,2026-09-08,23:00,03:00,4,Night block,True
SLOT-01971,Vijayawada-SEC-04,2026-09-16,00:00,04:00,4,Day block,True
SLOT-01972,Hyderabad-SEC-08,2026-09-01,01:00,05:00,4,Day block,True
SLOT-01973,Guntakal-SEC-03,2026-09-11,05:00,07:00,2,Night block,True
SLOT-01974,Guntur-SEC-06,2026-09-08,23:00,01:00,2,Night block,True
SLOT-01975,Guntakal-SEC-03,2026-10-23,14:00,16:00,2,Day block,True
SLOT-01976,Hyderabad-SEC-02,2026-10-01,05:00,07:00,2,Night block,True
SLOT-01977,Hyderabad-SEC-04,2026-09-14,02:00,05:00,3,Traffic block,True
SLOT-01978,Hyderabad-SEC-07,2026-10-30,05:00,06:00,1,Night block,True
SLOT-01979,Guntur-SEC-03,2026-10-18,23:00,02:00,3,Traffic block,True
SLOT-01980,Vijayawada-SEC-08,2026-09-12,04:00,08:00,4,Day block,True
SLOT-01981,Secunderabad-SEC-08,2026-09-27,23:00,03:00,4,Day block,True
SLOT-01982,Guntur-SEC-08,2026-10-22,14:00,18:00,4,Traffic block,True
SLOT-01983,Guntakal-SEC-04,2026-09-15,23:00,03:00,4,Traffic block,True
SLOT-01984,Hyderabad-SEC-04,2026-10-14,04:00,06:00,2,Night block,True
SLOT-01985,Guntur-SEC-01,2026-10-17,23:00,03:00,4,Night block,True
SLOT-01986,Guntakal-SEC-07,2026-09-24,03:00,05:00,2,Night block,True
SLOT-01987,Vijayawada-SEC-06,2026-10-31,04:00,08:00,4,Night block,True
SLOT-01988,Guntakal-SEC-04,2026-10-18,05:00,08:00,3,Traffic block,True
SLOT-01989,Guntur-SEC-03,2026-09-26,22:00,01:00,3,Night block,True
SLOT-01990,Hyderabad-SEC-01,2026-09-13,13:00,15:00,2,Night block,True
SLOT-01991,Hyderabad-SEC-04,2026-09-02,01:00,02:00,1,Day block,False
SLOT-01992,Guntur-SEC-08,2026-09-12,01:00,03:00,2,Day block,True
SLOT-01993,Secunderabad-SEC-02,2026-10-29,02:00,03:00,1,Day block,False
SLOT-01994,Guntur-SEC-04,2026-10-11,05:00,09:00,4,Traffic block,True
SLOT-01995,Vijayawada-SEC-05,2026-10-05,13:00,14:00,1,Night block,True
SLOT-01996,Hyderabad-SEC-03,2026-10-23,13:00,14:00,1,Day block,False
SLOT-01997,Vijayawada-SEC-08,2026-10-31,13:00,16:00,3,Traffic block,True
SLOT-01998,Hyderabad-SEC-06,2026-09-22,22:00,23:00,1,Traffic block,True
SLOT-01999,Secunderabad-SEC-05,2026-10-03,04:00,05:00,1,Night block,True
SLOT-02000,Guntur-SEC-08,2026-09-16,05:00,06:00,1,Night block,True
SLOT-02001,Hyderabad-SEC-02,2026-09-20,23:00,03:00,4,Traffic block,True
SLOT-02002,Vijayawada-SEC-07,2026-09-12,02:00,05:00,3,Night block,False
SLOT-02003,Vijayawada-SEC-07,2026-10-23,03:00,07:00,4,Night block,False
SLOT-02004,Secunderabad-SEC-01,2026-10-23,02:00,04:00,2,Night block,False
SLOT-02005,Secunderabad-SEC-06,2026-10-02,23:00,01:00,2,Traffic block,True
SLOT-02006,Hyderabad-SEC-04,2026-09-12,22:00,23:00,1,Night block,False
SLOT-02007,Guntakal-SEC-05,2026-09-05,00:00,02:00,2,Night block,True
SLOT-02008,Guntakal-SEC-07,2026-10-28,22:00,23:00,1,Night block,False
SLOT-02009,Hyderabad-SEC-05,2026-09-27,00:00,03:00,3,Night block,True
SLOT-02010,Vijayawada-SEC-06,2026-09-03,23:00,02:00,3,Night block,True
SLOT-02011,Guntur-SEC-05,2026-09-26,22:00,01:00,3,Traffic block,True
SLOT-02012,Guntur-SEC-01,2026-10-22,04:00,07:00,3,Night block,True
SLOT-02013,Guntakal-SEC-01,2026-09-26,03:00,07:00,4,Night block,True
SLOT-02014,Secunderabad-SEC-01,2026-09-03,03:00,04:00,1,Night block,True
SLOT-02015,Guntur-SEC-02,2026-10-22,02:00,04:00,2,Night block,True
SLOT-02016,Guntakal-SEC-08,2026-09-16,00:00,01:00,1,Traffic block,True
SLOT-02017,Secunderabad-SEC-06,2026-10-08,04:00,05:00,1,Traffic block,True
SLOT-02018,Vijayawada-SEC-01,2026-10-08,05:00,07:00,2,Night block,True
SLOT-02019,Hyderabad-SEC-01,2026-09-07,22:00,02:00,4,Traffic block,True
SLOT-02020,Guntakal-SEC-04,2026-09-25,05:00,09:00,4,Traffic block,True
SLOT-02021,Guntur-SEC-05,2026-09-03,14:00,15:00,1,Day block,True
SLOT-02022,Vijayawada-SEC-08,2026-10-11,14:00,16:00,2,Traffic block,True
SLOT-02023,Guntakal-SEC-08,2026-09-06,04:00,06:00,2,Night block,True
SLOT-02024,Guntakal-SEC-05,2026-09-23,04:00,08:00,4,Traffic block,True
SLOT-02025,Hyderabad-SEC-03,2026-10-27,04:00,08:00,4,Traffic block,True
SLOT-02026,Secunderabad-SEC-03,2026-09-04,23:00,03:00,4,Night block,False
SLOT-02027,Hyderabad-SEC-05,2026-09-01,23:00,00:00,1,Day block,True
SLOT-02028,Hyderabad-SEC-07,2026-09-15,05:00,06:00,1,Night block,True
SLOT-02029,Hyderabad-SEC-03,2026-10-21,05:00,08:00,3,Night block,True
SLOT-02030,Hyderabad-SEC-01,2026-10-09,13:00,16:00,3,Night block,True
SLOT-02031,Guntur-SEC-01,2026-10-07,05:00,08:00,3,Day block,True
SLOT-02032,Guntakal-SEC-05,2026-10-28,13:00,17:00,4,Traffic block,True
SLOT-02033,Guntur-SEC-04,2026-10-29,01:00,03:00,2,Night block,True
SLOT-02034,Secunderabad-SEC-06,2026-10-19,05:00,07:00,2,Night block,True
SLOT-02035,Guntakal-SEC-03,2026-09-02,01:00,04:00,3,Night block,True
SLOT-02036,Hyderabad-SEC-06,2026-10-16,04:00,06:00,2,Night block,True
SLOT-02037,Secunderabad-SEC-07,2026-09-30,02:00,04:00,2,Night block,True
SLOT-02038,Guntakal-SEC-01,2026-09-12,02:00,03:00,1,Night block,True
SLOT-02039,Secunderabad-SEC-06,2026-10-14,23:00,02:00,3,Night block,True
SLOT-02040,Guntur-SEC-07,2026-09-14,04:00,05:00,1,Day block,True
SLOT-02041,Guntur-SEC-05,2026-09-10,03:00,04:00,1,Traffic block,True
SLOT-02042,Guntakal-SEC-05,2026-10-02,01:00,03:00,2,Night block,True
SLOT-02043,Guntur-SEC-05,2026-09-30,04:00,08:00,4,Night block,False
SLOT-02044,Guntakal-SEC-08,2026-09-14,05:00,07:00,2,Night block,True
SLOT-02045,Vijayawada-SEC-08,2026-10-22,05:00,08:00,3,Day block,True
SLOT-02046,Guntakal-SEC-06,2026-09-08,05:00,08:00,3,Night block,True
SLOT-02047,Guntur-SEC-03,2026-10-30,00:00,03:00,3,Night block,True
SLOT-02048,Guntakal-SEC-03,2026-09-16,00:00,03:00,3,Day block,True
SLOT-02049,Secunderabad-SEC-03,2026-09-28,04:00,05:00,1,Traffic block,True
SLOT-02050,Vijayawada-SEC-02,2026-09-24,00:00,04:00,4,Day block,True
SLOT-02051,Guntur-SEC-08,2026-09-22,14:00,15:00,1,Night block,False
SLOT-02052,Secunderabad-SEC-02,2026-10-04,22:00,23:00,1,Traffic block,True
SLOT-02053,Guntakal-SEC-06,2026-10-04,04:00,07:00,3,Night block,True
SLOT-02054,Guntakal-SEC-05,2026-10-28,02:00,06:00,4,Night block,True
SLOT-02055,Guntakal-SEC-01,2026-10-01,13:00,14:00,1,Day block,True
SLOT-02056,Guntur-SEC-02,2026-10-06,03:00,06:00,3,Night block,True
SLOT-02057,Hyderabad-SEC-02,2026-09-16,04:00,07:00,3,Traffic block,True
SLOT-02058,Guntakal-SEC-08,2026-09-24,04:00,08:00,4,Day block,True
SLOT-02059,Guntakal-SEC-02,2026-09-12,23:00,02:00,3,Night block,True
SLOT-02060,Guntur-SEC-04,2026-10-07,03:00,07:00,4,Night block,True
SLOT-02061,Vijayawada-SEC-02,2026-10-27,01:00,02:00,1,Night block,True
SLOT-02062,Hyderabad-SEC-05,2026-10-04,00:00,03:00,3,Night block,True
SLOT-02063,Vijayawada-SEC-05,2026-10-29,04:00,06:00,2,Night block,True
SLOT-02064,Guntur-SEC-04,2026-10-29,03:00,06:00,3,Day block,True
SLOT-02065,Secunderabad-SEC-04,2026-09-24,05:00,09:00,4,Night block,True
SLOT-02066,Hyderabad-SEC-05,2026-09-03,04:00,07:00,3,Night block,True
SLOT-02067,Guntur-SEC-03,2026-09-12,03:00,05:00,2,Night block,False
SLOT-02068,Vijayawada-SEC-06,2026-09-05,02:00,03:00,1,Traffic block,True
SLOT-02069,Secunderabad-SEC-08,2026-10-14,00:00,02:00,2,Night block,True
SLOT-02070,Hyderabad-SEC-04,2026-09-02,00:00,04:00,4,Traffic block,True
SLOT-02071,Hyderabad-SEC-04,2026-10-09,22:00,23:00,1,Traffic block,True
SLOT-02072,Hyderabad-SEC-04,2026-10-20,14:00,15:00,1,Day block,True
SLOT-02073,Guntur-SEC-01,2026-10-31,13:00,16:00,3,Traffic block,False
SLOT-02074,Secunderabad-SEC-06,2026-09-28,05:00,06:00,1,Day block,True
SLOT-02075,Hyderabad-SEC-03,2026-09-05,02:00,06:00,4,Night block,True
SLOT-02076,Secunderabad-SEC-03,2026-09-07,04:00,05:00,1,Night block,True
SLOT-02077,Hyderabad-SEC-07,2026-09-15,04:00,08:00,4,Traffic block,True
SLOT-02078,Hyderabad-SEC-02,2026-09-17,14:00,16:00,2,Night block,True
SLOT-02079,Hyderabad-SEC-06,2026-09-21,03:00,07:00,4,Night block,True
SLOT-02080,Hyderabad-SEC-02,2026-09-01,01:00,04:00,3,Traffic block,True
SLOT-02081,Guntakal-SEC-08,2026-10-04,04:00,08:00,4,Night block,True
SLOT-02082,Vijayawada-SEC-06,2026-09-12,03:00,04:00,1,Night block,True
SLOT-02083,Hyderabad-SEC-07,2026-09-09,13:00,17:00,4,Night block,True
SLOT-02084,Vijayawada-SEC-07,2026-10-03,05:00,08:00,3,Day block,True
SLOT-02085,Secunderabad-SEC-04,2026-09-23,01:00,02:00,1,Traffic block,False
SLOT-02086,Guntur-SEC-06,2026-10-25,13:00,14:00,1,Night block,True
SLOT-02087,Guntur-SEC-03,2026-09-09,04:00,07:00,3,Night block,True
SLOT-02088,Secunderabad-SEC-01,2026-10-23,04:00,05:00,1,Night block,True
SLOT-02089,Secunderabad-SEC-04,2026-10-11,02:00,06:00,4,Traffic block,True
SLOT-02090,Vijayawada-SEC-05,2026-10-30,05:00,09:00,4,Night block,False
SLOT-02091,Hyderabad-SEC-02,2026-10-08,05:00,09:00,4,Night block,True
SLOT-02092,Guntur-SEC-08,2026-09-22,03:00,04:00,1,Night block,True
SLOT-02093,Secunderabad-SEC-05,2026-09-01,05:00,07:00,2,Night block,False
SLOT-02094,Guntur-SEC-03,2026-09-23,13:00,15:00,2,Traffic block,True
SLOT-02095,Guntakal-SEC-01,2026-09-13,04:00,05:00,1,Day block,True
SLOT-02096,Secunderabad-SEC-02,2026-10-30,00:00,02:00,2,Night block,True
SLOT-02097,Secunderabad-SEC-05,2026-10-22,02:00,06:00,4,Night block,True
SLOT-02098,Guntur-SEC-01,2026-09-26,02:00,05:00,3,Day block,True
SLOT-02099,Guntur-SEC-07,2026-10-05,14:00,17:00,3,Night block,True
SLOT-02100,Hyderabad-SEC-01,2026-09-20,22:00,01:00,3,Night block,True
SLOT-02101,Vijayawada-SEC-04,2026-10-21,14:00,17:00,3,Traffic block,False
SLOT-02102,Vijayawada-SEC-02,2026-09-05,23:00,02:00,3,Night block,True
SLOT-02103,Guntakal-SEC-03,2026-10-26,14:00,15:00,1,Night block,True
SLOT-02104,Guntur-SEC-04,2026-09-05,13:00,16:00,3,Traffic block,True
SLOT-02105,Hyderabad-SEC-01,2026-10-11,23:00,00:00,1,Day block,True
SLOT-02106,Vijayawada-SEC-08,2026-10-15,22:00,00:00,2,Night block,True
SLOT-02107,Secunderabad-SEC-06,2026-09-20,05:00,08:00,3,Night block,True
SLOT-02108,Vijayawada-SEC-06,2026-09-13,00:00,04:00,4,Night block,False
SLOT-02109,Hyderabad-SEC-01,2026-09-11,04:00,06:00,2,Traffic block,True
SLOT-02110,Vijayawada-SEC-02,2026-10-02,00:00,03:00,3,Day block,True
SLOT-02111,Vijayawada-SEC-07,2026-09-18,04:00,07:00,3,Traffic block,True
SLOT-02112,Vijayawada-SEC-06,2026-10-22,04:00,08:00,4,Night block,True
SLOT-02113,Guntur-SEC-04,2026-10-25,05:00,06:00,1,Night block,True
SLOT-02114,Secunderabad-SEC-05,2026-10-31,05:00,07:00,2,Traffic block,True
SLOT-02115,Hyderabad-SEC-02,2026-09-06,05:00,08:00,3,Traffic block,True
SLOT-02116,Vijayawada-SEC-03,2026-09-13,13:00,17:00,4,Night block,True
SLOT-02117,Hyderabad-SEC-04,2026-09-12,03:00,05:00,2,Night block,True
SLOT-02118,Secunderabad-SEC-05,2026-09-16,23:00,02:00,3,Traffic block,True
SLOT-02119,Guntakal-SEC-01,2026-10-07,04:00,07:00,3,Night block,True
SLOT-02120,Guntur-SEC-07,2026-09-26,22:00,23:00,1,Night block,False
SLOT-02121,Secunderabad-SEC-06,2026-10-19,03:00,05:00,2,Night block,True
SLOT-02122,Guntur-SEC-07,2026-09-13,00:00,01:00,1,Night block,True
SLOT-02123,Vijayawada-SEC-07,2026-09-29,05:00,09:00,4,Traffic block,True
SLOT-02124,Guntakal-SEC-02,2026-10-24,05:00,06:00,1,Traffic block,True
SLOT-02125,Vijayawada-SEC-07,2026-10-19,03:00,04:00,1,Night block,True
SLOT-02126,Guntakal-SEC-01,2026-10-24,22:00,02:00,4,Night block,True
SLOT-02127,Secunderabad-SEC-06,2026-10-24,05:00,06:00,1,Night block,False
SLOT-02128,Guntakal-SEC-07,2026-09-22,01:00,05:00,4,Night block,True
SLOT-02129,Guntakal-SEC-01,2026-09-10,01:00,03:00,2,Night block,False
SLOT-02130,Guntur-SEC-07,2026-10-26,01:00,04:00,3,Traffic block,False
SLOT-02131,Vijayawada-SEC-03,2026-10-27,02:00,04:00,2,Day block,False
SLOT-02132,Guntakal-SEC-03,2026-09-22,03:00,04:00,1,Day block,True
SLOT-02133,Guntakal-SEC-05,2026-09-06,13:00,16:00,3,Traffic block,False
SLOT-02134,Secunderabad-SEC-07,2026-10-06,00:00,03:00,3,Night block,True
SLOT-02135,Hyderabad-SEC-02,2026-09-21,03:00,04:00,1,Day block,True
SLOT-02136,Vijayawada-SEC-03,2026-09-02,14:00,18:00,4,Day block,True
SLOT-02137,Hyderabad-SEC-06,2026-09-03,23:00,03:00,4,Day block,True
SLOT-02138,Guntur-SEC-04,2026-09-22,23:00,00:00,1,Night block,True
SLOT-02139,Guntur-SEC-08,2026-09-02,22:00,02:00,4,Night block,True
SLOT-02140,Guntur-SEC-05,2026-10-29,04:00,05:00,1,Night block,True
SLOT-02141,Guntur-SEC-04,2026-10-27,05:00,09:00,4,Night block,True
SLOT-02142,Hyderabad-SEC-02,2026-10-28,13:00,17:00,4,Night block,False
SLOT-02143,Hyderabad-SEC-03,2026-09-22,01:00,05:00,4,Day block,True
SLOT-02144,Hyderabad-SEC-04,2026-10-30,05:00,07:00,2,Day block,True
SLOT-02145,Hyderabad-SEC-08,2026-09-20,00:00,01:00,1,Traffic block,True
SLOT-02146,Guntakal-SEC-03,2026-10-30,01:00,04:00,3,Traffic block,True
SLOT-02147,Hyderabad-SEC-06,2026-10-06,05:00,06:00,1,Night block,True
SLOT-02148,Secunderabad-SEC-06,2026-09-06,13:00,17:00,4,Traffic block,True
SLOT-02149,Vijayawada-SEC-05,2026-09-18,22:00,23:00,1,Day block,True
SLOT-02150,Guntakal-SEC-01,2026-10-10,13:00,17:00,4,Night block,True
SLOT-02151,Secunderabad-SEC-07,2026-10-15,13:00,16:00,3,Night block,True
SLOT-02152,Secunderabad-SEC-07,2026-10-21,03:00,06:00,3,Traffic block,True
SLOT-02153,Hyderabad-SEC-04,2026-09-13,23:00,03:00,4,Day block,True
SLOT-02154,Secunderabad-SEC-07,2026-09-15,23:00,02:00,3,Night block,True
SLOT-02155,Guntur-SEC-04,2026-10-06,04:00,07:00,3,Night block,True
SLOT-02156,Guntakal-SEC-02,2026-10-27,00:00,02:00,2,Night block,True
SLOT-02157,Hyderabad-SEC-03,2026-10-10,03:00,04:00,1,Night block,True
SLOT-02158,Guntakal-SEC-03,2026-10-17,14:00,18:00,4,Traffic block,True
SLOT-02159,Secunderabad-SEC-01,2026-10-07,13:00,15:00,2,Traffic block,True
SLOT-02160,Hyderabad-SEC-05,2026-09-11,02:00,05:00,3,Traffic block,True
SLOT-02161,Guntakal-SEC-07,2026-09-13,14:00,18:00,4,Night block,False
SLOT-02162,Hyderabad-SEC-05,2026-10-06,05:00,07:00,2,Night block,True
SLOT-02163,Guntur-SEC-05,2026-10-22,02:00,03:00,1,Night block,True
SLOT-02164,Guntakal-SEC-02,2026-10-27,23:00,00:00,1,Night block,True
SLOT-02165,Vijayawada-SEC-06,2026-09-02,03:00,07:00,4,Night block,True
SLOT-02166,Guntakal-SEC-01,2026-09-24,00:00,02:00,2,Night block,True
SLOT-02167,Vijayawada-SEC-01,2026-10-07,04:00,05:00,1,Traffic block,False
SLOT-02168,Secunderabad-SEC-04,2026-09-18,23:00,03:00,4,Night block,True
SLOT-02169,Vijayawada-SEC-01,2026-09-29,23:00,00:00,1,Traffic block,False
SLOT-02170,Guntur-SEC-04,2026-10-29,03:00,07:00,4,Day block,True
SLOT-02171,Secunderabad-SEC-02,2026-09-03,04:00,08:00,4,Night block,True
SLOT-02172,Hyderabad-SEC-02,2026-10-30,22:00,00:00,2,Traffic block,True
SLOT-02173,Hyderabad-SEC-05,2026-10-29,14:00,15:00,1,Traffic block,False
SLOT-02174,Guntur-SEC-05,2026-10-01,00:00,01:00,1,Night block,True
SLOT-02175,Guntakal-SEC-04,2026-10-14,02:00,05:00,3,Night block,True
SLOT-02176,Vijayawada-SEC-01,2026-10-10,23:00,01:00,2,Traffic block,True
SLOT-02177,Vijayawada-SEC-06,2026-09-26,14:00,17:00,3,Traffic block,True
SLOT-02178,Vijayawada-SEC-04,2026-10-17,05:00,08:00,3,Night block,True
SLOT-02179,Hyderabad-SEC-06,2026-10-03,03:00,04:00,1,Day block,True
SLOT-02180,Secunderabad-SEC-08,2026-10-31,22:00,23:00,1,Night block,True
SLOT-02181,Secunderabad-SEC-02,2026-10-29,14:00,15:00,1,Night block,True
SLOT-02182,Hyderabad-SEC-04,2026-10-12,03:00,04:00,1,Traffic block,True
SLOT-02183,Guntakal-SEC-04,2026-09-23,00:00,02:00,2,Traffic block,True
SLOT-02184,Hyderabad-SEC-07,2026-10-05,13:00,16:00,3,Traffic block,True
SLOT-02185,Guntur-SEC-08,2026-09-18,22:00,01:00,3,Night block,True
SLOT-02186,Hyderabad-SEC-03,2026-10-27,02:00,04:00,2,Night block,True
SLOT-02187,Guntur-SEC-02,2026-09-17,02:00,05:00,3,Night block,True
SLOT-02188,Guntur-SEC-06,2026-09-06,14:00,17:00,3,Night block,True
SLOT-02189,Hyderabad-SEC-03,2026-10-05,04:00,05:00,1,Traffic block,True
SLOT-02190,Secunderabad-SEC-06,2026-10-29,02:00,05:00,3,Night block,True
SLOT-02191,Guntur-SEC-04,2026-10-13,00:00,01:00,1,Night block,True
SLOT-02192,Secunderabad-SEC-08,2026-10-24,22:00,23:00,1,Night block,True
SLOT-02193,Guntur-SEC-06,2026-09-26,02:00,03:00,1,Night block,False
SLOT-02194,Guntur-SEC-02,2026-10-10,02:00,06:00,4,Traffic block,True
SLOT-02195,Hyderabad-SEC-04,2026-09-18,14:00,16:00,2,Traffic block,True
SLOT-02196,Guntur-SEC-01,2026-09-13,01:00,04:00,3,Night block,True
SLOT-02197,Hyderabad-SEC-06,2026-09-09,04:00,07:00,3,Night block,True
SLOT-02198,Guntakal-SEC-04,2026-09-01,05:00,09:00,4,Traffic block,True
SLOT-02199,Guntakal-SEC-03,2026-09-10,23:00,03:00,4,Traffic block,True
SLOT-02200,Guntur-SEC-08,2026-09-12,04:00,08:00,4,Traffic block,True
SLOT-02201,Guntur-SEC-08,2026-10-14,03:00,04:00,1,Night block,True
SLOT-02202,Guntur-SEC-08,2026-09-03,13:00,14:00,1,Night block,True
SLOT-02203,Secunderabad-SEC-02,2026-09-14,14:00,17:00,3,Traffic block,True
SLOT-02204,Guntur-SEC-07,2026-09-05,23:00,00:00,1,Day block,True
SLOT-02205,Vijayawada-SEC-05,2026-09-19,02:00,03:00,1,Night block,False
SLOT-02206,Secunderabad-SEC-07,2026-09-18,00:00,04:00,4,Day block,True
SLOT-02207,Vijayawada-SEC-07,2026-09-28,13:00,16:00,3,Day block,False
SLOT-02208,Secunderabad-SEC-01,2026-10-02,00:00,02:00,2,Night block,True
SLOT-02209,Hyderabad-SEC-05,2026-09-19,02:00,06:00,4,Night block,True
SLOT-02210,Guntakal-SEC-01,2026-09-10,04:00,08:00,4,Night block,True
SLOT-02211,Guntakal-SEC-04,2026-10-13,23:00,01:00,2,Night block,True
SLOT-02212,Guntur-SEC-05,2026-10-22,01:00,05:00,4,Traffic block,True
SLOT-02213,Secunderabad-SEC-02,2026-09-18,22:00,01:00,3,Traffic block,True
SLOT-02214,Guntakal-SEC-02,2026-09-15,04:00,07:00,3,Night block,True
SLOT-02215,Guntur-SEC-02,2026-09-14,23:00,03:00,4,Night block,True
SLOT-02216,Secunderabad-SEC-06,2026-09-09,00:00,04:00,4,Night block,True
SLOT-02217,Guntur-SEC-08,2026-09-23,23:00,03:00,4,Day block,True
SLOT-02218,Guntakal-SEC-05,2026-10-28,13:00,17:00,4,Night block,True
SLOT-02219,Guntur-SEC-04,2026-10-02,13:00,17:00,4,Traffic block,False
SLOT-02220,Hyderabad-SEC-05,2026-10-16,01:00,03:00,2,Night block,True
SLOT-02221,Guntur-SEC-02,2026-10-29,23:00,02:00,3,Traffic block,True
SLOT-02222,Guntakal-SEC-04,2026-10-20,02:00,04:00,2,Night block,False
SLOT-02223,Guntakal-SEC-01,2026-10-18,05:00,07:00,2,Traffic block,False
SLOT-02224,Guntakal-SEC-03,2026-10-17,04:00,06:00,2,Night block,True
SLOT-02225,Secunderabad-SEC-01,2026-09-02,04:00,06:00,2,Night block,True
SLOT-02226,Secunderabad-SEC-04,2026-09-22,22:00,23:00,1,Traffic block,False
SLOT-02227,Vijayawada-SEC-05,2026-09-28,05:00,06:00,1,Traffic block,True
SLOT-02228,Secunderabad-SEC-04,2026-09-21,23:00,00:00,1,Night block,True
SLOT-02229,Guntur-SEC-03,2026-09-23,03:00,07:00,4,Day block,True
SLOT-02230,Guntakal-SEC-05,2026-09-30,22:00,00:00,2,Traffic block,True
SLOT-02231,Hyderabad-SEC-03,2026-09-04,14:00,17:00,3,Night block,False
SLOT-02232,Guntakal-SEC-06,2026-09-04,03:00,06:00,3,Night block,False
SLOT-02233,Secunderabad-SEC-08,2026-09-14,13:00,16:00,3,Night block,True
SLOT-02234,Hyderabad-SEC-07,2026-10-27,04:00,06:00,2,Traffic block,True
SLOT-02235,Secunderabad-SEC-03,2026-10-13,22:00,01:00,3,Day block,True
SLOT-02236,Vijayawada-SEC-05,2026-10-21,01:00,03:00,2,Traffic block,True
SLOT-02237,Secunderabad-SEC-07,2026-09-24,05:00,08:00,3,Day block,False
SLOT-02238,Guntakal-SEC-08,2026-10-07,02:00,05:00,3,Night block,True
SLOT-02239,Secunderabad-SEC-08,2026-09-28,13:00,16:00,3,Night block,False
SLOT-02240,Guntur-SEC-01,2026-10-22,00:00,01:00,1,Night block,True
SLOT-02241,Guntur-SEC-07,2026-10-20,00:00,02:00,2,Night block,True
SLOT-02242,Vijayawada-SEC-08,2026-09-10,05:00,07:00,2,Night block,True
SLOT-02243,Guntakal-SEC-03,2026-09-18,23:00,00:00,1,Night block,True
SLOT-02244,Secunderabad-SEC-05,2026-10-12,13:00,16:00,3,Night block,False
SLOT-02245,Hyderabad-SEC-03,2026-09-08,01:00,02:00,1,Traffic block,False
SLOT-02246,Guntur-SEC-03,2026-10-06,14:00,16:00,2,Night block,True
SLOT-02247,Vijayawada-SEC-08,2026-10-01,00:00,02:00,2,Night block,True
SLOT-02248,Guntakal-SEC-01,2026-09-23,00:00,02:00,2,Night block,True
SLOT-02249,Hyderabad-SEC-07,2026-09-26,14:00,16:00,2,Night block,True
SLOT-02250,Vijayawada-SEC-02,2026-09-08,03:00,04:00,1,Traffic block,False
SLOT-02251,Vijayawada-SEC-04,2026-09-20,03:00,06:00,3,Traffic block,True
SLOT-02252,Guntur-SEC-01,2026-09-09,23:00,00:00,1,Traffic block,False
SLOT-02253,Guntur-SEC-01,2026-09-12,01:00,04:00,3,Night block,True
SLOT-02254,Guntakal-SEC-01,2026-09-01,13:00,14:00,1,Night block,False
SLOT-02255,Guntur-SEC-03,2026-10-17,01:00,03:00,2,Night block,True
SLOT-02256,Hyderabad-SEC-04,2026-09-18,23:00,02:00,3,Night block,True
SLOT-02257,Vijayawada-SEC-07,2026-10-10,03:00,07:00,4,Traffic block,True
SLOT-02258,Guntakal-SEC-03,2026-10-04,01:00,03:00,2,Traffic block,True
SLOT-02259,Vijayawada-SEC-08,2026-09-14,03:00,07:00,4,Traffic block,True
SLOT-02260,Guntur-SEC-05,2026-09-23,01:00,02:00,1,Day block,True
SLOT-02261,Guntakal-SEC-07,2026-09-25,05:00,07:00,2,Night block,True
SLOT-02262,Hyderabad-SEC-01,2026-10-18,03:00,07:00,4,Day block,False
SLOT-02263,Guntur-SEC-01,2026-09-06,02:00,04:00,2,Traffic block,True
SLOT-02264,Hyderabad-SEC-02,2026-10-02,23:00,00:00,1,Traffic block,True
SLOT-02265,Vijayawada-SEC-06,2026-09-03,23:00,00:00,1,Night block,True
SLOT-02266,Guntakal-SEC-01,2026-10-14,22:00,01:00,3,Night block,True
SLOT-02267,Guntur-SEC-01,2026-09-28,13:00,17:00,4,Night block,False
SLOT-02268,Vijayawada-SEC-06,2026-10-19,23:00,03:00,4,Traffic block,True
SLOT-02269,Guntur-SEC-02,2026-09-16,03:00,07:00,4,Night block,True
SLOT-02270,Secunderabad-SEC-08,2026-10-13,01:00,03:00,2,Night block,True
SLOT-02271,Guntakal-SEC-07,2026-10-09,03:00,05:00,2,Day block,True
SLOT-02272,Guntur-SEC-05,2026-09-11,22:00,00:00,2,Traffic block,True
SLOT-02273,Hyderabad-SEC-01,2026-09-08,05:00,09:00,4,Night block,True
SLOT-02274,Guntur-SEC-01,2026-09-01,04:00,05:00,1,Night block,True
SLOT-02275,Guntakal-SEC-03,2026-09-20,14:00,18:00,4,Traffic block,True
SLOT-02276,Hyderabad-SEC-03,2026-09-06,03:00,05:00,2,Night block,True
SLOT-02277,Vijayawada-SEC-03,2026-10-10,23:00,01:00,2,Night block,True
SLOT-02278,Vijayawada-SEC-01,2026-09-15,05:00,06:00,1,Night block,True
SLOT-02279,Vijayawada-SEC-06,2026-10-19,23:00,01:00,2,Day block,True
SLOT-02280,Hyderabad-SEC-08,2026-09-25,00:00,04:00,4,Day block,False
SLOT-02281,Vijayawada-SEC-05,2026-10-05,02:00,04:00,2,Day block,True
SLOT-02282,Hyderabad-SEC-06,2026-09-19,14:00,18:00,4,Night block,True
SLOT-02283,Guntakal-SEC-08,2026-09-27,00:00,02:00,2,Day block,True
SLOT-02284,Hyderabad-SEC-03,2026-09-27,22:00,02:00,4,Night block,True
SLOT-02285,Hyderabad-SEC-07,2026-10-23,23:00,02:00,3,Traffic block,True
SLOT-02286,Vijayawada-SEC-04,2026-10-09,13:00,16:00,3,Night block,False
SLOT-02287,Hyderabad-SEC-02,2026-10-24,02:00,06:00,4,Night block,True
SLOT-02288,Guntakal-SEC-07,2026-10-09,01:00,02:00,1,Day block,True
SLOT-02289,Secunderabad-SEC-08,2026-10-24,03:00,07:00,4,Night block,True
SLOT-02290,Guntur-SEC-07,2026-09-11,23:00,00:00,1,Night block,True
SLOT-02291,Guntakal-SEC-03,2026-10-26,04:00,05:00,1,Traffic block,True
SLOT-02292,Guntakal-SEC-01,2026-09-29,00:00,02:00,2,Traffic block,True
SLOT-02293,Hyderabad-SEC-06,2026-10-21,13:00,14:00,1,Night block,True
SLOT-02294,Hyderabad-SEC-01,2026-10-25,22:00,00:00,2,Day block,True
SLOT-02295,Guntakal-SEC-01,2026-10-29,02:00,06:00,4,Traffic block,True
SLOT-02296,Hyderabad-SEC-01,2026-10-25,00:00,03:00,3,Night block,True
SLOT-02297,Secunderabad-SEC-06,2026-09-12,22:00,01:00,3,Night block,True
SLOT-02298,Guntur-SEC-07,2026-10-28,04:00,07:00,3,Traffic block,False
SLOT-02299,Guntur-SEC-04,2026-10-19,03:00,07:00,4,Night block,False
SLOT-02300,Vijayawada-SEC-06,2026-10-21,14:00,15:00,1,Night block,True
SLOT-02301,Vijayawada-SEC-03,2026-09-13,14:00,15:00,1,Day block,True
SLOT-02302,Secunderabad-SEC-02,2026-09-25,22:00,00:00,2,Night block,False
SLOT-02303,Secunderabad-SEC-01,2026-10-30,03:00,06:00,3,Night block,True
SLOT-02304,Hyderabad-SEC-08,2026-10-11,14:00,17:00,3,Night block,True
SLOT-02305,Guntur-SEC-04,2026-10-11,02:00,05:00,3,Night block,True
SLOT-02306,Guntakal-SEC-08,2026-09-24,22:00,02:00,4,Night block,False
SLOT-02307,Guntakal-SEC-08,2026-10-09,01:00,04:00,3,Traffic block,True
SLOT-02308,Vijayawada-SEC-03,2026-10-09,02:00,06:00,4,Night block,True
SLOT-02309,Guntakal-SEC-08,2026-10-11,23:00,02:00,3,Night block,False
SLOT-02310,Guntakal-SEC-05,2026-10-24,04:00,06:00,2,Night block,True
SLOT-02311,Guntakal-SEC-03,2026-10-17,22:00,02:00,4,Traffic block,False
SLOT-02312,Hyderabad-SEC-05,2026-09-08,02:00,06:00,4,Night block,True
SLOT-02313,Guntakal-SEC-08,2026-10-14,03:00,07:00,4,Night block,True
SLOT-02314,Vijayawada-SEC-06,2026-09-10,03:00,04:00,1,Night block,True
SLOT-02315,Secunderabad-SEC-06,2026-10-09,05:00,08:00,3,Traffic block,True
SLOT-02316,Guntur-SEC-04,2026-09-13,02:00,05:00,3,Day block,True
SLOT-02317,Guntur-SEC-03,2026-09-09,01:00,04:00,3,Day block,True
SLOT-02318,Guntur-SEC-07,2026-09-18,22:00,02:00,4,Night block,True
SLOT-02319,Guntur-SEC-08,2026-09-04,03:00,04:00,1,Night block,True
SLOT-02320,Hyderabad-SEC-02,2026-09-28,00:00,02:00,2,Night block,True
SLOT-02321,Secunderabad-SEC-08,2026-10-14,14:00,17:00,3,Traffic block,True
SLOT-02322,Secunderabad-SEC-02,2026-09-22,03:00,04:00,1,Night block,True
SLOT-02323,Guntakal-SEC-06,2026-10-05,05:00,07:00,2,Night block,True
SLOT-02324,Guntur-SEC-07,2026-09-25,01:00,05:00,4,Night block,True
SLOT-02325,Guntur-SEC-03,2026-09-04,00:00,02:00,2,Traffic block,True
SLOT-02326,Guntakal-SEC-08,2026-10-26,22:00,00:00,2,Traffic block,True
SLOT-02327,Vijayawada-SEC-08,2026-09-24,01:00,05:00,4,Night block,True
SLOT-02328,Hyderabad-SEC-05,2026-09-29,04:00,07:00,3,Night block,False
SLOT-02329,Secunderabad-SEC-02,2026-10-09,14:00,15:00,1,Night block,False
SLOT-02330,Guntakal-SEC-01,2026-09-04,14:00,15:00,1,Day block,True
SLOT-02331,Vijayawada-SEC-07,2026-10-22,04:00,08:00,4,Night block,True
SLOT-02332,Guntakal-SEC-06,2026-10-11,05:00,07:00,2,Traffic block,True
SLOT-02333,Secunderabad-SEC-02,2026-10-21,02:00,06:00,4,Day block,True
SLOT-02334,Vijayawada-SEC-04,2026-09-04,01:00,04:00,3,Day block,True
SLOT-02335,Secunderabad-SEC-02,2026-10-28,22:00,00:00,2,Day block,True
SLOT-02336,Secunderabad-SEC-05,2026-10-20,13:00,16:00,3,Day block,False
SLOT-02337,Secunderabad-SEC-08,2026-09-23,02:00,04:00,2,Traffic block,False
SLOT-02338,Vijayawada-SEC-06,2026-09-17,05:00,06:00,1,Traffic block,True
SLOT-02339,Guntur-SEC-04,2026-09-02,14:00,15:00,1,Traffic block,False
SLOT-02340,Guntur-SEC-08,2026-10-25,13:00,17:00,4,Traffic block,True
SLOT-02341,Hyderabad-SEC-04,2026-10-27,00:00,04:00,4,Traffic block,True
SLOT-02342,Guntakal-SEC-06,2026-10-16,00:00,04:00,4,Night block,True
SLOT-02343,Secunderabad-SEC-06,2026-10-05,03:00,05:00,2,Day block,True
SLOT-02344,Secunderabad-SEC-07,2026-10-13,04:00,07:00,3,Night block,True
SLOT-02345,Guntakal-SEC-02,2026-09-13,22:00,00:00,2,Night block,True
SLOT-02346,Vijayawada-SEC-05,2026-10-18,02:00,05:00,3,Night block,True
SLOT-02347,Guntakal-SEC-07,2026-09-11,02:00,05:00,3,Day block,True
SLOT-02348,Vijayawada-SEC-08,2026-10-30,04:00,05:00,1,Night block,True
SLOT-02349,Secunderabad-SEC-07,2026-09-09,13:00,15:00,2,Traffic block,True
SLOT-02350,Hyderabad-SEC-03,2026-10-15,03:00,06:00,3,Traffic block,True
SLOT-02351,Vijayawada-SEC-08,2026-10-05,03:00,07:00,4,Traffic block,True
SLOT-02352,Guntur-SEC-03,2026-09-02,13:00,16:00,3,Night block,True
SLOT-02353,Guntakal-SEC-02,2026-09-29,00:00,02:00,2,Traffic block,True
SLOT-02354,Guntur-SEC-08,2026-10-07,23:00,03:00,4,Night block,True
SLOT-02355,Vijayawada-SEC-08,2026-10-09,04:00,07:00,3,Traffic block,False
SLOT-02356,Hyderabad-SEC-07,2026-09-17,23:00,01:00,2,Night block,True
SLOT-02357,Hyderabad-SEC-04,2026-09-20,05:00,09:00,4,Traffic block,True
SLOT-02358,Guntakal-SEC-01,2026-10-09,00:00,02:00,2,Traffic block,True
SLOT-02359,Guntur-SEC-07,2026-10-23,14:00,15:00,1,Traffic block,True
SLOT-02360,Guntur-SEC-01,2026-10-23,05:00,06:00,1,Day block,True
SLOT-02361,Vijayawada-SEC-02,2026-10-06,13:00,14:00,1,Traffic block,False
SLOT-02362,Hyderabad-SEC-01,2026-09-16,14:00,18:00,4,Traffic block,False
SLOT-02363,Secunderabad-SEC-03,2026-10-03,01:00,02:00,1,Day block,True
SLOT-02364,Guntur-SEC-07,2026-10-04,00:00,01:00,1,Night block,True
SLOT-02365,Secunderabad-SEC-01,2026-10-03,04:00,07:00,3,Day block,True
SLOT-02366,Guntakal-SEC-05,2026-10-25,03:00,05:00,2,Night block,True
SLOT-02367,Secunderabad-SEC-06,2026-10-23,01:00,04:00,3,Night block,False
SLOT-02368,Secunderabad-SEC-01,2026-10-07,04:00,07:00,3,Traffic block,True
SLOT-02369,Vijayawada-SEC-01,2026-09-26,05:00,07:00,2,Night block,True
SLOT-02370,Secunderabad-SEC-06,2026-09-20,13:00,15:00,2,Day block,False
SLOT-02371,Secunderabad-SEC-01,2026-09-01,22:00,02:00,4,Day block,True
SLOT-02372,Secunderabad-SEC-07,2026-09-20,03:00,07:00,4,Traffic block,True
SLOT-02373,Vijayawada-SEC-04,2026-10-03,05:00,08:00,3,Traffic block,True
SLOT-02374,Hyderabad-SEC-06,2026-10-17,03:00,04:00,1,Traffic block,True
SLOT-02375,Vijayawada-SEC-07,2026-09-23,04:00,05:00,1,Traffic block,True
SLOT-02376,Guntur-SEC-08,2026-09-13,02:00,06:00,4,Night block,False
SLOT-02377,Secunderabad-SEC-05,2026-10-08,23:00,00:00,1,Night block,False
SLOT-02378,Guntur-SEC-05,2026-09-16,01:00,02:00,1,Night block,True
SLOT-02379,Guntakal-SEC-05,2026-10-15,03:00,07:00,4,Traffic block,True
SLOT-02380,Hyderabad-SEC-06,2026-09-15,03:00,06:00,3,Traffic block,True
SLOT-02381,Guntakal-SEC-07,2026-10-13,01:00,04:00,3,Day block,True
SLOT-02382,Secunderabad-SEC-02,2026-10-02,04:00,08:00,4,Traffic block,True
SLOT-02383,Vijayawada-SEC-07,2026-10-08,14:00,15:00,1,Night block,False
SLOT-02384,Vijayawada-SEC-02,2026-09-07,00:00,04:00,4,Night block,True
SLOT-02385,Secunderabad-SEC-03,2026-09-21,23:00,02:00,3,Traffic block,True
SLOT-02386,Guntur-SEC-06,2026-10-20,00:00,03:00,3,Night block,True
SLOT-02387,Guntur-SEC-05,2026-10-29,14:00,18:00,4,Day block,False
SLOT-02388,Guntur-SEC-07,2026-10-16,03:00,05:00,2,Traffic block,False
SLOT-02389,Hyderabad-SEC-06,2026-09-26,13:00,14:00,1,Traffic block,False
SLOT-02390,Secunderabad-SEC-01,2026-09-12,22:00,02:00,4,Night block,True
SLOT-02391,Guntur-SEC-08,2026-10-24,02:00,04:00,2,Night block,True
SLOT-02392,Secunderabad-SEC-08,2026-09-10,01:00,05:00,4,Traffic block,True
SLOT-02393,Guntur-SEC-04,2026-09-12,23:00,03:00,4,Day block,True
SLOT-02394,Vijayawada-SEC-04,2026-10-01,03:00,06:00,3,Night block,True
SLOT-02395,Secunderabad-SEC-04,2026-10-12,04:00,06:00,2,Night block,True
SLOT-02396,Guntakal-SEC-03,2026-09-19,13:00,14:00,1,Day block,True
SLOT-02397,Guntur-SEC-02,2026-10-03,22:00,01:00,3,Traffic block,False
SLOT-02398,Hyderabad-SEC-07,2026-10-21,03:00,05:00,2,Night block,True
SLOT-02399,Vijayawada-SEC-07,2026-09-13,00:00,03:00,3,Night block,True
SLOT-02400,Hyderabad-SEC-07,2026-09-21,03:00,06:00,3,Traffic block,True
