forecast_id,section_id,date,expected_rakes,commodity,traffic_level
GDS-00001,Secunderabad-SEC-02,2026-09-07,7,Coal,Medium
GDS-00002,Hyderabad-SEC-08,2026-10-10,12,POL,High
GDS-00003,Guntakal-SEC-08,2026-10-23,10,Container,High
GDS-00004,Vijayawada-SEC-03,2026-09-23,12,Cement,High
GDS-00005,Guntakal-SEC-05,2026-10-19,3,Container,Low
GDS-00006,Vijayawada-SEC-08,2026-09-29,1,Iron ore,Low
GDS-00007,Guntakal-SEC-04,2026-09-10,1,POL,Low
GDS-00008,Guntur-SEC-01,2026-09-23,10,Iron ore,High
GDS-00009,Hyderabad-SEC-06,2026-10-28,6,POL,Medium
GDS-00010,Guntakal-SEC-02,2026-09-18,1,Iron ore,Low
GDS-00011,Secunderabad-SEC-01,2026-10-17,10,Iron ore,High
GDS-00012,Guntakal-SEC-05,2026-10-06,10,Cement,High
GDS-00013,Hyderabad-SEC-02,2026-09-09,2,POL,Low
GDS-00014,Guntakal-SEC-06,2026-10-22,5,Iron ore,Medium
GDS-00015,Guntur-SEC-04,2026-09-13,1,Iron ore,Low
GDS-00016,Vijayawada-SEC-08,2026-10-09,12,POL,High
GDS-00017,Guntur-SEC-07,2026-10-01,3,POL,Low
GDS-00018,Guntakal-SEC-06,2026-09-08,9,Iron ore,High
GDS-00019,Vijayawada-SEC-07,2026-09-13,9,POL,High
GDS-00020,Hyderabad-SEC-06,2026-09-22,4,Container,Medium
GDS-00021,Hyderabad-SEC-06,2026-09-06,1,Cement,Low
GDS-00022,Guntur-SEC-01,2026-09-15,10,Iron ore,High
GDS-00023,Guntur-SEC-03,2026-09-19,10,Cement,High
GDS-00024,Guntakal-SEC-08,2026-09-19,5,Iron ore,Medium
GDS-00025,Hyderabad-SEC-08,2026-10-12,8,Coal,High
GDS-00026,Guntur-SEC-05,2026-09-22,6,Container,Medium
GDS-00027,Guntakal-SEC-08,2026-09-13,9,Iron ore,High
GDS-00028,Vijayawada-SEC-03,2026-09-10,4,POL,Medium
GDS-00029,Guntakal-SEC-02,2026-09-02,10,Coal,High
GDS-00030,Guntur-SEC-05,2026-09-03,9,POL,High
GDS-00031,Hyderabad-SEC-05,2026-09-21,8,Container,High
GDS-00032,Vijayawada-SEC-06,2026-10-04,3,Foodgrain,Low
GDS-00033,Guntur-SEC-08,2026-10-04,3,Iron ore,Low
GDS-00034,Vijayawada-SEC-03,2026-09-29,6,Iron ore,Medium
GDS-00035,Hyderabad-SEC-02,2026-10-30,8,Foodgrain,High
GDS-00036,Hyderabad-SEC-02,2026-10-27,1,Foodgrain,Low
GDS-00037,Hyderabad-SEC-05,2026-10-06,2,Coal,Low
GDS-00038,Guntakal-SEC-07,2026-09-08,12,Cement,High
GDS-00039,Secunderabad-SEC-07,2026-09-20,7,Iron ore,Medium
GDS-00040,Vijayawada-SEC-03,2026-10-08,10,Cement,High
GDS-00041,Vijayawada-SEC-06,2026-10-11,9,Foodgrain,High
GDS-00042,Vijayawada-SEC-06,2026-09-17,6,Iron ore,Medium
GDS-00043,Guntur-SEC-08,2026-09-11,4,Foodgrain,Medium
GDS-00044,Vijayawada-SEC-08,2026-10-12,7,Cement,Medium
GDS-00045,Hyderabad-SEC-02,2026-09-22,12,POL,High
GDS-00046,Hyderabad-SEC-01,2026-09-19,11,Iron ore,High
GDS-00047,Hyderabad-SEC-03,2026-09-05,2,POL,Low
GDS-00048,Guntakal-SEC-01,2026-10-24,6,Foodgrain,Medium
GDS-00049,Guntakal-SEC-08,2026-10-04,12,Foodgrain,High
GDS-00050,Vijayawada-SEC-07,2026-10-28,9,Foodgrain,High
GDS-00051,Hyderabad-SEC-03,2026-10-04,1,Container,Low
GDS-00052,Secunderabad-SEC-04,2026-10-15,8,Container,High
GDS-00053,Guntakal-SEC-05,2026-09-07,2,Container,Low
GDS-00054,Vijayawada-SEC-04,2026-09-19,8,Coal,High
GDS-00055,Hyderabad-SEC-02,2026-10-18,8,POL,High
GDS-00056,Secunderabad-SEC-06,2026-10-22,1,POL,Low
GDS-00057,Secunderabad-SEC-03,2026-09-02,4,Coal,Medium
GDS-00058,Secunderabad-SEC-04,2026-09-16,6,POL,Medium
GDS-00059,Vijayawada-SEC-01,2026-10-25,11,Foodgrain,High
GDS-00060,Guntakal-SEC-05,2026-09-07,8,POL,High
GDS-00061,Vijayawada-SEC-04,2026-10-04,7,Cement,Medium
GDS-00062,Vijayawada-SEC-01,2026-09-18,10,Container,High
GDS-00063,Hyderabad-SEC-04,2026-10-02,12,Iron ore,High
GDS-00064,Vijayawada-SEC-08,2026-09-28,1,POL,Low
GDS-00065,Secunderabad-SEC-03,2026-10-28,3,Iron ore,Low
GDS-00066,Hyderabad-SEC-01,2026-09-20,12,POL,High
GDS-00067,Guntakal-SEC-08,2026-10-12,6,POL,Medium
GDS-00068,Hyderabad-SEC-03,2026-09-12,9,Coal,High
GDS-00069,Guntakal-SEC-03,2026-10-19,7,POL,Medium
GDS-00070,Secunderabad-SEC-07,2026-09-30,12,Cement,High
GDS-00071,Guntur-SEC-07,2026-09-02,2,Iron ore,Low
GDS-00072,Hyderabad-SEC-05,2026-09-08,4,Iron ore,Medium
GDS-00073,Hyderabad-SEC-04,2026-10-02,3,Coal,Low
GDS-00074,Guntur-SEC-08,2026-10-14,3,POL,Low
GDS-00075,Hyderabad-SEC-03,2026-09-16,7,Coal,Medium
GDS-00076,Guntur-SEC-04,2026-10-09,7,Foodgrain,Medium
GDS-00077,Hyderabad-SEC-03,2026-10-03,5,Container,Medium
GDS-00078,Hyderabad-SEC-03,2026-10-02,10,Container,High
GDS-00079,Hyderabad-SEC-08,2026-09-16,2,Foodgrain,Low
GDS-00080,Vijayawada-SEC-05,2026-09-13,3,Cement,Low
GDS-00081,Secunderabad-SEC-02,2026-09-27,3,Container,Low
GDS-00082,Hyderabad-SEC-04,2026-09-02,8,Cement,High
GDS-00083,Guntur-SEC-06,2026-09-19,4,Container,Medium
GDS-00084,Hyderabad-SEC-01,2026-10-14,6,Foodgrain,Medium
GDS-00085,Hyderabad-SEC-05,2026-09-14,3,Iron ore,Low
GDS-00086,Guntur-SEC-08,2026-10-18,5,POL,Medium
GDS-00087,Vijayawada-SEC-08,2026-10-28,5,Cement,Medium
GDS-00088,Secunderabad-SEC-04,2026-10-22,6,Coal,Medium
GDS-00089,Vijayawada-SEC-03,2026-09-19,1,Iron ore,Low
GDS-00090,Secunderabad-SEC-01,2026-09-23,1,Iron ore,Low
GDS-00091,Vijayawada-SEC-06,2026-10-16,12,Container,High
GDS-00092,Guntakal-SEC-07,2026-09-04,4,Foodgrain,Medium
GDS-00093,Vijayawada-SEC-07,2026-09-24,1,Iron ore,Low
GDS-00094,Vijayawada-SEC-04,2026-10-27,11,Foodgrain,High
GDS-00095,Hyderabad-SEC-05,2026-09-12,6,POL,Medium
GDS-00096,Vijayawada-SEC-03,2026-09-28,2,Foodgrain,Low
GDS-00097,Guntakal-SEC-08,2026-09-06,6,Container,Medium
GDS-00098,Secunderabad-SEC-06,2026-10-04,9,POL,High
GDS-00099,Vijayawada-SEC-01,2026-10-27,12,Cement,High
GDS-00100,Hyderabad-SEC-01,2026-09-29,1,Coal,Low
GDS-00101,Vijayawada-SEC-02,2026-09-05,4,Foodgrain,Medium
GDS-00102,Secunderabad-SEC-06,2026-09-14,10,Iron ore,High
GDS-00103,Hyderabad-SEC-05,2026-10-21,3,Cement,Low
GDS-00104,Vijayawada-SEC-02,2026-10-30,4,Iron ore,Medium
GDS-00105,Hyderabad-SEC-01,2026-10-16,8,POL,High
GDS-00106,Guntakal-SEC-02,2026-10-14,11,Container,High
GDS-00107,Guntakal-SEC-06,2026-09-07,3,Cement,Low
GDS-00108,Guntur-SEC-06,2026-09-27,11,POL,High
GDS-00109,Secunderabad-SEC-01,2026-10-26,8,Iron ore,High
GDS-00110,Guntur-SEC-03,2026-09-28,1,Foodgrain,Low
GDS-00111,Guntur-SEC-02,2026-09-19,5,POL,Medium
GDS-00112,Vijayawada-SEC-01,2026-10-19,1,Foodgrain,Low
GDS-00113,Secunderabad-SEC-03,2026-10-02,8,Coal,High
GDS-00114,Vijayawada-SEC-07,2026-10-31,11,Container,High
GDS-00115,Hyderabad-SEC-05,2026-10-10,3,POL,Low
GDS-00116,Vijayawada-SEC-08,2026-10-29,4,Coal,Medium
GDS-00117,Vijayawada-SEC-04,2026-10-06,10,Iron ore,High
GDS-00118,Hyderabad-SEC-01,2026-09-21,2,Coal,Low
GDS-00119,Hyderabad-SEC-01,2026-10-18,7,POL,Medium
GDS-00120,Secunderabad-SEC-01,2026-09-23,5,Cement,Medium
GDS-00121,Vijayawada-SEC-05,2026-09-05,2,POL,Low
GDS-00122,Vijayawada-SEC-03,2026-09-25,3,Container,Low
GDS-00123,Guntur-SEC-05,2026-09-18,9,Iron ore,High
GDS-00124,Guntakal-SEC-02,2026-09-26,7,POL,Medium
GDS-00125,Guntur-SEC-08,2026-09-20,7,POL,Medium
GDS-00126,Guntakal-SEC-05,2026-09-22,1,Container,Low
GDS-00127,Guntur-SEC-05,2026-09-21,11,Coal,High
GDS-00128,Hyderabad-SEC-05,2026-09-18,4,Container,Medium
GDS-00129,Vijayawada-SEC-01,2026-09-22,5,Iron ore,Medium
GDS-00130,Vijayawada-SEC-02,2026-10-11,6,POL,Medium
GDS-00131,Secunderabad-SEC-01,2026-10-31,9,Container,High
GDS-00132,Secunderabad-SEC-05,2026-09-06,6,Container,Medium
GDS-00133,Hyderabad-SEC-05,2026-10-29,5,Foodgrain,Medium
GDS-00134,Guntakal-SEC-08,2026-10-26,12,Coal,High
GDS-00135,Guntakal-SEC-03,2026-09-28,6,Cement,Medium
GDS-00136,Guntakal-SEC-01,2026-10-24,3,Container,Low
GDS-00137,Guntakal-SEC-04,2026-10-12,3,Cement,Low
GDS-00138,Hyderabad-SEC-01,2026-10-06,1,POL,Low
GDS-00139,Vijayawada-SEC-07,2026-10-16,3,Foodgrain,Low
GDS-00140,Secunderabad-SEC-01,2026-09-11,10,Foodgrain,High
GDS-00141,Guntakal-SEC-03,2026-10-20,9,Coal,High
GDS-00142,Guntakal-SEC-05,2026-09-30,10,Foodgrain,High
GDS-00143,Hyderabad-SEC-04,2026-09-29,11,Cement,High
GDS-00144,Vijayawada-SEC-06,2026-10-19,6,Cement,Medium
GDS-00145,Secunderabad-SEC-03,2026-09-07,9,Iron ore,High
GDS-00146,Hyderabad-SEC-07,2026-09-30,7,Coal,Medium
GDS-00147,Secunderabad-SEC-06,2026-09-04,11,Iron ore,High
GDS-00148,Guntur-SEC-05,2026-10-24,7,Cement,Medium
GDS-00149,Secunderabad-SEC-03,2026-09-11,9,Foodgrain,High
GDS-00150,Guntur-SEC-04,2026-10-26,12,POL,High
GDS-00151,Guntakal-SEC-07,2026-09-16,6,POL,Medium
GDS-00152,Hyderabad-SEC-04,2026-09-05,9,Iron ore,High
GDS-00153,Hyderabad-SEC-04,2026-09-23,8,Iron ore,High
GDS-00154,Secunderabad-SEC-07,2026-10-13,8,Cement,High
GDS-00155,Secunderabad-SEC-06,2026-09-17,9,Foodgrain,High
GDS-00156,Hyderabad-SEC-04,2026-10-05,3,POL,Low
GDS-00157,Vijayawada-SEC-08,2026-10-06,12,Container,High
GDS-00158,Guntakal-SEC-07,2026-09-08,11,Container,High
GDS-00159,Secunderabad-SEC-07,2026-09-02,11,Iron ore,High
GDS-00160,Vijayawada-SEC-08,2026-10-28,5,Foodgrain,Medium
GDS-00161,Guntur-SEC-04,2026-09-29,4,Coal,Medium
GDS-00162,Hyderabad-SEC-01,2026-10-23,9,Coal,High
GDS-00163,Guntakal-SEC-01,2026-10-05,11,Coal,High
GDS-00164,Hyderabad-SEC-02,2026-09-06,3,POL,Low
GDS-00165,Guntur-SEC-08,2026-10-20,3,Foodgrain,Low
GDS-00166,Guntakal-SEC-02,2026-09-28,1,Coal,Low
GDS-00167,Secunderabad-SEC-06,2026-10-19,2,Coal,Low
GDS-00168,Guntakal-SEC-08,2026-09-28,7,Cement,Medium
GDS-00169,Secunderabad-SEC-08,2026-10-18,2,Coal,Low
GDS-00170,Hyderabad-SEC-01,2026-09-18,9,Container,High
GDS-00171,Guntakal-SEC-06,2026-09-30,12,Iron ore,High
GDS-00172,Vijayawada-SEC-05,2026-10-26,10,POL,High
GDS-00173,Vijayawada-SEC-07,2026-10-24,9,Coal,High
GDS-00174,Vijayawada-SEC-02,2026-09-17,1,Coal,Low
GDS-00175,Guntakal-SEC-03,2026-10-02,7,Foodgrain,Medium
GDS-00176,Hyderabad-SEC-06,2026-09-26,5,Iron ore,Medium
GDS-00177,Guntakal-SEC-01,2026-09-28,2,Container,Low
GDS-00178,Hyderabad-SEC-08,2026-09-07,1,Coal,Low
GDS-00179,Guntakal-SEC-04,2026-09-21,3,Iron ore,Low
GDS-00180,Guntur-SEC-05,2026-10-12,2,Foodgrain,Low
GDS-00181,Vijayawada-SEC-05,2026-10-18,1,Container,Low
GDS-00182,Vijayawada-SEC-05,2026-10-14,2,Coal,Low
GDS-00183,Vijayawada-SEC-05,2026-10-03,8,Container,High
GDS-00184,Secunderabad-SEC-01,2026-10-29,10,Cement,High
GDS-00185,Secunderabad-SEC-05,2026-10-11,1,POL,Low
GDS-00186,Guntur-SEC-03,2026-10-16,2,Foodgrain,Low
GDS-00187,Vijayawada-SEC-07,2026-09-22,12,Container,High
GDS-00188,Hyderabad-SEC-08,2026-10-10,8,Coal,High
GDS-00189,Guntur-SEC-07,2026-10-01,8,Cement,High
GDS-00190,Secunderabad-SEC-08,2026-09-28,7,Container,Medium
GDS-00191,Secunderabad-SEC-04,2026-10-28,2,Foodgrain,Low
GDS-00192,Vijayawada-SEC-04,2026-09-21,10,Container,High
GDS-00193,Vijayawada-SEC-05,2026-09-17,6,Container,Medium
GDS-00194,Guntur-SEC-06,2026-10-10,8,Cement,High
GDS-00195,Hyderabad-SEC-03,2026-10-28,12,POL,High
GDS-00196,Secunderabad-SEC-02,2026-10-03,10,Cement,High
GDS-00197,Guntur-SEC-08,2026-09-10,6,Iron ore,Medium
GDS-00198,Guntakal-SEC-07,2026-10-23,7,Coal,Medium
GDS-00199,Guntur-SEC-02,2026-10-17,9,Iron ore,High
GDS-00200,Hyderabad-SEC-04,2026-09-13,8,POL,High
GDS-00201,Guntakal-SEC-05,2026-09-02,2,Container,Low
GDS-00202,Hyderabad-SEC-04,2026-10-30,2,POL,Low
GDS-00203,Secunderabad-SEC-03,2026-10-29,3,Foodgrain,Low
GDS-00204,Secunderabad-SEC-02,2026-10-19,11,Cement,High
GDS-00205,Guntur-SEC-02,2026-10-26,5,POL,Medium
GDS-00206,Guntur-SEC-02,2026-09-23,12,Foodgrain,High
GDS-00207,Guntur-SEC-02,2026-09-05,12,POL,High
GDS-00208,Secunderabad-SEC-03,2026-09-24,3,Foodgrain,Low
GDS-00209,Vijayawada-SEC-04,2026-09-13,11,Foodgrain,High
GDS-00210,Guntakal-SEC-07,2026-09-20,4,Container,Medium
GDS-00211,Guntakal-SEC-04,2026-10-01,8,Iron ore,High
GDS-00212,Secunderabad-SEC-04,2026-09-08,6,Cement,Medium
GDS-00213,Guntur-SEC-04,2026-10-23,11,Coal,High
GDS-00214,Guntur-SEC-08,2026-09-19,9,Foodgrain,High
GDS-00215,Hyderabad-SEC-05,2026-10-16,10,Cement,High
GDS-00216,Guntakal-SEC-06,2026-10-03,9,Cement,High
GDS-00217,Hyderabad-SEC-05,2026-10-02,12,Iron ore,High
GDS-00218,Guntakal-SEC-02,2026-09-29,10,Coal,High
GDS-00219,Guntur-SEC-02,2026-10-28,7,Container,Medium
GDS-00220,Hyderabad-SEC-05,2026-10-12,2,Container,Low
GDS-00221,Guntakal-SEC-04,2026-09-17,6,Coal,Medium
GDS-00222,Vijayawada-SEC-07,2026-09-12,12,Cement,High
GDS-00223,Secunderabad-SEC-08,2026-09-10,5,POL,Medium
GDS-00224,Hyderabad-SEC-01,2026-10-12,12,Iron ore,High
GDS-00225,Secunderabad-SEC-08,2026-10-19,5,Cement,Medium
GDS-00226,Guntur-SEC-08,2026-09-17,3,POL,Low
GDS-00227,Guntakal-SEC-06,2026-10-03,10,Coal,High
GDS-00228,Guntakal-SEC-08,2026-10-21,10,Foodgrain,High
GDS-00229,Guntakal-SEC-05,2026-09-20,6,POL,Medium
GDS-00230,Hyderabad-SEC-03,2026-09-10,8,Cement,High
GDS-00231,Guntur-SEC-06,2026-10-15,3,Coal,Low
GDS-00232,Guntakal-SEC-01,2026-09-08,7,Iron ore,Medium
GDS-00233,Hyderabad-SEC-06,2026-09-13,10,POL,High
GDS-00234,Guntakal-SEC-02,2026-09-11,5,Coal,Medium
GDS-00235,Hyderabad-SEC-02,2026-10-26,6,Coal,Medium
GDS-00236,Guntakal-SEC-03,2026-10-04,10,Coal,High
GDS-00237,Secunderabad-SEC-01,2026-09-25,1,Foodgrain,Low
GDS-00238,Guntur-SEC-08,2026-09-01,9,POL,High
GDS-00239,Guntur-SEC-08,2026-09-26,3,Container,Low
GDS-00240,Secunderabad-SEC-02,2026-10-03,3,Iron ore,Low
GDS-00241,Vijayawada-SEC-06,2026-10-31,4,POL,Medium
GDS-00242,Secunderabad-SEC-04,2026-09-02,11,Iron ore,High
GDS-00243,Vijayawada-SEC-04,2026-10-01,4,Cement,Medium
GDS-00244,Hyderabad-SEC-02,2026-09-21,3,Iron ore,Low
GDS-00245,Hyderabad-SEC-07,2026-10-24,3,Container,Low
GDS-00246,Guntur-SEC-08,2026-09-02,3,POL,Low
GDS-00247,Guntur-SEC-02,2026-10-14,8,Cement,High
GDS-00248,Secunderabad-SEC-05,2026-10-05,3,Container,Low
GDS-00249,Guntur-SEC-08,2026-10-28,2,Container,Low
GDS-00250,Guntur-SEC-05,2026-10-02,4,POL,Medium
GDS-00251,Secunderabad-SEC-08,2026-10-01,6,Cement,Medium
GDS-00252,Guntur-SEC-02,2026-09-15,10,Foodgrain,High
GDS-00253,Hyderabad-SEC-03,2026-10-20,7,POL,Medium
GDS-00254,Hyderabad-SEC-07,2026-09-03,4,Foodgrain,Medium
GDS-00255,Secunderabad-SEC-08,2026-10-23,9,Container,High
GDS-00256,Vijayawada-SEC-08,2026-10-10,12,Foodgrain,High
GDS-00257,Hyderabad-SEC-03,2026-09-11,3,Iron ore,Low
GDS-00258,Hyderabad-SEC-01,2026-10-12,4,Cement,Medium
GDS-00259,Guntur-SEC-03,2026-10-08,2,Iron ore,Low
GDS-00260,Guntakal-SEC-06,2026-09-29,2,Foodgrain,Low
GDS-00261,Hyderabad-SEC-04,2026-10-31,4,Coal,Medium
GDS-00262,Secunderabad-SEC-04,2026-10-15,4,Coal,Medium
GDS-00263,Guntakal-SEC-08,2026-09-25,5,Container,Medium
GDS-00264,Secunderabad-SEC-06,2026-09-21,9,Iron ore,High
GDS-00265,Guntur-SEC-02,2026-10-06,10,POL,High
GDS-00266,Guntur-SEC-08,2026-10-25,5,Iron ore,Medium
GDS-00267,Vijayawada-SEC-02,2026-10-13,9,Foodgrain,High
GDS-00268,Guntakal-SEC-05,2026-10-28,11,Iron ore,High
GDS-00269,Vijayawada-SEC-06,2026-10-29,11,POL,High
GDS-00270,Vijayawada-SEC-05,2026-10-19,2,Iron ore,Low
GDS-00271,Vijayawada-SEC-08,2026-10-13,10,Coal,High
GDS-00272,Vijayawada-SEC-01,2026-10-29,2,Container,Low
GDS-00273,Guntur-SEC-08,2026-09-16,11,Cement,High
GDS-00274,Secunderabad-SEC-01,2026-10-05,4,POL,Medium
GDS-00275,Guntur-SEC-03,2026-10-29,2,POL,Low
GDS-00276,Guntur-SEC-01,2026-10-15,3,Cement,Low
GDS-00277,Hyderabad-SEC-01,2026-10-01,10,Container,High
GDS-00278,Guntur-SEC-07,2026-09-15,2,Coal,Low
GDS-00279,Secunderabad-SEC-01,2026-10-08,9,Cement,High
GDS-00280,Secunderabad-SEC-04,2026-10-26,5,Iron ore,Medium
GDS-00281,Secunderabad-SEC-08,2026-09-27,2,Coal,Low
GDS-00282,Vijayawada-SEC-05,2026-09-16,7,Cement,Medium
GDS-00283,Hyderabad-SEC-04,2026-10-06,11,POL,High
GDS-00284,Guntakal-SEC-08,2026-10-01,11,Coal,High
GDS-00285,Secunderabad-SEC-07,2026-09-24,9,POL,High
GDS-00286,Hyderabad-SEC-07,2026-10-19,7,Foodgrain,Medium
GDS-00287,Secunderabad-SEC-07,2026-10-07,7,Container,Medium
GDS-00288,Vijayawada-SEC-03,2026-10-12,7,POL,Medium
GDS-00289,Vijayawada-SEC-08,2026-10-25,12,Coal,High
GDS-00290,Vijayawada-SEC-03,2026-10-13,7,Foodgrain,Medium
GDS-00291,Hyderabad-SEC-08,2026-10-04,1,Cement,Low
GDS-00292,Vijayawada-SEC-01,2026-10-12,11,Foodgrain,High
GDS-00293,Vijayawada-SEC-06,2026-10-07,12,POL,High
GDS-00294,Hyderabad-SEC-05,2026-10-19,7,Foodgrain,Medium
GDS-00295,Guntur-SEC-01,2026-09-12,10,Coal,High
GDS-00296,Hyderabad-SEC-05,2026-09-05,4,Foodgrain,Medium
GDS-00297,Guntakal-SEC-03,2026-09-05,3,Iron ore,Low
GDS-00298,Vijayawada-SEC-06,2026-10-17,10,POL,High
GDS-00299,Secunderabad-SEC-05,2026-10-13,8,Container,High
GDS-00300,Guntur-SEC-01,2026-10-02,4,Container,Medium
GDS-00301,Secunderabad-SEC-03,2026-10-14,9,Cement,High
GDS-00302,Vijayawada-SEC-01,2026-10-15,1,POL,Low
GDS-00303,Guntakal-SEC-02,2026-10-02,11,POL,High
GDS-00304,Vijayawada-SEC-07,2026-09-02,2,Iron ore,Low
GDS-00305,Vijayawada-SEC-01,2026-09-17,10,POL,High
GDS-00306,Secunderabad-SEC-02,2026-10-25,8,Container,High
GDS-00307,Hyderabad-SEC-01,2026-10-04,3,Container,Low
GDS-00308,Secunderabad-SEC-07,2026-10-26,9,Cement,High
GDS-00309,Vijayawada-SEC-06,2026-09-23,7,Foodgrain,Medium
GDS-00310,Vijayawada-SEC-02,2026-09-02,8,POL,High
GDS-00311,Secunderabad-SEC-05,2026-10-22,11,Iron ore,High
GDS-00312,Secunderabad-SEC-02,2026-09-07,5,POL,Medium
GDS-00313,Guntur-SEC-07,2026-09-15,12,Container,High
GDS-00314,Vijayawada-SEC-01,2026-09-30,3,Cement,Low
GDS-00315,Secunderabad-SEC-04,2026-10-04,10,Container,High
GDS-00316,Hyderabad-SEC-03,2026-10-14,1,Iron ore,Low
GDS-00317,Secunderabad-SEC-02,2026-10-13,2,Container,Low
GDS-00318,Secunderabad-SEC-05,2026-09-30,5,POL,Medium
GDS-00319,Hyderabad-SEC-03,2026-10-21,10,Iron ore,High
GDS-00320,Guntur-SEC-03,2026-09-09,3,Coal,Low
GDS-00321,Guntur-SEC-03,2026-10-05,7,Foodgrain,Medium
GDS-00322,Vijayawada-SEC-08,2026-09-27,5,Cement,Medium
GDS-00323,Hyderabad-SEC-03,2026-10-09,5,Coal,Medium
GDS-00324,Guntakal-SEC-08,2026-09-11,4,Container,Medium
GDS-00325,Hyderabad-SEC-06,2026-10-04,3,POL,Low
GDS-00326,Secunderabad-SEC-04,2026-10-26,3,Iron ore,Low
GDS-00327,Secunderabad-SEC-03,2026-09-05,7,POL,Medium
GDS-00328,Guntur-SEC-02,2026-09-24,2,Container,Low
GDS-00329,Secunderabad-SEC-05,2026-09-30,5,Foodgrain,Medium
GDS-00330,Guntur-SEC-05,2026-10-19,3,Cement,Low
GDS-00331,Guntakal-SEC-03,2026-09-14,11,Foodgrain,High
GDS-00332,Guntur-SEC-02,2026-10-11,7,Container,Medium
GDS-00333,Guntur-SEC-05,2026-10-10,9,POL,High
GDS-00334,Guntakal-SEC-03,2026-10-11,7,Container,Medium
GDS-00335,Secunderabad-SEC-01,2026-09-14,4,Container,Medium
GDS-00336,Secunderabad-SEC-02,2026-09-18,7,Iron ore,Medium
GDS-00337,Secunderabad-SEC-04,2026-10-15,2,Container,Low
GDS-00338,Vijayawada-SEC-01,2026-09-29,7,Container,Medium
GDS-00339,Secunderabad-SEC-03,2026-10-10,7,Coal,Medium
GDS-00340,Vijayawada-SEC-08,2026-09-03,8,Container,High
GDS-00341,Hyderabad-SEC-01,2026-09-22,7,Iron ore,Medium
GDS-00342,Vijayawada-SEC-05,2026-10-24,12,Iron ore,High
GDS-00343,Guntur-SEC-03,2026-10-28,4,Cement,Medium
GDS-00344,Vijayawada-SEC-04,2026-10-08,10,Coal,High
GDS-00345,Hyderabad-SEC-07,2026-09-17,12,POL,High
GDS-00346,Guntakal-SEC-06,2026-10-15,8,Foodgrain,High
GDS-00347,Vijayawada-SEC-08,2026-10-12,5,Cement,Medium
GDS-00348,Vijayawada-SEC-08,2026-10-09,10,Foodgrain,High
GDS-00349,Secunderabad-SEC-05,2026-09-12,4,Foodgrain,Medium
GDS-00350,Vijayawada-SEC-07,2026-09-03,7,Coal,Medium
GDS-00351,Hyderabad-SEC-07,2026-09-15,8,POL,High
GDS-00352,Guntur-SEC-06,2026-10-12,1,Foodgrain,Low
GDS-00353,Secunderabad-SEC-08,2026-10-10,9,Foodgrain,High
GDS-00354,Hyderabad-SEC-03,2026-10-17,1,POL,Low
GDS-00355,Secunderabad-SEC-06,2026-10-06,8,POL,High
GDS-00356,Secunderabad-SEC-05,2026-09-27,7,POL,Medium
GDS-00357,Hyderabad-SEC-06,2026-10-07,4,Container,Medium
GDS-00358,Secunderabad-SEC-06,2026-09-04,6,Container,Medium
GDS-00359,Guntur-SEC-01,2026-10-02,11,Cement,High
GDS-00360,Guntakal-SEC-01,2026-09-09,8,Container,High
GDS-00361,Vijayawada-SEC-01,2026-09-03,11,POL,High
GDS-00362,Guntur-SEC-05,2026-10-27,9,Container,High
GDS-00363,Vijayawada-SEC-04,2026-10-11,8,Coal,High
GDS-00364,Guntur-SEC-06,2026-10-30,11,Coal,High
GDS-00365,Vijayawada-SEC-05,2026-09-29,6,Foodgrain,Medium
GDS-00366,Guntakal-SEC-04,2026-10-06,7,Foodgrain,Medium
GDS-00367,Secunderabad-SEC-08,2026-09-17,4,Foodgrain,Medium
GDS-00368,Guntakal-SEC-02,2026-10-30,9,Iron ore,High
GDS-00369,Vijayawada-SEC-07,2026-10-24,7,Coal,Medium
GDS-00370,Guntur-SEC-06,2026-09-21,10,Coal,High
GDS-00371,Hyderabad-SEC-01,2026-10-03,11,Foodgrain,High
GDS-00372,Secunderabad-SEC-01,2026-09-04,3,Container,Low
GDS-00373,Secunderabad-SEC-07,2026-10-30,9,Iron ore,High
GDS-00374,Vijayawada-SEC-03,2026-10-06,2,Foodgrain,Low
GDS-00375,Secunderabad-SEC-03,2026-09-11,6,Cement,Medium
GDS-00376,Vijayawada-SEC-08,2026-09-17,5,Coal,Medium
GDS-00377,Secunderabad-SEC-08,2026-09-01,3,Cement,Low
GDS-00378,Secunderabad-SEC-03,2026-09-05,4,Iron ore,Medium
GDS-00379,Vijayawada-SEC-01,2026-09-05,7,Coal,Medium
GDS-00380,Hyderabad-SEC-05,2026-10-30,3,Cement,Low
GDS-00381,Hyderabad-SEC-02,2026-10-26,10,Cement,High
GDS-00382,Guntur-SEC-06,2026-09-01,12,Iron ore,High
GDS-00383,Hyderabad-SEC-08,2026-10-26,8,Cement,High
GDS-00384,Guntur-SEC-03,2026-09-16,4,Cement,Medium
GDS-00385,Hyderabad-SEC-05,2026-09-13,4,POL,Medium
GDS-00386,Secunderabad-SEC-04,2026-10-28,1,Cement,Low
GDS-00387,Vijayawada-SEC-06,2026-09-11,9,POL,High
GDS-00388,Guntakal-SEC-05,2026-09-11,2,Cement,Low
GDS-00389,Guntakal-SEC-02,2026-09-01,1,Foodgrain,Low
GDS-00390,Vijayawada-SEC-01,2026-09-09,5,Coal,Medium
GDS-00391,Guntur-SEC-07,2026-09-20,12,Iron ore,High
GDS-00392,Guntur-SEC-02,2026-09-03,1,Foodgrain,Low
GDS-00393,Guntakal-SEC-02,2026-10-22,10,POL,High
GDS-00394,Hyderabad-SEC-01,2026-10-03,12,Cement,High
GDS-00395,Guntakal-SEC-01,2026-09-30,12,Foodgrain,High
GDS-00396,Hyderabad-SEC-07,2026-09-02,11,Cement,High
GDS-00397,Hyderabad-SEC-06,2026-09-01,12,Cement,High
GDS-00398,Guntur-SEC-06,2026-09-26,10,POL,High
GDS-00399,Hyderabad-SEC-07,2026-10-08,1,Container,Low
GDS-00400,Guntakal-SEC-05,2026-09-03,11,Iron ore,High
GDS-00401,Vijayawada-SEC-04,2026-09-02,11,Cement,High
GDS-00402,Guntur-SEC-04,2026-10-17,10,Cement,High
GDS-00403,Guntur-SEC-06,2026-10-06,3,POL,Low
GDS-00404,Hyderabad-SEC-08,2026-10-02,3,POL,Low
GDS-00405,Guntakal-SEC-06,2026-09-14,10,Iron ore,High
GDS-00406,Vijayawada-SEC-05,2026-10-15,8,Container,High
GDS-00407,Guntakal-SEC-05,2026-09-15,8,Container,High
GDS-00408,Secunderabad-SEC-04,2026-09-05,12,Cement,High
GDS-00409,Guntur-SEC-01,2026-10-05,5,Iron ore,Medium
GDS-00410,Secunderabad-SEC-03,2026-10-29,9,Container,High
GDS-00411,Guntur-SEC-03,2026-09-19,4,Cement,Medium
GDS-00412,Secunderabad-SEC-01,2026-09-27,6,Iron ore,Medium
GDS-00413,Vijayawada-SEC-07,2026-09-08,3,Container,Low
GDS-00414,Hyderabad-SEC-02,2026-09-16,9,Cement,High
GDS-00415,Guntur-SEC-05,2026-10-09,1,Foodgrain,Low
GDS-00416,Guntakal-SEC-05,2026-10-20,5,Container,Medium
GDS-00417,Guntur-SEC-05,2026-09-16,5,POL,Medium
GDS-00418,Hyderabad-SEC-04,2026-10-18,6,Container,Medium
GDS-00419,Secunderabad-SEC-08,2026-09-14,3,Cement,Low
GDS-00420,Guntur-SEC-04,2026-09-25,2,Foodgrain,Low
GDS-00421,Vijayawada-SEC-04,2026-10-24,6,Cement,Medium
GDS-00422,Vijayawada-SEC-07,2026-09-03,11,POL,High
GDS-00423,Hyderabad-SEC-04,2026-09-05,10,POL,High
GDS-00424,Guntur-SEC-06,2026-09-14,11,POL,High
GDS-00425,Vijayawada-SEC-05,2026-10-16,11,Container,High
GDS-00426,Hyderabad-SEC-08,2026-09-20,6,Cement,Medium
GDS-00427,Secunderabad-SEC-01,2026-09-17,6,Cement,Medium
GDS-00428,Guntakal-SEC-02,2026-09-10,11,Coal,High
GDS-00429,Guntakal-SEC-07,2026-09-11,7,POL,Medium
GDS-00430,Guntur-SEC-08,2026-09-13,9,POL,High
GDS-00431,Hyderabad-SEC-01,2026-10-10,1,POL,Low
GDS-00432,Guntur-SEC-05,2026-10-20,7,POL,Medium
GDS-00433,Secunderabad-SEC-08,2026-09-16,2,POL,Low
GDS-00434,Hyderabad-SEC-04,2026-10-20,8,POL,High
GDS-00435,Guntur-SEC-01,2026-09-15,11,POL,High
GDS-00436,Hyderabad-SEC-08,2026-09-22,5,POL,Medium
GDS-00437,Secunderabad-SEC-03,2026-09-02,3,Cement,Low
GDS-00438,Secunderabad-SEC-01,2026-10-16,3,POL,Low
GDS-00439,Guntur-SEC-04,2026-10-20,8,Iron ore,High
GDS-00440,Hyderabad-SEC-04,2026-10-21,7,Iron ore,Medium
GDS-00441,Guntakal-SEC-08,2026-09-07,3,Foodgrain,Low
GDS-00442,Secunderabad-SEC-01,2026-10-25,6,Foodgrain,Medium
GDS-00443,Secunderabad-SEC-02,2026-10-16,3,Foodgrain,Low
GDS-00444,Vijayawada-SEC-05,2026-10-11,1,POL,Low
GDS-00445,Vijayawada-SEC-07,2026-10-04,3,Coal,Low
GDS-00446,Secunderabad-SEC-04,2026-09-01,11,Coal,High
GDS-00447,Vijayawada-SEC-06,2026-10-08,1,Coal,Low
GDS-00448,Secunderabad-SEC-08,2026-09-04,9,Coal,High
GDS-00449,Secunderabad-SEC-04,2026-10-07,3,Iron ore,Low
GDS-00450,Vijayawada-SEC-03,2026-09-08,1,Cement,Low
GDS-00451,Hyderabad-SEC-03,2026-10-24,9,Foodgrain,High
GDS-00452,Hyderabad-SEC-01,2026-09-07,6,Coal,Medium
GDS-00453,Guntakal-SEC-03,2026-09-07,8,Iron ore,High
GDS-00454,Hyderabad-SEC-06,2026-10-24,3,Foodgrain,Low
GDS-00455,Guntakal-SEC-08,2026-09-19,1,Coal,Low
GDS-00456,Guntur-SEC-02,2026-09-12,12,Container,High
GDS-00457,Vijayawada-SEC-01,2026-10-09,6,POL,Medium
GDS-00458,Guntakal-SEC-08,2026-09-24,4,Iron ore,Medium
GDS-00459,Guntur-SEC-07,2026-09-04,10,Foodgrain,High
GDS-00460,Hyderabad-SEC-06,2026-09-06,6,POL,Medium
GDS-00461,Guntakal-SEC-04,2026-09-11,3,POL,Low
GDS-00462,Secunderabad-SEC-04,2026-09-24,9,POL,High
GDS-00463,Vijayawada-SEC-05,2026-10-31,3,POL,Low
GDS-00464,Hyderabad-SEC-02,2026-09-15,8,Coal,High
GDS-00465,Guntakal-SEC-08,2026-10-30,9,Foodgrain,High
GDS-00466,Guntakal-SEC-06,2026-09-20,5,Iron ore,Medium
GDS-00467,Guntur-SEC-02,2026-09-14,3,Container,Low
GDS-00468,Vijayawada-SEC-02,2026-09-19,7,Foodgrain,Medium
GDS-00469,Secunderabad-SEC-04,2026-09-20,8,Cement,High
GDS-00470,Hyderabad-SEC-07,2026-09-17,9,Container,High
GDS-00471,Vijayawada-SEC-02,2026-09-12,1,Iron ore,Low
GDS-00472,Secunderabad-SEC-02,2026-09-01,2,POL,Low
GDS-00473,Guntakal-SEC-03,2026-09-15,2,Coal,Low
GDS-00474,Secunderabad-SEC-05,2026-09-28,11,Coal,High
GDS-00475,Hyderabad-SEC-07,2026-09-29,12,Coal,High
GDS-00476,Guntur-SEC-04,2026-09-30,11,Coal,High
GDS-00477,Guntakal-SEC-01,2026-10-17,4,Coal,Medium
GDS-00478,Vijayawada-SEC-03,2026-09-18,2,Iron ore,Low
GDS-00479,Vijayawada-SEC-06,2026-10-30,6,Coal,Medium
GDS-00480,Hyderabad-SEC-01,2026-10-16,1,Container,Low
GDS-00481,Guntakal-SEC-02,2026-10-24,3,Cement,Low
GDS-00482,Vijayawada-SEC-07,2026-10-20,6,Foodgrain,Medium
GDS-00483,Guntakal-SEC-03,2026-09-05,6,Coal,Medium
GDS-00484,Hyderabad-SEC-04,2026-10-19,2,Cement,Low
GDS-00485,Guntakal-SEC-01,2026-09-12,11,Iron ore,High
GDS-00486,Hyderabad-SEC-01,2026-09-08,6,Coal,Medium
GDS-00487,Guntakal-SEC-02,2026-09-29,12,Cement,High
GDS-00488,Hyderabad-SEC-05,2026-10-18,10,Coal,High
GDS-00489,Guntakal-SEC-05,2026-09-15,8,Iron ore,High
GDS-00490,Hyderabad-SEC-06,2026-10-07,2,POL,Low
GDS-00491,Guntakal-SEC-07,2026-10-13,6,Foodgrain,Medium
GDS-00492,Vijayawada-SEC-02,2026-10-06,12,Foodgrain,High
GDS-00493,Guntur-SEC-01,2026-10-06,5,POL,Medium
GDS-00494,Secunderabad-SEC-07,2026-10-04,2,Foodgrain,Low
GDS-00495,Vijayawada-SEC-01,2026-10-17,9,Cement,High
GDS-00496,Guntur-SEC-01,2026-09-08,12,Cement,High
GDS-00497,Guntur-SEC-02,2026-09-10,5,Cement,Medium
GDS-00498,Guntakal-SEC-03,2026-10-13,2,Iron ore,Low
GDS-00499,Secunderabad-SEC-06,2026-09-30,11,POL,High
GDS-00500,Vijayawada-SEC-05,2026-10-15,10,Container,High
GDS-00501,Hyderabad-SEC-05,2026-09-15,3,Iron ore,Low
GDS-00502,Guntakal-SEC-08,2026-10-27,5,Container,Medium
GDS-00503,Secunderabad-SEC-02,2026-09-22,12,Container,High
GDS-00504,Guntakal-SEC-02,2026-10-20,11,Foodgrain,High
GDS-00505,Vijayawada-SEC-08,2026-10-14,3,Coal,Low
GDS-00506,Hyderabad-SEC-04,2026-09-12,8,Coal,High
GDS-00507,Secunderabad-SEC-01,2026-10-26,7,POL,Medium
GDS-00508,Vijayawada-SEC-01,2026-09-28,9,Foodgrain,High
GDS-00509,Secunderabad-SEC-07,2026-10-24,1,Iron ore,Low
GDS-00510,Guntakal-SEC-04,2026-09-20,8,Foodgrain,High
GDS-00511,Secunderabad-SEC-03,2026-10-11,8,Foodgrain,High
GDS-00512,Hyderabad-SEC-07,2026-10-03,10,Iron ore,High
GDS-00513,Hyderabad-SEC-05,2026-09-25,11,Cement,High
GDS-00514,Hyderabad-SEC-02,2026-09-27,8,Container,High
GDS-00515,Vijayawada-SEC-06,2026-09-15,4,POL,Medium
GDS-00516,Hyderabad-SEC-08,2026-10-12,9,POL,High
GDS-00517,Hyderabad-SEC-07,2026-10-28,9,Container,High
GDS-00518,Vijayawada-SEC-02,2026-09-21,9,Iron ore,High
GDS-00519,Secunderabad-SEC-04,2026-09-20,10,POL,High
GDS-00520,Guntur-SEC-02,2026-10-15,3,Container,Low
GDS-00521,Vijayawada-SEC-03,2026-09-23,12,Container,High
GDS-00522,Hyderabad-SEC-04,2026-09-02,4,POL,Medium
GDS-00523,Secunderabad-SEC-08,2026-10-21,6,Cement,Medium
GDS-00524,Hyderabad-SEC-07,2026-10-18,6,Cement,Medium
GDS-00525,Secunderabad-SEC-05,2026-10-17,4,Coal,Medium
GDS-00526,Vijayawada-SEC-06,2026-09-23,3,Coal,Low
GDS-00527,Guntakal-SEC-04,2026-10-17,9,Container,High
GDS-00528,Guntur-SEC-07,2026-09-22,2,Foodgrain,Low
GDS-00529,Guntakal-SEC-02,2026-09-16,2,Iron ore,Low
GDS-00530,Vijayawada-SEC-04,2026-10-30,11,Foodgrain,High
GDS-00531,Vijayawada-SEC-01,2026-09-06,10,Foodgrain,High
GDS-00532,Vijayawada-SEC-08,2026-09-07,5,Container,Medium
GDS-00533,Guntur-SEC-05,2026-09-12,7,POL,Medium
GDS-00534,Guntakal-SEC-08,2026-09-20,3,Container,Low
GDS-00535,Hyderabad-SEC-01,2026-10-13,7,POL,Medium
GDS-00536,Guntur-SEC-02,2026-09-01,2,Iron ore,Low
GDS-00537,Guntakal-SEC-01,2026-09-26,12,Coal,High
GDS-00538,Secunderabad-SEC-08,2026-09-28,1,Iron ore,Low
GDS-00539,Secunderabad-SEC-08,2026-10-23,1,Foodgrain,Low
GDS-00540,Guntakal-SEC-04,2026-10-13,6,Cement,Medium
GDS-00541,Guntakal-SEC-07,2026-09-20,11,Iron ore,High
GDS-00542,Guntur-SEC-02,2026-09-08,11,POL,High
GDS-00543,Guntakal-SEC-06,2026-09-03,9,Container,High
GDS-00544,Guntakal-SEC-05,2026-09-08,2,Coal,Low
GDS-00545,Hyderabad-SEC-03,2026-10-29,1,Cement,Low
GDS-00546,Secunderabad-SEC-01,2026-09-26,11,Coal,High
GDS-00547,Guntakal-SEC-07,2026-09-19,8,Coal,High
GDS-00548,Secunderabad-SEC-04,2026-09-21,8,Iron ore,High
GDS-00549,Guntur-SEC-06,2026-09-04,4,POL,Medium
GDS-00550,Guntur-SEC-06,2026-09-07,4,Coal,Medium
GDS-00551,Secunderabad-SEC-06,2026-10-29,10,Container,High
GDS-00552,Vijayawada-SEC-01,2026-10-29,12,Foodgrain,High
GDS-00553,Secunderabad-SEC-05,2026-09-03,1,Cement,Low
GDS-00554,Guntur-SEC-03,2026-10-23,7,Foodgrain,Medium
GDS-00555,Secunderabad-SEC-01,2026-09-28,4,Cement,Medium
GDS-00556,Hyderabad-SEC-04,2026-10-15,12,Foodgrain,High
GDS-00557,Hyderabad-SEC-08,2026-10-04,9,Coal,High
GDS-00558,Guntakal-SEC-07,2026-10-08,5,POL,Medium
GDS-00559,Guntakal-SEC-06,2026-09-28,12,Coal,High
GDS-00560,Guntur-SEC-02,2026-10-07,11,Container,High
GDS-00561,Guntakal-SEC-05,2026-10-12,12,Iron ore,High
GDS-00562,Hyderabad-SEC-05,2026-10-22,2,Container,Low
GDS-00563,Vijayawada-SEC-04,2026-10-19,5,Cement,Medium
GDS-00564,Guntur-SEC-07,2026-10-15,6,POL,Medium
GDS-00565,Secunderabad-SEC-04,2026-10-09,1,Coal,Low
GDS-00566,Guntur-SEC-01,2026-10-22,11,Coal,High
GDS-00567,Guntakal-SEC-06,2026-09-13,11,POL,High
GDS-00568,Guntur-SEC-02,2026-09-17,5,Cement,Medium
GDS-00569,Secunderabad-SEC-05,2026-09-25,3,Cement,Low
GDS-00570,Secunderabad-SEC-01,2026-09-02,4,Coal,Medium
GDS-00571,Secunderabad-SEC-02,2026-09-20,11,Container,High
GDS-00572,Vijayawada-SEC-03,2026-10-26,1,Iron ore,Low
GDS-00573,Vijayawada-SEC-03,2026-09-13,6,Coal,Medium
GDS-00574,Hyderabad-SEC-08,2026-09-25,9,Iron ore,High
GDS-00575,Hyderabad-SEC-01,2026-10-14,9,POL,High
GDS-00576,Vijayawada-SEC-07,2026-09-05,2,Container,Low
GDS-00577,Hyderabad-SEC-06,2026-09-26,4,POL,Medium
GDS-00578,Hyderabad-SEC-01,2026-09-27,8,Foodgrain,High
GDS-00579,Hyderabad-SEC-03,2026-09-17,5,Container,Medium
GDS-00580,Secunderabad-SEC-05,2026-10-13,3,Coal,Low
GDS-00581,Hyderabad-SEC-07,2026-10-21,2,Foodgrain,Low
GDS-00582,Secunderabad-SEC-04,2026-09-25,3,Cement,Low
GDS-00583,Secunderabad-SEC-08,2026-10-02,9,Iron ore,High
GDS-00584,Guntakal-SEC-04,2026-09-09,7,POL,Medium
GDS-00585,Secunderabad-SEC-01,2026-09-13,3,Coal,Low
GDS-00586,Secunderabad-SEC-01,2026-10-19,12,Cement,High
GDS-00587,Hyderabad-SEC-05,2026-09-02,3,Iron ore,Low
GDS-00588,Secunderabad-SEC-08,2026-09-22,5,Cement,Medium
GDS-00589,Guntakal-SEC-07,2026-10-09,5,POL,Medium
GDS-00590,Vijayawada-SEC-02,2026-10-03,4,Iron ore,Medium
GDS-00591,Hyderabad-SEC-04,2026-09-07,2,Cement,Low
GDS-00592,Secunderabad-SEC-08,2026-09-03,6,Iron ore,Medium
GDS-00593,Guntur-SEC-08,2026-10-26,1,Coal,Low
GDS-00594,Vijayawada-SEC-04,2026-10-14,5,POL,Medium
GDS-00595,Guntakal-SEC-02,2026-10-28,3,POL,Low
GDS-00596,Vijayawada-SEC-05,2026-09-26,1,POL,Low
GDS-00597,Vijayawada-SEC-02,2026-09-21,7,Foodgrain,Medium
GDS-00598,Vijayawada-SEC-08,2026-10-28,3,POL,Low
GDS-00599,Vijayawada-SEC-03,2026-10-09,2,Foodgrain,Low
GDS-00600,Secunderabad-SEC-07,2026-09-11,4,POL,Medium
GDS-00601,Vijayawada-SEC-04,2026-09-04,10,POL,High
GDS-00602,Guntakal-SEC-05,2026-10-23,6,Container,Medium
GDS-00603,Secunderabad-SEC-01,2026-10-10,4,Container,Medium
GDS-00604,Vijayawada-SEC-07,2026-10-28,7,POL,Medium
GDS-00605,Hyderabad-SEC-01,2026-10-11,9,Foodgrain,High
GDS-00606,Hyderabad-SEC-05,2026-09-07,5,Iron ore,Medium
GDS-00607,Secunderabad-SEC-04,2026-09-14,1,Foodgrain,Low
GDS-00608,Guntur-SEC-03,2026-09-24,7,POL,Medium
GDS-00609,Hyderabad-SEC-05,2026-09-13,1,POL,Low
GDS-00610,Secunderabad-SEC-02,2026-10-17,11,Iron ore,High
GDS-00611,Secunderabad-SEC-03,2026-09-16,9,POL,High
GDS-00612,Guntur-SEC-07,2026-09-21,11,Container,High
GDS-00613,Guntur-SEC-03,2026-10-22,8,Foodgrain,High
GDS-00614,Secunderabad-SEC-06,2026-09-15,5,Cement,Medium
GDS-00615,Hyderabad-SEC-04,2026-09-09,4,Cement,Medium
GDS-00616,Guntakal-SEC-02,2026-10-25,5,Cement,Medium
GDS-00617,Secunderabad-SEC-02,2026-10-15,5,Foodgrain,Medium
GDS-00618,Secunderabad-SEC-06,2026-09-20,3,Foodgrain,Low
GDS-00619,Vijayawada-SEC-01,2026-10-17,1,Container,Low
GDS-00620,Secunderabad-SEC-06,2026-10-18,4,Iron ore,Medium
GDS-00621,Guntakal-SEC-07,2026-09-19,2,Container,Low
GDS-00622,Hyderabad-SEC-05,2026-10-26,2,Foodgrain,Low
GDS-00623,Secunderabad-SEC-08,2026-10-12,12,Coal,High
GDS-00624,Secunderabad-SEC-06,2026-09-10,9,Container,High
GDS-00625,Vijayawada-SEC-02,2026-09-21,7,POL,Medium
GDS-00626,Secunderabad-SEC-06,2026-10-09,7,Cement,Medium
GDS-00627,Vijayawada-SEC-08,2026-10-20,3,POL,Low
GDS-00628,Guntur-SEC-02,2026-10-18,9,Foodgrain,High
GDS-00629,Vijayawada-SEC-02,2026-09-24,2,Cement,Low
GDS-00630,Guntur-SEC-06,2026-10-01,3,Foodgrain,Low
GDS-00631,Guntur-SEC-02,2026-10-13,10,Coal,High
GDS-00632,Guntakal-SEC-07,2026-09-24,6,Iron ore,Medium
GDS-00633,Secunderabad-SEC-01,2026-10-26,9,Container,High
GDS-00634,Hyderabad-SEC-02,2026-09-14,2,Coal,Low
GDS-00635,Vijayawada-SEC-06,2026-10-25,5,Container,Medium
GDS-00636,Guntur-SEC-03,2026-10-09,5,Cement,Medium
GDS-00637,Secunderabad-SEC-04,2026-10-29,8,Container,High
GDS-00638,Hyderabad-SEC-07,2026-10-31,9,POL,High
GDS-00639,Vijayawada-SEC-04,2026-09-04,10,Foodgrain,High
GDS-00640,Guntur-SEC-02,2026-10-03,2,Cement,Low
GDS-00641,Guntur-SEC-06,2026-10-03,9,Iron ore,High
GDS-00642,Hyderabad-SEC-08,2026-10-24,1,Coal,Low
GDS-00643,Vijayawada-SEC-04,2026-09-10,7,Iron ore,Medium
GDS-00644,Hyderabad-SEC-05,2026-09-23,2,Iron ore,Low
GDS-00645,Secunderabad-SEC-04,2026-10-25,7,Cement,Medium
GDS-00646,Hyderabad-SEC-07,2026-10-19,5,Container,Medium
GDS-00647,Vijayawada-SEC-02,2026-09-02,6,Cement,Medium
GDS-00648,Secunderabad-SEC-02,2026-10-23,4,Coal,Medium
GDS-00649,Guntur-SEC-04,2026-10-18,6,Foodgrain,Medium
GDS-00650,Secunderabad-SEC-07,2026-10-21,3,Iron ore,Low
GDS-00651,Guntur-SEC-08,2026-09-23,12,Cement,High
GDS-00652,Vijayawada-SEC-06,2026-10-13,5,Iron ore,Medium
GDS-00653,Secunderabad-SEC-02,2026-10-12,9,Coal,High
GDS-00654,Secunderabad-SEC-05,2026-09-13,7,Coal,Medium
GDS-00655,Guntakal-SEC-04,2026-10-23,10,Container,High
GDS-00656,Guntur-SEC-08,2026-09-17,12,Cement,High
GDS-00657,Secunderabad-SEC-08,2026-09-18,3,Container,Low
GDS-00658,Guntakal-SEC-01,2026-10-18,12,POL,High
GDS-00659,Hyderabad-SEC-03,2026-09-12,8,Coal,High
GDS-00660,Hyderabad-SEC-04,2026-10-21,10,Iron ore,High
GDS-00661,Secunderabad-SEC-02,2026-09-19,6,Foodgrain,Medium
GDS-00662,Guntur-SEC-02,2026-10-08,3,Cement,Low
GDS-00663,Hyderabad-SEC-05,2026-09-28,3,Container,Low
GDS-00664,Hyderabad-SEC-04,2026-10-15,5,Foodgrain,Medium
GDS-00665,Secunderabad-SEC-02,2026-10-01,11,Cement,High
GDS-00666,Secunderabad-SEC-08,2026-10-01,7,Iron ore,Medium
GDS-00667,Hyderabad-SEC-06,2026-10-15,10,Container,High
GDS-00668,Hyderabad-SEC-08,2026-09-04,6,Cement,Medium
GDS-00669,Secunderabad-SEC-03,2026-09-17,5,Cement,Medium
GDS-00670,Secunderabad-SEC-06,2026-10-12,10,Foodgrain,High
GDS-00671,Guntakal-SEC-04,2026-10-25,1,Foodgrain,Low
GDS-00672,Vijayawada-SEC-08,2026-10-31,11,Iron ore,High
GDS-00673,Guntakal-SEC-08,2026-10-10,1,Foodgrain,Low
GDS-00674,Secunderabad-SEC-01,2026-10-27,1,Iron ore,Low
GDS-00675,Guntur-SEC-05,2026-10-30,5,Coal,Medium
GDS-00676,Guntur-SEC-06,2026-10-27,4,Cement,Medium
GDS-00677,Hyderabad-SEC-05,2026-10-31,8,Cement,High
GDS-00678,Guntakal-SEC-05,2026-09-08,1,Iron ore,Low
GDS-00679,Secunderabad-SEC-01,2026-10-28,10,Cement,High
GDS-00680,Vijayawada-SEC-06,2026-09-06,9,Foodgrain,High
GDS-00681,Hyderabad-SEC-01,2026-10-24,4,POL,Medium
GDS-00682,Hyderabad-SEC-06,2026-10-04,11,Container,High
GDS-00683,Hyderabad-SEC-05,2026-09-05,5,POL,Medium
GDS-00684,Guntur-SEC-01,2026-10-10,4,Foodgrain,Medium
GDS-00685,Guntur-SEC-01,2026-10-17,12,Foodgrain,High
GDS-00686,Vijayawada-SEC-07,2026-10-08,2,POL,Low
GDS-00687,Hyderabad-SEC-04,2026-10-07,1,Coal,Low
GDS-00688,Hyderabad-SEC-06,2026-09-08,9,POL,High
GDS-00689,Secunderabad-SEC-01,2026-10-27,8,Cement,High
GDS-00690,Vijayawada-SEC-03,2026-10-20,2,Iron ore,Low
GDS-00691,Hyderabad-SEC-06,2026-10-20,11,Container,High
GDS-00692,Secunderabad-SEC-08,2026-09-18,11,Coal,High
GDS-00693,Hyderabad-SEC-08,2026-10-02,12,Cement,High
GDS-00694,Guntakal-SEC-02,2026-10-28,9,Foodgrain,High
GDS-00695,Secunderabad-SEC-03,2026-09-29,11,Coal,High
GDS-00696,Guntur-SEC-06,2026-10-19,12,Foodgrain,High
GDS-00697,Guntakal-SEC-05,2026-09-19,6,Coal,Medium
GDS-00698,Guntur-SEC-08,2026-10-11,12,Container,High
GDS-00699,Guntur-SEC-02,2026-10-03,11,Foodgrain,High
GDS-00700,Hyderabad-SEC-04,2026-09-02,5,Foodgrain,Medium
GDS-00701,Guntur-SEC-08,2026-10-30,12,Iron ore,High
GDS-00702,Secunderabad-SEC-04,2026-10-20,12,Coal,High
GDS-00703,Secunderabad-SEC-06,2026-10-22,11,Cement,High
GDS-00704,Hyderabad-SEC-04,2026-10-21,12,Iron ore,High
GDS-00705,Guntakal-SEC-08,2026-10-07,8,POL,High
GDS-00706,Hyderabad-SEC-03,2026-09-30,2,Iron ore,Low
GDS-00707,Secunderabad-SEC-06,2026-09-16,10,Cement,High
GDS-00708,Secunderabad-SEC-05,2026-09-08,8,Coal,High
GDS-00709,Guntakal-SEC-05,2026-10-08,5,Foodgrain,Medium
GDS-00710,Guntur-SEC-01,2026-10-08,7,Coal,Medium
GDS-00711,Guntakal-SEC-01,2026-10-31,11,Foodgrain,High
GDS-00712,Hyderabad-SEC-06,2026-10-23,8,POL,High
GDS-00713,Hyderabad-SEC-05,2026-09-13,9,Iron ore,High
GDS-00714,Vijayawada-SEC-01,2026-09-26,10,Container,High
GDS-00715,Hyderabad-SEC-02,2026-09-06,4,POL,Medium
GDS-00716,Vijayawada-SEC-08,2026-10-17,6,Cement,Medium
GDS-00717,Hyderabad-SEC-06,2026-10-13,6,POL,Medium
GDS-00718,Guntakal-SEC-02,2026-10-11,1,POL,Low
GDS-00719,Secunderabad-SEC-02,2026-09-23,12,Container,High
GDS-00720,Guntakal-SEC-06,2026-09-15,1,Container,Low
GDS-00721,Vijayawada-SEC-01,2026-10-27,2,Container,Low
GDS-00722,Vijayawada-SEC-08,2026-10-23,2,POL,Low
GDS-00723,Guntur-SEC-03,2026-10-18,7,Container,Medium
GDS-00724,Secunderabad-SEC-08,2026-10-06,10,Iron ore,High
GDS-00725,Hyderabad-SEC-08,2026-09-17,1,Cement,Low
GDS-00726,Guntur-SEC-02,2026-10-13,12,Container,High
GDS-00727,Secunderabad-SEC-03,2026-09-09,10,Iron ore,High
GDS-00728,Secunderabad-SEC-06,2026-09-28,9,Foodgrain,High
GDS-00729,Hyderabad-SEC-04,2026-10-11,4,Cement,Medium
GDS-00730,Vijayawada-SEC-04,2026-09-25,3,Coal,Low
GDS-00731,Secunderabad-SEC-02,2026-09-02,4,POL,Medium
GDS-00732,Hyderabad-SEC-03,2026-09-22,9,Iron ore,High
GDS-00733,Guntakal-SEC-02,2026-10-01,3,Iron ore,Low
GDS-00734,Secunderabad-SEC-08,2026-10-24,6,Container,Medium
GDS-00735,Secunderabad-SEC-07,2026-09-21,11,Cement,High
GDS-00736,Secunderabad-SEC-07,2026-10-08,9,Cement,High
GDS-00737,Guntur-SEC-03,2026-10-15,3,Cement,Low
GDS-00738,Secunderabad-SEC-02,2026-10-05,2,POL,Low
GDS-00739,Guntur-SEC-06,2026-09-10,12,Foodgrain,High
GDS-00740,Secunderabad-SEC-02,2026-10-31,8,Foodgrain,High
GDS-00741,Secunderabad-SEC-06,2026-09-09,5,Cement,Medium
GDS-00742,Secunderabad-SEC-04,2026-09-20,5,Coal,Medium
GDS-00743,Guntakal-SEC-06,2026-09-26,9,POL,High
GDS-00744,Vijayawada-SEC-01,2026-10-25,12,POL,High
GDS-00745,Secunderabad-SEC-04,2026-10-22,8,Cement,High
GDS-00746,Guntur-SEC-07,2026-10-14,10,Iron ore,High
GDS-00747,Hyderabad-SEC-08,2026-10-11,10,Container,High
GDS-00748,Hyderabad-SEC-05,2026-10-15,10,Container,High
GDS-00749,Secunderabad-SEC-04,2026-10-21,2,POL,Low
GDS-00750,Hyderabad-SEC-02,2026-10-10,9,Iron ore,High
GDS-00751,Vijayawada-SEC-04,2026-09-25,7,Cement,Medium
GDS-00752,Hyderabad-SEC-05,2026-09-15,12,POL,High
GDS-00753,Guntur-SEC-01,2026-09-29,5,Coal,Medium
GDS-00754,Hyderabad-SEC-01,2026-10-12,7,Container,Medium
GDS-00755,Guntur-SEC-03,2026-10-17,1,Coal,Low
GDS-00756,Vijayawada-SEC-03,2026-10-26,12,Cement,High
GDS-00757,Hyderabad-SEC-06,2026-09-22,12,Foodgrain,High
GDS-00758,Secunderabad-SEC-02,2026-09-15,5,Iron ore,Medium
GDS-00759,Vijayawada-SEC-05,2026-09-23,12,Container,High
GDS-00760,Vijayawada-SEC-06,2026-09-18,2,Foodgrain,Low
GDS-00761,Guntur-SEC-01,2026-09-04,8,Iron ore,High
GDS-00762,Hyderabad-SEC-02,2026-10-02,7,Foodgrain,Medium
GDS-00763,Hyderabad-SEC-07,2026-10-09,4,Foodgrain,Medium
GDS-00764,Hyderabad-SEC-04,2026-10-20,10,Coal,High
GDS-00765,Hyderabad-SEC-07,2026-09-23,3,Coal,Low
GDS-00766,Hyderabad-SEC-06,2026-10-25,9,Container,High
GDS-00767,Guntur-SEC-01,2026-10-15,4,Container,Medium
GDS-00768,Guntur-SEC-08,2026-09-29,8,Container,High
GDS-00769,Secunderabad-SEC-07,2026-09-23,5,Foodgrain,Medium
GDS-00770,Vijayawada-SEC-05,2026-10-11,4,Container,Medium
GDS-00771,Guntakal-SEC-04,2026-10-30,12,Coal,High
GDS-00772,Hyderabad-SEC-08,2026-09-03,2,Cement,Low
GDS-00773,Hyderabad-SEC-04,2026-09-02,3,Iron ore,Low
GDS-00774,Secunderabad-SEC-05,2026-09-20,4,Iron ore,Medium
GDS-00775,Guntakal-SEC-01,2026-09-10,1,Foodgrain,Low
GDS-00776,Guntakal-SEC-01,2026-10-03,1,Coal,Low
GDS-00777,Guntakal-SEC-06,2026-09-24,10,Foodgrain,High
GDS-00778,Vijayawada-SEC-03,2026-09-04,6,Foodgrain,Medium
GDS-00779,Guntakal-SEC-05,2026-09-09,3,Foodgrain,Low
GDS-00780,Secunderabad-SEC-06,2026-10-09,3,POL,Low
GDS-00781,Guntur-SEC-03,2026-10-11,9,Coal,High
GDS-00782,Guntur-SEC-06,2026-09-24,1,POL,Low
GDS-00783,Secunderabad-SEC-04,2026-10-07,7,Foodgrain,Medium
GDS-00784,Secunderabad-SEC-01,2026-10-03,4,Cement,Medium
GDS-00785,Hyderabad-SEC-02,2026-10-04,12,Iron ore,High
GDS-00786,Secunderabad-SEC-01,2026-09-28,10,Foodgrain,High
GDS-00787,Vijayawada-SEC-08,2026-10-20,4,Iron ore,Medium
GDS-00788,Vijayawada-SEC-01,2026-10-03,8,Iron ore,High
GDS-00789,Hyderabad-SEC-08,2026-10-11,12,Iron ore,High
GDS-00790,Secunderabad-SEC-06,2026-10-14,8,Cement,High
GDS-00791,Vijayawada-SEC-05,2026-10-31,6,Cement,Medium
GDS-00792,Hyderabad-SEC-04,2026-10-18,9,Coal,High
GDS-00793,Guntakal-SEC-07,2026-10-28,2,Cement,Low
GDS-00794,Guntur-SEC-04,2026-10-09,10,Cement,High
GDS-00795,Hyderabad-SEC-01,2026-10-02,2,POL,Low
GDS-00796,Secunderabad-SEC-02,2026-09-02,3,Cement,Low
GDS-00797,Hyderabad-SEC-06,2026-10-21,8,Foodgrain,High
GDS-00798,Secunderabad-SEC-02,2026-09-18,4,Coal,Medium
GDS-00799,Vijayawada-SEC-06,2026-09-19,6,POL,Medium
GDS-00800,Guntakal-SEC-08,2026-09-05,7,Cement,Medium
GDS-00801,Hyderabad-SEC-02,2026-10-03,9,Cement,High
GDS-00802,Vijayawada-SEC-04,2026-10-03,10,Iron ore,High
GDS-00803,Guntur-SEC-05,2026-10-14,12,Coal,High
GDS-00804,Secunderabad-SEC-03,2026-09-24,8,Container,High
GDS-00805,Guntakal-SEC-01,2026-10-15,10,Iron ore,High
GDS-00806,Secunderabad-SEC-05,2026-09-08,2,Iron ore,Low
GDS-00807,Secunderabad-SEC-01,2026-10-10,9,Coal,High
GDS-00808,Guntur-SEC-03,2026-09-28,11,Coal,High
GDS-00809,Hyderabad-SEC-03,2026-10-07,9,POL,High
GDS-00810,Hyderabad-SEC-07,2026-09-07,12,Coal,High
GDS-00811,Vijayawada-SEC-02,2026-10-03,2,Container,Low
GDS-00812,Guntur-SEC-07,2026-09-07,5,Cement,Medium
GDS-00813,Hyderabad-SEC-04,2026-10-14,5,Coal,Medium
GDS-00814,Secunderabad-SEC-07,2026-10-21,2,Container,Low
GDS-00815,Guntakal-SEC-03,2026-09-02,11,Cement,High
GDS-00816,Vijayawada-SEC-05,2026-10-30,6,Iron ore,Medium
GDS-00817,Guntur-SEC-04,2026-10-24,10,Coal,High
GDS-00818,Secunderabad-SEC-04,2026-10-27,8,Coal,High
GDS-00819,Guntakal-SEC-06,2026-09-21,4,Coal,Medium
GDS-00820,Hyderabad-SEC-08,2026-09-28,3,POL,Low
GDS-00821,Guntur-SEC-08,2026-09-29,2,Iron ore,Low
GDS-00822,Guntur-SEC-03,2026-10-08,9,Foodgrain,High
GDS-00823,Hyderabad-SEC-03,2026-10-27,4,Coal,Medium
GDS-00824,Secunderabad-SEC-08,2026-09-29,8,Foodgrain,High
GDS-00825,Vijayawada-SEC-04,2026-09-26,1,Iron ore,Low
GDS-00826,Guntakal-SEC-01,2026-10-17,10,Cement,High
GDS-00827,Guntur-SEC-07,2026-10-14,5,Container,Medium
GDS-00828,Vijayawada-SEC-08,2026-10-01,10,Container,High
GDS-00829,Guntur-SEC-02,2026-10-10,7,Iron ore,Medium
GDS-00830,Vijayawada-SEC-03,2026-09-26,12,Coal,High
GDS-00831,Guntur-SEC-02,2026-10-09,3,Iron ore,Low
GDS-00832,Secunderabad-SEC-02,2026-09-20,2,Foodgrain,Low
GDS-00833,Hyderabad-SEC-08,2026-10-11,6,Iron ore,Medium
GDS-00834,Hyderabad-SEC-03,2026-10-14,12,Cement,High
GDS-00835,Secunderabad-SEC-03,2026-09-16,4,Container,Medium
GDS-00836,Secunderabad-SEC-04,2026-09-02,4,Foodgrain,Medium
GDS-00837,Guntur-SEC-01,2026-09-26,1,Coal,Low
GDS-00838,Vijayawada-SEC-04,2026-10-23,9,Container,High
GDS-00839,Guntakal-SEC-05,2026-09-04,4,Iron ore,Medium
GDS-00840,Guntakal-SEC-02,2026-10-14,8,Coal,High
GDS-00841,Secunderabad-SEC-01,2026-09-27,9,POL,High
GDS-00842,Hyderabad-SEC-08,2026-10-31,8,Cement,High
GDS-00843,Secunderabad-SEC-05,2026-10-31,8,Cement,High
GDS-00844,Guntur-SEC-04,2026-09-29,3,Cement,Low
GDS-00845,Secunderabad-SEC-06,2026-09-04,11,Coal,High
GDS-00846,Secunderabad-SEC-02,2026-10-10,5,Container,Medium
GDS-00847,Hyderabad-SEC-05,2026-09-30,6,POL,Medium
GDS-00848,Secunderabad-SEC-07,2026-09-16,1,Coal,Low
GDS-00849,Vijayawada-SEC-03,2026-09-01,8,Cement,High
GDS-00850,Secunderabad-SEC-02,2026-10-24,9,Coal,High
GDS-00851,Guntur-SEC-01,2026-09-13,5,Iron ore,Medium
GDS-00852,Secunderabad-SEC-08,2026-09-06,1,Container,Low
GDS-00853,Secunderabad-SEC-02,2026-09-09,8,Cement,High
GDS-00854,Guntakal-SEC-06,2026-10-12,8,Foodgrain,High
GDS-00855,Vijayawada-SEC-04,2026-09-28,2,Iron ore,Low
GDS-00856,Guntakal-SEC-05,2026-10-05,12,Container,High
GDS-00857,Vijayawada-SEC-08,2026-10-28,7,Coal,Medium
GDS-00858,Vijayawada-SEC-03,2026-10-02,4,Container,Medium
GDS-00859,Hyderabad-SEC-04,2026-09-23,9,POL,High
GDS-00860,Vijayawada-SEC-02,2026-09-19,4,Container,Medium
GDS-00861,Hyderabad-SEC-02,2026-10-26,3,Cement,Low
GDS-00862,Hyderabad-SEC-02,2026-10-29,1,Iron ore,Low
GDS-00863,Guntakal-SEC-06,2026-09-29,7,Cement,Medium
GDS-00864,Vijayawada-SEC-06,2026-09-25,3,Cement,Low
GDS-00865,Hyderabad-SEC-05,2026-09-06,7,POL,Medium
GDS-00866,Secunderabad-SEC-07,2026-10-21,4,POL,Medium
GDS-00867,Guntakal-SEC-06,2026-10-22,1,Cement,Low
GDS-00868,Guntakal-SEC-04,2026-10-05,11,POL,High
GDS-00869,Guntakal-SEC-06,2026-10-31,6,Cement,Medium
GDS-00870,Guntakal-SEC-06,2026-09-26,9,Foodgrain,High
GDS-00871,Secunderabad-SEC-04,2026-10-04,9,Coal,High
GDS-00872,Guntur-SEC-02,2026-10-15,4,Container,Medium
GDS-00873,Guntur-SEC-07,2026-10-21,3,Iron ore,Low
GDS-00874,Hyderabad-SEC-01,2026-10-23,11,Iron ore,High
GDS-00875,Hyderabad-SEC-04,2026-09-10,1,Container,Low
GDS-00876,Guntakal-SEC-04,2026-09-06,4,Foodgrain,Medium
GDS-00877,Vijayawada-SEC-04,2026-10-05,3,Iron ore,Low
GDS-00878,Secunderabad-SEC-07,2026-09-12,8,Coal,High
GDS-00879,Guntur-SEC-02,2026-10-30,5,Cement,Medium
GDS-00880,Secunderabad-SEC-08,2026-10-11,7,Iron ore,Medium
GDS-00881,Guntakal-SEC-06,2026-10-30,11,Iron ore,High
GDS-00882,Secunderabad-SEC-04,2026-09-04,7,Iron ore,Medium
GDS-00883,Guntakal-SEC-01,2026-09-05,11,Coal,High
GDS-00884,Guntur-SEC-04,2026-09-03,3,POL,Low
GDS-00885,Secunderabad-SEC-04,2026-10-26,12,Coal,High
GDS-00886,Vijayawada-SEC-03,2026-09-10,2,Cement,Low
GDS-00887,Guntakal-SEC-07,2026-10-05,5,Foodgrain,Medium
GDS-00888,Vijayawada-SEC-02,2026-09-16,9,Foodgrain,High
GDS-00889,Guntakal-SEC-04,2026-10-03,5,Iron ore,Medium
GDS-00890,Hyderabad-SEC-05,2026-10-28,12,Cement,High
GDS-00891,Guntur-SEC-03,2026-10-07,9,Coal,High
GDS-00892,Vijayawada-SEC-01,2026-09-11,6,Coal,Medium
GDS-00893,Hyderabad-SEC-05,2026-09-07,4,Container,Medium
GDS-00894,Guntur-SEC-06,2026-10-16,11,Iron ore,High
GDS-00895,Secunderabad-SEC-06,2026-09-14,8,POL,High
GDS-00896,Guntakal-SEC-02,2026-09-12,2,Container,Low
GDS-00897,Secunderabad-SEC-06,2026-09-21,8,Coal,High
GDS-00898,Hyderabad-SEC-05,2026-10-09,6,Cement,Medium
GDS-00899,Secunderabad-SEC-08,2026-09-04,5,Foodgrain,Medium
GDS-00900,Secunderabad-SEC-01,2026-09-22,10,Iron ore,High
GDS-00901,Hyderabad-SEC-06,2026-10-07,3,Foodgrain,Low
GDS-00902,Secunderabad-SEC-08,2026-09-08,1,POL,Low
GDS-00903,Guntakal-SEC-04,2026-10-24,5,POL,Medium
GDS-00904,Guntur-SEC-08,2026-10-18,11,Foodgrain,High
GDS-00905,Secunderabad-SEC-07,2026-10-15,5,Iron ore,Medium
GDS-00906,Guntakal-SEC-02,2026-09-13,5,Coal,Medium
GDS-00907,Guntakal-SEC-07,2026-09-04,2,Cement,Low
GDS-00908,Guntur-SEC-03,2026-10-30,9,Coal,High
GDS-00909,Hyderabad-SEC-07,2026-09-20,11,POL,High
GDS-00910,Guntakal-SEC-08,2026-09-30,6,Container,Medium
GDS-00911,Guntakal-SEC-08,2026-09-11,4,Container,Medium
GDS-00912,Guntakal-SEC-08,2026-10-19,9,Iron ore,High
GDS-00913,Guntur-SEC-06,2026-09-09,10,Container,High
GDS-00914,Guntakal-SEC-08,2026-09-01,6,Container,Medium
GDS-00915,Vijayawada-SEC-02,2026-09-18,2,Coal,Low
GDS-00916,Secunderabad-SEC-01,2026-10-04,8,POL,High
GDS-00917,Secunderabad-SEC-06,2026-09-21,5,Coal,Medium
GDS-00918,Hyderabad-SEC-08,2026-10-07,3,Cement,Low
GDS-00919,Hyderabad-SEC-08,2026-10-30,11,POL,High
GDS-00920,Vijayawada-SEC-05,2026-09-19,7,Foodgrain,Medium
GDS-00921,Vijayawada-SEC-03,2026-10-09,8,Cement,High
GDS-00922,Guntakal-SEC-08,2026-10-17,5,Iron ore,Medium
GDS-00923,Vijayawada-SEC-07,2026-09-23,5,Container,Medium
GDS-00924,Hyderabad-SEC-07,2026-10-08,6,Foodgrain,Medium
GDS-00925,Vijayawada-SEC-04,2026-09-28,4,Container,Medium
GDS-00926,Hyderabad-SEC-02,2026-10-18,6,Container,Medium
GDS-00927,Secunderabad-SEC-01,2026-09-04,3,Cement,Low
GDS-00928,Secunderabad-SEC-02,2026-10-09,12,POL,High
GDS-00929,Guntur-SEC-06,2026-10-31,3,Iron ore,Low
GDS-00930,Guntur-SEC-01,2026-10-14,8,Iron ore,High
GDS-00931,Vijayawada-SEC-03,2026-10-05,7,Foodgrain,Medium
GDS-00932,Secunderabad-SEC-06,2026-10-07,9,Cement,High
GDS-00933,Hyderabad-SEC-01,2026-09-21,10,Coal,High
GDS-00934,Guntakal-SEC-02,2026-09-03,7,Cement,Medium
GDS-00935,Secunderabad-SEC-04,2026-10-07,11,Container,High
GDS-00936,Vijayawada-SEC-07,2026-10-22,5,Coal,Medium
GDS-00937,Secunderabad-SEC-01,2026-10-29,3,Cement,Low
GDS-00938,Secunderabad-SEC-02,2026-09-07,11,Cement,High
GDS-00939,Secunderabad-SEC-04,2026-10-18,2,Coal,Low
GDS-00940,Vijayawada-SEC-08,2026-09-09,7,Cement,Medium
GDS-00941,Vijayawada-SEC-08,2026-10-09,9,Iron ore,High
GDS-00942,Guntur-SEC-03,2026-10-03,5,Iron ore,Medium
GDS-00943,Guntur-SEC-03,2026-09-28,7,Iron ore,Medium
GDS-00944,Guntur-SEC-02,2026-10-01,4,Container,Medium
GDS-00945,Hyderabad-SEC-01,2026-09-08,6,POL,Medium
GDS-00946,Vijayawada-SEC-08,2026-10-28,10,Coal,High
GDS-00947,Vijayawada-SEC-04,2026-09-11,2,Iron ore,Low
GDS-00948,Secunderabad-SEC-01,2026-09-17,4,POL,Medium
GDS-00949,Guntur-SEC-02,2026-09-03,6,Foodgrain,Medium
GDS-00950,Hyderabad-SEC-05,2026-09-04,5,Cement,Medium
GDS-00951,Guntur-SEC-03,2026-10-21,12,Container,High
GDS-00952,Guntakal-SEC-01,2026-09-17,12,POL,High
GDS-00953,Guntur-SEC-01,2026-10-19,10,Container,High
GDS-00954,Guntakal-SEC-04,2026-09-09,11,Coal,High
GDS-00955,Secunderabad-SEC-05,2026-09-01,7,Foodgrain,Medium
GDS-00956,Secunderabad-SEC-01,2026-10-10,10,POL,High
GDS-00957,Secunderabad-SEC-03,2026-10-31,6,Cement,Medium
GDS-00958,Secunderabad-SEC-03,2026-09-15,3,Foodgrain,Low
GDS-00959,Secunderabad-SEC-06,2026-10-26,6,Coal,Medium
GDS-00960,Hyderabad-SEC-04,2026-09-30,2,Coal,Low
GDS-00961,Guntakal-SEC-01,2026-09-02,11,Container,High
GDS-00962,Guntakal-SEC-02,2026-10-30,7,Container,Medium
GDS-00963,Guntur-SEC-02,2026-09-15,9,Iron ore,High
GDS-00964,Hyderabad-SEC-04,2026-10-08,3,Cement,Low
GDS-00965,Hyderabad-SEC-02,2026-09-20,1,Coal,Low
GDS-00966,Guntakal-SEC-04,2026-10-17,5,POL,Medium
GDS-00967,Hyderabad-SEC-08,2026-10-25,8,Iron ore,High
GDS-00968,Secunderabad-SEC-03,2026-10-15,11,POL,High
GDS-00969,Guntakal-SEC-06,2026-10-11,8,POL,High
GDS-00970,Vijayawada-SEC-07,2026-09-21,9,Coal,High
GDS-00971,Guntakal-SEC-06,2026-10-31,5,Coal,Medium
GDS-00972,Guntur-SEC-04,2026-09-16,2,Iron ore,Low
GDS-00973,Hyderabad-SEC-07,2026-10-16,3,Foodgrain,Low
GDS-00974,Guntakal-SEC-07,2026-09-03,1,Foodgrain,Low
GDS-00975,Hyderabad-SEC-05,2026-10-24,3,Coal,Low
GDS-00976,Guntakal-SEC-06,2026-09-13,10,POL,High
GDS-00977,Secunderabad-SEC-02,2026-10-14,1,Container,Low
GDS-00978,Secunderabad-SEC-02,2026-10-16,7,POL,Medium
GDS-00979,Guntur-SEC-07,2026-10-16,12,Container,High
GDS-00980,Hyderabad-SEC-01,2026-10-30,11,Coal,High
GDS-00981,Guntur-SEC-05,2026-10-10,9,POL,High
GDS-00982,Hyderabad-SEC-05,2026-09-04,4,POL,Medium
GDS-00983,Vijayawada-SEC-07,2026-10-30,1,Cement,Low
GDS-00984,Hyderabad-SEC-06,2026-09-16,8,Container,High
GDS-00985,Hyderabad-SEC-01,2026-09-07,4,POL,Medium
GDS-00986,Secunderabad-SEC-01,2026-10-15,2,Cement,Low
GDS-00987,Secunderabad-SEC-06,2026-09-30,1,Iron ore,Low
GDS-00988,Hyderabad-SEC-06,2026-10-16,5,Container,Medium
GDS-00989,Hyderabad-SEC-06,2026-09-21,8,Coal,High
GDS-00990,Hyderabad-SEC-03,2026-09-05,4,Container,Medium
GDS-00991,Secunderabad-SEC-08,2026-09-04,3,Iron ore,Low
GDS-00992,Secunderabad-SEC-02,2026-09-28,2,Foodgrain,Low
GDS-00993,Hyderabad-SEC-05,2026-09-07,12,Iron ore,High
GDS-00994,Guntakal-SEC-06,2026-09-14,7,Coal,Medium
GDS-00995,Secunderabad-SEC-04,2026-09-27,8,Coal,High
GDS-00996,Guntur-SEC-06,2026-09-26,10,Foodgrain,High
GDS-00997,Guntur-SEC-07,2026-09-01,3,Container,Low
GDS-00998,Hyderabad-SEC-02,2026-10-10,2,Cement,Low
GDS-00999,Guntur-SEC-07,2026-10-22,2,Foodgrain,Low
GDS-01000,Guntur-SEC-07,2026-09-16,3,Foodgrain,Low
GDS-01001,Hyderabad-SEC-03,2026-10-12,6,POL,Medium
GDS-01002,Guntur-SEC-08,2026-10-05,2,Coal,Low
GDS-01003,Guntakal-SEC-07,2026-10-18,3,Iron ore,Low
GDS-01004,Hyderabad-SEC-06,2026-09-19,2,Foodgrain,Low
GDS-01005,Hyderabad-SEC-04,2026-10-22,7,Cement,Medium
GDS-01006,Secunderabad-SEC-05,2026-10-03,6,Container,Medium
GDS-01007,Vijayawada-SEC-01,2026-10-13,6,Foodgrain,Medium
GDS-01008,Guntur-SEC-06,2026-09-25,12,Foodgrain,High
GDS-01009,Hyderabad-SEC-03,2026-09-29,10,POL,High
GDS-01010,Secunderabad-SEC-01,2026-09-21,12,Container,High
GDS-01011,Secunderabad-SEC-08,2026-10-29,2,Foodgrain,Low
GDS-01012,Guntur-SEC-01,2026-10-09,2,Coal,Low
GDS-01013,Guntakal-SEC-07,2026-09-14,5,Coal,Medium
GDS-01014,Guntakal-SEC-05,2026-09-10,5,Cement,Medium
GDS-01015,Guntur-SEC-04,2026-10-24,10,Iron ore,High
GDS-01016,Guntur-SEC-03,2026-10-13,10,Foodgrain,High
GDS-01017,Hyderabad-SEC-05,2026-10-31,8,Foodgrain,High
GDS-01018,Hyderabad-SEC-02,2026-09-28,10,Iron ore,High
GDS-01019,Secunderabad-SEC-01,2026-09-04,8,Iron ore,High
GDS-01020,Vijayawada-SEC-04,2026-10-03,2,Foodgrain,Low
GDS-01021,Secunderabad-SEC-01,2026-09-17,2,Cement,Low
GDS-01022,Guntur-SEC-08,2026-10-08,12,POL,High
GDS-01023,Guntur-SEC-04,2026-09-18,11,Coal,High
GDS-01024,Guntakal-SEC-03,2026-10-29,10,Foodgrain,High
GDS-01025,Secunderabad-SEC-03,2026-09-14,9,Cement,High
GDS-01026,Guntakal-SEC-04,2026-09-07,1,Cement,Low
GDS-01027,Secunderabad-SEC-05,2026-10-27,2,Coal,Low
GDS-01028,Guntakal-SEC-08,2026-09-23,8,POL,High
GDS-01029,Guntur-SEC-07,2026-09-04,2,Iron ore,Low
GDS-01030,Vijayawada-SEC-07,2026-09-01,11,POL,High
GDS-01031,Guntur-SEC-07,2026-10-03,5,Iron ore,Medium
GDS-01032,Secunderabad-SEC-02,2026-10-03,3,Container,Low
GDS-01033,Guntakal-SEC-07,2026-09-25,1,POL,Low
GDS-01034,Hyderabad-SEC-08,2026-09-19,4,Cement,Medium
GDS-01035,Secunderabad-SEC-02,2026-09-08,4,Coal,Medium
GDS-01036,Vijayawada-SEC-02,2026-10-21,3,Cement,Low
GDS-01037,Hyderabad-SEC-05,2026-10-20,11,Cement,High
GDS-01038,Guntakal-SEC-07,2026-09-18,1,Cement,Low
GDS-01039,Guntakal-SEC-08,2026-09-29,2,Cement,Low
GDS-01040,Vijayawada-SEC-05,2026-10-19,9,Container,High
GDS-01041,Guntakal-SEC-01,2026-10-02,3,POL,Low
GDS-01042,Guntur-SEC-06,2026-10-06,2,Cement,Low
GDS-01043,Secunderabad-SEC-08,2026-10-09,7,POL,Medium
GDS-01044,Guntakal-SEC-05,2026-10-11,12,Foodgrain,High
GDS-01045,Vijayawada-SEC-07,2026-10-23,6,Coal,Medium
GDS-01046,Guntakal-SEC-05,2026-10-13,5,Iron ore,Medium
GDS-01047,Guntur-SEC-01,2026-09-04,11,Foodgrain,High
GDS-01048,Guntur-SEC-04,2026-09-04,8,POL,High
GDS-01049,Guntur-SEC-04,2026-09-27,5,Foodgrain,Medium
GDS-01050,Secunderabad-SEC-06,2026-09-10,5,Cement,Medium
GDS-01051,Guntakal-SEC-03,2026-10-17,12,Foodgrain,High
GDS-01052,Hyderabad-SEC-04,2026-09-15,5,Iron ore,Medium
GDS-01053,Guntakal-SEC-05,2026-09-19,10,Foodgrain,High
GDS-01054,Guntakal-SEC-06,2026-09-07,11,Container,High
GDS-01055,Guntur-SEC-08,2026-10-09,9,Coal,High
GDS-01056,Secunderabad-SEC-02,2026-09-21,9,Cement,High
GDS-01057,Vijayawada-SEC-02,2026-09-28,11,Iron ore,High
GDS-01058,Guntur-SEC-07,2026-10-11,4,Foodgrain,Medium
GDS-01059,Secunderabad-SEC-04,2026-09-28,4,POL,Medium
GDS-01060,Secunderabad-SEC-04,2026-09-05,8,Iron ore,High
GDS-01061,Hyderabad-SEC-02,2026-10-11,3,POL,Low
GDS-01062,Secunderabad-SEC-06,2026-10-18,1,Iron ore,Low
GDS-01063,Guntakal-SEC-06,2026-10-10,3,Foodgrain,Low
GDS-01064,Hyderabad-SEC-04,2026-09-16,12,POL,High
GDS-01065,Vijayawada-SEC-07,2026-09-12,9,Container,High
GDS-01066,Hyderabad-SEC-08,2026-10-17,12,Foodgrain,High
GDS-01067,Hyderabad-SEC-04,2026-09-15,5,Container,Medium
GDS-01068,Secunderabad-SEC-08,2026-09-05,7,POL,Medium
GDS-01069,Secunderabad-SEC-05,2026-10-15,1,Foodgrain,Low
GDS-01070,Guntakal-SEC-07,2026-09-06,6,POL,Medium
GDS-01071,Secunderabad-SEC-07,2026-09-14,9,Cement,High
GDS-01072,Vijayawada-SEC-03,2026-09-11,7,Cement,Medium
GDS-01073,Hyderabad-SEC-08,2026-10-20,4,Foodgrain,Medium
GDS-01074,Guntakal-SEC-06,2026-10-03,9,Cement,High
GDS-01075,Guntakal-SEC-02,2026-10-17,10,Iron ore,High
GDS-01076,Guntur-SEC-01,2026-10-25,1,Container,Low
GDS-01077,Vijayawada-SEC-02,2026-09-03,12,Container,High
GDS-01078,Hyderabad-SEC-03,2026-10-05,3,Container,Low
GDS-01079,Vijayawada-SEC-02,2026-09-25,11,Foodgrain,High
GDS-01080,Hyderabad-SEC-07,2026-09-05,12,Cement,High
GDS-01081,Hyderabad-SEC-01,2026-10-03,6,Coal,Medium
GDS-01082,Guntakal-SEC-07,2026-10-03,7,Iron ore,Medium
GDS-01083,Guntakal-SEC-03,2026-10-27,1,Iron ore,Low
GDS-01084,Guntakal-SEC-04,2026-10-24,9,Foodgrain,High
GDS-01085,Secunderabad-SEC-05,2026-10-04,9,Cement,High
GDS-01086,Hyderabad-SEC-07,2026-10-10,2,POL,Low
GDS-01087,Guntur-SEC-06,2026-10-05,1,Foodgrain,Low
GDS-01088,Guntur-SEC-02,2026-09-27,2,Container,Low
GDS-01089,Guntakal-SEC-01,2026-09-23,12,Iron ore,High
GDS-01090,Secunderabad-SEC-01,2026-10-13,11,Foodgrain,High
GDS-01091,Secunderabad-SEC-07,2026-10-29,9,Foodgrain,High
GDS-01092,Secunderabad-SEC-04,2026-09-02,2,Cement,Low
GDS-01093,Guntur-SEC-03,2026-09-21,2,Cement,Low
GDS-01094,Vijayawada-SEC-04,2026-09-01,2,Foodgrain,Low
GDS-01095,Vijayawada-SEC-05,2026-09-24,8,Foodgrain,High
GDS-01096,Hyderabad-SEC-07,2026-09-07,4,Foodgrain,Medium
GDS-01097,Guntakal-SEC-04,2026-10-12,8,Cement,High
GDS-01098,Guntakal-SEC-06,2026-10-08,9,Container,High
GDS-01099,Guntur-SEC-01,2026-10-05,5,Cement,Medium
GDS-01100,Secunderabad-SEC-07,2026-10-16,3,Cement,Low
GDS-01101,Hyderabad-SEC-01,2026-10-28,10,Iron ore,High
GDS-01102,Guntakal-SEC-05,2026-09-14,6,Container,Medium
GDS-01103,Secunderabad-SEC-07,2026-09-17,4,Coal,Medium
GDS-01104,Secunderabad-SEC-07,2026-10-11,10,Container,High
GDS-01105,Vijayawada-SEC-04,2026-09-26,8,Cement,High
GDS-01106,Guntur-SEC-02,2026-09-13,3,Container,Low
GDS-01107,Secunderabad-SEC-07,2026-09-23,4,Coal,Medium
GDS-01108,Secunderabad-SEC-03,2026-10-31,12,Container,High
GDS-01109,Vijayawada-SEC-07,2026-09-02,9,Coal,High
GDS-01110,Guntakal-SEC-03,2026-09-21,4,Coal,Medium
GDS-01111,Secunderabad-SEC-03,2026-10-20,1,Cement,Low
GDS-01112,Guntakal-SEC-05,2026-10-10,1,Container,Low
GDS-01113,Guntur-SEC-05,2026-09-24,5,POL,Medium
GDS-01114,Guntur-SEC-07,2026-09-28,10,Coal,High
GDS-01115,Guntur-SEC-06,2026-09-07,4,Container,Medium
GDS-01116,Hyderabad-SEC-05,2026-09-21,2,POL,Low
GDS-01117,Hyderabad-SEC-01,2026-09-18,7,Iron ore,Medium
GDS-01118,Secunderabad-SEC-07,2026-10-01,3,Iron ore,Low
GDS-01119,Guntakal-SEC-04,2026-10-01,2,Cement,Low
GDS-01120,Guntur-SEC-05,2026-09-08,10,Iron ore,High
GDS-01121,Vijayawada-SEC-02,2026-10-02,3,Container,Low
GDS-01122,Secunderabad-SEC-06,2026-10-09,9,POL,High
GDS-01123,Guntur-SEC-08,2026-10-05,4,Cement,Medium
GDS-01124,Vijayawada-SEC-07,2026-09-14,1,Foodgrain,Low
GDS-01125,Guntakal-SEC-08,2026-09-23,11,Iron ore,High
GDS-01126,Guntur-SEC-05,2026-10-20,7,Coal,Medium
GDS-01127,Vijayawada-SEC-08,2026-09-23,6,Cement,Medium
GDS-01128,Vijayawada-SEC-01,2026-09-01,12,Cement,High
GDS-01129,Vijayawada-SEC-01,2026-10-29,8,Iron ore,High
GDS-01130,Guntur-SEC-04,2026-09-07,11,Foodgrain,High
GDS-01131,Guntur-SEC-06,2026-10-31,11,Coal,High
GDS-01132,Secunderabad-SEC-03,2026-09-06,3,Iron ore,Low
GDS-01133,Secunderabad-SEC-03,2026-10-06,6,POL,Medium
GDS-01134,Guntakal-SEC-06,2026-10-15,2,Foodgrain,Low
GDS-01135,Vijayawada-SEC-04,2026-10-12,10,Container,High
GDS-01136,Hyderabad-SEC-03,2026-10-06,12,Iron ore,High
GDS-01137,Hyderabad-SEC-04,2026-09-16,4,POL,Medium
GDS-01138,Secunderabad-SEC-08,2026-09-06,10,Iron ore,High
GDS-01139,Hyderabad-SEC-05,2026-09-28,9,Cement,High
GDS-01140,Guntakal-SEC-08,2026-09-20,1,Container,Low
GDS-01141,Vijayawada-SEC-01,2026-10-14,6,POL,Medium
GDS-01142,Guntur-SEC-02,2026-10-21,5,Coal,Medium
GDS-01143,Guntur-SEC-01,2026-09-02,11,Container,High
GDS-01144,Guntur-SEC-02,2026-09-20,4,Cement,Medium
GDS-01145,Hyderabad-SEC-07,2026-09-01,1,Iron ore,Low
GDS-01146,Hyderabad-SEC-04,2026-10-10,6,Coal,Medium
GDS-01147,Hyderabad-SEC-05,2026-09-05,6,Foodgrain,Medium
GDS-01148,Vijayawada-SEC-04,2026-10-02,6,Coal,Medium
GDS-01149,Guntur-SEC-04,2026-10-15,4,POL,Medium
GDS-01150,Guntur-SEC-03,2026-09-11,3,Iron ore,Low
GDS-01151,Hyderabad-SEC-03,2026-10-28,3,Cement,Low
GDS-01152,Guntakal-SEC-06,2026-09-01,6,Cement,Medium
GDS-01153,Hyderabad-SEC-01,2026-09-26,6,Cement,Medium
GDS-01154,Secunderabad-SEC-06,2026-09-09,4,Container,Medium
GDS-01155,Hyderabad-SEC-04,2026-09-18,9,POL,High
GDS-01156,Guntakal-SEC-01,2026-09-10,1,Iron ore,Low
GDS-01157,Guntakal-SEC-01,2026-09-06,9,Container,High
GDS-01158,Guntakal-SEC-03,2026-09-18,7,POL,Medium
GDS-01159,Vijayawada-SEC-03,2026-10-20,1,Container,Low
GDS-01160,Vijayawada-SEC-04,2026-09-20,6,POL,Medium
GDS-01161,Guntur-SEC-08,2026-10-11,10,Foodgrain,High
GDS-01162,Vijayawada-SEC-04,2026-09-29,4,Coal,Medium
GDS-01163,Vijayawada-SEC-08,2026-10-28,11,Iron ore,High
GDS-01164,Vijayawada-SEC-03,2026-10-23,12,Coal,High
GDS-01165,Secunderabad-SEC-07,2026-10-12,9,Coal,High
GDS-01166,Hyderabad-SEC-01,2026-10-26,11,Cement,High
GDS-01167,Hyderabad-SEC-06,2026-09-15,9,Coal,High
GDS-01168,Guntur-SEC-06,2026-09-18,4,Iron ore,Medium
GDS-01169,Guntakal-SEC-06,2026-10-20,11,Foodgrain,High
GDS-01170,Vijayawada-SEC-04,2026-10-09,1,Cement,Low
GDS-01171,Vijayawada-SEC-01,2026-09-06,11,Foodgrain,High
GDS-01172,Guntakal-SEC-06,2026-10-27,2,Container,Low
GDS-01173,Guntakal-SEC-08,2026-09-28,11,Foodgrain,High
GDS-01174,Vijayawada-SEC-08,2026-10-18,4,Foodgrain,Medium
GDS-01175,Guntur-SEC-01,2026-09-05,1,Foodgrain,Low
GDS-01176,Vijayawada-SEC-01,2026-10-21,8,Foodgrain,High
GDS-01177,Hyderabad-SEC-04,2026-10-26,12,POL,High
GDS-01178,Guntur-SEC-08,2026-10-17,7,POL,Medium
GDS-01179,Guntakal-SEC-06,2026-10-12,12,Iron ore,High
GDS-01180,Guntur-SEC-08,2026-09-16,3,Container,Low
GDS-01181,Guntur-SEC-03,2026-09-02,6,POL,Medium
GDS-01182,Guntur-SEC-07,2026-10-19,1,Container,Low
GDS-01183,Secunderabad-SEC-02,2026-10-27,3,POL,Low
GDS-01184,Secunderabad-SEC-06,2026-09-07,10,Cement,High
GDS-01185,Guntakal-SEC-06,2026-09-01,12,Container,High
GDS-01186,Hyderabad-SEC-01,2026-10-23,11,Cement,High
GDS-01187,Guntur-SEC-02,2026-10-16,9,Cement,High
GDS-01188,Guntakal-SEC-06,2026-10-20,2,Foodgrain,Low
GDS-01189,Secunderabad-SEC-04,2026-10-11,3,Container,Low
GDS-01190,Guntakal-SEC-07,2026-10-12,12,Container,High
GDS-01191,Vijayawada-SEC-02,2026-09-25,8,Container,High
GDS-01192,Guntur-SEC-04,2026-10-07,11,Cement,High
GDS-01193,Guntakal-SEC-03,2026-09-20,4,Cement,Medium
GDS-01194,Vijayawada-SEC-01,2026-09-11,9,Cement,High
GDS-01195,Guntur-SEC-05,2026-10-24,3,Coal,Low
GDS-01196,Vijayawada-SEC-05,2026-09-01,3,POL,Low
GDS-01197,Guntur-SEC-08,2026-09-14,3,Cement,Low
GDS-01198,Secunderabad-SEC-02,2026-09-20,5,Iron ore,Medium
GDS-01199,Guntakal-SEC-03,2026-09-01,11,Coal,High
GDS-01200,Secunderabad-SEC-01,2026-09-18,6,Cement,Medium
GDS-01201,Guntakal-SEC-04,2026-09-19,5,Foodgrain,Medium
GDS-01202,Vijayawada-SEC-04,2026-10-23,3,Foodgrain,Low
GDS-01203,Hyderabad-SEC-07,2026-10-24,3,Iron ore,Low
GDS-01204,Secunderabad-SEC-05,2026-10-02,3,Foodgrain,Low
GDS-01205,Vijayawada-SEC-04,2026-09-18,4,Cement,Medium
GDS-01206,Guntakal-SEC-01,2026-09-30,8,Cement,High
GDS-01207,Secunderabad-SEC-02,2026-09-17,9,POL,High
GDS-01208,Guntakal-SEC-01,2026-09-19,4,Foodgrain,Medium
GDS-01209,Guntur-SEC-01,2026-10-29,3,POL,Low
GDS-01210,Hyderabad-SEC-04,2026-10-23,3,Container,Low
GDS-01211,Guntakal-SEC-08,2026-10-07,10,Container,High
GDS-01212,Hyderabad-SEC-04,2026-09-19,9,Cement,High
GDS-01213,Guntur-SEC-08,2026-09-23,10,Foodgrain,High
GDS-01214,Guntakal-SEC-08,2026-09-24,10,Iron ore,High
GDS-01215,Guntur-SEC-08,2026-09-28,11,POL,High
GDS-01216,Hyderabad-SEC-05,2026-09-17,2,Cement,Low
GDS-01217,Secunderabad-SEC-02,2026-09-01,9,POL,High
GDS-01218,Guntur-SEC-05,2026-09-06,1,Foodgrain,Low
GDS-01219,Vijayawada-SEC-02,2026-09-15,6,Iron ore,Medium
GDS-01220,Secunderabad-SEC-08,2026-09-26,10,Cement,High
GDS-01221,Secunderabad-SEC-07,2026-10-03,3,POL,Low
GDS-01222,Guntakal-SEC-01,2026-10-18,5,Foodgrain,Medium
GDS-01223,Guntakal-SEC-03,2026-10-08,6,Foodgrain,Medium
GDS-01224,Guntur-SEC-01,2026-10-13,11,Container,High
GDS-01225,Guntur-SEC-02,2026-10-15,7,Coal,Medium
GDS-01226,Vijayawada-SEC-04,2026-10-13,1,Foodgrain,Low
GDS-01227,Guntur-SEC-04,2026-10-12,3,Container,Low
GDS-01228,Guntakal-SEC-05,2026-09-06,4,POL,Medium
GDS-01229,Secunderabad-SEC-04,2026-10-08,7,Coal,Medium
GDS-01230,Vijayawada-SEC-02,2026-09-30,12,Cement,High
GDS-01231,Guntakal-SEC-03,2026-10-16,9,Container,High
GDS-01232,Guntur-SEC-07,2026-10-22,10,POL,High
GDS-01233,Guntakal-SEC-04,2026-10-10,5,Coal,Medium
GDS-01234,Hyderabad-SEC-04,2026-09-19,12,Container,High
GDS-01235,Vijayawada-SEC-03,2026-09-28,6,POL,Medium
GDS-01236,Guntakal-SEC-02,2026-10-08,11,Container,High
GDS-01237,Vijayawada-SEC-07,2026-09-29,1,Container,Low
GDS-01238,Guntur-SEC-07,2026-10-27,6,Container,Medium
GDS-01239,Hyderabad-SEC-08,2026-09-19,2,Container,Low
GDS-01240,Hyderabad-SEC-01,2026-09-30,5,Container,Medium
GDS-01241,Hyderabad-SEC-07,2026-09-08,6,POL,Medium
GDS-01242,Secunderabad-SEC-01,2026-09-12,3,Cement,Low
GDS-01243,Hyderabad-SEC-07,2026-09-22,2,POL,Low
GDS-01244,Hyderabad-SEC-03,2026-10-18,6,POL,Medium
GDS-01245,Hyderabad-SEC-04,2026-10-09,8,Foodgrain,High
GDS-01246,Hyderabad-SEC-01,2026-09-06,2,Foodgrain,Low
GDS-01247,Guntakal-SEC-05,2026-09-23,1,POL,Low
GDS-01248,Hyderabad-SEC-02,2026-10-09,2,Container,Low
GDS-01249,Hyderabad-SEC-07,2026-09-04,9,Foodgrain,High
GDS-01250,Guntur-SEC-04,2026-10-09,10,Coal,High
GDS-01251,Guntakal-SEC-08,2026-09-30,5,Iron ore,Medium
GDS-01252,Secunderabad-SEC-02,2026-09-04,5,POL,Medium
GDS-01253,Hyderabad-SEC-01,2026-10-13,7,Iron ore,Medium
GDS-01254,Secunderabad-SEC-03,2026-10-04,11,Coal,High
GDS-01255,Vijayawada-SEC-02,2026-09-25,8,POL,High
GDS-01256,Hyderabad-SEC-01,2026-09-10,3,Container,Low
GDS-01257,Hyderabad-SEC-05,2026-09-01,12,Iron ore,High
GDS-01258,Vijayawada-SEC-08,2026-09-20,3,Foodgrain,Low
GDS-01259,Guntakal-SEC-02,2026-10-28,10,Foodgrain,High
GDS-01260,Hyderabad-SEC-01,2026-09-19,8,Container,High
GDS-01261,Vijayawada-SEC-03,2026-09-11,9,Coal,High
GDS-01262,Guntakal-SEC-08,2026-09-22,2,Container,Low
GDS-01263,Guntur-SEC-02,2026-09-12,11,Container,High
GDS-01264,Hyderabad-SEC-08,2026-10-10,4,POL,Medium
GDS-01265,Guntur-SEC-08,2026-09-09,10,Iron ore,High
GDS-01266,Guntakal-SEC-05,2026-10-22,12,POL,High
GDS-01267,Vijayawada-SEC-01,2026-09-03,5,Cement,Medium
GDS-01268,Secunderabad-SEC-03,2026-09-07,7,Coal,Medium
GDS-01269,Guntakal-SEC-03,2026-09-09,7,Cement,Medium
GDS-01270,Guntur-SEC-08,2026-09-24,10,Iron ore,High
GDS-01271,Guntur-SEC-07,2026-10-15,12,Cement,High
GDS-01272,Hyderabad-SEC-05,2026-10-31,9,Container,High
GDS-01273,Guntur-SEC-01,2026-10-11,9,Container,High
GDS-01274,Hyderabad-SEC-01,2026-10-22,6,Foodgrain,Medium
GDS-01275,Guntur-SEC-03,2026-09-02,6,Coal,Medium
GDS-01276,Guntakal-SEC-05,2026-10-01,6,Iron ore,Medium
GDS-01277,Hyderabad-SEC-05,2026-10-01,6,POL,Medium
GDS-01278,Vijayawada-SEC-05,2026-10-18,10,Cement,High
GDS-01279,Hyderabad-SEC-05,2026-10-14,2,Iron ore,Low
GDS-01280,Hyderabad-SEC-02,2026-10-20,11,POL,High
GDS-01281,Secunderabad-SEC-07,2026-10-10,5,Coal,Medium
GDS-01282,Guntakal-SEC-07,2026-09-18,9,Container,High
GDS-01283,Guntur-SEC-03,2026-10-17,6,Cement,Medium
GDS-01284,Hyderabad-SEC-06,2026-10-30,2,POL,Low
GDS-01285,Hyderabad-SEC-03,2026-10-08,4,Container,Medium
GDS-01286,Hyderabad-SEC-02,2026-09-04,6,Iron ore,Medium
GDS-01287,Vijayawada-SEC-05,2026-09-04,8,Foodgrain,High
GDS-01288,Hyderabad-SEC-03,2026-09-09,11,Coal,High
GDS-01289,Guntakal-SEC-05,2026-09-17,3,Foodgrain,Low
GDS-01290,Secunderabad-SEC-02,2026-09-10,5,Container,Medium
GDS-01291,Vijayawada-SEC-01,2026-10-16,2,Coal,Low
GDS-01292,Guntur-SEC-07,2026-10-16,4,Iron ore,Medium
GDS-01293,Guntakal-SEC-03,2026-10-10,7,Cement,Medium
GDS-01294,Guntur-SEC-05,2026-09-17,4,POL,Medium
GDS-01295,Guntur-SEC-03,2026-10-06,12,Container,High
GDS-01296,Hyderabad-SEC-03,2026-09-24,1,Foodgrain,Low
GDS-01297,Secunderabad-SEC-02,2026-09-05,4,POL,Medium
GDS-01298,Guntakal-SEC-04,2026-09-09,3,Cement,Low
GDS-01299,Guntakal-SEC-05,2026-10-17,6,POL,Medium
GDS-01300,Secunderabad-SEC-02,2026-09-18,5,POL,Medium
GDS-01301,Secunderabad-SEC-02,2026-09-24,8,POL,High
GDS-01302,Secunderabad-SEC-08,2026-09-04,11,Foodgrain,High
GDS-01303,Vijayawada-SEC-01,2026-09-03,9,POL,High
GDS-01304,Secunderabad-SEC-03,2026-09-10,1,Coal,Low
GDS-01305,Secunderabad-SEC-07,2026-10-28,1,Container,Low
GDS-01306,Secunderabad-SEC-06,2026-09-10,6,Iron ore,Medium
GDS-01307,Hyderabad-SEC-01,2026-10-29,7,POL,Medium
GDS-01308,Secunderabad-SEC-03,2026-09-19,10,POL,High
GDS-01309,Guntur-SEC-02,2026-09-01,3,POL,Low
GDS-01310,Vijayawada-SEC-03,2026-09-21,1,Iron ore,Low
GDS-01311,Vijayawada-SEC-03,2026-10-31,11,Coal,High
GDS-01312,Secunderabad-SEC-08,2026-09-07,10,Iron ore,High
GDS-01313,Hyderabad-SEC-01,2026-09-21,6,Cement,Medium
GDS-01314,Guntur-SEC-02,2026-09-06,8,Cement,High
GDS-01315,Hyderabad-SEC-02,2026-10-20,12,Cement,High
GDS-01316,Guntur-SEC-08,2026-09-03,3,POL,Low
GDS-01317,Guntur-SEC-01,2026-10-31,2,Cement,Low
GDS-01318,Guntakal-SEC-08,2026-10-07,3,Foodgrain,Low
GDS-01319,Hyderabad-SEC-06,2026-10-02,7,Coal,Medium
GDS-01320,Guntakal-SEC-01,2026-09-03,3,Foodgrain,Low
GDS-01321,Secunderabad-SEC-08,2026-10-05,12,Cement,High
GDS-01322,Secunderabad-SEC-01,2026-10-21,2,Coal,Low
GDS-01323,Secunderabad-SEC-04,2026-10-03,11,Container,High
GDS-01324,Hyderabad-SEC-06,2026-10-24,6,Cement,Medium
GDS-01325,Guntakal-SEC-06,2026-10-29,5,Coal,Medium
GDS-01326,Secunderabad-SEC-01,2026-10-18,12,Cement,High
GDS-01327,Guntakal-SEC-08,2026-10-13,2,POL,Low
GDS-01328,Hyderabad-SEC-04,2026-10-03,11,Iron ore,High
GDS-01329,Vijayawada-SEC-06,2026-09-18,12,Container,High
GDS-01330,Guntur-SEC-08,2026-09-25,5,Iron ore,Medium
GDS-01331,Guntakal-SEC-04,2026-09-29,9,POL,High
GDS-01332,Hyderabad-SEC-06,2026-10-29,8,Iron ore,High
GDS-01333,Vijayawada-SEC-02,2026-09-25,12,POL,High
GDS-01334,Hyderabad-SEC-06,2026-10-11,2,Coal,Low
GDS-01335,Guntur-SEC-02,2026-10-12,12,POL,High
GDS-01336,Secunderabad-SEC-06,2026-09-27,12,POL,High
GDS-01337,Guntakal-SEC-01,2026-09-25,7,Foodgrain,Medium
GDS-01338,Vijayawada-SEC-06,2026-09-12,7,Foodgrain,Medium
GDS-01339,Vijayawada-SEC-07,2026-10-13,12,POL,High
GDS-01340,Secunderabad-SEC-06,2026-10-03,9,Cement,High
GDS-01341,Hyderabad-SEC-07,2026-09-29,9,POL,High
GDS-01342,Guntur-SEC-06,2026-09-25,9,POL,High
GDS-01343,Vijayawada-SEC-02,2026-09-19,6,Iron ore,Medium
GDS-01344,Guntakal-SEC-04,2026-10-03,6,Coal,Medium
GDS-01345,Guntur-SEC-02,2026-09-28,3,Foodgrain,Low
GDS-01346,Vijayawada-SEC-07,2026-09-22,8,Container,High
GDS-01347,Guntakal-SEC-03,2026-10-15,9,Container,High
GDS-01348,Guntakal-SEC-06,2026-09-12,5,Coal,Medium
GDS-01349,Guntakal-SEC-07,2026-09-18,2,Foodgrain,Low
GDS-01350,Hyderabad-SEC-03,2026-09-13,4,Coal,Medium
GDS-01351,Guntakal-SEC-01,2026-09-12,2,POL,Low
GDS-01352,Guntakal-SEC-04,2026-09-30,3,POL,Low
GDS-01353,Vijayawada-SEC-08,2026-10-22,9,Coal,High
GDS-01354,Vijayawada-SEC-05,2026-09-11,8,Coal,High
GDS-01355,Guntakal-SEC-05,2026-09-22,5,Container,Medium
GDS-01356,Secunderabad-SEC-01,2026-09-11,8,Container,High
GDS-01357,Secunderabad-SEC-06,2026-10-28,3,Container,Low
GDS-01358,Vijayawada-SEC-07,2026-09-10,1,POL,Low
GDS-01359,Guntakal-SEC-06,2026-10-04,10,POL,High
GDS-01360,Vijayawada-SEC-03,2026-09-02,12,POL,High
GDS-01361,Guntur-SEC-07,2026-10-10,1,POL,Low
GDS-01362,Guntakal-SEC-01,2026-10-12,3,Foodgrain,Low
GDS-01363,Guntur-SEC-04,2026-09-07,11,POL,High
GDS-01364,Vijayawada-SEC-08,2026-09-25,11,Foodgrain,High
GDS-01365,Guntur-SEC-03,2026-09-13,5,POL,Medium
GDS-01366,Hyderabad-SEC-02,2026-09-24,3,Iron ore,Low
GDS-01367,Guntakal-SEC-05,2026-10-14,3,Iron ore,Low
GDS-01368,Guntakal-SEC-05,2026-10-26,9,Coal,High
GDS-01369,Vijayawada-SEC-06,2026-10-15,11,Coal,High
GDS-01370,Vijayawada-SEC-02,2026-09-02,2,Cement,Low
GDS-01371,Vijayawada-SEC-03,2026-10-18,8,POL,High
GDS-01372,Hyderabad-SEC-07,2026-09-26,9,Container,High
GDS-01373,Guntakal-SEC-08,2026-10-20,10,Foodgrain,High
GDS-01374,Guntakal-SEC-05,2026-10-11,3,Coal,Low
GDS-01375,Secunderabad-SEC-06,2026-10-01,8,POL,High
GDS-01376,Hyderabad-SEC-04,2026-10-24,1,Coal,Low
GDS-01377,Vijayawada-SEC-03,2026-10-03,2,Coal,Low
GDS-01378,Guntakal-SEC-05,2026-10-07,4,Iron ore,Medium
GDS-01379,Secunderabad-SEC-02,2026-10-22,4,Coal,Medium
GDS-01380,Guntur-SEC-01,2026-09-20,12,Coal,High
GDS-01381,Guntur-SEC-01,2026-10-02,11,Coal,High
GDS-01382,Vijayawada-SEC-03,2026-10-18,2,Container,Low
GDS-01383,Hyderabad-SEC-05,2026-09-12,11,Iron ore,High
GDS-01384,Secunderabad-SEC-04,2026-10-21,8,Iron ore,High
GDS-01385,Vijayawada-SEC-05,2026-09-18,1,Coal,Low
GDS-01386,Secunderabad-SEC-02,2026-09-30,8,POL,High
GDS-01387,Vijayawada-SEC-01,2026-09-23,11,Coal,High
GDS-01388,Vijayawada-SEC-01,2026-09-08,1,Iron ore,Low
GDS-01389,Hyderabad-SEC-03,2026-10-30,6,Iron ore,Medium
GDS-01390,Vijayawada-SEC-06,2026-09-04,11,Foodgrain,High
GDS-01391,Secunderabad-SEC-01,2026-10-26,9,Container,High
GDS-01392,Vijayawada-SEC-05,2026-10-03,11,Cement,High
GDS-01393,Hyderabad-SEC-08,2026-09-06,4,Container,Medium
GDS-01394,Vijayawada-SEC-05,2026-10-21,10,Container,High
GDS-01395,Secunderabad-SEC-06,2026-10-14,11,Coal,High
GDS-01396,Hyderabad-SEC-01,2026-10-24,8,Cement,High
GDS-01397,Guntur-SEC-06,2026-09-18,3,Iron ore,Low
GDS-01398,Vijayawada-SEC-05,2026-09-15,2,Foodgrain,Low
GDS-01399,Guntakal-SEC-07,2026-09-28,2,Cement,Low
GDS-01400,Guntur-SEC-04,2026-09-13,2,Coal,Low
GDS-01401,Guntakal-SEC-08,2026-10-08,7,POL,Medium
GDS-01402,Hyderabad-SEC-07,2026-10-22,6,POL,Medium
GDS-01403,Guntakal-SEC-08,2026-10-28,5,Iron ore,Medium
GDS-01404,Secunderabad-SEC-05,2026-10-18,8,Iron ore,High
GDS-01405,Secunderabad-SEC-04,2026-10-31,9,Iron ore,High
GDS-01406,Guntakal-SEC-06,2026-10-29,6,Foodgrain,Medium
GDS-01407,Guntur-SEC-02,2026-09-16,5,Coal,Medium
GDS-01408,Guntur-SEC-04,2026-09-12,6,Cement,Medium
GDS-01409,Secunderabad-SEC-08,2026-10-28,7,Container,Medium
GDS-01410,Secunderabad-SEC-02,2026-10-12,3,POL,Low
GDS-01411,Vijayawada-SEC-06,2026-09-29,4,Iron ore,Medium
GDS-01412,Vijayawada-SEC-06,2026-10-29,1,POL,Low
GDS-01413,Guntakal-SEC-02,2026-09-24,12,POL,High
GDS-01414,Guntur-SEC-06,2026-10-28,5,Coal,Medium
GDS-01415,Vijayawada-SEC-01,2026-10-10,9,Foodgrain,High
GDS-01416,Secunderabad-SEC-02,2026-10-17,11,POL,High
GDS-01417,Vijayawada-SEC-08,2026-10-01,8,Iron ore,High
GDS-01418,Secunderabad-SEC-02,2026-10-25,6,Container,Medium
GDS-01419,Vijayawada-SEC-02,2026-09-21,4,Coal,Medium
GDS-01420,Guntur-SEC-07,2026-10-11,1,Cement,Low
GDS-01421,Guntur-SEC-08,2026-09-30,8,Cement,High
GDS-01422,Secunderabad-SEC-07,2026-10-31,11,POL,High
GDS-01423,Guntur-SEC-06,2026-10-13,9,Iron ore,High
GDS-01424,Guntur-SEC-08,2026-10-17,3,Iron ore,Low
GDS-01425,Guntur-SEC-06,2026-10-03,3,Foodgrain,Low
GDS-01426,Guntakal-SEC-06,2026-09-01,1,POL,Low
GDS-01427,Vijayawada-SEC-06,2026-09-06,12,Cement,High
GDS-01428,Vijayawada-SEC-06,2026-09-24,5,Iron ore,Medium
GDS-01429,Vijayawada-SEC-07,2026-09-28,7,Cement,Medium
GDS-01430,Guntakal-SEC-05,2026-09-15,10,Foodgrain,High
GDS-01431,Guntur-SEC-08,2026-09-08,9,Cement,High
GDS-01432,Vijayawada-SEC-02,2026-10-20,4,Iron ore,Medium
GDS-01433,Guntakal-SEC-06,2026-09-13,1,Cement,Low
GDS-01434,Secunderabad-SEC-05,2026-09-22,6,Iron ore,Medium
GDS-01435,Guntakal-SEC-07,2026-09-12,3,Cement,Low
GDS-01436,Hyderabad-SEC-06,2026-10-26,11,Cement,High
GDS-01437,Secunderabad-SEC-07,2026-09-22,10,POL,High
GDS-01438,Secunderabad-SEC-06,2026-09-03,6,POL,Medium
GDS-01439,Secunderabad-SEC-06,2026-10-05,12,Container,High
GDS-01440,Secunderabad-SEC-03,2026-10-12,8,Iron ore,High
GDS-01441,Guntur-SEC-07,2026-10-21,3,Cement,Low
GDS-01442,Hyderabad-SEC-01,2026-10-31,2,Coal,Low
GDS-01443,Hyderabad-SEC-04,2026-10-08,2,Iron ore,Low
GDS-01444,Hyderabad-SEC-01,2026-09-29,1,Iron ore,Low
GDS-01445,Hyderabad-SEC-07,2026-10-06,6,Coal,Medium
GDS-01446,Secunderabad-SEC-03,2026-10-29,1,Cement,Low
GDS-01447,Hyderabad-SEC-02,2026-10-06,11,Iron ore,High
GDS-01448,Secunderabad-SEC-07,2026-09-07,12,Cement,High
GDS-01449,Vijayawada-SEC-01,2026-10-28,1,Cement,Low
GDS-01450,Guntur-SEC-02,2026-09-02,10,Foodgrain,High
GDS-01451,Secunderabad-SEC-02,2026-09-13,4,Foodgrain,Medium
GDS-01452,Guntakal-SEC-02,2026-10-07,7,Coal,Medium
GDS-01453,Vijayawada-SEC-03,2026-09-26,10,Coal,High
GDS-01454,Guntur-SEC-05,2026-09-09,12,Iron ore,High
GDS-01455,Secunderabad-SEC-04,2026-10-30,8,Iron ore,High
GDS-01456,Vijayawada-SEC-08,2026-10-15,5,Container,Medium
GDS-01457,Guntur-SEC-04,2026-10-09,7,Iron ore,Medium
GDS-01458,Secunderabad-SEC-01,2026-10-11,10,Coal,High
GDS-01459,Secunderabad-SEC-04,2026-09-11,4,Coal,Medium
GDS-01460,Hyderabad-SEC-05,2026-10-19,4,Foodgrain,Medium
GDS-01461,Hyderabad-SEC-06,2026-10-17,11,POL,High
GDS-01462,Hyderabad-SEC-01,2026-10-30,1,Container,Low
GDS-01463,Guntakal-SEC-02,2026-10-25,7,Coal,Medium
GDS-01464,Secunderabad-SEC-01,2026-10-02,10,Coal,High
GDS-01465,Hyderabad-SEC-07,2026-10-29,5,Iron ore,Medium
GDS-01466,Vijayawada-SEC-03,2026-09-14,6,Iron ore,Medium
GDS-01467,Vijayawada-SEC-03,2026-09-04,3,Foodgrain,Low
GDS-01468,Vijayawada-SEC-06,2026-10-31,11,Coal,High
GDS-01469,Guntakal-SEC-04,2026-10-25,10,Iron ore,High
GDS-01470,Guntur-SEC-08,2026-10-04,1,Container,Low
GDS-01471,Guntakal-SEC-05,2026-10-20,1,Coal,Low
GDS-01472,Guntakal-SEC-04,2026-10-30,5,Cement,Medium
GDS-01473,Secunderabad-SEC-01,2026-09-07,2,Coal,Low
GDS-01474,Guntur-SEC-04,2026-10-02,1,Container,Low
GDS-01475,Secunderabad-SEC-07,2026-09-09,11,Coal,High
GDS-01476,Secunderabad-SEC-04,2026-10-01,6,Cement,Medium
GDS-01477,Guntakal-SEC-05,2026-09-13,6,POL,Medium
GDS-01478,Guntakal-SEC-03,2026-10-14,3,POL,Low
GDS-01479,Vijayawada-SEC-08,2026-09-28,6,POL,Medium
GDS-01480,Vijayawada-SEC-06,2026-10-30,8,Container,High
GDS-01481,Guntakal-SEC-08,2026-10-05,5,Iron ore,Medium
GDS-01482,Secunderabad-SEC-07,2026-09-09,11,Iron ore,High
GDS-01483,Vijayawada-SEC-04,2026-09-25,5,Cement,Medium
GDS-01484,Guntakal-SEC-04,2026-10-07,2,Container,Low
GDS-01485,Hyderabad-SEC-02,2026-09-22,10,Foodgrain,High
GDS-01486,Secunderabad-SEC-08,2026-10-03,10,Container,High
GDS-01487,Guntur-SEC-02,2026-09-21,11,Iron ore,High
GDS-01488,Guntakal-SEC-06,2026-09-17,12,Foodgrain,High
GDS-01489,Vijayawada-SEC-07,2026-10-23,10,Iron ore,High
GDS-01490,Hyderabad-SEC-05,2026-09-16,11,Coal,High
GDS-01491,Secunderabad-SEC-06,2026-09-28,2,Cement,Low
GDS-01492,Guntur-SEC-07,2026-10-30,10,Cement,High
GDS-01493,Guntakal-SEC-04,2026-09-12,7,Cement,Medium
GDS-01494,Hyderabad-SEC-01,2026-10-25,2,Coal,Low
GDS-01495,Guntakal-SEC-05,2026-10-24,1,Foodgrain,Low
GDS-01496,Secunderabad-SEC-08,2026-09-27,9,Iron ore,High
GDS-01497,Vijayawada-SEC-01,2026-09-14,3,Coal,Low
GDS-01498,Guntur-SEC-08,2026-09-08,2,Container,Low
GDS-01499,Guntur-SEC-01,2026-10-30,8,Container,High
GDS-01500,Vijayawada-SEC-06,2026-09-03,2,Container,Low
GDS-01501,Guntur-SEC-08,2026-09-04,6,Container,Medium
GDS-01502,Guntur-SEC-05,2026-10-18,1,Coal,Low
GDS-01503,Guntakal-SEC-02,2026-09-16,11,Coal,High
GDS-01504,Vijayawada-SEC-02,2026-10-20,8,POL,High
GDS-01505,Guntur-SEC-02,2026-09-29,11,Iron ore,High
GDS-01506,Hyderabad-SEC-05,2026-09-08,11,Iron ore,High
GDS-01507,Vijayawada-SEC-01,2026-09-18,5,Coal,Medium
GDS-01508,Guntakal-SEC-02,2026-10-29,3,POL,Low
GDS-01509,Hyderabad-SEC-03,2026-09-15,3,Container,Low
GDS-01510,Vijayawada-SEC-03,2026-09-02,1,Iron ore,Low
GDS-01511,Guntakal-SEC-06,2026-09-18,2,Coal,Low
GDS-01512,Hyderabad-SEC-01,2026-10-22,5,Cement,Medium
GDS-01513,Hyderabad-SEC-07,2026-09-30,10,POL,High
GDS-01514,Guntur-SEC-03,2026-10-01,7,Container,Medium
GDS-01515,Vijayawada-SEC-01,2026-09-27,4,POL,Medium
GDS-01516,Vijayawada-SEC-07,2026-10-16,4,Coal,Medium
GDS-01517,Vijayawada-SEC-05,2026-09-11,6,Foodgrain,Medium
GDS-01518,Vijayawada-SEC-04,2026-09-06,3,POL,Low
GDS-01519,Guntur-SEC-06,2026-09-18,2,POL,Low
GDS-01520,Guntakal-SEC-04,2026-09-01,12,Container,High
GDS-01521,Guntakal-SEC-08,2026-09-07,7,POL,Medium
GDS-01522,Vijayawada-SEC-01,2026-10-18,10,Foodgrain,High
GDS-01523,Guntur-SEC-06,2026-10-29,3,Iron ore,Low
GDS-01524,Secunderabad-SEC-05,2026-09-26,2,POL,Low
GDS-01525,Guntur-SEC-03,2026-10-08,4,Container,Medium
GDS-01526,Hyderabad-SEC-05,2026-10-24,7,Coal,Medium
GDS-01527,Guntur-SEC-06,2026-10-27,5,Foodgrain,Medium
GDS-01528,Guntakal-SEC-01,2026-10-06,8,POL,High
GDS-01529,Hyderabad-SEC-01,2026-09-12,1,Foodgrain,Low
GDS-01530,Hyderabad-SEC-06,2026-10-25,6,POL,Medium
GDS-01531,Vijayawada-SEC-02,2026-09-04,8,Container,High
GDS-01532,Guntur-SEC-07,2026-09-02,5,POL,Medium
GDS-01533,Guntur-SEC-01,2026-09-18,9,POL,High
GDS-01534,Vijayawada-SEC-05,2026-10-27,11,Foodgrain,High
GDS-01535,Secunderabad-SEC-06,2026-10-28,6,Cement,Medium
GDS-01536,Secunderabad-SEC-04,2026-09-13,8,Foodgrain,High
GDS-01537,Vijayawada-SEC-05,2026-10-14,2,Foodgrain,Low
GDS-01538,Guntakal-SEC-02,2026-10-22,9,Coal,High
GDS-01539,Guntur-SEC-03,2026-09-30,5,Cement,Medium
GDS-01540,Secunderabad-SEC-07,2026-10-21,3,Coal,Low
GDS-01541,Hyderabad-SEC-03,2026-09-12,8,Cement,High
GDS-01542,Guntakal-SEC-07,2026-10-07,7,Foodgrain,Medium
GDS-01543,Vijayawada-SEC-07,2026-09-19,11,Foodgrain,High
GDS-01544,Guntakal-SEC-05,2026-10-26,4,POL,Medium
GDS-01545,Secunderabad-SEC-07,2026-10-01,9,Container,High
GDS-01546,Secunderabad-SEC-06,2026-10-23,7,POL,Medium
GDS-01547,Guntakal-SEC-01,2026-09-30,12,Container,High
GDS-01548,Guntur-SEC-01,2026-09-02,10,Coal,High
GDS-01549,Guntakal-SEC-06,2026-09-30,12,POL,High
GDS-01550,Guntakal-SEC-08,2026-09-18,2,Container,Low
GDS-01551,Guntur-SEC-06,2026-10-10,7,Coal,Medium
GDS-01552,Guntakal-SEC-01,2026-10-19,3,Iron ore,Low
GDS-01553,Vijayawada-SEC-04,2026-09-15,5,Cement,Medium
GDS-01554,Hyderabad-SEC-04,2026-09-11,1,Iron ore,Low
GDS-01555,Guntur-SEC-05,2026-10-04,9,Foodgrain,High
GDS-01556,Vijayawada-SEC-01,2026-09-10,4,POL,Medium
GDS-01557,Guntakal-SEC-05,2026-10-25,4,Container,Medium
GDS-01558,Vijayawada-SEC-04,2026-09-10,2,Cement,Low
GDS-01559,Vijayawada-SEC-02,2026-10-16,9,Foodgrain,High
GDS-01560,Hyderabad-SEC-03,2026-10-02,12,Iron ore,High
GDS-01561,Guntur-SEC-08,2026-09-14,3,Container,Low
GDS-01562,Hyderabad-SEC-05,2026-10-29,9,POL,High
GDS-01563,Hyderabad-SEC-06,2026-09-25,1,Iron ore,Low
GDS-01564,Hyderabad-SEC-05,2026-10-21,12,Cement,High
GDS-01565,Hyderabad-SEC-07,2026-09-19,8,Container,High
GDS-01566,Hyderabad-SEC-03,2026-09-24,10,Iron ore,High
GDS-01567,Hyderabad-SEC-07,2026-09-16,5,Container,Medium
GDS-01568,Vijayawada-SEC-08,2026-09-10,12,Iron ore,High
GDS-01569,Secunderabad-SEC-03,2026-10-20,2,Iron ore,Low
GDS-01570,Guntakal-SEC-01,2026-10-14,1,Iron ore,Low
GDS-01571,Guntakal-SEC-03,2026-09-24,2,Foodgrain,Low
GDS-01572,Guntur-SEC-06,2026-10-08,1,POL,Low
GDS-01573,Secunderabad-SEC-07,2026-10-02,2,Container,Low
GDS-01574,Guntakal-SEC-03,2026-10-23,9,Iron ore,High
GDS-01575,Guntakal-SEC-01,2026-10-07,12,Container,High
GDS-01576,Secunderabad-SEC-04,2026-09-24,4,POL,Medium
GDS-01577,Guntur-SEC-01,2026-09-09,4,Foodgrain,Medium
GDS-01578,Secunderabad-SEC-01,2026-09-29,7,Iron ore,Medium
GDS-01579,Vijayawada-SEC-03,2026-10-26,7,Cement,Medium
GDS-01580,Guntur-SEC-05,2026-09-19,12,Coal,High
GDS-01581,Guntur-SEC-01,2026-10-03,12,Container,High
GDS-01582,Hyderabad-SEC-05,2026-09-28,5,Foodgrain,Medium
GDS-01583,Guntakal-SEC-08,2026-10-22,3,Coal,Low
GDS-01584,Guntakal-SEC-06,2026-10-26,8,Cement,High
GDS-01585,Guntakal-SEC-03,2026-10-05,10,Container,High
GDS-01586,Guntur-SEC-01,2026-10-16,7,Container,Medium
GDS-01587,Guntakal-SEC-02,2026-09-28,5,Cement,Medium
GDS-01588,Hyderabad-SEC-07,2026-10-29,9,Iron ore,High
GDS-01589,Hyderabad-SEC-06,2026-10-01,11,Iron ore,High
GDS-01590,Vijayawada-SEC-06,2026-09-01,12,Foodgrain,High
GDS-01591,Secunderabad-SEC-01,2026-10-26,1,Container,Low
GDS-01592,Guntur-SEC-02,2026-09-27,7,Coal,Medium
GDS-01593,Guntakal-SEC-08,2026-10-14,3,Cement,Low
GDS-01594,Guntur-SEC-03,2026-10-18,2,Cement,Low
GDS-01595,Guntakal-SEC-04,2026-10-02,2,Cement,Low
GDS-01596,Secunderabad-SEC-02,2026-09-22,3,Coal,Low
GDS-01597,Guntur-SEC-02,2026-09-18,12,Coal,High
GDS-01598,Hyderabad-SEC-05,2026-09-05,10,POL,High
GDS-01599,Secunderabad-SEC-06,2026-10-17,8,POL,High
GDS-01600,Secunderabad-SEC-01,2026-09-26,7,Iron ore,Medium
GDS-01601,Vijayawada-SEC-07,2026-09-21,5,Iron ore,Medium
GDS-01602,Hyderabad-SEC-07,2026-09-07,12,POL,High
GDS-01603,Secunderabad-SEC-02,2026-10-26,3,POL,Low
GDS-01604,Secunderabad-SEC-06,2026-10-25,2,Container,Low
GDS-01605,Secunderabad-SEC-02,2026-10-27,10,Coal,High
GDS-01606,Guntakal-SEC-05,2026-09-21,9,Coal,High
GDS-01607,Guntur-SEC-02,2026-10-02,4,Iron ore,Medium
GDS-01608,Vijayawada-SEC-06,2026-09-15,10,POL,High
GDS-01609,Hyderabad-SEC-06,2026-10-28,8,Coal,High
GDS-01610,Guntakal-SEC-03,2026-10-10,9,Cement,High
GDS-01611,Guntakal-SEC-05,2026-09-27,4,Cement,Medium
GDS-01612,Guntur-SEC-07,2026-10-01,1,Cement,Low
GDS-01613,Guntur-SEC-02,2026-09-05,10,Cement,High
GDS-01614,Vijayawada-SEC-02,2026-10-03,9,POL,High
GDS-01615,Guntur-SEC-08,2026-09-22,3,Container,Low
GDS-01616,Guntur-SEC-06,2026-09-28,9,Foodgrain,High
GDS-01617,Guntakal-SEC-07,2026-10-30,11,Cement,High
GDS-01618,Guntur-SEC-02,2026-09-18,4,Foodgrain,Medium
GDS-01619,Hyderabad-SEC-07,2026-10-14,8,POL,High
GDS-01620,Hyderabad-SEC-06,2026-10-02,12,Container,High
GDS-01621,Vijayawada-SEC-01,2026-09-22,5,Cement,Medium
GDS-01622,Secunderabad-SEC-07,2026-10-31,8,Coal,High
GDS-01623,Hyderabad-SEC-07,2026-10-24,2,Foodgrain,Low
GDS-01624,Hyderabad-SEC-02,2026-09-18,12,Iron ore,High
GDS-01625,Guntakal-SEC-06,2026-10-07,9,Cement,High
GDS-01626,Guntur-SEC-01,2026-09-14,5,POL,Medium
GDS-01627,Hyderabad-SEC-06,2026-09-19,11,Container,High
GDS-01628,Hyderabad-SEC-08,2026-10-31,1,Container,Low
GDS-01629,Vijayawada-SEC-06,2026-10-26,8,Container,High
GDS-01630,Guntakal-SEC-02,2026-10-07,10,Coal,High
GDS-01631,Guntakal-SEC-02,2026-10-09,11,Container,High
GDS-01632,Secunderabad-SEC-08,2026-10-19,2,POL,Low
GDS-01633,Guntakal-SEC-01,2026-09-08,1,Coal,Low
GDS-01634,Secunderabad-SEC-01,2026-10-06,10,POL,High
GDS-01635,Hyderabad-SEC-03,2026-10-30,8,POL,High
GDS-01636,Vijayawada-SEC-03,2026-09-25,10,POL,High
GDS-01637,Secunderabad-SEC-02,2026-09-23,10,Container,High
GDS-01638,Guntur-SEC-05,2026-09-07,4,Foodgrain,Medium
GDS-01639,Vijayawada-SEC-05,2026-10-08,3,Foodgrain,Low
GDS-01640,Guntur-SEC-01,2026-09-28,10,Container,High
GDS-01641,Hyderabad-SEC-08,2026-10-03,2,POL,Low
GDS-01642,Hyderabad-SEC-02,2026-09-13,8,POL,High
GDS-01643,Secunderabad-SEC-01,2026-09-13,10,Container,High
GDS-01644,Guntur-SEC-08,2026-10-18,4,POL,Medium
GDS-01645,Secunderabad-SEC-07,2026-10-20,3,POL,Low
GDS-01646,Guntakal-SEC-06,2026-10-23,5,Iron ore,Medium
GDS-01647,Guntur-SEC-08,2026-09-03,8,Container,High
GDS-01648,Secunderabad-SEC-07,2026-09-19,10,POL,High
GDS-01649,Guntur-SEC-08,2026-09-27,8,Container,High
GDS-01650,Secunderabad-SEC-04,2026-09-04,3,Iron ore,Low
GDS-01651,Guntur-SEC-02,2026-10-02,5,POL,Medium
GDS-01652,Secunderabad-SEC-07,2026-09-27,1,Foodgrain,Low
GDS-01653,Vijayawada-SEC-08,2026-10-19,2,Iron ore,Low
GDS-01654,Hyderabad-SEC-02,2026-09-24,1,Container,Low
GDS-01655,Guntur-SEC-07,2026-10-05,9,Cement,High
GDS-01656,Guntakal-SEC-06,2026-09-24,7,POL,Medium
GDS-01657,Guntur-SEC-03,2026-09-07,3,Iron ore,Low
GDS-01658,Vijayawada-SEC-03,2026-10-19,5,Coal,Medium
GDS-01659,Hyderabad-SEC-02,2026-09-10,9,POL,High
GDS-01660,Guntur-SEC-05,2026-10-17,3,Foodgrain,Low
GDS-01661,Guntakal-SEC-03,2026-10-27,1,Foodgrain,Low
GDS-01662,Guntakal-SEC-04,2026-10-02,1,Iron ore,Low
GDS-01663,Hyderabad-SEC-02,2026-09-29,1,Container,Low
GDS-01664,Guntakal-SEC-03,2026-10-07,2,POL,Low
GDS-01665,Guntur-SEC-03,2026-10-13,1,Foodgrain,Low
GDS-01666,Vijayawada-SEC-05,2026-10-31,1,Cement,Low
GDS-01667,Guntur-SEC-07,2026-10-15,6,POL,Medium
GDS-01668,Hyderabad-SEC-03,2026-10-02,10,Container,High
GDS-01669,Vijayawada-SEC-05,2026-10-27,3,POL,Low
GDS-01670,Secunderabad-SEC-01,2026-09-23,1,Coal,Low
GDS-01671,Secunderabad-SEC-03,2026-10-20,10,POL,High
GDS-01672,Guntakal-SEC-02,2026-10-13,4,Foodgrain,Medium
GDS-01673,Guntakal-SEC-06,2026-10-09,7,POL,Medium
GDS-01674,Secunderabad-SEC-01,2026-10-23,8,Container,High
GDS-01675,Guntakal-SEC-02,2026-10-21,6,Container,Medium
GDS-01676,Vijayawada-SEC-04,2026-09-12,4,Cement,Medium
GDS-01677,Guntur-SEC-04,2026-09-01,7,POL,Medium
GDS-01678,Hyderabad-SEC-06,2026-09-17,4,Container,Medium
GDS-01679,Guntur-SEC-05,2026-09-09,10,POL,High
GDS-01680,Guntur-SEC-04,2026-10-08,12,POL,High
GDS-01681,Vijayawada-SEC-07,2026-09-11,2,Container,Low
GDS-01682,Vijayawada-SEC-01,2026-10-07,12,Iron ore,High
GDS-01683,Guntakal-SEC-08,2026-10-07,7,Coal,Medium
GDS-01684,Guntur-SEC-05,2026-10-11,1,Iron ore,Low
GDS-01685,Hyderabad-SEC-02,2026-09-23,5,Iron ore,Medium
GDS-01686,Secunderabad-SEC-08,2026-10-06,9,Cement,High
GDS-01687,Guntur-SEC-04,2026-09-18,10,POL,High
GDS-01688,Secunderabad-SEC-01,2026-10-30,11,Iron ore,High
GDS-01689,Guntakal-SEC-01,2026-09-06,12,Cement,High
GDS-01690,Guntakal-SEC-08,2026-10-27,5,Foodgrain,Medium
GDS-01691,Vijayawada-SEC-01,2026-09-20,7,Cement,Medium
GDS-01692,Vijayawada-SEC-06,2026-09-03,4,Container,Medium
GDS-01693,Guntakal-SEC-06,2026-10-05,12,POL,High
GDS-01694,Guntakal-SEC-03,2026-10-24,1,Iron ore,Low
GDS-01695,Guntakal-SEC-02,2026-09-13,1,Iron ore,Low
GDS-01696,Hyderabad-SEC-05,2026-10-30,5,Cement,Medium
GDS-01697,Guntur-SEC-04,2026-10-26,7,Foodgrain,Medium
GDS-01698,Guntakal-SEC-03,2026-10-02,11,Coal,High
GDS-01699,Guntakal-SEC-06,2026-09-20,11,Foodgrain,High
GDS-01700,Secunderabad-SEC-07,2026-10-21,10,Iron ore,High
GDS-01701,Guntur-SEC-02,2026-09-08,4,POL,Medium
GDS-01702,Secunderabad-SEC-03,2026-09-28,10,Container,High
GDS-01703,Guntur-SEC-07,2026-10-15,1,Foodgrain,Low
GDS-01704,Secunderabad-SEC-08,2026-09-15,1,POL,Low
GDS-01705,Hyderabad-SEC-01,2026-09-02,3,POL,Low
GDS-01706,Hyderabad-SEC-01,2026-10-01,9,Container,High
GDS-01707,Vijayawada-SEC-03,2026-10-02,12,Cement,High
GDS-01708,Guntakal-SEC-02,2026-09-20,1,Foodgrain,Low
GDS-01709,Hyderabad-SEC-05,2026-09-22,4,Container,Medium
GDS-01710,Secunderabad-SEC-05,2026-10-02,2,Foodgrain,Low
GDS-01711,Secunderabad-SEC-08,2026-10-26,2,Iron ore,Low
GDS-01712,Hyderabad-SEC-01,2026-09-09,3,Coal,Low
GDS-01713,Vijayawada-SEC-08,2026-09-08,8,Cement,High
GDS-01714,Vijayawada-SEC-07,2026-09-25,12,Coal,High
GDS-01715,Vijayawada-SEC-06,2026-09-09,11,Iron ore,High
GDS-01716,Secunderabad-SEC-03,2026-09-02,1,Coal,Low
GDS-01717,Hyderabad-SEC-07,2026-09-22,10,Container,High
GDS-01718,Secunderabad-SEC-01,2026-10-04,11,POL,High
GDS-01719,Guntur-SEC-07,2026-09-17,10,Container,High
GDS-01720,Secunderabad-SEC-02,2026-09-14,4,Container,Medium
GDS-01721,Guntur-SEC-03,2026-09-29,1,Container,Low
GDS-01722,Guntur-SEC-06,2026-10-27,8,Cement,High
GDS-01723,Guntur-SEC-02,2026-10-13,5,Coal,Medium
GDS-01724,Guntakal-SEC-03,2026-09-04,3,Cement,Low
GDS-01725,Guntur-SEC-01,2026-10-09,6,Foodgrain,Medium
GDS-01726,Vijayawada-SEC-04,2026-10-18,1,Iron ore,Low
GDS-01727,Guntakal-SEC-02,2026-10-03,5,POL,Medium
GDS-01728,Guntur-SEC-02,2026-09-06,12,Iron ore,High
GDS-01729,Secunderabad-SEC-04,2026-09-10,9,Iron ore,High
GDS-01730,Vijayawada-SEC-02,2026-10-22,4,Iron ore,Medium
GDS-01731,Hyderabad-SEC-01,2026-10-05,5,Cement,Medium
GDS-01732,Guntur-SEC-07,2026-10-01,3,Coal,Low
GDS-01733,Secunderabad-SEC-05,2026-10-03,4,POL,Medium
GDS-01734,Secunderabad-SEC-05,2026-10-06,12,Container,High
GDS-01735,Secunderabad-SEC-06,2026-10-15,8,Container,High
GDS-01736,Vijayawada-SEC-08,2026-09-03,10,POL,High
GDS-01737,Guntur-SEC-07,2026-09-11,11,Coal,High
GDS-01738,Guntakal-SEC-01,2026-10-03,12,Foodgrain,High
GDS-01739,Hyderabad-SEC-03,2026-09-07,9,Cement,High
GDS-01740,Secunderabad-SEC-04,2026-10-20,5,Coal,Medium
GDS-01741,Vijayawada-SEC-01,2026-10-19,10,POL,High
GDS-01742,Vijayawada-SEC-01,2026-09-22,1,Foodgrain,Low
GDS-01743,Hyderabad-SEC-06,2026-10-06,11,Cement,High
GDS-01744,Vijayawada-SEC-04,2026-09-05,5,POL,Medium
GDS-01745,Guntakal-SEC-02,2026-09-24,11,POL,High
GDS-01746,Guntur-SEC-03,2026-10-25,11,Iron ore,High
GDS-01747,Guntur-SEC-04,2026-10-27,4,Coal,Medium
GDS-01748,Guntakal-SEC-04,2026-09-27,9,Foodgrain,High
GDS-01749,Secunderabad-SEC-01,2026-09-18,12,Coal,High
GDS-01750,Secunderabad-SEC-07,2026-09-24,2,Foodgrain,Low
GDS-01751,Guntur-SEC-03,2026-10-08,6,Container,Medium
GDS-01752,Vijayawada-SEC-05,2026-10-10,3,Coal,Low
GDS-01753,Hyderabad-SEC-03,2026-09-07,12,Coal,High
GDS-01754,Vijayawada-SEC-01,2026-09-19,7,Container,Medium
GDS-01755,Hyderabad-SEC-02,2026-10-31,11,Iron ore,High
GDS-01756,Secunderabad-SEC-04,2026-09-29,9,Iron ore,High
GDS-01757,Hyderabad-SEC-07,2026-10-10,1,Foodgrain,Low
GDS-01758,Secunderabad-SEC-04,2026-10-21,8,Foodgrain,High
GDS-01759,Vijayawada-SEC-08,2026-09-02,10,Iron ore,High
GDS-01760,Vijayawada-SEC-08,2026-10-10,3,Cement,Low
GDS-01761,Vijayawada-SEC-04,2026-10-04,3,Coal,Low
GDS-01762,Secunderabad-SEC-01,2026-09-09,2,Container,Low
GDS-01763,Vijayawada-SEC-02,2026-09-13,5,POL,Medium
GDS-01764,Hyderabad-SEC-02,2026-09-20,2,Foodgrain,Low
GDS-01765,Secunderabad-SEC-07,2026-10-07,4,Cement,Medium
GDS-01766,Vijayawada-SEC-03,2026-09-22,8,Coal,High
GDS-01767,Guntur-SEC-05,2026-09-29,10,Coal,High
GDS-01768,Hyderabad-SEC-01,2026-09-23,1,Foodgrain,Low
GDS-01769,Guntakal-SEC-04,2026-09-07,10,Foodgrain,High
GDS-01770,Guntur-SEC-08,2026-09-15,3,Coal,Low
GDS-01771,Vijayawada-SEC-06,2026-09-26,1,Foodgrain,Low
GDS-01772,Secunderabad-SEC-08,2026-10-24,5,Iron ore,Medium
GDS-01773,Hyderabad-SEC-02,2026-09-30,1,Cement,Low
GDS-01774,Guntur-SEC-05,2026-10-24,9,POL,High
GDS-01775,Guntakal-SEC-01,2026-10-20,5,Container,Medium
GDS-01776,Guntur-SEC-07,2026-10-11,12,Foodgrain,High
GDS-01777,Guntur-SEC-06,2026-09-28,11,Cement,High
GDS-01778,Secunderabad-SEC-08,2026-10-18,5,Coal,Medium
GDS-01779,Vijayawada-SEC-06,2026-10-14,2,POL,Low
GDS-01780,Hyderabad-SEC-08,2026-10-31,3,Iron ore,Low
GDS-01781,Hyderabad-SEC-07,2026-10-21,4,Cement,Medium
GDS-01782,Vijayawada-SEC-04,2026-10-17,4,Iron ore,Medium
GDS-01783,Guntakal-SEC-04,2026-10-18,8,POL,High
GDS-01784,Hyderabad-SEC-03,2026-09-03,1,Coal,Low
GDS-01785,Guntakal-SEC-07,2026-09-02,7,Foodgrain,Medium
GDS-01786,Secunderabad-SEC-08,2026-09-24,7,POL,Medium
GDS-01787,Guntur-SEC-02,2026-09-14,7,Iron ore,Medium
GDS-01788,Guntakal-SEC-05,2026-09-28,9,Iron ore,High
GDS-01789,Secunderabad-SEC-04,2026-10-21,2,Coal,Low
GDS-01790,Hyderabad-SEC-06,2026-10-11,10,Iron ore,High
GDS-01791,Guntur-SEC-08,2026-10-20,4,Container,Medium
GDS-01792,Hyderabad-SEC-03,2026-10-14,3,Iron ore,Low
GDS-01793,Secunderabad-SEC-04,2026-09-18,6,Coal,Medium
GDS-01794,Guntakal-SEC-08,2026-10-02,4,Cement,Medium
GDS-01795,Guntur-SEC-03,2026-10-11,7,Cement,Medium
GDS-01796,Secunderabad-SEC-04,2026-09-23,7,Cement,Medium
GDS-01797,Guntakal-SEC-07,2026-10-18,10,Foodgrain,High
GDS-01798,Vijayawada-SEC-02,2026-09-09,4,Foodgrain,Medium
GDS-01799,Secunderabad-SEC-02,2026-10-08,2,Container,Low
GDS-01800,Guntakal-SEC-04,2026-09-11,11,POL,High
GDS-01801,Hyderabad-SEC-03,2026-10-04,5,Container,Medium
GDS-01802,Hyderabad-SEC-03,2026-10-28,4,Coal,Medium
GDS-01803,Guntur-SEC-04,2026-09-01,5,Iron ore,Medium
GDS-01804,Guntur-SEC-01,2026-10-19,11,Coal,High
GDS-01805,Hyderabad-SEC-08,2026-09-07,4,Cement,Medium
GDS-01806,Secunderabad-SEC-01,2026-10-27,8,Foodgrain,High
GDS-01807,Vijayawada-SEC-03,2026-10-27,7,POL,Medium
GDS-01808,Vijayawada-SEC-01,2026-10-09,3,Iron ore,Low
GDS-01809,Guntur-SEC-06,2026-09-23,1,Container,Low
GDS-01810,Guntakal-SEC-07,2026-09-15,12,POL,High
GDS-01811,Vijayawada-SEC-02,2026-10-28,12,Iron ore,High
GDS-01812,Vijayawada-SEC-01,2026-10-23,5,Iron ore,Medium
GDS-01813,Guntakal-SEC-08,2026-10-22,11,POL,High
GDS-01814,Hyderabad-SEC-01,2026-10-29,1,Cement,Low
GDS-01815,Guntakal-SEC-05,2026-09-30,7,Iron ore,Medium
GDS-01816,Hyderabad-SEC-06,2026-10-15,9,Container,High
GDS-01817,Hyderabad-SEC-01,2026-10-08,4,Iron ore,Medium
GDS-01818,Guntur-SEC-07,2026-09-10,6,Coal,Medium
GDS-01819,Secunderabad-SEC-02,2026-10-05,10,Foodgrain,High
GDS-01820,Guntur-SEC-04,2026-09-20,2,Foodgrain,Low
GDS-01821,Vijayawada-SEC-03,2026-10-05,12,Iron ore,High
GDS-01822,Guntakal-SEC-05,2026-10-14,6,Coal,Medium
GDS-01823,Hyderabad-SEC-03,2026-10-31,10,Container,High
GDS-01824,Guntakal-SEC-05,2026-09-15,10,Container,High
GDS-01825,Guntakal-SEC-07,2026-09-13,5,Container,Medium
GDS-01826,Vijayawada-SEC-03,2026-09-14,9,POL,High
GDS-01827,Guntakal-SEC-08,2026-09-11,2,Container,Low
GDS-01828,Guntur-SEC-03,2026-10-26,2,Coal,Low
GDS-01829,Secunderabad-SEC-06,2026-09-04,12,Container,High
GDS-01830,Guntakal-SEC-07,2026-10-09,12,Foodgrain,High
GDS-01831,Hyderabad-SEC-05,2026-10-18,12,Container,High
GDS-01832,Vijayawada-SEC-04,2026-09-11,12,Cement,High
GDS-01833,Guntakal-SEC-02,2026-09-07,4,Cement,Medium
GDS-01834,Guntakal-SEC-04,2026-09-11,7,POL,Medium
GDS-01835,Vijayawada-SEC-03,2026-10-03,10,POL,High
GDS-01836,Hyderabad-SEC-03,2026-10-09,12,Cement,High
GDS-01837,Guntur-SEC-01,2026-09-21,2,Iron ore,Low
GDS-01838,Guntakal-SEC-07,2026-09-27,6,POL,Medium
GDS-01839,Guntakal-SEC-02,2026-09-23,12,Foodgrain,High
GDS-01840,Secunderabad-SEC-01,2026-09-15,6,Foodgrain,Medium
GDS-01841,Guntur-SEC-01,2026-09-08,10,Foodgrain,High
GDS-01842,Vijayawada-SEC-05,2026-10-07,12,Iron ore,High
GDS-01843,Guntur-SEC-01,2026-10-22,5,Coal,Medium
GDS-01844,Guntur-SEC-07,2026-10-30,7,POL,Medium
GDS-01845,Guntakal-SEC-06,2026-09-30,1,Foodgrain,Low
GDS-01846,Guntur-SEC-05,2026-10-09,5,Iron ore,Medium
GDS-01847,Secunderabad-SEC-07,2026-09-12,1,Coal,Low
GDS-01848,Vijayawada-SEC-05,2026-09-09,6,Iron ore,Medium
GDS-01849,Guntur-SEC-01,2026-09-25,4,Foodgrain,Medium
GDS-01850,Secunderabad-SEC-02,2026-09-12,2,Foodgrain,Low
GDS-01851,Hyderabad-SEC-05,2026-10-16,9,Foodgrain,High
GDS-01852,Secunderabad-SEC-02,2026-10-07,2,Cement,Low
GDS-01853,Guntur-SEC-04,2026-09-27,12,Foodgrain,High
GDS-01854,Secunderabad-SEC-08,2026-10-30,8,Cement,High
GDS-01855,Hyderabad-SEC-04,2026-09-09,4,Cement,Medium
GDS-01856,Guntur-SEC-07,2026-10-09,8,Coal,High
GDS-01857,Vijayawada-SEC-06,2026-10-26,1,Cement,Low
GDS-01858,Guntur-SEC-07,2026-09-05,11,Container,High
GDS-01859,Secunderabad-SEC-06,2026-09-14,4,Cement,Medium
GDS-01860,Guntur-SEC-04,2026-10-08,1,Coal,Low
GDS-01861,Hyderabad-SEC-03,2026-10-02,11,Cement,High
GDS-01862,Guntur-SEC-03,2026-09-16,8,Foodgrain,High
GDS-01863,Vijayawada-SEC-04,2026-10-01,5,Cement,Medium
GDS-01864,Secunderabad-SEC-04,2026-10-05,12,Foodgrain,High
GDS-01865,Secunderabad-SEC-04,2026-09-03,3,Coal,Low
GDS-01866,Hyderabad-SEC-08,2026-09-08,3,POL,Low
GDS-01867,Guntakal-SEC-04,2026-10-23,2,Foodgrain,Low
GDS-01868,Guntakal-SEC-03,2026-09-18,11,Foodgrain,High
GDS-01869,Hyderabad-SEC-08,2026-10-31,7,Iron ore,Medium
GDS-01870,Hyderabad-SEC-03,2026-09-11,5,Iron ore,Medium
GDS-01871,Hyderabad-SEC-07,2026-09-16,3,Cement,Low
GDS-01872,Secunderabad-SEC-06,2026-09-29,11,Container,High
GDS-01873,Hyderabad-SEC-03,2026-10-16,5,POL,Medium
GDS-01874,Hyderabad-SEC-01,2026-10-01,12,Container,High
GDS-01875,Secunderabad-SEC-08,2026-09-24,3,Coal,Low
GDS-01876,Vijayawada-SEC-06,2026-09-07,5,Foodgrain,Medium
GDS-01877,Guntakal-SEC-08,2026-09-20,11,Iron ore,High
GDS-01878,Hyderabad-SEC-02,2026-09-02,7,Coal,Medium
GDS-01879,Guntur-SEC-07,2026-09-20,8,Cement,High
GDS-01880,Hyderabad-SEC-01,2026-09-16,12,Foodgrain,High
GDS-01881,Guntur-SEC-04,2026-10-10,5,Foodgrain,Medium
GDS-01882,Secunderabad-SEC-08,2026-10-03,4,Container,Medium
GDS-01883,Guntakal-SEC-02,2026-10-10,10,Iron ore,High
GDS-01884,Guntakal-SEC-07,2026-09-25,5,Foodgrain,Medium
GDS-01885,Vijayawada-SEC-02,2026-09-23,6,Cement,Medium
GDS-01886,Guntur-SEC-04,2026-09-21,11,POL,High
GDS-01887,Guntakal-SEC-08,2026-09-21,7,Coal,Medium
GDS-01888,Guntakal-SEC-06,2026-10-08,3,Cement,Low
GDS-01889,Vijayawada-SEC-05,2026-10-04,10,POL,High
GDS-01890,Vijayawada-SEC-01,2026-09-21,2,Foodgrain,Low
GDS-01891,Hyderabad-SEC-06,2026-09-08,4,POL,Medium
GDS-01892,Secunderabad-SEC-02,2026-09-27,9,Cement,High
GDS-01893,Secunderabad-SEC-07,2026-10-16,11,Cement,High
GDS-01894,Hyderabad-SEC-07,2026-09-09,9,Container,High
GDS-01895,Secunderabad-SEC-03,2026-09-16,5,Coal,Medium
GDS-01896,Vijayawada-SEC-05,2026-10-28,6,Iron ore,Medium
GDS-01897,Secunderabad-SEC-03,2026-10-02,12,Coal,High
GDS-01898,Guntur-SEC-02,2026-09-30,2,Container,Low
GDS-01899,Secunderabad-SEC-06,2026-09-21,3,Container,Low
GDS-01900,Hyderabad-SEC-04,2026-10-17,7,Cement,Medium
GDS-01901,Secunderabad-SEC-08,2026-10-26,8,Coal,High
GDS-01902,Secunderabad-SEC-01,2026-10-03,8,Iron ore,High
GDS-01903,Secunderabad-SEC-05,2026-09-13,12,Cement,High
GDS-01904,Hyderabad-SEC-08,2026-10-08,2,Coal,Low
GDS-01905,Secunderabad-SEC-08,2026-10-24,2,Iron ore,Low
GDS-01906,Vijayawada-SEC-04,2026-10-12,8,Iron ore,High
GDS-01907,Hyderabad-SEC-03,2026-10-16,5,Coal,Medium
GDS-01908,Guntakal-SEC-08,2026-10-12,9,Cement,High
GDS-01909,Guntur-SEC-08,2026-09-15,5,Container,Medium
GDS-01910,Hyderabad-SEC-07,2026-10-10,9,Foodgrain,High
GDS-01911,Guntakal-SEC-07,2026-10-16,10,Iron ore,High
GDS-01912,Hyderabad-SEC-06,2026-10-05,12,POL,High
GDS-01913,Hyderabad-SEC-06,2026-10-30,3,POL,Low
GDS-01914,Secunderabad-SEC-04,2026-10-06,6,Iron ore,Medium
GDS-01915,Vijayawada-SEC-04,2026-09-18,6,Container,Medium
GDS-01916,Secunderabad-SEC-01,2026-10-29,4,POL,Medium
GDS-01917,Secunderabad-SEC-07,2026-09-28,4,Coal,Medium
GDS-01918,Guntur-SEC-07,2026-10-31,12,Cement,High
GDS-01919,Vijayawada-SEC-06,2026-09-23,10,POL,High
GDS-01920,Hyderabad-SEC-06,2026-10-05,6,Foodgrain,Medium
GDS-01921,Guntakal-SEC-07,2026-09-05,3,POL,Low
GDS-01922,Vijayawada-SEC-04,2026-10-17,6,Cement,Medium
GDS-01923,Guntur-SEC-08,2026-09-27,11,Iron ore,High
GDS-01924,Hyderabad-SEC-02,2026-09-20,9,Cement,High
GDS-01925,Hyderabad-SEC-04,2026-09-10,11,Container,High
GDS-01926,Secunderabad-SEC-06,2026-10-24,1,POL,Low
GDS-01927,Guntakal-SEC-02,2026-10-25,3,Coal,Low
GDS-01928,Guntur-SEC-05,2026-09-06,11,Coal,High
GDS-01929,Secunderabad-SEC-06,2026-10-18,11,Container,High
GDS-01930,Guntur-SEC-03,2026-09-15,4,Iron ore,Medium
GDS-01931,Secunderabad-SEC-07,2026-10-04,12,Coal,High
GDS-01932,Guntur-SEC-07,2026-09-23,12,POL,High
GDS-01933,Guntur-SEC-08,2026-09-25,11,Container,High
GDS-01934,Guntakal-SEC-03,2026-10-10,4,POL,Medium
GDS-01935,Vijayawada-SEC-04,2026-09-10,10,Cement,High
GDS-01936,Vijayawada-SEC-05,2026-09-03,11,Foodgrain,High
GDS-01937,Guntakal-SEC-04,2026-09-11,4,Cement,Medium
GDS-01938,Hyderabad-SEC-04,2026-10-09,4,Coal,Medium
GDS-01939,Secunderabad-SEC-03,2026-09-20,10,Iron ore,High
GDS-01940,Hyderabad-SEC-03,2026-09-04,7,Iron ore,Medium
GDS-01941,Guntakal-SEC-04,2026-09-18,1,Foodgrain,Low
GDS-01942,Vijayawada-SEC-05,2026-10-27,8,Cement,High
GDS-01943,Secunderabad-SEC-05,2026-10-28,11,Cement,High
GDS-01944,Guntur-SEC-04,2026-09-28,12,POL,High
GDS-01945,Secunderabad-SEC-08,2026-10-18,6,Iron ore,Medium
GDS-01946,Vijayawada-SEC-04,2026-10-18,9,Cement,High
GDS-01947,Vijayawada-SEC-04,2026-09-18,10,Foodgrain,High
GDS-01948,Vijayawada-SEC-08,2026-10-04,3,Container,Low
GDS-01949,Guntur-SEC-01,2026-10-09,8,Coal,High
GDS-01950,Guntur-SEC-03,2026-10-09,10,Coal,High
GDS-01951,Guntur-SEC-06,2026-10-27,6,Container,Medium
GDS-01952,Guntakal-SEC-03,2026-10-23,2,Cement,Low
GDS-01953,Vijayawada-SEC-06,2026-09-03,9,Coal,High
GDS-01954,Guntakal-SEC-08,2026-10-14,2,Coal,Low
GDS-01955,Vijayawada-SEC-07,2026-09-02,1,Coal,Low
GDS-01956,Secunderabad-SEC-03,2026-10-30,12,Container,High
GDS-01957,Hyderabad-SEC-04,2026-10-11,10,POL,High
GDS-01958,Hyderabad-SEC-07,2026-10-18,2,Coal,Low
GDS-01959,Guntakal-SEC-01,2026-10-22,5,Cement,Medium
GDS-01960,Guntakal-SEC-04,2026-10-19,11,POL,High
GDS-01961,Vijayawada-SEC-01,2026-09-17,10,POL,High
GDS-01962,Guntakal-SEC-02,2026-09-05,6,POL,Medium
GDS-01963,Guntur-SEC-01,2026-09-08,4,Container,Medium
GDS-01964,Guntakal-SEC-04,2026-10-23,7,Foodgrain,Medium
GDS-01965,Vijayawada-SEC-05,2026-10-07,1,Foodgrain,Low
GDS-01966,Vijayawada-SEC-05,2026-10-23,9,Foodgrain,High
GDS-01967,Guntakal-SEC-06,2026-09-28,6,POL,Medium
GDS-01968,Guntur-SEC-03,2026-09-08,10,Coal,High
GDS-01969,Secunderabad-SEC-06,2026-10-21,3,Iron ore,Low
GDS-01970,Guntakal-SEC-03,2026-10-12,11,POL,High
GDS-01971,Hyderabad-SEC-05,2026-09-01,5,POL,Medium
GDS-01972,Secunderabad-SEC-03,2026-09-05,3,Foodgrain,Low
GDS-01973,Vijayawada-SEC-01,2026-10-26,5,POL,Medium
GDS-01974,Secunderabad-SEC-08,2026-10-10,8,Container,High
GDS-01975,Secunderabad-SEC-02,2026-09-10,9,Iron ore,High
GDS-01976,Guntur-SEC-06,2026-09-13,4,Iron ore,Medium
GDS-01977,Secunderabad-SEC-05,2026-09-29,5,Container,Medium
GDS-01978,Guntakal-SEC-04,2026-10-10,9,POL,High
GDS-01979,Guntakal-SEC-07,2026-09-27,3,Foodgrain,Low
GDS-01980,Guntakal-SEC-07,2026-09-29,8,Foodgrain,High
GDS-01981,Guntur-SEC-06,2026-10-06,4,Cement,Medium
GDS-01982,Secunderabad-SEC-05,2026-10-11,12,Iron ore,High
GDS-01983,Guntur-SEC-01,2026-09-29,4,Cement,Medium
GDS-01984,Guntur-SEC-05,2026-09-10,7,Container,Medium
GDS-01985,Guntur-SEC-04,2026-10-14,9,Cement,High
GDS-01986,Guntur-SEC-05,2026-09-11,1,Coal,Low
GDS-01987,Guntakal-SEC-03,2026-09-21,2,Foodgrain,Low
GDS-01988,Guntakal-SEC-08,2026-09-23,10,Coal,High
GDS-01989,Guntakal-SEC-05,2026-09-05,8,POL,High
GDS-01990,Hyderabad-SEC-03,2026-10-19,12,Cement,High
GDS-01991,Guntur-SEC-05,2026-09-15,4,POL,Medium
GDS-01992,Guntakal-SEC-06,2026-09-04,3,Coal,Low
GDS-01993,Guntakal-SEC-04,2026-09-11,2,Foodgrain,Low
GDS-01994,Vijayawada-SEC-01,2026-09-06,10,Iron ore,High
GDS-01995,Hyderabad-SEC-02,2026-10-29,10,Iron ore,High
GDS-01996,Vijayawada-SEC-01,2026-09-15,12,Foodgrain,High
GDS-01997,Vijayawada-SEC-01,2026-09-10,5,Cement,Medium
GDS-01998,Hyderabad-SEC-01,2026-09-10,4,Container,Medium
GDS-01999,Guntakal-SEC-01,2026-10-18,3,Iron ore,Low
GDS-02000,Secunderabad-SEC-04,2026-10-29,8,Coal,High
