request_id,department,task_type,defect_type,asset_id,section_id,location_km,expected_duration_minutes,preferred_date,preferred_start_time,emergency_flag,description,submitted_at,status,derived_severity,derived_safety_criticality,derived_priority_score,derived_block_requirement,derived_resource_requirement
REQ-00001,TRD,OHE Wire Maintenance,Contact Wire Kink / Mechanical Damage,AST-TRD-0572,Guntakal-SEC-07,80.11,153,2026-09-08,10:00,0,Request for OHE Wire Maintenance due to Contact Wire Kink / Mechanical Damage observed on Power Substation at Km 80.11.,2026-08-30 14:00,Completed,Critical,Critical,50.3,Traffic-cum-Power Block (OHE Isolation),"Tower Wagon Gang + Wire Straightener, Hydraulic Puller, Come-Along Clamps"
REQ-00002,Engineering,Points & Crossing Maintenance,Check Rail Clearance Error,AST-ENG-0014,Guntur-SEC-05,81.71,116,2026-09-05,23:00,0,Request for Points & Crossing Maintenance due to Check Rail Clearance Error observed on Track at Km 81.71.,2026-08-26 12:00,Open,High,High,33.7,Traffic Block,"P-Way Gang + Check Rail Shims, Torque Spanners"
REQ-00003,Engineering,Rail Grinding,Gauge Corner Micro-Spalling on High Rail,AST-ENG-0171,Vijayawada-SEC-01,138.6,225,2026-09-08,00:00,0,Request for Rail Grinding due to Gauge Corner Micro-Spalling on High Rail observed on Ballast at Km 138.6.,2026-09-01 17:00,Open,High,High,42.9,Traffic Block,RGM Crew + RGM 72-Stone Machine
REQ-00004,S&T,Axle Counter Maintenance,Axle Counter Evaluator Card Failure,AST-S&T-0223,Guntakal-SEC-06,35.7,107,2026-09-05,00:00,0,Request for Axle Counter Maintenance due to Axle Counter Evaluator Card Failure observed on Signal at Km 35.7.,2026-08-25 20:00,Open,Critical,Critical,42.4,No Block (Station Relay Room),"Axle Counter Specialist Crew + Spare Evaluator Card, Diagnostic Laptop"
REQ-00005,TRD,Contact Wire Replacement,Contact Wire Parting / Snap Incident,AST-TRD-0568,Hyderabad-SEC-03,15.6,218,2026-09-12,00:00,1,[EMERGENCY FAST-TRACK] Immediate attention required: Contact Wire Parting / Snap Incident at Km 15.6.,2026-09-01 22:00,Scheduled,Critical,Critical,80.0,Emergency Traffic-cum-Power Block,"Emergency Breakdown Crew + Tower Wagon, Emergency Splice Sleeves, Tirfor Winch"
REQ-00006,Engineering,Points & Crossing Maintenance,Worn CMS Crossing Nose,AST-ENG-0152,Secunderabad-SEC-03,103.86,194,2026-09-20,10:00,0,Request for Points & Crossing Maintenance due to Worn CMS Crossing Nose observed on Rail at Km 103.86.,2026-09-18 15:00,Open,High,High,37.4,Traffic Block,Hardfacing Welding Crew + Translamatic Robotic Welder / Special Electrodes
REQ-00007,TRD,Contact Wire Replacement,In-Span Splice Elimination,AST-TRD-0449,Hyderabad-SEC-03,44.75,273,2026-10-11,14:00,0,Request for Contact Wire Replacement due to In-Span Splice Elimination observed on Isolator at Km 44.75.,2026-10-02 16:00,Scheduled,High,Medium,41.4,Traffic-cum-Power Block (OHE Isolation),"Wiring Train Rake + OHE Wiring Train, Pulling Rig, Tension Clamps"
REQ-00008,Engineering,Rail Replacement,Rail End Batter at Joint,AST-ENG-0173,Guntakal-SEC-05,8.86,114,2026-09-21,02:00,0,Request for Rail Replacement due to Rail End Batter at Joint observed on Track at Km 8.86.,2026-09-11 20:00,Under Coordination,High,Medium,42.8,Traffic Block,"P-Way Welding Gang + Gas Cutting, Chamfering Rig, Weld Unit"
REQ-00009,TRD,OHE Component Replacement,Section Insulator Runner Wear,AST-TRD-0442,Secunderabad-SEC-03,92.84,133,2026-09-30,01:00,0,Request for OHE Component Replacement due to Section Insulator Runner Wear observed on Isolator at Km 92.84.,2026-09-19 19:00,Open,High,High,37.1,Traffic-cum-Power Block (OHE Isolation),"TRD Specialist Gang + Section Insulator Overhaul Kit, Arc Chute"
REQ-00010,S&T,Track Circuit Maintenance,Glued Insulated Rail Joint (GJ) Failure,AST-S&T-0343,Guntakal-SEC-08,41.41,172,2026-10-02,14:00,1,[EMERGENCY FAST-TRACK] Immediate attention required: Glued Insulated Rail Joint (GJ) Failure at Km 41.41.,2026-09-28 12:00,Under Coordination,Critical,Critical,72.0,Integrated S&T + Traffic Block,"Joint S&T + P-Way Gang + Insulation End Post, Nylon Bushings, Torque Wrench"
REQ-00011,TRD,OHE Component Replacement,Auto-Tensioning Device (ATD) Weight Jam,AST-TRD-0450,Guntakal-SEC-04,133.24,136,2026-09-13,12:00,0,Request for OHE Component Replacement due to Auto-Tensioning Device (ATD) Weight Jam observed on Isolator at Km 133.24.,2026-09-03 23:00,Open,Critical,Critical,48.9,Traffic-cum-Power Block (OHE Isolation),"Tower Wagon Squad + Hydraulic Winch, 5:1 ATD Pulley, Stainless Steel Rope"
REQ-00012,S&T,Telecom Equipment Maintenance,Emergency Control Telephone (EC) Socket Defect,AST-S&T-0206,Guntakal-SEC-02,31.2,70,2026-09-26,02:00,0,Request for Telecom Equipment Maintenance due to Emergency Control Telephone (EC) Socket Defect observed on Axle Counter at Km 31.2.,2026-09-22 16:00,Open,High,Medium,30.7,No Block (Track-side Post),"Telecom Line Squad + Portable EC Phone, Insulation Tester, Cable Crimper"
REQ-00013,TRD,Contact Wire Replacement,Severe Contact Wire Wear (< 74 sq mm),AST-TRD-0518,Guntakal-SEC-01,36.83,366,2026-09-22,11:00,0,Request for Contact Wire Replacement due to Severe Contact Wire Wear (< 74 sq mm) observed on OHE Component at Km 36.83.,2026-09-17 23:00,Open,Critical,Critical,55.8,Integrated Traffic-cum-Power Block,"Wiring Train / Heavy Tower Wagon Rake + OHE Wiring Train, Tensioning Winch, Splice Machine"
REQ-00014,S&T,Signal Inspection,Route Indicator Lamp Burnout,AST-S&T-0214,Guntur-SEC-04,120.53,60,2026-09-25,00:00,0,Request for Signal Inspection due to Route Indicator Lamp Burnout observed on Signal at Km 120.53.,2026-09-18 18:00,Scheduled,High,High,31.7,Signalling Disconnection,"Signal Maintainer Squad + Spare LED Route Unit, Multimeter"
REQ-00015,Engineering,Sleeper Replacement,Broken PSC Sleeper,AST-ENG-0198,Hyderabad-SEC-07,24.17,187,2026-09-27,02:00,0,Request for Sleeper Replacement due to Broken PSC Sleeper observed on Rail at Km 24.17.,2026-09-23 15:00,Scheduled,High,High,35.4,Traffic Block,"P-Way Heavy Gang + Sleeper Exchanger, Hydraulic Jacks, Track Jacks"
REQ-00016,TRD,OHE Wire Maintenance,Contact Wire Splice Sleeve Deformation,AST-TRD-0501,Secunderabad-SEC-01,74.57,115,2026-09-10,00:00,0,Request for OHE Wire Maintenance due to Contact Wire Splice Sleeve Deformation observed on Isolator at Km 74.57.,2026-09-04 14:00,Scheduled,Critical,Critical,49.7,Traffic-cum-Power Block (OHE Isolation),"Tower Wagon Squad + Hydraulic Crimper, Splice Bridge Jig"
REQ-00017,TRD,Tower Wagon Inspection,Level Crossing Gate OHE Anti-Collision Guard Wire Sag,AST-TRD-0490,Vijayawada-SEC-02,52.36,102,2026-10-10,00:00,0,Request for Tower Wagon Inspection due to Level Crossing Gate OHE Anti-Collision Guard Wire Sag observed on OHE at Km 52.36.,2026-10-02 18:00,Under Coordination,High,High,46.5,Traffic-cum-Power Block,"Tower Wagon Crew + Tensioning Rig, Clamp Wrenches"
REQ-00018,TRD,OHE Component Replacement,Insulator Flashover / Broken Porcelain Disc,AST-TRD-0471,Hyderabad-SEC-02,49.51,120,2026-09-28,01:00,1,[EMERGENCY FAST-TRACK] Immediate attention required: Insulator Flashover / Broken Porcelain Disc at Km 49.51.,2026-09-25 17:00,Open,Critical,Critical,76.2,Traffic-cum-Power Block (OHE Isolation),"Tower Wagon Crew + Polymer / Composite 25kV Insulator, Torque Wrenches"
REQ-00019,TRD,Tower Wagon Inspection,Substation Feeder Jumper Maintenance,AST-TRD-0533,Secunderabad-SEC-04,99.47,123,2026-09-16,02:00,0,Request for Tower Wagon Inspection due to Substation Feeder Jumper Maintenance observed on OHE at Km 99.47.,2026-09-05 17:00,Scheduled,Medium,Medium,38.4,Power Block (Feeder Isolation),"TSS Maintenance Crew + Grounding Rods, High Voltage Tester, Spanners"
REQ-00020,Engineering,Track Inspection,Switch Expansion Joint (SEJ) Gap Abnormality,AST-ENG-0074,Hyderabad-SEC-08,69.07,91,2026-09-30,10:00,0,Request for Track Inspection due to Switch Expansion Joint (SEJ) Gap Abnormality observed on Rail at Km 69.07.,2026-09-20 15:00,Open,High,High,48.1,Traffic Block,"P-Way Section Gang + SEJ Gap Measurement Wedge, Torque Wrench"
REQ-00021,TRD,OHE Wire Maintenance,Contact Wire Kink / Mechanical Damage,AST-TRD-0406,Hyderabad-SEC-01,12.76,187,2026-10-04,23:00,0,Request for OHE Wire Maintenance due to Contact Wire Kink / Mechanical Damage observed on OHE Component at Km 12.76.,2026-09-23 18:00,Open,Critical,Critical,52.4,Traffic-cum-Power Block (OHE Isolation),"Tower Wagon Gang + Wire Straightener, Hydraulic Puller, Come-Along Clamps"
REQ-00022,S&T,Point Machine Maintenance,Ground Connection Rodding Buckling,AST-S&T-0317,Hyderabad-SEC-05,106.23,102,2026-09-29,12:00,1,[EMERGENCY FAST-TRACK] Immediate attention required: Ground Connection Rodding Buckling at Km 106.23.,2026-09-23 20:00,Open,Critical,Critical,78.5,Signalling Disconnection & S&T Block,"Point Specialist Crew + Straightening Rig, Spare Drive Rod"
REQ-00023,S&T,Point Machine Maintenance,Lock Slide Notch Wear & Burr,AST-S&T-0396,Secunderabad-SEC-07,20.61,76,2026-09-11,23:00,0,Request for Point Machine Maintenance due to Lock Slide Notch Wear & Burr observed on Track Circuit at Km 20.61.,2026-09-09 14:00,Open,Critical,Critical,52.3,Signalling Disconnection & S&T Block,"Point Specialist Crew + Lock Slide Replacement Kit, Feeler Gauge"
REQ-00024,S&T,Point Machine Maintenance,Lock Slide Notch Wear & Burr,AST-S&T-0350,Guntur-SEC-08,11.64,108,2026-09-22,00:00,1,[EMERGENCY FAST-TRACK] Immediate attention required: Lock Slide Notch Wear & Burr at Km 11.64.,2026-09-12 15:00,Scheduled,Critical,Critical,80.2,Signalling Disconnection & S&T Block,"Point Specialist Crew + Lock Slide Replacement Kit, Feeler Gauge"
REQ-00025,TRD,OHE Wire Maintenance,Cross Feeder Wire Vibration Fatigue,AST-TRD-0480,Guntakal-SEC-07,64.62,87,2026-09-16,02:00,0,Request for OHE Wire Maintenance due to Cross Feeder Wire Vibration Fatigue observed on Isolator at Km 64.62.,2026-09-07 22:00,Open,Medium,Medium,20.9,Power Block,"TRD Line Maintenance Gang + Vibration Dampers, Feeder Tensioner"
REQ-00026,TRD,OHE Wire Maintenance,Cross Feeder Wire Vibration Fatigue,AST-TRD-0417,Guntakal-SEC-02,132.3,108,2026-09-15,10:00,0,Request for OHE Wire Maintenance due to Cross Feeder Wire Vibration Fatigue observed on OHE Component at Km 132.3.,2026-09-09 23:00,Scheduled,Medium,Medium,24.4,Power Block,"TRD Line Maintenance Gang + Vibration Dampers, Feeder Tensioner"
REQ-00027,TRD,Tower Wagon Inspection,Substation Feeder Jumper Maintenance,AST-TRD-0531,Hyderabad-SEC-06,59.73,149,2026-10-03,00:00,0,Request for Tower Wagon Inspection due to Substation Feeder Jumper Maintenance observed on Isolator at Km 59.73.,2026-09-27 20:00,Scheduled,Medium,Medium,32.7,Power Block (Feeder Isolation),"TSS Maintenance Crew + Grounding Rods, High Voltage Tester, Spanners"
REQ-00028,TRD,OHE Wire Maintenance,Catenary Wire Strand Broken,AST-TRD-0410,Guntakal-SEC-01,29.25,237,2026-09-24,00:00,0,Request for OHE Wire Maintenance due to Catenary Wire Strand Broken observed on Power Substation at Km 29.25.,2026-09-19 23:00,Under Coordination,Critical,Critical,43.7,Traffic-cum-Power Block (OHE Isolation),"TRD Heavy Maintenance Gang + Splice Casing, Hydraulic Crimper, Tension Rig"
REQ-00029,S&T,Signal Inspection,Signal Sighting Distance Obstruction,AST-S&T-0371,Hyderabad-SEC-03,87.45,107,2026-09-12,01:00,0,Request for Signal Inspection due to Signal Sighting Distance Obstruction observed on Telecom Equipment at Km 87.45.,2026-09-09 18:00,Open,High,High,33.0,No Block (Track-side),"Signal Maintainer Gang + Tree Trimmer, Measuring Rangefinder"
REQ-00030,Engineering,Points & Crossing Maintenance,Switch Toe Gap Out of Tolerance,AST-ENG-0165,Secunderabad-SEC-07,125.6,91,2026-10-10,14:00,0,Request for Points & Crossing Maintenance due to Switch Toe Gap Out of Tolerance observed on Ballast at Km 125.6.,2026-10-02 21:00,Scheduled,High,High,38.2,Integrated S&T + Traffic Block,"Turnout Specialist Gang + Point Adjuster, Shims, Torque Spanners"
REQ-00031,TRD,OHE Component Replacement,Cantilever Bracket Assembly Misalignment,AST-TRD-0411,Guntur-SEC-08,1.67,133,2026-10-11,12:00,0,Request for OHE Component Replacement due to Cantilever Bracket Assembly Misalignment observed on OHE at Km 1.67.,2026-10-08 16:00,Scheduled,High,Medium,49.0,Traffic-cum-Power Block,"TRD Line Maintenance Gang + Cantilever Adjuster, Mast Clamps, Spanners"
REQ-00032,TRD,OHE Inspection,Contact Wire Height & Stagger Deviation,AST-TRD-0501,Secunderabad-SEC-01,74.57,132,2026-10-02,11:00,0,Request for OHE Inspection due to Contact Wire Height & Stagger Deviation observed on Isolator at Km 74.57.,2026-09-30 22:00,Open,High,Medium,37.7,Traffic-cum-Power Block (OHE Isolation),"Tower Wagon Inspection Crew + Tower Wagon (8-Wheeler), Height & Stagger Gauge"
REQ-00033,Engineering,Track Tamping,Bridge Transition Approach Settlement,AST-ENG-0138,Vijayawada-SEC-06,45.67,217,2026-09-26,10:00,0,Request for Track Tamping due to Bridge Transition Approach Settlement observed on Ballast at Km 45.67.,2026-09-21 19:00,Scheduled,High,High,39.9,Traffic Block,Tamping Gang + CSM Tamper with Level Slew Sensors
REQ-00034,S&T,Signal Inspection,Signal Cable Insulation Degradation,AST-S&T-0317,Hyderabad-SEC-05,106.23,124,2026-09-01,12:00,0,Request for Signal Inspection due to Signal Cable Insulation Degradation observed on Interlocking at Km 106.23.,2026-08-29 12:00,Open,High,High,41.5,Shadow Block / Disconnection Notice,S&T Telecom / Cable Testing Gang + Megger 500V/1000V Insulation Tester
REQ-00035,TRD,OHE Wire Maintenance,Anti-Creep Wire Sagging,AST-TRD-0475,Vijayawada-SEC-03,7.33,127,2026-09-07,02:00,0,Request for OHE Wire Maintenance due to Anti-Creep Wire Sagging observed on OHE at Km 7.33.,2026-08-27 15:00,Open,Medium,Low,33.6,Power Block,"Tower Wagon Crew + Turnbuckle Spanners, Dynamometer"
REQ-00036,S&T,Axle Counter Maintenance,Reset Box Pushbutton Key Interlock Seizure,AST-S&T-0247,Guntur-SEC-08,89.25,56,2026-09-22,00:00,0,Request for Axle Counter Maintenance due to Reset Box Pushbutton Key Interlock Seizure observed on Axle Counter at Km 89.25.,2026-09-14 19:00,Open,Critical,High,55.5,No Block (SM Panel),"S&T Station Maintainer + Reset Box Switch Module, Spare Key Set"
REQ-00037,TRD,OHE Component Replacement,Section Insulator Runner Wear,AST-TRD-0465,Vijayawada-SEC-07,43.99,128,2026-09-11,02:00,0,Request for OHE Component Replacement due to Section Insulator Runner Wear observed on OHE at Km 43.99.,2026-08-31 14:00,Completed,High,High,43.8,Traffic-cum-Power Block (OHE Isolation),"TRD Specialist Gang + Section Insulator Overhaul Kit, Arc Chute"
REQ-00038,S&T,Point Machine Maintenance,Point Machine Out of Adjustment / Flashover,AST-S&T-0263,Secunderabad-SEC-06,84.55,85,2026-09-30,01:00,0,Request for Point Machine Maintenance due to Point Machine Out of Adjustment / Flashover observed on Interlocking at Km 84.55.,2026-09-25 13:00,Scheduled,Critical,Critical,51.9,Signalling Disconnection & S&T Block,"Point Specialist Crew + Point Gauge (5mm test piece), Motor Amp Meter"
REQ-00039,S&T,Point Machine Maintenance,Crank Handle Interlock Microswitch Jam,AST-S&T-0288,Hyderabad-SEC-08,67.9,44,2026-09-23,00:00,0,Request for Point Machine Maintenance due to Crank Handle Interlock Microswitch Jam observed on Axle Counter at Km 67.9.,2026-09-14 15:00,Scheduled,High,High,36.1,Signalling Disconnection,"Signal Maintainer Squad + Microswitch Assembly, Keybox Contact Cleaner"
REQ-00040,TRD,OHE Wire Maintenance,Catenary Wire Strand Broken,AST-TRD-0564,Guntakal-SEC-04,128.79,206,2026-09-22,00:00,0,Request for OHE Wire Maintenance due to Catenary Wire Strand Broken observed on OHE Component at Km 128.79.,2026-09-12 13:00,Completed,Critical,Critical,53.6,Traffic-cum-Power Block (OHE Isolation),"TRD Heavy Maintenance Gang + Splice Casing, Hydraulic Crimper, Tension Rig"
REQ-00041,Engineering,Ballast Cleaning,Level Crossing Ballast Deep Screening,AST-ENG-0068,Hyderabad-SEC-04,121.03,438,2026-09-07,00:00,0,Request for Ballast Cleaning due to Level Crossing Ballast Deep Screening observed on Sleeper at Km 121.03.,2026-09-03 16:00,Scheduled,Critical,Critical,42.9,Integrated Traffic + Road Traffic Block,"LC Maintenance Squad + Excavator, Road Breaker, Ballast Tamper"
REQ-00042,S&T,Signal Maintenance,Signal Post Corrosion & Alignment Tilt,AST-S&T-0375,Guntakal-SEC-02,58.22,173,2026-09-18,02:00,0,Request for Signal Maintenance due to Signal Post Corrosion & Alignment Tilt observed on Interlocking at Km 58.22.,2026-09-08 14:00,Open,Medium,Low,28.7,Signalling Disconnection,"Signal Construction Gang + Plumb Line, Torque Wrench, Concrete Base Grout"
REQ-00043,Engineering,Sleeper Replacement,Damaged Elastic Rail Clips (ERC),AST-ENG-0072,Hyderabad-SEC-05,9.49,83,2026-09-14,14:00,0,Request for Sleeper Replacement due to Damaged Elastic Rail Clips (ERC) observed on Ballast at Km 9.49.,2026-09-06 15:00,Scheduled,Medium,Medium,35.8,Caution Order Window,"P-Way Section Gang + ERC Extractor, Torque Spanners"
REQ-00044,S&T,Track Circuit Maintenance,Track Circuit Dropping / False Occupancy,AST-S&T-0271,Guntur-SEC-08,22.76,71,2026-09-15,01:00,1,[EMERGENCY FAST-TRACK] Immediate attention required: Track Circuit Dropping / False Occupancy at Km 22.76.,2026-09-08 20:00,Scheduled,Critical,Critical,76.5,Signalling Disconnection & S&T Block,"Track Circuit Maintenance Gang + Bond Tester, Shunt Resistance Test Piece (0.5 Ohm), Multi-meter"
REQ-00045,S&T,Signal Inspection,Signal Sighting Distance Obstruction,AST-S&T-0283,Guntakal-SEC-08,31.15,85,2026-09-19,00:00,0,Request for Signal Inspection due to Signal Sighting Distance Obstruction observed on Signal at Km 31.15.,2026-09-11 12:00,Open,High,High,39.3,No Block (Track-side),"Signal Maintainer Gang + Tree Trimmer, Measuring Rangefinder"
REQ-00046,S&T,Point Machine Maintenance,Ground Connection Rodding Buckling,AST-S&T-0350,Guntur-SEC-08,11.64,111,2026-09-02,23:00,0,Request for Point Machine Maintenance due to Ground Connection Rodding Buckling observed on Signal at Km 11.64.,2026-08-31 22:00,Completed,Critical,Critical,55.2,Signalling Disconnection & S&T Block,"Point Specialist Crew + Straightening Rig, Spare Drive Rod"
REQ-00047,S&T,Signal Maintenance,Integrated Power Supply (IPS) Module Failure,AST-S&T-0309,Secunderabad-SEC-04,97.62,122,2026-10-10,01:00,0,Request for Signal Maintenance due to Integrated Power Supply (IPS) Module Failure observed on Axle Counter at Km 97.62.,2026-09-30 21:00,Scheduled,Critical,Critical,53.4,No Block (Station Relay Room Work),"Power Electronics Specialist + Spare IPS Converter Module, Digital Oscilloscope"
REQ-00048,Engineering,Rail Replacement,Fractured Rail Segment,AST-ENG-0170,Hyderabad-SEC-08,24.57,182,2026-09-12,00:00,0,Request for Rail Replacement due to Fractured Rail Segment observed on Rail at Km 24.57.,2026-09-07 15:00,Scheduled,Critical,Critical,50.3,Traffic Block (Line Block),"Rail Welding & P-Way Team + Rail Cutting Machine, Chamfering Kit, AT Welding Kit"
REQ-00049,Engineering,Track Inspection,Track Geometry Gauge Variation,AST-ENG-0077,Vijayawada-SEC-03,34.52,77,2026-09-07,10:00,0,Request for Track Inspection due to Track Geometry Gauge Variation observed on Ballast at Km 34.52.,2026-09-04 17:00,Scheduled,Medium,Medium,26.2,No Block (Speed Restriction / Caution),P-Way Inspection Crew + Gauge-cum-Level & Track Measuring Gauge
REQ-00050,TRD,Tower Wagon Inspection,Tunnel OHE Catenary Clearance Check,AST-TRD-0586,Vijayawada-SEC-06,96.52,183,2026-09-19,10:00,1,[EMERGENCY FAST-TRACK] Immediate attention required: Tunnel OHE Catenary Clearance Check at Km 96.52.,2026-09-16 17:00,Scheduled,Critical,Critical,79.6,Traffic-cum-Power Block (OHE Isolation),"Tunnel TRD Inspection Team + Tunnel Scaffolding Rig, Insulation Tester"
REQ-00051,TRD,OHE Component Replacement,Insulator Flashover / Broken Porcelain Disc,AST-TRD-0555,Guntur-SEC-05,97.73,117,2026-09-25,12:00,0,Request for OHE Component Replacement due to Insulator Flashover / Broken Porcelain Disc observed on Power Substation at Km 97.73.,2026-09-18 19:00,Under Coordination,Critical,Critical,45.3,Traffic-cum-Power Block (OHE Isolation),"Tower Wagon Crew + Polymer / Composite 25kV Insulator, Torque Wrenches"
REQ-00052,TRD,OHE Wire Maintenance,Cross Feeder Wire Vibration Fatigue,AST-TRD-0457,Hyderabad-SEC-03,34.87,106,2026-09-29,00:00,0,Request for OHE Wire Maintenance due to Cross Feeder Wire Vibration Fatigue observed on OHE Component at Km 34.87.,2026-09-24 17:00,Completed,Medium,Medium,34.8,Power Block,"TRD Line Maintenance Gang + Vibration Dampers, Feeder Tensioner"
REQ-00053,S&T,Track Circuit Maintenance,Ballast Resistance Leakage (Low Ballast Resistance),AST-S&T-0309,Secunderabad-SEC-04,97.62,99,2026-10-04,11:00,0,Request for Track Circuit Maintenance due to Ballast Resistance Leakage (Low Ballast Resistance) observed on Axle Counter at Km 97.62.,2026-09-28 13:00,Scheduled,High,High,41.4,Signalling Disconnection,"Track Circuit Maintenance Gang + Variable Feed Resistance Box, Shunt Tester"
REQ-00054,TRD,OHE Component Replacement,Insulator Flashover / Broken Porcelain Disc,AST-TRD-0571,Guntakal-SEC-05,85.31,132,2026-09-02,01:00,0,Request for OHE Component Replacement due to Insulator Flashover / Broken Porcelain Disc observed on OHE at Km 85.31.,2026-08-27 23:00,Scheduled,Critical,Critical,43.5,Traffic-cum-Power Block (OHE Isolation),"Tower Wagon Crew + Polymer / Composite 25kV Insulator, Torque Wrenches"
REQ-00055,Engineering,Sleeper Replacement,Damaged Elastic Rail Clips (ERC),AST-ENG-0188,Secunderabad-SEC-05,6.81,93,2026-09-08,14:00,0,Request for Sleeper Replacement due to Damaged Elastic Rail Clips (ERC) observed on Ballast at Km 6.81.,2026-09-04 15:00,Completed,Medium,Medium,36.4,Caution Order Window,"P-Way Section Gang + ERC Extractor, Torque Spanners"
REQ-00056,Engineering,Track Tamping,Track Alignment & Level Deviation,AST-ENG-0047,Hyderabad-SEC-07,91.04,264,2026-09-07,12:00,0,Request for Track Tamping due to Track Alignment & Level Deviation observed on Track at Km 91.04.,2026-09-02 12:00,Scheduled,High,Medium,42.3,Traffic Block,Tamping Machine Crew + CSM 09-32 / Duomatic Heavy Tamper
REQ-00057,TRD,Tower Wagon Inspection,Routine Catenary & OHE Profile Survey,AST-TRD-0455,Hyderabad-SEC-05,111.42,198,2026-10-06,23:00,0,Request for Tower Wagon Inspection due to Routine Catenary & OHE Profile Survey observed on OHE at Km 111.42.,2026-10-01 20:00,Open,Low,Low,29.2,Traffic-cum-Power Block,Tower Wagon Inspection Team + 4-Wheeler / 8-Wheeler Tower Wagon with Pantograph Sensor
REQ-00058,Engineering,Sleeper Replacement,Points & Crossing Special Turnout Sleeper Shift,AST-ENG-0194,Vijayawada-SEC-02,36.58,168,2026-09-23,00:00,0,Request for Sleeper Replacement due to Points & Crossing Special Turnout Sleeper Shift observed on Track at Km 36.58.,2026-09-15 21:00,Open,High,High,41.8,Integrated S&T + Traffic Block,"Turnout Gang + Sleeper Puller, Heavy Jacks"
REQ-00059,Engineering,Points & Crossing Maintenance,Worn Switch Rail / Tongue Rail Chipped,AST-ENG-0026,Vijayawada-SEC-03,49.89,182,2026-09-08,02:00,1,[EMERGENCY FAST-TRACK] Immediate attention required: Worn Switch Rail / Tongue Rail Chipped at Km 49.89.,2026-09-03 17:00,Open,Critical,Critical,70.7,Integrated S&T + Traffic Block,"Turnout Specialist Gang + Hydraulic Switch Rail Bender, Portable Arc Welder"
REQ-00060,TRD,OHE Wire Maintenance,Contact Wire Kink / Mechanical Damage,AST-TRD-0507,Hyderabad-SEC-07,20.82,177,2026-10-07,11:00,0,Request for OHE Wire Maintenance due to Contact Wire Kink / Mechanical Damage observed on OHE Component at Km 20.82.,2026-10-03 21:00,Open,Critical,Critical,48.5,Traffic-cum-Power Block (OHE Isolation),"Tower Wagon Gang + Wire Straightener, Hydraulic Puller, Come-Along Clamps"
REQ-00061,S&T,Track Circuit Maintenance,Track Relay Choke Coil Breakdown,AST-S&T-0285,Vijayawada-SEC-04,124.15,82,2026-09-03,14:00,0,Request for Track Circuit Maintenance due to Track Relay Choke Coil Breakdown observed on Axle Counter at Km 124.15.,2026-08-28 12:00,Open,Critical,Critical,45.2,Signalling Disconnection & S&T Block,"S&T Line Gang + Spare Choke Coil, AC Immunized Relay"
REQ-00062,TRD,OHE Component Replacement,Auto-Tensioning Device (ATD) Weight Jam,AST-TRD-0524,Guntakal-SEC-06,61.76,116,2026-09-03,01:00,0,Request for OHE Component Replacement due to Auto-Tensioning Device (ATD) Weight Jam observed on Power Substation at Km 61.76.,2026-08-27 22:00,Open,Critical,Critical,53.7,Traffic-cum-Power Block (OHE Isolation),"Tower Wagon Squad + Hydraulic Winch, 5:1 ATD Pulley, Stainless Steel Rope"
REQ-00063,S&T,Signal Inspection,LED Signal Aspect Intensity Drop,AST-S&T-0327,Vijayawada-SEC-02,1.31,55,2026-10-02,23:00,0,Request for Signal Inspection due to LED Signal Aspect Intensity Drop observed on Point Machine at Km 1.31.,2026-09-21 20:00,Scheduled,Medium,Medium,31.9,No Block (Shadow Maintenance),"Signal Maintainer Squad + Lux Meter, Current/Voltage Multimeter"
REQ-00064,TRD,OHE Wire Maintenance,Cross Feeder Wire Vibration Fatigue,AST-TRD-0591,Hyderabad-SEC-08,58.39,104,2026-10-01,00:00,0,Request for OHE Wire Maintenance due to Cross Feeder Wire Vibration Fatigue observed on OHE at Km 58.39.,2026-09-22 12:00,Open,Medium,Medium,27.3,Power Block,"TRD Line Maintenance Gang + Vibration Dampers, Feeder Tensioner"
REQ-00065,Engineering,Track Inspection,Bridge Guard Rail Misalignment,AST-ENG-0177,Secunderabad-SEC-02,104.84,117,2026-09-03,01:00,0,Request for Track Inspection due to Bridge Guard Rail Misalignment observed on Sleeper at Km 104.84.,2026-08-26 14:00,Scheduled,High,High,37.8,Traffic Block,"Bridge Inspection Gang + Spike Puller, Torque Wrenches, Measuring Rod"
REQ-00066,Engineering,Track Inspection,Track Geometry Gauge Variation,AST-ENG-0134,Guntur-SEC-01,6.11,100,2026-10-04,02:00,0,Request for Track Inspection due to Track Geometry Gauge Variation observed on Track at Km 6.11.,2026-09-29 23:00,Scheduled,Medium,Medium,27.7,No Block (Speed Restriction / Caution),P-Way Inspection Crew + Gauge-cum-Level & Track Measuring Gauge
REQ-00067,S&T,Signal Inspection,Route Indicator Lamp Burnout,AST-S&T-0234,Secunderabad-SEC-08,72.05,61,2026-09-15,00:00,0,Request for Signal Inspection due to Route Indicator Lamp Burnout observed on Telecom Equipment at Km 72.05.,2026-09-13 12:00,Open,High,High,37.7,Signalling Disconnection,"Signal Maintainer Squad + Spare LED Route Unit, Multimeter"
REQ-00068,Engineering,Rail Replacement,Curve Gauge Corner Shelling / Spalling,AST-ENG-0072,Hyderabad-SEC-05,9.49,277,2026-09-06,14:00,0,Request for Rail Replacement due to Curve Gauge Corner Shelling / Spalling observed on Ballast at Km 9.49.,2026-09-01 12:00,Scheduled,High,High,45.8,Traffic Block,"Rail Renewal Special Team + Rail Tensor, Disc Cutter, Hydraulic Jacks"
REQ-00069,Engineering,Track Tamping,Track Alignment & Level Deviation,AST-ENG-0050,Secunderabad-SEC-05,53.99,267,2026-09-13,11:00,0,Request for Track Tamping due to Track Alignment & Level Deviation observed on Rail at Km 53.99.,2026-09-08 13:00,Under Coordination,High,Medium,41.1,Traffic Block,Tamping Machine Crew + CSM 09-32 / Duomatic Heavy Tamper
REQ-00070,TRD,OHE Wire Maintenance,Catenary Wire Strand Broken,AST-TRD-0504,Hyderabad-SEC-08,40.71,202,2026-09-02,12:00,0,Request for OHE Wire Maintenance due to Catenary Wire Strand Broken observed on Power Substation at Km 40.71.,2026-08-24 15:00,Completed,Critical,Critical,59.2,Traffic-cum-Power Block (OHE Isolation),"TRD Heavy Maintenance Gang + Splice Casing, Hydraulic Crimper, Tension Rig"
REQ-00071,S&T,Signal Inspection,Calling-on Signal Aspect Failure,AST-S&T-0385,Vijayawada-SEC-02,33.06,59,2026-09-22,10:00,0,Request for Signal Inspection due to Calling-on Signal Aspect Failure observed on Signal at Km 33.06.,2026-09-13 15:00,Scheduled,High,Medium,46.5,Signalling Disconnection,"Signal Maintainer Squad + LED C-Unit, Step-down Transformer"
REQ-00072,Engineering,Rail Grinding,Rail Surface Corrugation,AST-ENG-0198,Hyderabad-SEC-07,24.17,246,2026-09-15,23:00,0,Request for Rail Grinding due to Rail Surface Corrugation observed on Rail at Km 24.17.,2026-09-13 16:00,Scheduled,Medium,Low,25.4,Traffic Block,RGM Machine Crew + Rail Grinding Machine (RGM Rake 72-Stone)
REQ-00073,Engineering,Rail Grinding,Rail Surface Corrugation,AST-ENG-0058,Guntur-SEC-02,101.7,295,2026-09-22,12:00,0,Request for Rail Grinding due to Rail Surface Corrugation observed on Track at Km 101.7.,2026-09-18 22:00,Open,Medium,Low,30.4,Traffic Block,RGM Machine Crew + Rail Grinding Machine (RGM Rake 72-Stone)
REQ-00074,TRD,Contact Wire Replacement,Severe Contact Wire Wear (< 74 sq mm),AST-TRD-0573,Guntur-SEC-06,62.94,259,2026-09-21,00:00,0,Request for Contact Wire Replacement due to Severe Contact Wire Wear (< 74 sq mm) observed on Isolator at Km 62.94.,2026-09-14 17:00,Under Coordination,Critical,Critical,55.8,Integrated Traffic-cum-Power Block,"Wiring Train / Heavy Tower Wagon Rake + OHE Wiring Train, Tensioning Winch, Splice Machine"
REQ-00075,Engineering,Points & Crossing Maintenance,Loose Stretcher Bar Bolts,AST-ENG-0104,Vijayawada-SEC-08,93.36,65,2026-09-24,14:00,0,Request for Points & Crossing Maintenance due to Loose Stretcher Bar Bolts observed on Sleeper at Km 93.36.,2026-09-18 16:00,Scheduled,Critical,Critical,47.0,Traffic Block (Caution Order),"Joint Turnout Squad + Torque Wrench, Split Pins, Stretcher Shims"
REQ-00076,S&T,Signal Inspection,Calling-on Signal Aspect Failure,AST-S&T-0364,Guntur-SEC-06,46.3,52,2026-09-04,12:00,0,Request for Signal Inspection due to Calling-on Signal Aspect Failure observed on Signal at Km 46.3.,2026-08-26 16:00,Open,High,Medium,43.0,Signalling Disconnection,"Signal Maintainer Squad + LED C-Unit, Step-down Transformer"
REQ-00077,S&T,Point Machine Maintenance,Lock Slide Notch Wear & Burr,AST-S&T-0283,Guntakal-SEC-08,31.15,78,2026-10-03,10:00,0,Request for Point Machine Maintenance due to Lock Slide Notch Wear & Burr observed on Signal at Km 31.15.,2026-09-23 23:00,Under Coordination,Critical,Critical,51.3,Signalling Disconnection & S&T Block,"Point Specialist Crew + Lock Slide Replacement Kit, Feeler Gauge"
REQ-00078,TRD,Contact Wire Replacement,Turnout Overlap Wire Renewal,AST-TRD-0525,Secunderabad-SEC-07,71.64,259,2026-09-27,01:00,0,Request for Contact Wire Replacement due to Turnout Overlap Wire Renewal observed on OHE at Km 71.64.,2026-09-25 12:00,Open,High,High,47.0,Integrated Traffic-cum-Power Block,"Tower Wagon Special Squad + Wire Tensioner, Turnout Overlap Rig"
REQ-00079,TRD,OHE Inspection,Neutral Section Transverse Slew Anomaly,AST-TRD-0461,Guntur-SEC-05,122.37,95,2026-09-02,12:00,1,[EMERGENCY FAST-TRACK] Immediate attention required: Neutral Section Transverse Slew Anomaly at Km 122.37.,2026-08-30 21:00,Open,Critical,Critical,74.9,Traffic-cum-Power Block (OHE Isolation),"Tower Wagon Inspection Crew + Laser Alignment Tool, Cantilever Tensioner"
REQ-00080,S&T,Point Machine Maintenance,Crank Handle Interlock Microswitch Jam,AST-S&T-0250,Hyderabad-SEC-05,109.32,46,2026-09-19,23:00,0,Request for Point Machine Maintenance due to Crank Handle Interlock Microswitch Jam observed on Track Circuit at Km 109.32.,2026-09-10 15:00,Open,High,High,43.4,Signalling Disconnection,"Signal Maintainer Squad + Microswitch Assembly, Keybox Contact Cleaner"
REQ-00081,S&T,Point Machine Maintenance,Crank Handle Interlock Microswitch Jam,AST-S&T-0356,Guntur-SEC-01,48.1,53,2026-10-07,02:00,0,Request for Point Machine Maintenance due to Crank Handle Interlock Microswitch Jam observed on Track Circuit at Km 48.1.,2026-09-27 20:00,Open,High,High,30.3,Signalling Disconnection,"Signal Maintainer Squad + Microswitch Assembly, Keybox Contact Cleaner"
REQ-00082,TRD,OHE Component Replacement,Traction Substation 132kV Isolator Contact Blade Pitting,AST-TRD-0595,Guntakal-SEC-01,137.82,182,2026-10-02,14:00,0,Request for OHE Component Replacement due to Traction Substation 132kV Isolator Contact Blade Pitting observed on OHE at Km 137.82.,2026-09-29 20:00,Open,Critical,High,55.6,Power Block (Grid Isolation),"TSS Maintenance Crew + Silver Plating Paste, High Current Micro-ohmmeter"
REQ-00083,S&T,Telecom Equipment Maintenance,Passenger Information System (PIS) Display Node Link Drop,AST-S&T-0281,Vijayawada-SEC-05,2.92,59,2026-09-13,11:00,0,Request for Telecom Equipment Maintenance due to Passenger Information System (PIS) Display Node Link Drop observed on Track Circuit at Km 2.92.,2026-09-05 22:00,Open,Low,Low,24.7,No Block (Platform Work),"Telecom Network Tech + RS485 Hub, Ethernet Switch, Multimeter"
REQ-00084,S&T,Signal Inspection,Aspect Current Sensor Anomaly,AST-S&T-0349,Vijayawada-SEC-02,102.49,47,2026-09-03,02:00,0,Request for Signal Inspection due to Aspect Current Sensor Anomaly observed on Telecom Equipment at Km 102.49.,2026-09-01 18:00,Scheduled,Low,Low,17.8,No Block,S&T Electronic Maintainer + Digital Multimeter & Telemetry Probe
REQ-00085,S&T,Point Machine Maintenance,Point Machine Motor Replacement,AST-S&T-0270,Vijayawada-SEC-07,59.55,104,2026-09-01,10:00,0,Request for Point Machine Maintenance due to Point Machine Motor Replacement observed on Interlocking at Km 59.55.,2026-08-21 19:00,Open,High,High,30.4,Integrated S&T + P-Way Block,"Signal Replacement Crew + Spare 110V DC Point Motor, Torque Spanners"
REQ-00086,TRD,OHE Component Replacement,Traction Substation 25kV Vacuum Circuit Breaker (VCB) Fault,AST-TRD-0489,Guntur-SEC-01,70.74,204,2026-10-03,23:00,0,Request for OHE Component Replacement due to Traction Substation 25kV Vacuum Circuit Breaker (VCB) Fault observed on Power Substation at Km 70.74.,2026-10-01 22:00,Scheduled,Critical,Critical,42.9,Power Block (Substation Isolation),"TSS Specialist Team + Contact Resistance Meter, Spare 25kV VCB, High Voltage Probe"
REQ-00087,TRD,OHE Wire Maintenance,Cross Feeder Wire Vibration Fatigue,AST-TRD-0457,Hyderabad-SEC-03,34.87,92,2026-09-19,23:00,0,Request for OHE Wire Maintenance due to Cross Feeder Wire Vibration Fatigue observed on OHE Component at Km 34.87.,2026-09-16 20:00,Open,Medium,Medium,34.8,Power Block,"TRD Line Maintenance Gang + Vibration Dampers, Feeder Tensioner"
REQ-00088,Engineering,Ballast Cleaning,Station Yard Track Drain Choking,AST-ENG-0177,Secunderabad-SEC-02,104.84,161,2026-10-01,23:00,0,Request for Ballast Cleaning due to Station Yard Track Drain Choking observed on Sleeper at Km 104.84.,2026-09-26 13:00,Scheduled,High,Medium,37.8,Traffic Block,"Yard Maintenance Gang + Excavator, Mud Pump, Ballast Rake"
REQ-00089,S&T,Signal Inspection,Aspect Current Sensor Anomaly,AST-S&T-0292,Vijayawada-SEC-03,58.17,47,2026-10-06,14:00,0,Request for Signal Inspection due to Aspect Current Sensor Anomaly observed on Interlocking at Km 58.17.,2026-10-01 14:00,Completed,Low,Low,21.5,No Block,S&T Electronic Maintainer + Digital Multimeter & Telemetry Probe
REQ-00090,TRD,Contact Wire Replacement,Contact Wire Parting / Snap Incident,AST-TRD-0488,Secunderabad-SEC-07,121.58,267,2026-10-07,10:00,1,[EMERGENCY FAST-TRACK] Immediate attention required: Contact Wire Parting / Snap Incident at Km 121.58.,2026-09-30 21:00,Under Coordination,Critical,Critical,70.7,Emergency Traffic-cum-Power Block,"Emergency Breakdown Crew + Tower Wagon, Emergency Splice Sleeves, Tirfor Winch"
REQ-00091,Engineering,Rail Grinding,Gauge Corner Micro-Spalling on High Rail,AST-ENG-0093,Secunderabad-SEC-03,31.38,264,2026-09-12,14:00,0,Request for Rail Grinding due to Gauge Corner Micro-Spalling on High Rail observed on Ballast at Km 31.38.,2026-09-01 17:00,Open,High,High,30.3,Traffic Block,RGM Crew + RGM 72-Stone Machine
REQ-00092,Engineering,Sleeper Replacement,Perished Grooved Rubber Sole Plates (GRSP),AST-ENG-0047,Hyderabad-SEC-07,91.04,110,2026-10-09,23:00,0,Request for Sleeper Replacement due to Perished Grooved Rubber Sole Plates (GRSP) observed on Track at Km 91.04.,2026-10-01 20:00,Under Coordination,Low,Low,24.3,Shadow Block,"P-Way Gang + Track Jacks, ERC Extractors"
REQ-00093,Engineering,Sleeper Replacement,Points & Crossing Special Turnout Sleeper Shift,AST-ENG-0177,Secunderabad-SEC-02,104.84,217,2026-09-02,23:00,0,Request for Sleeper Replacement due to Points & Crossing Special Turnout Sleeper Shift observed on Sleeper at Km 104.84.,2026-08-28 22:00,Open,High,High,37.8,Integrated S&T + Traffic Block,"Turnout Gang + Sleeper Puller, Heavy Jacks"
REQ-00094,Engineering,Track Inspection,Switch Expansion Joint (SEJ) Gap Abnormality,AST-ENG-0075,Guntur-SEC-03,22.55,97,2026-09-05,02:00,0,Request for Track Inspection due to Switch Expansion Joint (SEJ) Gap Abnormality observed on Points & Crossing at Km 22.55.,2026-08-27 15:00,Open,High,High,41.0,Traffic Block,"P-Way Section Gang + SEJ Gap Measurement Wedge, Torque Wrench"
REQ-00095,Engineering,Rail Replacement,Defective Alumino-Thermic (AT) Weld Joint,AST-ENG-0053,Vijayawada-SEC-05,113.09,184,2026-09-03,14:00,0,Request for Rail Replacement due to Defective Alumino-Thermic (AT) Weld Joint observed on Sleeper at Km 113.09.,2026-08-25 16:00,Under Coordination,Critical,Critical,44.9,Traffic Block,"AT Welding Gang + AT Welding Equipment, Pre-heating Torch, Rail Saw"
REQ-00096,Engineering,Rail Grinding,Rail Surface Corrugation,AST-ENG-0071,Guntur-SEC-02,75.05,258,2026-10-06,00:00,0,Request for Rail Grinding due to Rail Surface Corrugation observed on Ballast at Km 75.05.,2026-09-27 22:00,Completed,Medium,Low,27.0,Traffic Block,RGM Machine Crew + Rail Grinding Machine (RGM Rake 72-Stone)
REQ-00097,Engineering,Rail Replacement,Excessive Rail Wear Beyond Limit,AST-ENG-0009,Guntakal-SEC-04,77.19,269,2026-09-28,12:00,0,Request for Rail Replacement due to Excessive Rail Wear Beyond Limit observed on Ballast at Km 77.19.,2026-09-18 18:00,Open,High,High,37.9,Integrated Traffic-cum-Power Block,"Track Renewal Gang + Hydraulic Rail Tensor, Flash Butt Welder"
REQ-00098,Engineering,Rail Replacement,Defective Alumino-Thermic (AT) Weld Joint,AST-ENG-0149,Hyderabad-SEC-02,48.87,139,2026-09-11,11:00,0,Request for Rail Replacement due to Defective Alumino-Thermic (AT) Weld Joint observed on Track at Km 48.87.,2026-09-06 16:00,Scheduled,Critical,Critical,49.2,Traffic Block,"AT Welding Gang + AT Welding Equipment, Pre-heating Torch, Rail Saw"
REQ-00099,TRD,OHE Component Replacement,Insulator Flashover / Broken Porcelain Disc,AST-TRD-0529,Guntur-SEC-02,123.78,138,2026-09-25,00:00,1,[EMERGENCY FAST-TRACK] Immediate attention required: Insulator Flashover / Broken Porcelain Disc at Km 123.78.,2026-09-21 22:00,Under Coordination,Critical,Critical,70.8,Traffic-cum-Power Block (OHE Isolation),"Tower Wagon Crew + Polymer / Composite 25kV Insulator, Torque Wrenches"
REQ-00100,Engineering,Rail Replacement,Defective Alumino-Thermic (AT) Weld Joint,AST-ENG-0111,Guntakal-SEC-04,6.21,149,2026-10-06,10:00,0,Request for Rail Replacement due to Defective Alumino-Thermic (AT) Weld Joint observed on Rail at Km 6.21.,2026-09-27 13:00,Scheduled,Critical,Critical,58.5,Traffic Block,"AT Welding Gang + AT Welding Equipment, Pre-heating Torch, Rail Saw"
REQ-00101,Engineering,Track Tamping,Post-Renewal Track Stabilization,AST-ENG-0180,Vijayawada-SEC-04,54.39,204,2026-09-24,02:00,0,Request for Track Tamping due to Post-Renewal Track Stabilization observed on Points & Crossing at Km 54.39.,2026-09-18 21:00,Open,Medium,Low,23.3,Traffic Block,Dynamic Track Stabilizer Crew + Dynamic Track Stabilizer (DGS)
REQ-00102,Engineering,Points & Crossing Maintenance,Switch Toe Gap Out of Tolerance,AST-ENG-0094,Guntur-SEC-06,117.88,95,2026-09-10,10:00,0,Request for Points & Crossing Maintenance due to Switch Toe Gap Out of Tolerance observed on Rail at Km 117.88.,2026-09-04 12:00,Completed,High,High,35.1,Integrated S&T + Traffic Block,"Turnout Specialist Gang + Point Adjuster, Shims, Torque Spanners"
REQ-00103,TRD,OHE Inspection,Catenary Dropper Missing / Damaged,AST-TRD-0426,Secunderabad-SEC-03,23.13,69,2026-09-06,10:00,0,Request for OHE Inspection due to Catenary Dropper Missing / Damaged observed on OHE at Km 23.13.,2026-09-04 19:00,Open,Medium,Medium,20.9,Power Block (OHE Isolation),"TRD Line Maintenance Gang + Ladder Trolley, Dropper Crimper, Current Shunt"
REQ-00104,TRD,OHE Wire Maintenance,Contact Wire Splice Sleeve Deformation,AST-TRD-0588,Guntur-SEC-06,59.43,127,2026-09-03,02:00,0,Request for OHE Wire Maintenance due to Contact Wire Splice Sleeve Deformation observed on Isolator at Km 59.43.,2026-08-28 21:00,Scheduled,Critical,Critical,51.2,Traffic-cum-Power Block (OHE Isolation),"Tower Wagon Squad + Hydraulic Crimper, Splice Bridge Jig"
REQ-00105,Engineering,Sleeper Replacement,Points & Crossing Special Turnout Sleeper Shift,AST-ENG-0043,Guntakal-SEC-08,76.99,211,2026-09-09,01:00,0,Request for Sleeper Replacement due to Points & Crossing Special Turnout Sleeper Shift observed on Points & Crossing at Km 76.99.,2026-08-29 16:00,Open,High,High,41.5,Integrated S&T + Traffic Block,"Turnout Gang + Sleeper Puller, Heavy Jacks"
REQ-00106,Engineering,Points & Crossing Maintenance,Worn CMS Crossing Nose,AST-ENG-0139,Secunderabad-SEC-05,120.19,226,2026-09-15,14:00,0,Request for Points & Crossing Maintenance due to Worn CMS Crossing Nose observed on Track at Km 120.19.,2026-09-09 19:00,Open,High,High,38.1,Traffic Block,Hardfacing Welding Crew + Translamatic Robotic Welder / Special Electrodes
REQ-00107,Engineering,Ballast Cleaning,Shoulder Ballast Contamination,AST-ENG-0095,Vijayawada-SEC-03,91.61,235,2026-09-04,00:00,0,Request for Ballast Cleaning due to Shoulder Ballast Contamination observed on Points & Crossing at Km 91.61.,2026-08-25 21:00,Open,Medium,Medium,34.6,Traffic Block,Shoulder Ballast Cleaning Crew + Shoulder Ballast Cleaner (FRM/SBCM)
REQ-00108,S&T,Signal Inspection,Calling-on Signal Aspect Failure,AST-S&T-0334,Secunderabad-SEC-08,73.63,72,2026-09-20,02:00,0,Request for Signal Inspection due to Calling-on Signal Aspect Failure observed on Interlocking at Km 73.63.,2026-09-17 14:00,Scheduled,High,Medium,40.1,Signalling Disconnection,"Signal Maintainer Squad + LED C-Unit, Step-down Transformer"
REQ-00109,TRD,OHE Component Replacement,Auto-Tensioning Device (ATD) Weight Jam,AST-TRD-0409,Guntur-SEC-08,14.8,103,2026-09-10,12:00,1,[EMERGENCY FAST-TRACK] Immediate attention required: Auto-Tensioning Device (ATD) Weight Jam at Km 14.8.,2026-09-08 13:00,Open,Critical,Critical,79.2,Traffic-cum-Power Block (OHE Isolation),"Tower Wagon Squad + Hydraulic Winch, 5:1 ATD Pulley, Stainless Steel Rope"
REQ-00110,Engineering,Sleeper Replacement,Bridge Timber Sleeper Decay,AST-ENG-0147,Guntur-SEC-03,95.94,188,2026-09-15,23:00,0,Request for Sleeper Replacement due to Bridge Timber Sleeper Decay observed on Rail at Km 95.94.,2026-09-08 16:00,Completed,Critical,Critical,43.2,Traffic Block,"Bridge P-Way Gang + Timber Boring Rig, Bridge Jacks, Hook Bolts"
REQ-00111,Engineering,Rail Replacement,Defective Alumino-Thermic (AT) Weld Joint,AST-ENG-0168,Vijayawada-SEC-04,114.18,131,2026-10-04,00:00,1,[EMERGENCY FAST-TRACK] Immediate attention required: Defective Alumino-Thermic (AT) Weld Joint at Km 114.18.,2026-09-30 12:00,Open,Critical,Critical,84.1,Traffic Block,"AT Welding Gang + AT Welding Equipment, Pre-heating Torch, Rail Saw"
REQ-00112,TRD,OHE Component Replacement,Section Insulator Runner Wear,AST-TRD-0522,Vijayawada-SEC-02,18.15,186,2026-09-24,10:00,0,Request for OHE Component Replacement due to Section Insulator Runner Wear observed on OHE at Km 18.15.,2026-09-17 13:00,Completed,High,High,40.2,Traffic-cum-Power Block (OHE Isolation),"TRD Specialist Gang + Section Insulator Overhaul Kit, Arc Chute"
REQ-00113,S&T,Signal Inspection,Aspect Current Sensor Anomaly,AST-S&T-0384,Secunderabad-SEC-02,75.12,44,2026-10-02,11:00,0,Request for Signal Inspection due to Aspect Current Sensor Anomaly observed on Interlocking at Km 75.12.,2026-09-23 12:00,Open,Low,Low,14.3,No Block,S&T Electronic Maintainer + Digital Multimeter & Telemetry Probe
REQ-00114,Engineering,Ballast Cleaning,Cess / Drainage Deepening,AST-ENG-0124,Secunderabad-SEC-06,81.32,243,2026-09-05,11:00,0,Request for Ballast Cleaning due to Cess / Drainage Deepening observed on Rail at Km 81.32.,2026-08-31 14:00,Open,Low,Low,26.9,No Block (Cess Work),"Cess Maintenance Gang + Mini Backhoe Loader, Cess Regulators"
REQ-00115,S&T,Telecom Equipment Maintenance,Passenger Information System (PIS) Display Node Link Drop,AST-S&T-0363,Secunderabad-SEC-06,108.88,74,2026-09-07,11:00,0,Request for Telecom Equipment Maintenance due to Passenger Information System (PIS) Display Node Link Drop observed on Signal at Km 108.88.,2026-08-27 15:00,Completed,Low,Low,31.0,No Block (Platform Work),"Telecom Network Tech + RS485 Hub, Ethernet Switch, Multimeter"
REQ-00116,TRD,OHE Component Replacement,Traction Substation 25kV Vacuum Circuit Breaker (VCB) Fault,AST-TRD-0501,Secunderabad-SEC-01,74.57,222,2026-10-04,11:00,1,[EMERGENCY FAST-TRACK] Immediate attention required: Traction Substation 25kV Vacuum Circuit Breaker (VCB) Fault at Km 74.57.,2026-09-26 16:00,Under Coordination,Critical,Critical,74.7,Power Block (Substation Isolation),"TSS Specialist Team + Contact Resistance Meter, Spare 25kV VCB, High Voltage Probe"
REQ-00117,TRD,Contact Wire Replacement,Turnout Overlap Wire Renewal,AST-TRD-0432,Guntur-SEC-02,32.14,180,2026-09-29,00:00,0,Request for Contact Wire Replacement due to Turnout Overlap Wire Renewal observed on OHE Component at Km 32.14.,2026-09-18 17:00,Open,High,High,32.5,Integrated Traffic-cum-Power Block,"Tower Wagon Special Squad + Wire Tensioner, Turnout Overlap Rig"
REQ-00118,S&T,Point Machine Maintenance,Ground Connection Rodding Buckling,AST-S&T-0310,Vijayawada-SEC-07,99.13,110,2026-09-19,02:00,0,Request for Point Machine Maintenance due to Ground Connection Rodding Buckling observed on Interlocking at Km 99.13.,2026-09-12 22:00,Open,Critical,Critical,52.8,Signalling Disconnection & S&T Block,"Point Specialist Crew + Straightening Rig, Spare Drive Rod"
REQ-00119,S&T,Signal Inspection,Signal Cable Insulation Degradation,AST-S&T-0347,Hyderabad-SEC-02,46.96,138,2026-09-10,01:00,0,Request for Signal Inspection due to Signal Cable Insulation Degradation observed on Interlocking at Km 46.96.,2026-09-01 14:00,Under Coordination,High,High,33.1,Shadow Block / Disconnection Notice,S&T Telecom / Cable Testing Gang + Megger 500V/1000V Insulation Tester
REQ-00120,S&T,Signal Inspection,Signal Cable Insulation Degradation,AST-S&T-0234,Secunderabad-SEC-08,72.05,130,2026-09-18,12:00,0,Request for Signal Inspection due to Signal Cable Insulation Degradation observed on Telecom Equipment at Km 72.05.,2026-09-12 16:00,Open,High,High,37.7,Shadow Block / Disconnection Notice,S&T Telecom / Cable Testing Gang + Megger 500V/1000V Insulation Tester
REQ-00121,TRD,Tower Wagon Inspection,Level Crossing Gate OHE Anti-Collision Guard Wire Sag,AST-TRD-0415,Vijayawada-SEC-03,4.21,76,2026-09-17,23:00,0,Request for Tower Wagon Inspection due to Level Crossing Gate OHE Anti-Collision Guard Wire Sag observed on OHE Component at Km 4.21.,2026-09-14 23:00,Scheduled,High,High,32.6,Traffic-cum-Power Block,"Tower Wagon Crew + Tensioning Rig, Clamp Wrenches"
REQ-00122,S&T,Point Machine Maintenance,Point Machine Out of Adjustment / Flashover,AST-S&T-0384,Secunderabad-SEC-02,75.12,82,2026-09-19,02:00,0,Request for Point Machine Maintenance due to Point Machine Out of Adjustment / Flashover observed on Interlocking at Km 75.12.,2026-09-12 19:00,Open,Critical,Critical,44.3,Signalling Disconnection & S&T Block,"Point Specialist Crew + Point Gauge (5mm test piece), Motor Amp Meter"
REQ-00123,S&T,Signal Inspection,Signal Cable Insulation Degradation,AST-S&T-0204,Hyderabad-SEC-01,113.9,144,2026-09-30,11:00,0,Request for Signal Inspection due to Signal Cable Insulation Degradation observed on Point Machine at Km 113.9.,2026-09-28 18:00,Scheduled,High,High,49.0,Shadow Block / Disconnection Notice,S&T Telecom / Cable Testing Gang + Megger 500V/1000V Insulation Tester
REQ-00124,TRD,Tower Wagon Inspection,Overline Structure / Bridge Clearance Audit,AST-TRD-0461,Guntur-SEC-05,122.37,186,2026-10-04,00:00,0,Request for Tower Wagon Inspection due to Overline Structure / Bridge Clearance Audit observed on Isolator at Km 122.37.,2026-09-28 19:00,Open,High,High,37.9,Traffic-cum-Power Block (OHE Isolation),"Tower Wagon Inspection Team + Laser Height Gauge, Slew Adjuster"
REQ-00125,TRD,OHE Wire Maintenance,Cross Feeder Wire Vibration Fatigue,AST-TRD-0513,Guntakal-SEC-01,66.61,85,2026-09-24,12:00,0,Request for OHE Wire Maintenance due to Cross Feeder Wire Vibration Fatigue observed on Power Substation at Km 66.61.,2026-09-19 12:00,Open,Medium,Medium,34.7,Power Block,"TRD Line Maintenance Gang + Vibration Dampers, Feeder Tensioner"
REQ-00126,S&T,Signal Inspection,Aspect Current Sensor Anomaly,AST-S&T-0334,Secunderabad-SEC-08,73.63,40,2026-09-30,10:00,0,Request for Signal Inspection due to Aspect Current Sensor Anomaly observed on Interlocking at Km 73.63.,2026-09-26 19:00,Scheduled,Low,Low,22.1,No Block,S&T Electronic Maintainer + Digital Multimeter & Telemetry Probe
REQ-00127,Engineering,Ballast Cleaning,Clogged / Foul Ballast Bed,AST-ENG-0068,Hyderabad-SEC-04,121.03,372,2026-10-09,02:00,0,Request for Ballast Cleaning due to Clogged / Foul Ballast Bed observed on Sleeper at Km 121.03.,2026-09-30 14:00,Under Coordination,High,Medium,30.9,Integrated Traffic-cum-Power Block,BCM Machine Crew + Ballast Cleaning Machine (BCM Rake)
REQ-00128,S&T,Point Machine Maintenance,Point Detection Contact Carbonization,AST-S&T-0322,Vijayawada-SEC-05,39.14,91,2026-09-04,14:00,0,Request for Point Machine Maintenance due to Point Detection Contact Carbonization observed on Signal at Km 39.14.,2026-08-30 17:00,Open,High,High,36.0,Signalling Disconnection,"Signal Maintainer Squad + Contact Burnisher, Contact Lubricant, Megger"
REQ-00129,TRD,Contact Wire Replacement,In-Span Splice Elimination,AST-TRD-0537,Vijayawada-SEC-04,113.87,214,2026-10-08,02:00,0,Request for Contact Wire Replacement due to In-Span Splice Elimination observed on OHE Component at Km 113.87.,2026-10-04 19:00,Open,High,Medium,43.3,Traffic-cum-Power Block (OHE Isolation),"Wiring Train Rake + OHE Wiring Train, Pulling Rig, Tension Clamps"
REQ-00130,S&T,Signal Inspection,Signal Cable Insulation Degradation,AST-S&T-0277,Hyderabad-SEC-06,93.54,113,2026-10-02,14:00,0,Request for Signal Inspection due to Signal Cable Insulation Degradation observed on Signal at Km 93.54.,2026-09-25 22:00,Open,High,High,39.1,Shadow Block / Disconnection Notice,S&T Telecom / Cable Testing Gang + Megger 500V/1000V Insulation Tester
REQ-00131,Engineering,Sleeper Replacement,Bridge Timber Sleeper Decay,AST-ENG-0037,Hyderabad-SEC-03,96.04,198,2026-09-09,11:00,0,Request for Sleeper Replacement due to Bridge Timber Sleeper Decay observed on Track at Km 96.04.,2026-08-29 20:00,Open,Critical,Critical,50.7,Traffic Block,"Bridge P-Way Gang + Timber Boring Rig, Bridge Jacks, Hook Bolts"
REQ-00132,TRD,Tower Wagon Inspection,Level Crossing Gate OHE Anti-Collision Guard Wire Sag,AST-TRD-0560,Secunderabad-SEC-07,108.91,87,2026-09-24,12:00,0,Request for Tower Wagon Inspection due to Level Crossing Gate OHE Anti-Collision Guard Wire Sag observed on Isolator at Km 108.91.,2026-09-16 14:00,Open,High,High,39.0,Traffic-cum-Power Block,"Tower Wagon Crew + Tensioning Rig, Clamp Wrenches"
REQ-00133,S&T,Signal Inspection,Calling-on Signal Aspect Failure,AST-S&T-0341,Secunderabad-SEC-03,27.14,59,2026-09-19,00:00,0,Request for Signal Inspection due to Calling-on Signal Aspect Failure observed on Track Circuit at Km 27.14.,2026-09-08 19:00,Open,High,Medium,31.9,Signalling Disconnection,"Signal Maintainer Squad + LED C-Unit, Step-down Transformer"
REQ-00134,S&T,Signal Inspection,Aspect Current Sensor Anomaly,AST-S&T-0331,Vijayawada-SEC-01,125.86,46,2026-09-13,02:00,0,Request for Signal Inspection due to Aspect Current Sensor Anomaly observed on Signal at Km 125.86.,2026-09-07 22:00,Open,Low,Low,12.3,No Block,S&T Electronic Maintainer + Digital Multimeter & Telemetry Probe
REQ-00135,S&T,Point Machine Maintenance,Point Machine Motor Replacement,AST-S&T-0282,Vijayawada-SEC-08,30.34,106,2026-09-15,02:00,0,Request for Point Machine Maintenance due to Point Machine Motor Replacement observed on Axle Counter at Km 30.34.,2026-09-06 15:00,Scheduled,High,High,35.7,Integrated S&T + P-Way Block,"Signal Replacement Crew + Spare 110V DC Point Motor, Torque Spanners"
REQ-00136,Engineering,Track Tamping,Crossover S-Curve Alignment Tamping,AST-ENG-0050,Secunderabad-SEC-05,53.99,197,2026-09-20,10:00,0,Request for Track Tamping due to Crossover S-Curve Alignment Tamping observed on Rail at Km 53.99.,2026-09-16 20:00,Completed,High,High,41.1,Traffic Block,Unimat Tamper Crew + Unimat 4S Tamper with Computerized Curve Calculator
REQ-00137,Engineering,Rail Replacement,Rail Burn / Scabbing Defect,AST-ENG-0156,Vijayawada-SEC-04,31.67,185,2026-10-06,11:00,0,Request for Rail Replacement due to Rail Burn / Scabbing Defect observed on Sleeper at Km 31.67.,2026-09-30 13:00,Open,Medium,Medium,32.0,Traffic Block,"P-Way Welding Gang + Rail Grinder, Gas Cutting Kit, AT Welding"
REQ-00138,S&T,Point Machine Maintenance,Ground Connection Rodding Buckling,AST-S&T-0248,Guntur-SEC-06,28.16,89,2026-09-02,10:00,0,Request for Point Machine Maintenance due to Ground Connection Rodding Buckling observed on Point Machine at Km 28.16.,2026-08-23 20:00,Scheduled,Critical,Critical,56.3,Signalling Disconnection & S&T Block,"Point Specialist Crew + Straightening Rig, Spare Drive Rod"
REQ-00139,Engineering,Ballast Cleaning,Cess / Drainage Deepening,AST-ENG-0105,Guntakal-SEC-04,21.52,235,2026-09-06,10:00,0,Request for Ballast Cleaning due to Cess / Drainage Deepening observed on Points & Crossing at Km 21.52.,2026-08-28 21:00,Under Coordination,Low,Low,27.8,No Block (Cess Work),"Cess Maintenance Gang + Mini Backhoe Loader, Cess Regulators"
REQ-00140,TRD,Tower Wagon Inspection,Tunnel OHE Catenary Clearance Check,AST-TRD-0401,Hyderabad-SEC-03,48.41,212,2026-09-19,14:00,0,Request for Tower Wagon Inspection due to Tunnel OHE Catenary Clearance Check observed on Isolator at Km 48.41.,2026-09-12 21:00,Open,Critical,Critical,50.8,Traffic-cum-Power Block (OHE Isolation),"Tunnel TRD Inspection Team + Tunnel Scaffolding Rig, Insulation Tester"
REQ-00141,TRD,OHE Component Replacement,Insulator Flashover / Broken Porcelain Disc,AST-TRD-0501,Secunderabad-SEC-01,74.57,108,2026-09-22,02:00,0,Request for OHE Component Replacement due to Insulator Flashover / Broken Porcelain Disc observed on Isolator at Km 74.57.,2026-09-16 19:00,Completed,Critical,Critical,49.7,Traffic-cum-Power Block (OHE Isolation),"Tower Wagon Crew + Polymer / Composite 25kV Insulator, Torque Wrenches"
REQ-00142,S&T,Axle Counter Maintenance,Digital Axle Counter (SSDAC/HASDAC) Count Error,AST-S&T-0214,Guntur-SEC-04,120.53,84,2026-10-08,02:00,0,Request for Axle Counter Maintenance due to Digital Axle Counter (SSDAC/HASDAC) Count Error observed on Signal at Km 120.53.,2026-09-28 20:00,Under Coordination,Critical,Critical,43.7,Signalling Disconnection & S&T Block,"Axle Counter Specialist Crew + High Frequency Sensor Tester, Oscillation Meter"
REQ-00143,Engineering,Track Inspection,Diamond Crossing Flange Wear,AST-ENG-0030,Guntakal-SEC-01,58.62,110,2026-09-24,14:00,0,Request for Track Inspection due to Diamond Crossing Flange Wear observed on Track at Km 58.62.,2026-09-18 16:00,Completed,High,High,42.9,Traffic Block,"P-Way Section Gang + Feeler Gauge, Rail Caliper, Optical Sighting Bar"
REQ-00144,S&T,Telecom Equipment Maintenance,Emergency Control Telephone (EC) Socket Defect,AST-S&T-0294,Guntakal-SEC-07,16.4,58,2026-09-16,12:00,0,Request for Telecom Equipment Maintenance due to Emergency Control Telephone (EC) Socket Defect observed on Interlocking at Km 16.4.,2026-09-10 17:00,Scheduled,High,Medium,43.2,No Block (Track-side Post),"Telecom Line Squad + Portable EC Phone, Insulation Tester, Cable Crimper"
REQ-00145,Engineering,Rail Grinding,Turnout Switch & Stock Rail Profile Restoration,AST-ENG-0102,Hyderabad-SEC-06,3.92,134,2026-09-30,23:00,0,Request for Rail Grinding due to Turnout Switch & Stock Rail Profile Restoration observed on Points & Crossing at Km 3.92.,2026-09-20 18:00,Open,High,Medium,46.8,Integrated S&T + Traffic Block,Turnout Grinder Team + Switch Rail Grinder Machine
REQ-00146,Engineering,Rail Replacement,Corroded Rail Flange,AST-ENG-0064,Hyderabad-SEC-07,67.68,229,2026-09-28,01:00,0,Request for Rail Replacement due to Corroded Rail Flange observed on Track at Km 67.68.,2026-09-23 23:00,Under Coordination,High,High,41.8,Traffic Block,"Track Maintenance Gang + Rail Puller, Hydraulic Jacks, Torque Wrenches"
REQ-00147,S&T,Track Circuit Maintenance,Ballast Resistance Leakage (Low Ballast Resistance),AST-S&T-0377,Vijayawada-SEC-03,86.39,97,2026-10-01,02:00,0,Request for Track Circuit Maintenance due to Ballast Resistance Leakage (Low Ballast Resistance) observed on Point Machine at Km 86.39.,2026-09-25 15:00,Scheduled,High,High,43.4,Signalling Disconnection,"Track Circuit Maintenance Gang + Variable Feed Resistance Box, Shunt Tester"
REQ-00148,Engineering,Rail Grinding,Rail Lip / Fin Formation,AST-ENG-0028,Vijayawada-SEC-03,15.74,158,2026-10-05,23:00,0,Request for Rail Grinding due to Rail Lip / Fin Formation observed on Track at Km 15.74.,2026-09-25 16:00,Scheduled,Medium,Medium,21.3,Traffic Block,RGM Machine Crew + RGM 72-Stone Machine
REQ-00149,S&T,Signal Maintenance,Integrated Power Supply (IPS) Module Failure,AST-S&T-0277,Hyderabad-SEC-06,93.54,130,2026-09-23,10:00,0,Request for Signal Maintenance due to Integrated Power Supply (IPS) Module Failure observed on Signal at Km 93.54.,2026-09-21 12:00,Scheduled,Critical,Critical,51.1,No Block (Station Relay Room Work),"Power Electronics Specialist + Spare IPS Converter Module, Digital Oscilloscope"
REQ-00150,S&T,Telecom Equipment Maintenance,Optical Fibre Cable (OFC) Attenuation Surge,AST-S&T-0360,Hyderabad-SEC-03,57.25,189,2026-09-02,11:00,0,Request for Telecom Equipment Maintenance due to Optical Fibre Cable (OFC) Attenuation Surge observed on Axle Counter at Km 57.25.,2026-08-24 12:00,Open,High,Medium,32.7,No Block (Cess/Trench Work),"Telecom OFC Splicing Gang + Optical Time Domain Reflectometer (OTDR), Fusion Splicer"
REQ-00151,Engineering,Track Inspection,Ultrasonic Rail Flaw Detection (USFD) Anomaly,AST-ENG-0034,Guntakal-SEC-05,82.4,106,2026-09-25,14:00,0,Request for Track Inspection due to Ultrasonic Rail Flaw Detection (USFD) Anomaly observed on Track at Km 82.4.,2026-09-15 17:00,Completed,High,High,36.8,Traffic Block (Caution Order),USFD Testing Team + USFD Trolley & Digital Flaw Detector
REQ-00152,Engineering,Track Inspection,Derailment Catch Siding Switch Inspection,AST-ENG-0183,Guntur-SEC-02,139.42,79,2026-09-09,14:00,0,Request for Track Inspection due to Derailment Catch Siding Switch Inspection observed on Ballast at Km 139.42.,2026-08-31 21:00,Completed,Critical,High,48.6,Traffic Block,"Joint Safety Inspection Gang + Depth Gauge, Sand Replenishment Kit"
REQ-00153,Engineering,Points & Crossing Maintenance,Loose Stretcher Bar Bolts,AST-ENG-0056,Hyderabad-SEC-05,64.67,63,2026-10-09,14:00,1,[EMERGENCY FAST-TRACK] Immediate attention required: Loose Stretcher Bar Bolts at Km 64.67.,2026-09-30 22:00,Scheduled,Critical,Critical,77.7,Traffic Block (Caution Order),"Joint Turnout Squad + Torque Wrench, Split Pins, Stretcher Shims"
REQ-00154,Engineering,Points & Crossing Maintenance,Worn CMS Crossing Nose,AST-ENG-0012,Secunderabad-SEC-07,61.94,244,2026-09-16,10:00,0,Request for Points & Crossing Maintenance due to Worn CMS Crossing Nose observed on Ballast at Km 61.94.,2026-09-10 23:00,Scheduled,High,High,30.8,Traffic Block,Hardfacing Welding Crew + Translamatic Robotic Welder / Special Electrodes
REQ-00155,Engineering,Points & Crossing Maintenance,Check Rail Clearance Error,AST-ENG-0143,Hyderabad-SEC-03,7.84,109,2026-09-29,23:00,0,Request for Points & Crossing Maintenance due to Check Rail Clearance Error observed on Rail at Km 7.84.,2026-09-21 16:00,Under Coordination,High,High,39.3,Traffic Block,"P-Way Gang + Check Rail Shims, Torque Spanners"
REQ-00156,S&T,Telecom Equipment Maintenance,Passenger Information System (PIS) Display Node Link Drop,AST-S&T-0375,Guntakal-SEC-02,58.22,56,2026-09-17,00:00,0,Request for Telecom Equipment Maintenance due to Passenger Information System (PIS) Display Node Link Drop observed on Interlocking at Km 58.22.,2026-09-09 14:00,Scheduled,Low,Low,20.7,No Block (Platform Work),"Telecom Network Tech + RS485 Hub, Ethernet Switch, Multimeter"
REQ-00157,TRD,OHE Wire Maintenance,Catenary Wire Strand Broken,AST-TRD-0571,Guntakal-SEC-05,85.31,222,2026-09-26,11:00,1,[EMERGENCY FAST-TRACK] Immediate attention required: Catenary Wire Strand Broken at Km 85.31.,2026-09-24 18:00,Completed,Critical,Critical,68.5,Traffic-cum-Power Block (OHE Isolation),"TRD Heavy Maintenance Gang + Splice Casing, Hydraulic Crimper, Tension Rig"
REQ-00158,S&T,Signal Inspection,Signal Sighting Distance Obstruction,AST-S&T-0365,Secunderabad-SEC-06,2.61,87,2026-10-01,01:00,0,Request for Signal Inspection due to Signal Sighting Distance Obstruction observed on Signal at Km 2.61.,2026-09-29 22:00,Scheduled,High,High,42.2,No Block (Track-side),"Signal Maintainer Gang + Tree Trimmer, Measuring Rangefinder"
REQ-00159,TRD,Tower Wagon Inspection,Substation Feeder Jumper Maintenance,AST-TRD-0482,Guntakal-SEC-07,14.28,147,2026-09-13,10:00,0,Request for Tower Wagon Inspection due to Substation Feeder Jumper Maintenance observed on OHE Component at Km 14.28.,2026-09-07 14:00,Open,Medium,Medium,39.0,Power Block (Feeder Isolation),"TSS Maintenance Crew + Grounding Rods, High Voltage Tester, Spanners"
REQ-00160,S&T,Telecom Equipment Maintenance,Yard CCTV Surveillance Node Offline,AST-S&T-0237,Hyderabad-SEC-08,112.73,58,2026-09-24,02:00,0,Request for Telecom Equipment Maintenance due to Yard CCTV Surveillance Node Offline observed on Axle Counter at Km 112.73.,2026-09-13 12:00,Under Coordination,Low,Low,18.5,No Block (Mast Mounted),"Telecom Video Network Tech + Media Converter, RJ45 Tester, Power Supply"
REQ-00161,Engineering,Track Inspection,Ballast Deficiency / Shoulder Loss,AST-ENG-0095,Vijayawada-SEC-03,91.61,163,2026-09-20,01:00,0,Request for Track Inspection due to Ballast Deficiency / Shoulder Loss observed on Points & Crossing at Km 91.61.,2026-09-10 18:00,Open,Low,Low,26.6,Shadow Block / Planned Window,P-Way Maintenance Team + Ballast Hopper & Measuring Scale
REQ-00162,S&T,Point Machine Maintenance,Crank Handle Interlock Microswitch Jam,AST-S&T-0378,Secunderabad-SEC-08,114.78,41,2026-09-07,00:00,0,Request for Point Machine Maintenance due to Crank Handle Interlock Microswitch Jam observed on Track Circuit at Km 114.78.,2026-09-01 14:00,Scheduled,High,High,34.7,Signalling Disconnection,"Signal Maintainer Squad + Microswitch Assembly, Keybox Contact Cleaner"
REQ-00163,S&T,Track Circuit Maintenance,Glued Insulated Rail Joint (GJ) Failure,AST-S&T-0216,Guntakal-SEC-06,103.77,152,2026-09-08,23:00,0,Request for Track Circuit Maintenance due to Glued Insulated Rail Joint (GJ) Failure observed on Signal at Km 103.77.,2026-09-05 15:00,Completed,Critical,Critical,57.5,Integrated S&T + Traffic Block,"Joint S&T + P-Way Gang + Insulation End Post, Nylon Bushings, Torque Wrench"
REQ-00164,S&T,Telecom Equipment Maintenance,Passenger Information System (PIS) Display Node Link Drop,AST-S&T-0235,Guntakal-SEC-02,97.93,52,2026-09-01,00:00,0,Request for Telecom Equipment Maintenance due to Passenger Information System (PIS) Display Node Link Drop observed on Axle Counter at Km 97.93.,2026-08-25 21:00,Open,Low,Low,27.0,No Block (Platform Work),"Telecom Network Tech + RS485 Hub, Ethernet Switch, Multimeter"
REQ-00165,S&T,Signal Maintenance,Signal Blank / Lamp Failure,AST-S&T-0309,Secunderabad-SEC-04,97.62,83,2026-09-09,10:00,0,Request for Signal Maintenance due to Signal Blank / Lamp Failure observed on Axle Counter at Km 97.62.,2026-09-04 17:00,Open,Critical,Critical,53.4,Signalling Disconnection & S&T Block,"Emergency Signal Gang + LED Signal Unit, Current Transformer, Step-down Transformer"
REQ-00166,Engineering,Rail Grinding,Rail Surface Corrugation,AST-ENG-0182,Vijayawada-SEC-04,14.04,233,2026-10-01,23:00,0,Request for Rail Grinding due to Rail Surface Corrugation observed on Rail at Km 14.04.,2026-09-20 14:00,Open,Medium,Low,30.5,Traffic Block,RGM Machine Crew + Rail Grinding Machine (RGM Rake 72-Stone)
REQ-00167,Engineering,Rail Replacement,Fractured Rail Segment,AST-ENG-0021,Vijayawada-SEC-05,90.97,223,2026-09-13,14:00,1,[EMERGENCY FAST-TRACK] Immediate attention required: Fractured Rail Segment at Km 90.97.,2026-09-10 18:00,Scheduled,Critical,Critical,86.0,Traffic Block (Line Block),"Rail Welding & P-Way Team + Rail Cutting Machine, Chamfering Kit, AT Welding Kit"
REQ-00168,TRD,OHE Inspection,Contact Wire Height & Stagger Deviation,AST-TRD-0524,Guntakal-SEC-06,61.76,143,2026-09-24,01:00,0,Request for OHE Inspection due to Contact Wire Height & Stagger Deviation observed on Power Substation at Km 61.76.,2026-09-17 21:00,Open,High,Medium,41.7,Traffic-cum-Power Block (OHE Isolation),"Tower Wagon Inspection Crew + Tower Wagon (8-Wheeler), Height & Stagger Gauge"
REQ-00169,S&T,Signal Maintenance,Integrated Power Supply (IPS) Module Failure,AST-S&T-0267,Guntur-SEC-07,57.43,143,2026-10-05,12:00,0,Request for Signal Maintenance due to Integrated Power Supply (IPS) Module Failure observed on Point Machine at Km 57.43.,2026-09-25 15:00,Open,Critical,Critical,54.9,No Block (Station Relay Room Work),"Power Electronics Specialist + Spare IPS Converter Module, Digital Oscilloscope"
REQ-00170,TRD,OHE Wire Maintenance,Contact Wire Splice Sleeve Deformation,AST-TRD-0519,Hyderabad-SEC-06,136.46,118,2026-10-01,12:00,1,[EMERGENCY FAST-TRACK] Immediate attention required: Contact Wire Splice Sleeve Deformation at Km 136.46.,2026-09-23 20:00,Completed,Critical,Critical,82.5,Traffic-cum-Power Block (OHE Isolation),"Tower Wagon Squad + Hydraulic Crimper, Splice Bridge Jig"
REQ-00171,TRD,Contact Wire Replacement,Contact Wire Parting / Snap Incident,AST-TRD-0482,Guntakal-SEC-07,14.28,228,2026-09-17,02:00,0,Request for Contact Wire Replacement due to Contact Wire Parting / Snap Incident observed on OHE Component at Km 14.28.,2026-09-08 19:00,Open,Critical,Critical,61.0,Emergency Traffic-cum-Power Block,"Emergency Breakdown Crew + Tower Wagon, Emergency Splice Sleeves, Tirfor Winch"
REQ-00172,Engineering,Sleeper Replacement,Broken PSC Sleeper,AST-ENG-0166,Vijayawada-SEC-04,4.95,166,2026-10-04,02:00,0,Request for Sleeper Replacement due to Broken PSC Sleeper observed on Rail at Km 4.95.,2026-09-23 15:00,Under Coordination,High,High,46.6,Traffic Block,"P-Way Heavy Gang + Sleeper Exchanger, Hydraulic Jacks, Track Jacks"
REQ-00173,TRD,OHE Inspection,Catenary Dropper Missing / Damaged,AST-TRD-0460,Guntakal-SEC-08,69.18,62,2026-10-04,11:00,0,Request for OHE Inspection due to Catenary Dropper Missing / Damaged observed on OHE Component at Km 69.18.,2026-09-30 14:00,Under Coordination,Medium,Medium,39.0,Power Block (OHE Isolation),"TRD Line Maintenance Gang + Ladder Trolley, Dropper Crimper, Current Shunt"
REQ-00174,Engineering,Track Tamping,Track Alignment & Level Deviation,AST-ENG-0069,Hyderabad-SEC-07,137.16,218,2026-09-09,11:00,0,Request for Track Tamping due to Track Alignment & Level Deviation observed on Track at Km 137.16.,2026-09-05 15:00,Scheduled,High,Medium,37.6,Traffic Block,Tamping Machine Crew + CSM 09-32 / Duomatic Heavy Tamper
REQ-00175,S&T,Signal Maintenance,Signalling Relay Contact Oxidation (Q-Series),AST-S&T-0378,Secunderabad-SEC-08,114.78,88,2026-09-06,02:00,0,Request for Signal Maintenance due to Signalling Relay Contact Oxidation (Q-Series) observed on Track Circuit at Km 114.78.,2026-09-03 22:00,Under Coordination,High,High,34.7,Signalling Disconnection,"Relay Testing Team + Micro-ohmmeter, Spare QN1 Relay, Anti-static Mat"
REQ-00176,Engineering,Rail Grinding,Turnout Switch & Stock Rail Profile Restoration,AST-ENG-0148,Guntur-SEC-08,96.9,157,2026-10-02,00:00,0,Request for Rail Grinding due to Turnout Switch & Stock Rail Profile Restoration observed on Track at Km 96.9.,2026-09-28 22:00,Open,High,Medium,34.8,Integrated S&T + Traffic Block,Turnout Grinder Team + Switch Rail Grinder Machine
REQ-00177,S&T,Point Machine Maintenance,Lock Slide Notch Wear & Burr,AST-S&T-0362,Hyderabad-SEC-02,17.91,85,2026-10-05,02:00,0,Request for Point Machine Maintenance due to Lock Slide Notch Wear & Burr observed on Interlocking at Km 17.91.,2026-09-24 22:00,Open,Critical,Critical,46.9,Signalling Disconnection & S&T Block,"Point Specialist Crew + Lock Slide Replacement Kit, Feeler Gauge"
REQ-00178,Engineering,Rail Grinding,Rolling Contact Fatigue / Head Checking,AST-ENG-0056,Hyderabad-SEC-05,64.67,284,2026-09-09,12:00,0,Request for Rail Grinding due to Rolling Contact Fatigue / Head Checking observed on Track at Km 64.67.,2026-09-06 17:00,Open,High,High,40.7,Integrated Traffic-cum-Power Block,RGM Special Machine Crew + RGM 96-Stone Heavy Machine
REQ-00179,Engineering,Rail Grinding,Rolling Contact Fatigue / Head Checking,AST-ENG-0112,Guntur-SEC-01,89.45,338,2026-09-25,12:00,0,Request for Rail Grinding due to Rolling Contact Fatigue / Head Checking observed on Ballast at Km 89.45.,2026-09-14 19:00,Open,High,High,49.0,Integrated Traffic-cum-Power Block,RGM Special Machine Crew + RGM 96-Stone Heavy Machine
REQ-00180,Engineering,Rail Replacement,Rail Burn / Scabbing Defect,AST-ENG-0120,Vijayawada-SEC-08,21.77,148,2026-09-28,14:00,0,Request for Rail Replacement due to Rail Burn / Scabbing Defect observed on Track at Km 21.77.,2026-09-22 17:00,Open,Medium,Medium,39.0,Traffic Block,"P-Way Welding Gang + Rail Grinder, Gas Cutting Kit, AT Welding"
REQ-00181,TRD,OHE Component Replacement,Cantilever Bracket Assembly Misalignment,AST-TRD-0462,Vijayawada-SEC-04,66.58,171,2026-10-03,12:00,0,Request for OHE Component Replacement due to Cantilever Bracket Assembly Misalignment observed on Power Substation at Km 66.58.,2026-09-22 23:00,Open,High,Medium,43.0,Traffic-cum-Power Block,"TRD Line Maintenance Gang + Cantilever Adjuster, Mast Clamps, Spanners"
REQ-00182,S&T,Telecom Equipment Maintenance,Emergency Control Telephone (EC) Socket Defect,AST-S&T-0319,Vijayawada-SEC-01,77.68,67,2026-10-05,14:00,0,Request for Telecom Equipment Maintenance due to Emergency Control Telephone (EC) Socket Defect observed on Track Circuit at Km 77.68.,2026-09-29 23:00,Open,High,Medium,43.8,No Block (Track-side Post),"Telecom Line Squad + Portable EC Phone, Insulation Tester, Cable Crimper"
REQ-00183,S&T,Axle Counter Maintenance,Axle Counter Evaluator Card Failure,AST-S&T-0378,Secunderabad-SEC-08,114.78,100,2026-09-24,01:00,0,Request for Axle Counter Maintenance due to Axle Counter Evaluator Card Failure observed on Track Circuit at Km 114.78.,2026-09-20 16:00,Under Coordination,Critical,Critical,46.7,No Block (Station Relay Room),"Axle Counter Specialist Crew + Spare Evaluator Card, Diagnostic Laptop"
REQ-00184,S&T,Signal Maintenance,Signal Post Corrosion & Alignment Tilt,AST-S&T-0320,Guntur-SEC-04,120.37,156,2026-09-11,00:00,0,Request for Signal Maintenance due to Signal Post Corrosion & Alignment Tilt observed on Signal at Km 120.37.,2026-09-08 18:00,Scheduled,Medium,Low,32.6,Signalling Disconnection,"Signal Construction Gang + Plumb Line, Torque Wrench, Concrete Base Grout"
REQ-00185,TRD,Contact Wire Replacement,Loop Line Contact Wire Heavy Carbonization,AST-TRD-0586,Vijayawada-SEC-06,96.52,235,2026-09-24,12:00,0,Request for Contact Wire Replacement due to Loop Line Contact Wire Heavy Carbonization observed on Isolator at Km 96.52.,2026-09-13 19:00,Scheduled,High,Medium,42.6,Traffic-cum-Power Block,"Wiring Train Rake + OHE Wiring Train, Tension Winch"
REQ-00186,TRD,OHE Component Replacement,Auto-Tensioning Device (ATD) Weight Jam,AST-TRD-0439,Secunderabad-SEC-03,6.02,113,2026-09-03,12:00,0,Request for OHE Component Replacement due to Auto-Tensioning Device (ATD) Weight Jam observed on OHE at Km 6.02.,2026-08-31 19:00,Scheduled,Critical,Critical,47.4,Traffic-cum-Power Block (OHE Isolation),"Tower Wagon Squad + Hydraulic Winch, 5:1 ATD Pulley, Stainless Steel Rope"
REQ-00187,Engineering,Track Inspection,Ultrasonic Rail Flaw Detection (USFD) Anomaly,AST-ENG-0008,Guntur-SEC-07,123.92,141,2026-09-08,11:00,0,Request for Track Inspection due to Ultrasonic Rail Flaw Detection (USFD) Anomaly observed on Track at Km 123.92.,2026-08-29 23:00,Scheduled,High,High,34.2,Traffic Block (Caution Order),USFD Testing Team + USFD Trolley & Digital Flaw Detector
REQ-00188,Engineering,Track Inspection,Fishplate Crack / Loose Bolt,AST-ENG-0197,Secunderabad-SEC-01,80.35,53,2026-09-16,14:00,0,Request for Track Inspection due to Fishplate Crack / Loose Bolt observed on Track at Km 80.35.,2026-09-11 18:00,Scheduled,Critical,Critical,54.2,Emergency Traffic Block,Keyman & Track Patrol Crew + Fishbolt Spanner & Torque Wrench
REQ-00189,Engineering,Track Inspection,Track Geometry Gauge Variation,AST-ENG-0042,Guntur-SEC-03,22.38,100,2026-10-11,14:00,0,Request for Track Inspection due to Track Geometry Gauge Variation observed on Track at Km 22.38.,2026-10-02 23:00,Completed,Medium,Medium,30.2,No Block (Speed Restriction / Caution),P-Way Inspection Crew + Gauge-cum-Level & Track Measuring Gauge
REQ-00190,Engineering,Rail Grinding,Turnout Switch & Stock Rail Profile Restoration,AST-ENG-0195,Guntur-SEC-08,44.15,179,2026-09-25,14:00,0,Request for Rail Grinding due to Turnout Switch & Stock Rail Profile Restoration observed on Ballast at Km 44.15.,2026-09-15 23:00,Open,High,Medium,33.4,Integrated S&T + Traffic Block,Turnout Grinder Team + Switch Rail Grinder Machine
REQ-00191,TRD,Tower Wagon Inspection,Tunnel OHE Catenary Clearance Check,AST-TRD-0519,Hyderabad-SEC-06,136.46,170,2026-09-23,10:00,0,Request for Tower Wagon Inspection due to Tunnel OHE Catenary Clearance Check observed on OHE at Km 136.46.,2026-09-17 13:00,Open,Critical,Critical,57.5,Traffic-cum-Power Block (OHE Isolation),"Tunnel TRD Inspection Team + Tunnel Scaffolding Rig, Insulation Tester"
REQ-00192,S&T,Telecom Equipment Maintenance,Emergency Control Telephone (EC) Socket Defect,AST-S&T-0349,Vijayawada-SEC-02,102.49,53,2026-09-29,14:00,0,Request for Telecom Equipment Maintenance due to Emergency Control Telephone (EC) Socket Defect observed on Telecom Equipment at Km 102.49.,2026-09-19 17:00,Open,High,Medium,35.8,No Block (Track-side Post),"Telecom Line Squad + Portable EC Phone, Insulation Tester, Cable Crimper"
REQ-00193,Engineering,Track Inspection,Buffer Stop Foundation Settlement,AST-ENG-0170,Hyderabad-SEC-08,24.57,93,2026-09-23,00:00,0,Request for Track Inspection due to Buffer Stop Foundation Settlement observed on Rail at Km 24.57.,2026-09-15 20:00,Scheduled,Medium,Low,28.3,No Block (Dead End Line),"Civil Works Gang + Hydraulic Jacks, Spirit Level, Grout"
REQ-00194,TRD,OHE Inspection,Contact Wire Height & Stagger Deviation,AST-TRD-0457,Hyderabad-SEC-03,34.87,140,2026-10-09,01:00,0,Request for OHE Inspection due to Contact Wire Height & Stagger Deviation observed on OHE Component at Km 34.87.,2026-10-05 12:00,Under Coordination,High,Medium,44.8,Traffic-cum-Power Block (OHE Isolation),"Tower Wagon Inspection Crew + Tower Wagon (8-Wheeler), Height & Stagger Gauge"
REQ-00195,S&T,Telecom Equipment Maintenance,Optical Fibre Cable (OFC) Attenuation Surge,AST-S&T-0323,Hyderabad-SEC-06,43.87,186,2026-09-26,00:00,0,Request for Telecom Equipment Maintenance due to Optical Fibre Cable (OFC) Attenuation Surge observed on Interlocking at Km 43.87.,2026-09-22 18:00,Open,High,Medium,47.4,No Block (Cess/Trench Work),"Telecom OFC Splicing Gang + Optical Time Domain Reflectometer (OTDR), Fusion Splicer"
REQ-00196,TRD,OHE Inspection,Catenary Dropper Missing / Damaged,AST-TRD-0431,Secunderabad-SEC-05,47.21,67,2026-09-26,14:00,0,Request for OHE Inspection due to Catenary Dropper Missing / Damaged observed on Power Substation at Km 47.21.,2026-09-20 22:00,Scheduled,Medium,Medium,27.5,Power Block (OHE Isolation),"TRD Line Maintenance Gang + Ladder Trolley, Dropper Crimper, Current Shunt"
REQ-00197,S&T,Signal Maintenance,Data Logger Channel Telemetry Lockout,AST-S&T-0256,Secunderabad-SEC-05,7.74,70,2026-10-09,12:00,0,Request for Signal Maintenance due to Data Logger Channel Telemetry Lockout observed on Telecom Equipment at Km 7.74.,2026-10-05 18:00,Scheduled,High,Low,43.1,No Block (Relay Room),"S&T Electronic Tech + Data Logger Interface Card, Serial Probe"
REQ-00198,TRD,OHE Inspection,Neutral Section Transverse Slew Anomaly,AST-TRD-0581,Hyderabad-SEC-02,60.62,109,2026-09-16,02:00,0,Request for OHE Inspection due to Neutral Section Transverse Slew Anomaly observed on OHE at Km 60.62.,2026-09-12 19:00,Open,Critical,Critical,59.5,Traffic-cum-Power Block (OHE Isolation),"Tower Wagon Inspection Crew + Laser Alignment Tool, Cantilever Tensioner"
REQ-00199,Engineering,Track Inspection,Buffer Stop Foundation Settlement,AST-ENG-0017,Vijayawada-SEC-03,130.97,88,2026-10-05,23:00,0,Request for Track Inspection due to Buffer Stop Foundation Settlement observed on Rail at Km 130.97.,2026-09-28 19:00,Open,Medium,Low,31.4,No Block (Dead End Line),"Civil Works Gang + Hydraulic Jacks, Spirit Level, Grout"
REQ-00200,TRD,Contact Wire Replacement,Loop Line Contact Wire Heavy Carbonization,AST-TRD-0516,Hyderabad-SEC-06,45.23,221,2026-09-15,11:00,0,Request for Contact Wire Replacement due to Loop Line Contact Wire Heavy Carbonization observed on Power Substation at Km 45.23.,2026-09-10 20:00,Scheduled,High,Medium,36.0,Traffic-cum-Power Block,"Wiring Train Rake + OHE Wiring Train, Tension Winch"
REQ-00201,Engineering,Rail Replacement,Excessive Rail Wear Beyond Limit,AST-ENG-0122,Guntur-SEC-04,90.0,210,2026-09-15,12:00,0,Request for Rail Replacement due to Excessive Rail Wear Beyond Limit observed on Points & Crossing at Km 90.0.,2026-09-09 15:00,Open,High,High,31.7,Integrated Traffic-cum-Power Block,"Track Renewal Gang + Hydraulic Rail Tensor, Flash Butt Welder"
REQ-00202,S&T,Signal Inspection,Signal Cable Insulation Degradation,AST-S&T-0226,Guntakal-SEC-08,51.79,142,2026-09-08,23:00,0,Request for Signal Inspection due to Signal Cable Insulation Degradation observed on Track Circuit at Km 51.79.,2026-08-29 18:00,Completed,High,High,41.0,Shadow Block / Disconnection Notice,S&T Telecom / Cable Testing Gang + Megger 500V/1000V Insulation Tester
REQ-00203,S&T,Point Machine Maintenance,Crank Handle Interlock Microswitch Jam,AST-S&T-0397,Guntakal-SEC-06,27.83,52,2026-09-02,11:00,0,Request for Point Machine Maintenance due to Crank Handle Interlock Microswitch Jam observed on Telecom Equipment at Km 27.83.,2026-08-25 19:00,Open,High,High,47.2,Signalling Disconnection,"Signal Maintainer Squad + Microswitch Assembly, Keybox Contact Cleaner"
REQ-00204,TRD,Tower Wagon Inspection,Tunnel OHE Catenary Clearance Check,AST-TRD-0422,Vijayawada-SEC-05,108.87,223,2026-09-22,12:00,0,Request for Tower Wagon Inspection due to Tunnel OHE Catenary Clearance Check observed on Isolator at Km 108.87.,2026-09-12 18:00,Under Coordination,Critical,Critical,57.9,Traffic-cum-Power Block (OHE Isolation),"Tunnel TRD Inspection Team + Tunnel Scaffolding Rig, Insulation Tester"
REQ-00205,S&T,Signal Maintenance,Integrated Power Supply (IPS) Module Failure,AST-S&T-0322,Vijayawada-SEC-05,39.14,139,2026-09-16,12:00,1,[EMERGENCY FAST-TRACK] Immediate attention required: Integrated Power Supply (IPS) Module Failure at Km 39.14.,2026-09-08 17:00,Open,Critical,Critical,73.0,No Block (Station Relay Room Work),"Power Electronics Specialist + Spare IPS Converter Module, Digital Oscilloscope"
REQ-00206,TRD,OHE Component Replacement,Section Insulator Runner Wear,AST-TRD-0447,Vijayawada-SEC-07,20.28,156,2026-09-06,23:00,0,Request for OHE Component Replacement due to Section Insulator Runner Wear observed on Power Substation at Km 20.28.,2026-09-03 22:00,Open,High,High,36.7,Traffic-cum-Power Block (OHE Isolation),"TRD Specialist Gang + Section Insulator Overhaul Kit, Arc Chute"
REQ-00207,S&T,Signal Inspection,Signal Sighting Distance Obstruction,AST-S&T-0338,Hyderabad-SEC-04,35.43,79,2026-09-20,10:00,0,Request for Signal Inspection due to Signal Sighting Distance Obstruction observed on Point Machine at Km 35.43.,2026-09-13 19:00,Open,High,High,42.8,No Block (Track-side),"Signal Maintainer Gang + Tree Trimmer, Measuring Rangefinder"
REQ-00208,S&T,Axle Counter Maintenance,Axle Counter Evaluator Card Failure,AST-S&T-0254,Guntakal-SEC-08,124.64,86,2026-09-27,02:00,1,[EMERGENCY FAST-TRACK] Immediate attention required: Axle Counter Evaluator Card Failure at Km 124.64.,2026-09-24 13:00,Open,Critical,Critical,71.9,No Block (Station Relay Room),"Axle Counter Specialist Crew + Spare Evaluator Card, Diagnostic Laptop"
REQ-00209,Engineering,Sleeper Replacement,Turnout Concrete Sleeper Fracture,AST-ENG-0052,Vijayawada-SEC-07,24.4,257,2026-10-07,12:00,0,Request for Sleeper Replacement due to Turnout Concrete Sleeper Fracture observed on Track at Km 24.4.,2026-10-04 20:00,Open,Critical,Critical,47.7,Integrated Block (Traffic + S&T + OHE),"Special Turnout Gang + Heavy Sleeper Lifter, Tamping Unit"
REQ-00210,S&T,Signal Maintenance,Signal Post Corrosion & Alignment Tilt,AST-S&T-0333,Hyderabad-SEC-05,135.7,143,2026-09-24,11:00,0,Request for Signal Maintenance due to Signal Post Corrosion & Alignment Tilt observed on Signal at Km 135.7.,2026-09-16 18:00,Under Coordination,Medium,Low,21.5,Signalling Disconnection,"Signal Construction Gang + Plumb Line, Torque Wrench, Concrete Base Grout"
REQ-00211,S&T,Signal Inspection,Signal Cable Insulation Degradation,AST-S&T-0284,Vijayawada-SEC-05,138.06,105,2026-09-02,14:00,0,Request for Signal Inspection due to Signal Cable Insulation Degradation observed on Telecom Equipment at Km 138.06.,2026-08-26 23:00,Open,High,High,31.7,Shadow Block / Disconnection Notice,S&T Telecom / Cable Testing Gang + Megger 500V/1000V Insulation Tester
REQ-00212,TRD,OHE Component Replacement,Cantilever Bracket Assembly Misalignment,AST-TRD-0572,Guntakal-SEC-07,80.11,159,2026-09-01,11:00,0,Request for OHE Component Replacement due to Cantilever Bracket Assembly Misalignment observed on Power Substation at Km 80.11.,2026-08-30 20:00,Scheduled,High,Medium,38.3,Traffic-cum-Power Block,"TRD Line Maintenance Gang + Cantilever Adjuster, Mast Clamps, Spanners"
REQ-00213,S&T,Signal Inspection,Aspect Current Sensor Anomaly,AST-S&T-0279,Hyderabad-SEC-04,35.4,53,2026-10-06,00:00,0,Request for Signal Inspection due to Aspect Current Sensor Anomaly observed on Axle Counter at Km 35.4.,2026-10-01 16:00,Under Coordination,Low,Low,22.5,No Block,S&T Electronic Maintainer + Digital Multimeter & Telemetry Probe
REQ-00214,TRD,OHE Wire Maintenance,Bridging Jumper Burning / Degradation,AST-TRD-0528,Hyderabad-SEC-05,40.32,127,2026-09-24,00:00,0,Request for OHE Wire Maintenance due to Bridging Jumper Burning / Degradation observed on OHE Component at Km 40.32.,2026-09-16 22:00,Open,High,High,42.3,Traffic-cum-Power Block (OHE Isolation),"Tower Wagon Gang + PG Clamps, Flexible Copper Cable, Crimper"
REQ-00215,Engineering,Ballast Cleaning,Shoulder Ballast Contamination,AST-ENG-0016,Vijayawada-SEC-01,76.87,217,2026-09-25,00:00,0,Request for Ballast Cleaning due to Shoulder Ballast Contamination observed on Track at Km 76.87.,2026-09-21 14:00,Scheduled,Medium,Medium,26.5,Traffic Block,Shoulder Ballast Cleaning Crew + Shoulder Ballast Cleaner (FRM/SBCM)
REQ-00216,Engineering,Track Tamping,Turnout Packing & Lining Fault,AST-ENG-0106,Guntur-SEC-05,82.63,221,2026-10-02,10:00,0,Request for Track Tamping due to Turnout Packing & Lining Fault observed on Track at Km 82.63.,2026-09-29 17:00,Scheduled,High,High,46.2,Integrated Traffic + S&T Block,Unimat Turnout Tamper Crew + Unimat 08-475 4S Tamper
REQ-00217,S&T,Signal Inspection,Signal Cable Insulation Degradation,AST-S&T-0311,Guntakal-SEC-08,62.99,111,2026-10-01,10:00,0,Request for Signal Inspection due to Signal Cable Insulation Degradation observed on Signal at Km 62.99.,2026-09-21 16:00,Open,High,High,46.9,Shadow Block / Disconnection Notice,S&T Telecom / Cable Testing Gang + Megger 500V/1000V Insulation Tester
REQ-00218,Engineering,Track Inspection,Switch Expansion Joint (SEJ) Gap Abnormality,AST-ENG-0196,Vijayawada-SEC-07,55.39,99,2026-09-08,10:00,0,Request for Track Inspection due to Switch Expansion Joint (SEJ) Gap Abnormality observed on Track at Km 55.39.,2026-08-30 16:00,Completed,High,High,32.3,Traffic Block,"P-Way Section Gang + SEJ Gap Measurement Wedge, Torque Wrench"
REQ-00219,TRD,OHE Inspection,Contact Wire Height & Stagger Deviation,AST-TRD-0438,Hyderabad-SEC-04,27.18,126,2026-09-07,02:00,0,Request for OHE Inspection due to Contact Wire Height & Stagger Deviation observed on OHE Component at Km 27.18.,2026-08-31 18:00,Open,High,Medium,40.7,Traffic-cum-Power Block (OHE Isolation),"Tower Wagon Inspection Crew + Tower Wagon (8-Wheeler), Height & Stagger Gauge"
REQ-00220,Engineering,Sleeper Replacement,Perished Grooved Rubber Sole Plates (GRSP),AST-ENG-0164,Vijayawada-SEC-07,6.39,127,2026-09-01,00:00,0,Request for Sleeper Replacement due to Perished Grooved Rubber Sole Plates (GRSP) observed on Track at Km 6.39.,2026-08-27 19:00,Open,Low,Low,28.0,Shadow Block,"P-Way Gang + Track Jacks, ERC Extractors"
REQ-00221,S&T,Signal Maintenance,Electronic Interlocking (EI) VDU Communication Fault,AST-S&T-0337,Vijayawada-SEC-01,98.62,99,2026-09-20,14:00,0,Request for Signal Maintenance due to Electronic Interlocking (EI) VDU Communication Fault observed on Track Circuit at Km 98.62.,2026-09-14 19:00,Scheduled,Critical,Critical,49.3,No Block (Station Relay Room),"EI Specialist Engineer + Optic Converter, Network Analyzer, Standby VDU"
REQ-00222,TRD,Contact Wire Replacement,Severe Contact Wire Wear (< 74 sq mm),AST-TRD-0507,Hyderabad-SEC-07,20.82,311,2026-10-11,10:00,1,[EMERGENCY FAST-TRACK] Immediate attention required: Severe Contact Wire Wear (< 74 sq mm) at Km 20.82.,2026-10-02 22:00,Under Coordination,Critical,Critical,73.5,Integrated Traffic-cum-Power Block,"Wiring Train / Heavy Tower Wagon Rake + OHE Wiring Train, Tensioning Winch, Splice Machine"
REQ-00223,Engineering,Rail Grinding,Rail Surface Corrugation,AST-ENG-0179,Secunderabad-SEC-08,44.48,267,2026-09-08,12:00,0,Request for Rail Grinding due to Rail Surface Corrugation observed on Track at Km 44.48.,2026-09-04 17:00,Open,Medium,Low,24.8,Traffic Block,RGM Machine Crew + Rail Grinding Machine (RGM Rake 72-Stone)
REQ-00224,S&T,Signal Maintenance,Electronic Interlocking (EI) VDU Communication Fault,AST-S&T-0321,Guntakal-SEC-03,49.7,109,2026-09-29,02:00,1,[EMERGENCY FAST-TRACK] Immediate attention required: Electronic Interlocking (EI) VDU Communication Fault at Km 49.7.,2026-09-18 17:00,Scheduled,Critical,Critical,71.1,No Block (Station Relay Room),"EI Specialist Engineer + Optic Converter, Network Analyzer, Standby VDU"
REQ-00225,S&T,Signal Inspection,Shunt Signal Position Light Defect,AST-S&T-0252,Hyderabad-SEC-08,135.16,42,2026-09-08,14:00,0,Request for Signal Inspection due to Shunt Signal Position Light Defect observed on Axle Counter at Km 135.16.,2026-08-31 19:00,Open,Medium,Medium,34.3,No Block (Yard Shunting),"Signal Maintainer Squad + LED Strip, Angle Calibration Jig"
REQ-00226,S&T,Axle Counter Maintenance,Axle Counter Evaluator Card Failure,AST-S&T-0247,Guntur-SEC-08,89.25,94,2026-09-16,02:00,0,Request for Axle Counter Maintenance due to Axle Counter Evaluator Card Failure observed on Axle Counter at Km 89.25.,2026-09-11 23:00,Open,Critical,Critical,55.5,No Block (Station Relay Room),"Axle Counter Specialist Crew + Spare Evaluator Card, Diagnostic Laptop"
REQ-00227,Engineering,Points & Crossing Maintenance,Worn CMS Crossing Nose,AST-ENG-0007,Secunderabad-SEC-02,81.0,223,2026-09-02,14:00,0,Request for Points & Crossing Maintenance due to Worn CMS Crossing Nose observed on Sleeper at Km 81.0.,2026-08-26 23:00,Under Coordination,High,High,49.0,Traffic Block,Hardfacing Welding Crew + Translamatic Robotic Welder / Special Electrodes
REQ-00228,Engineering,Track Tamping,Post-Renewal Track Stabilization,AST-ENG-0072,Hyderabad-SEC-05,9.49,193,2026-09-05,10:00,0,Request for Track Tamping due to Post-Renewal Track Stabilization observed on Ballast at Km 9.49.,2026-08-27 16:00,Scheduled,Medium,Low,35.8,Traffic Block,Dynamic Track Stabilizer Crew + Dynamic Track Stabilizer (DGS)
REQ-00229,TRD,Tower Wagon Inspection,Tunnel OHE Catenary Clearance Check,AST-TRD-0565,Secunderabad-SEC-07,95.28,182,2026-09-01,14:00,0,Request for Tower Wagon Inspection due to Tunnel OHE Catenary Clearance Check observed on OHE at Km 95.28.,2026-08-22 19:00,Open,Critical,Critical,46.8,Traffic-cum-Power Block (OHE Isolation),"Tunnel TRD Inspection Team + Tunnel Scaffolding Rig, Insulation Tester"
REQ-00230,TRD,OHE Wire Maintenance,Cross Feeder Wire Vibration Fatigue,AST-TRD-0600,Secunderabad-SEC-02,73.74,89,2026-09-17,00:00,0,Request for OHE Wire Maintenance due to Cross Feeder Wire Vibration Fatigue observed on OHE Component at Km 73.74.,2026-09-12 17:00,Under Coordination,Medium,Medium,30.6,Power Block,"TRD Line Maintenance Gang + Vibration Dampers, Feeder Tensioner"
REQ-00231,S&T,Signal Maintenance,Signal Post Corrosion & Alignment Tilt,AST-S&T-0291,Guntur-SEC-05,16.85,178,2026-09-02,23:00,0,Request for Signal Maintenance due to Signal Post Corrosion & Alignment Tilt observed on Interlocking at Km 16.85.,2026-08-29 19:00,Scheduled,Medium,Low,34.1,Signalling Disconnection,"Signal Construction Gang + Plumb Line, Torque Wrench, Concrete Base Grout"
REQ-00232,TRD,OHE Inspection,Thermal Hotspot in Isolator / Jumper,AST-TRD-0494,Guntakal-SEC-08,26.39,101,2026-09-03,11:00,0,Request for OHE Inspection due to Thermal Hotspot in Isolator / Jumper observed on Isolator at Km 26.39.,2026-09-01 20:00,Open,High,High,40.3,Power Block (OHE Isolation),"TRD Thermo-vision Team + Thermal Imager Camera, Torque Spanner"
REQ-00233,TRD,OHE Wire Maintenance,Contact Wire Kink / Mechanical Damage,AST-TRD-0465,Vijayawada-SEC-07,43.99,169,2026-09-11,00:00,1,[EMERGENCY FAST-TRACK] Immediate attention required: Contact Wire Kink / Mechanical Damage at Km 43.99.,2026-09-02 22:00,Completed,Critical,Critical,80.8,Traffic-cum-Power Block (OHE Isolation),"Tower Wagon Gang + Wire Straightener, Hydraulic Puller, Come-Along Clamps"
REQ-00234,S&T,Signal Maintenance,Signalling Relay Contact Oxidation (Q-Series),AST-S&T-0208,Vijayawada-SEC-06,120.38,65,2026-09-10,14:00,0,Request for Signal Maintenance due to Signalling Relay Contact Oxidation (Q-Series) observed on Track Circuit at Km 120.38.,2026-09-01 22:00,Open,High,High,44.4,Signalling Disconnection,"Relay Testing Team + Micro-ohmmeter, Spare QN1 Relay, Anti-static Mat"
REQ-00235,TRD,OHE Wire Maintenance,Catenary Wire Strand Broken,AST-TRD-0439,Secunderabad-SEC-03,6.02,219,2026-09-26,00:00,1,[EMERGENCY FAST-TRACK] Immediate attention required: Catenary Wire Strand Broken at Km 6.02.,2026-09-17 19:00,Completed,Critical,Critical,72.3,Traffic-cum-Power Block (OHE Isolation),"TRD Heavy Maintenance Gang + Splice Casing, Hydraulic Crimper, Tension Rig"
REQ-00236,Engineering,Track Tamping,Post-Renewal Track Stabilization,AST-ENG-0178,Guntakal-SEC-08,7.14,212,2026-09-14,11:00,0,Request for Track Tamping due to Post-Renewal Track Stabilization observed on Track at Km 7.14.,2026-09-05 21:00,Open,Medium,Low,25.2,Traffic Block,Dynamic Track Stabilizer Crew + Dynamic Track Stabilizer (DGS)
REQ-00237,TRD,OHE Component Replacement,Traction Substation 25kV Vacuum Circuit Breaker (VCB) Fault,AST-TRD-0446,Vijayawada-SEC-05,40.86,217,2026-09-11,14:00,0,Request for OHE Component Replacement due to Traction Substation 25kV Vacuum Circuit Breaker (VCB) Fault observed on OHE Component at Km 40.86.,2026-08-31 14:00,Open,Critical,Critical,55.4,Power Block (Substation Isolation),"TSS Specialist Team + Contact Resistance Meter, Spare 25kV VCB, High Voltage Probe"
REQ-00238,TRD,Tower Wagon Inspection,Level Crossing Gate OHE Anti-Collision Guard Wire Sag,AST-TRD-0494,Guntakal-SEC-08,26.39,83,2026-09-30,10:00,0,Request for Tower Wagon Inspection due to Level Crossing Gate OHE Anti-Collision Guard Wire Sag observed on Isolator at Km 26.39.,2026-09-26 18:00,Scheduled,High,High,40.3,Traffic-cum-Power Block,"Tower Wagon Crew + Tensioning Rig, Clamp Wrenches"
REQ-00239,Engineering,Ballast Cleaning,Level Crossing Ballast Deep Screening,AST-ENG-0167,Secunderabad-SEC-01,44.0,349,2026-09-26,14:00,0,Request for Ballast Cleaning due to Level Crossing Ballast Deep Screening observed on Track at Km 44.0.,2026-09-20 18:00,Completed,Critical,Critical,58.8,Integrated Traffic + Road Traffic Block,"LC Maintenance Squad + Excavator, Road Breaker, Ballast Tamper"
REQ-00240,Engineering,Rail Grinding,Gauge Corner Micro-Spalling on High Rail,AST-ENG-0099,Guntur-SEC-06,13.85,297,2026-09-29,23:00,0,Request for Rail Grinding due to Gauge Corner Micro-Spalling on High Rail observed on Points & Crossing at Km 13.85.,2026-09-25 20:00,Open,High,High,42.9,Traffic Block,RGM Crew + RGM 72-Stone Machine
REQ-00241,TRD,OHE Inspection,Thermal Hotspot in Isolator / Jumper,AST-TRD-0421,Secunderabad-SEC-01,130.68,82,2026-10-10,01:00,0,Request for OHE Inspection due to Thermal Hotspot in Isolator / Jumper observed on OHE at Km 130.68.,2026-10-01 21:00,Under Coordination,High,High,49.0,Power Block (OHE Isolation),"TRD Thermo-vision Team + Thermal Imager Camera, Torque Spanner"
REQ-00242,S&T,Signal Maintenance,Integrated Power Supply (IPS) Module Failure,AST-S&T-0391,Guntakal-SEC-02,36.11,144,2026-09-02,02:00,0,Request for Signal Maintenance due to Integrated Power Supply (IPS) Module Failure observed on Track Circuit at Km 36.11.,2026-08-26 23:00,Scheduled,Critical,Critical,55.5,No Block (Station Relay Room Work),"Power Electronics Specialist + Spare IPS Converter Module, Digital Oscilloscope"
REQ-00243,Engineering,Rail Grinding,Gauge Corner Micro-Spalling on High Rail,AST-ENG-0141,Vijayawada-SEC-01,24.74,248,2026-09-13,01:00,0,Request for Rail Grinding due to Gauge Corner Micro-Spalling on High Rail observed on Sleeper at Km 24.74.,2026-09-04 12:00,Open,High,High,34.8,Traffic Block,RGM Crew + RGM 72-Stone Machine
REQ-00244,S&T,Axle Counter Maintenance,Track Device (Sensor) Misalignment,AST-S&T-0241,Guntakal-SEC-01,109.04,53,2026-09-17,14:00,0,Request for Axle Counter Maintenance due to Track Device (Sensor) Misalignment observed on Interlocking at Km 109.04.,2026-09-09 19:00,Scheduled,High,High,37.7,Signalling Disconnection,"Signal Maintainer Squad + Torque Wrench (45 Nm), Non-magnetic Gap Gauge"
REQ-00245,S&T,Track Circuit Maintenance,Ballast Resistance Leakage (Low Ballast Resistance),AST-S&T-0241,Guntakal-SEC-01,109.04,92,2026-09-21,23:00,0,Request for Track Circuit Maintenance due to Ballast Resistance Leakage (Low Ballast Resistance) observed on Interlocking at Km 109.04.,2026-09-19 15:00,Scheduled,High,High,37.7,Signalling Disconnection,"Track Circuit Maintenance Gang + Variable Feed Resistance Box, Shunt Tester"
REQ-00246,S&T,Signal Maintenance,Signal Post Corrosion & Alignment Tilt,AST-S&T-0237,Hyderabad-SEC-08,112.73,174,2026-09-12,10:00,0,Request for Signal Maintenance due to Signal Post Corrosion & Alignment Tilt observed on Axle Counter at Km 112.73.,2026-09-09 20:00,Open,Medium,Low,26.5,Signalling Disconnection,"Signal Construction Gang + Plumb Line, Torque Wrench, Concrete Base Grout"
REQ-00247,Engineering,Track Inspection,Ballast Deficiency / Shoulder Loss,AST-ENG-0194,Vijayawada-SEC-02,36.58,174,2026-09-25,00:00,0,Request for Track Inspection due to Ballast Deficiency / Shoulder Loss observed on Track at Km 36.58.,2026-09-19 21:00,Open,Low,Low,23.8,Shadow Block / Planned Window,P-Way Maintenance Team + Ballast Hopper & Measuring Scale
REQ-00248,S&T,Signal Inspection,Route Indicator Lamp Burnout,AST-S&T-0233,Guntakal-SEC-05,59.83,52,2026-09-21,01:00,0,Request for Signal Inspection due to Route Indicator Lamp Burnout observed on Point Machine at Km 59.83.,2026-09-10 20:00,Completed,High,High,49.0,Signalling Disconnection,"Signal Maintainer Squad + Spare LED Route Unit, Multimeter"
REQ-00249,S&T,Signal Inspection,Signal Sighting Distance Obstruction,AST-S&T-0399,Vijayawada-SEC-01,24.29,96,2026-10-03,11:00,0,Request for Signal Inspection due to Signal Sighting Distance Obstruction observed on Interlocking at Km 24.29.,2026-09-22 23:00,Open,High,High,38.9,No Block (Track-side),"Signal Maintainer Gang + Tree Trimmer, Measuring Rangefinder"
REQ-00250,TRD,Contact Wire Replacement,Severe Contact Wire Wear (< 74 sq mm),AST-TRD-0485,Guntur-SEC-03,98.34,353,2026-09-10,11:00,0,Request for Contact Wire Replacement due to Severe Contact Wire Wear (< 74 sq mm) observed on OHE at Km 98.34.,2026-09-08 23:00,Scheduled,Critical,Critical,48.8,Integrated Traffic-cum-Power Block,"Wiring Train / Heavy Tower Wagon Rake + OHE Wiring Train, Tensioning Winch, Splice Machine"
REQ-00251,TRD,OHE Component Replacement,Insulator Flashover / Broken Porcelain Disc,AST-TRD-0574,Vijayawada-SEC-03,115.06,138,2026-09-21,02:00,0,Request for OHE Component Replacement due to Insulator Flashover / Broken Porcelain Disc observed on OHE at Km 115.06.,2026-09-10 13:00,Open,Critical,Critical,44.6,Traffic-cum-Power Block (OHE Isolation),"Tower Wagon Crew + Polymer / Composite 25kV Insulator, Torque Wrenches"
REQ-00252,Engineering,Points & Crossing Maintenance,Loose Stretcher Bar Bolts,AST-ENG-0135,Hyderabad-SEC-04,95.02,63,2026-09-30,11:00,1,[EMERGENCY FAST-TRACK] Immediate attention required: Loose Stretcher Bar Bolts at Km 95.02.,2026-09-20 18:00,Under Coordination,Critical,Critical,79.1,Traffic Block (Caution Order),"Joint Turnout Squad + Torque Wrench, Split Pins, Stretcher Shims"
REQ-00253,S&T,Signal Maintenance,Signal Blank / Lamp Failure,AST-S&T-0351,Guntakal-SEC-08,47.89,79,2026-09-18,12:00,0,Request for Signal Maintenance due to Signal Blank / Lamp Failure observed on Point Machine at Km 47.89.,2026-09-16 18:00,Open,Critical,Critical,43.2,Signalling Disconnection & S&T Block,"Emergency Signal Gang + LED Signal Unit, Current Transformer, Step-down Transformer"
REQ-00254,Engineering,Sleeper Replacement,Points & Crossing Special Turnout Sleeper Shift,AST-ENG-0085,Hyderabad-SEC-03,4.05,173,2026-09-07,23:00,0,Request for Sleeper Replacement due to Points & Crossing Special Turnout Sleeper Shift observed on Points & Crossing at Km 4.05.,2026-09-02 17:00,Open,High,High,44.1,Integrated S&T + Traffic Block,"Turnout Gang + Sleeper Puller, Heavy Jacks"
REQ-00255,TRD,OHE Wire Maintenance,Contact Wire Splice Sleeve Deformation,AST-TRD-0484,Hyderabad-SEC-04,60.67,127,2026-09-20,00:00,0,Request for OHE Wire Maintenance due to Contact Wire Splice Sleeve Deformation observed on OHE at Km 60.67.,2026-09-13 13:00,Open,Critical,Critical,47.7,Traffic-cum-Power Block (OHE Isolation),"Tower Wagon Squad + Hydraulic Crimper, Splice Bridge Jig"
REQ-00256,S&T,Axle Counter Maintenance,Track Device (Sensor) Misalignment,AST-S&T-0396,Secunderabad-SEC-07,20.61,53,2026-09-08,02:00,0,Request for Axle Counter Maintenance due to Track Device (Sensor) Misalignment observed on Track Circuit at Km 20.61.,2026-09-02 20:00,Completed,High,High,40.3,Signalling Disconnection,"Signal Maintainer Squad + Torque Wrench (45 Nm), Non-magnetic Gap Gauge"
REQ-00257,S&T,Signal Inspection,LED Signal Aspect Intensity Drop,AST-S&T-0226,Guntakal-SEC-08,51.79,54,2026-09-15,12:00,0,Request for Signal Inspection due to LED Signal Aspect Intensity Drop observed on Track Circuit at Km 51.79.,2026-09-12 21:00,Open,Medium,Medium,31.0,No Block (Shadow Maintenance),"Signal Maintainer Squad + Lux Meter, Current/Voltage Multimeter"
REQ-00258,S&T,Signal Inspection,Signal Sighting Distance Obstruction,AST-S&T-0255,Hyderabad-SEC-08,137.67,89,2026-10-09,10:00,0,Request for Signal Inspection due to Signal Sighting Distance Obstruction observed on Track Circuit at Km 137.67.,2026-09-29 23:00,Open,High,High,38.4,No Block (Track-side),"Signal Maintainer Gang + Tree Trimmer, Measuring Rangefinder"
REQ-00259,Engineering,Ballast Cleaning,Cess / Drainage Deepening,AST-ENG-0197,Secunderabad-SEC-01,80.35,268,2026-09-14,12:00,0,Request for Ballast Cleaning due to Cess / Drainage Deepening observed on Track at Km 80.35.,2026-09-05 19:00,Scheduled,Low,Low,24.2,No Block (Cess Work),"Cess Maintenance Gang + Mini Backhoe Loader, Cess Regulators"
REQ-00260,S&T,Signal Maintenance,Electronic Interlocking (EI) VDU Communication Fault,AST-S&T-0258,Guntakal-SEC-04,115.49,101,2026-09-26,02:00,0,Request for Signal Maintenance due to Electronic Interlocking (EI) VDU Communication Fault observed on Track Circuit at Km 115.49.,2026-09-18 12:00,Under Coordination,Critical,Critical,54.6,No Block (Station Relay Room),"EI Specialist Engineer + Optic Converter, Network Analyzer, Standby VDU"
REQ-00261,TRD,OHE Component Replacement,Insulator Flashover / Broken Porcelain Disc,AST-TRD-0551,Guntakal-SEC-03,94.79,109,2026-09-25,23:00,0,Request for OHE Component Replacement due to Insulator Flashover / Broken Porcelain Disc observed on OHE Component at Km 94.79.,2026-09-16 23:00,Open,Critical,Critical,60.1,Traffic-cum-Power Block (OHE Isolation),"Tower Wagon Crew + Polymer / Composite 25kV Insulator, Torque Wrenches"
REQ-00262,Engineering,Sleeper Replacement,Broken PSC Sleeper,AST-ENG-0191,Guntur-SEC-02,103.5,163,2026-09-24,23:00,0,Request for Sleeper Replacement due to Broken PSC Sleeper observed on Track at Km 103.5.,2026-09-15 19:00,Open,High,High,40.6,Traffic Block,"P-Way Heavy Gang + Sleeper Exchanger, Hydraulic Jacks, Track Jacks"
REQ-00263,Engineering,Track Inspection,Switch Expansion Joint (SEJ) Gap Abnormality,AST-ENG-0166,Vijayawada-SEC-04,4.95,101,2026-09-02,00:00,0,Request for Track Inspection due to Switch Expansion Joint (SEJ) Gap Abnormality observed on Rail at Km 4.95.,2026-08-22 16:00,Open,High,High,46.6,Traffic Block,"P-Way Section Gang + SEJ Gap Measurement Wedge, Torque Wrench"
REQ-00264,Engineering,Ballast Cleaning,Shoulder Ballast Contamination,AST-ENG-0103,Hyderabad-SEC-05,25.97,251,2026-10-06,11:00,0,Request for Ballast Cleaning due to Shoulder Ballast Contamination observed on Ballast at Km 25.97.,2026-09-25 18:00,Scheduled,Medium,Medium,25.8,Traffic Block,Shoulder Ballast Cleaning Crew + Shoulder Ballast Cleaner (FRM/SBCM)
REQ-00265,S&T,Signal Inspection,Signal Cable Insulation Degradation,AST-S&T-0332,Guntakal-SEC-03,79.37,125,2026-09-11,11:00,0,Request for Signal Inspection due to Signal Cable Insulation Degradation observed on Signal at Km 79.37.,2026-09-06 21:00,Completed,High,High,42.8,Shadow Block / Disconnection Notice,S&T Telecom / Cable Testing Gang + Megger 500V/1000V Insulation Tester
REQ-00266,Engineering,Track Inspection,Bridge Guard Rail Misalignment,AST-ENG-0098,Vijayawada-SEC-04,24.85,116,2026-09-12,12:00,0,Request for Track Inspection due to Bridge Guard Rail Misalignment observed on Sleeper at Km 24.85.,2026-09-08 16:00,Open,High,High,37.7,Traffic Block,"Bridge Inspection Gang + Spike Puller, Torque Wrenches, Measuring Rod"
REQ-00267,S&T,Telecom Equipment Maintenance,Yard CCTV Surveillance Node Offline,AST-S&T-0391,Guntakal-SEC-02,36.11,53,2026-09-07,01:00,0,Request for Telecom Equipment Maintenance due to Yard CCTV Surveillance Node Offline observed on Track Circuit at Km 36.11.,2026-08-31 12:00,Completed,Low,Low,25.4,No Block (Mast Mounted),"Telecom Video Network Tech + Media Converter, RJ45 Tester, Power Supply"
REQ-00268,TRD,OHE Wire Maintenance,Contact Wire Splice Sleeve Deformation,AST-TRD-0504,Hyderabad-SEC-08,40.71,131,2026-10-10,11:00,0,Request for OHE Wire Maintenance due to Contact Wire Splice Sleeve Deformation observed on Power Substation at Km 40.71.,2026-10-02 15:00,Open,Critical,Critical,59.2,Traffic-cum-Power Block (OHE Isolation),"Tower Wagon Squad + Hydraulic Crimper, Splice Bridge Jig"
REQ-00269,TRD,OHE Wire Maintenance,Cross Feeder Wire Vibration Fatigue,AST-TRD-0498,Guntur-SEC-07,128.29,99,2026-09-16,11:00,0,Request for OHE Wire Maintenance due to Cross Feeder Wire Vibration Fatigue observed on Power Substation at Km 128.29.,2026-09-09 12:00,Completed,Medium,Medium,24.6,Power Block,"TRD Line Maintenance Gang + Vibration Dampers, Feeder Tensioner"
REQ-00270,Engineering,Ballast Cleaning,Level Crossing Ballast Deep Screening,AST-ENG-0136,Guntur-SEC-02,100.51,409,2026-10-06,01:00,0,Request for Ballast Cleaning due to Level Crossing Ballast Deep Screening observed on Track at Km 100.51.,2026-10-03 20:00,Completed,Critical,Critical,51.7,Integrated Traffic + Road Traffic Block,"LC Maintenance Squad + Excavator, Road Breaker, Ballast Tamper"
REQ-00271,TRD,OHE Wire Maintenance,Bridging Jumper Burning / Degradation,AST-TRD-0535,Secunderabad-SEC-02,125.64,136,2026-09-04,01:00,0,Request for OHE Wire Maintenance due to Bridging Jumper Burning / Degradation observed on OHE at Km 125.64.,2026-08-26 22:00,Open,High,High,46.5,Traffic-cum-Power Block (OHE Isolation),"Tower Wagon Gang + PG Clamps, Flexible Copper Cable, Crimper"
REQ-00272,S&T,Signal Inspection,Calling-on Signal Aspect Failure,AST-S&T-0341,Secunderabad-SEC-03,27.14,51,2026-09-24,11:00,0,Request for Signal Inspection due to Calling-on Signal Aspect Failure observed on Track Circuit at Km 27.14.,2026-09-19 14:00,Open,High,Medium,31.9,Signalling Disconnection,"Signal Maintainer Squad + LED C-Unit, Step-down Transformer"
REQ-00273,S&T,Telecom Equipment Maintenance,Passenger Information System (PIS) Display Node Link Drop,AST-S&T-0392,Hyderabad-SEC-02,12.83,59,2026-09-28,23:00,0,Request for Telecom Equipment Maintenance due to Passenger Information System (PIS) Display Node Link Drop observed on Point Machine at Km 12.83.,2026-09-26 12:00,Scheduled,Low,Low,21.4,No Block (Platform Work),"Telecom Network Tech + RS485 Hub, Ethernet Switch, Multimeter"
REQ-00274,Engineering,Track Inspection,Diamond Crossing Flange Wear,AST-ENG-0186,Secunderabad-SEC-08,24.5,121,2026-10-07,11:00,0,Request for Track Inspection due to Diamond Crossing Flange Wear observed on Points & Crossing at Km 24.5.,2026-10-03 21:00,Open,High,High,42.6,Traffic Block,"P-Way Section Gang + Feeler Gauge, Rail Caliper, Optical Sighting Bar"
REQ-00275,Engineering,Track Inspection,Switch Expansion Joint (SEJ) Gap Abnormality,AST-ENG-0171,Vijayawada-SEC-01,138.6,102,2026-09-12,02:00,0,Request for Track Inspection due to Switch Expansion Joint (SEJ) Gap Abnormality observed on Ballast at Km 138.6.,2026-09-05 13:00,Scheduled,High,High,42.9,Traffic Block,"P-Way Section Gang + SEJ Gap Measurement Wedge, Torque Wrench"
REQ-00276,S&T,Telecom Equipment Maintenance,Yard CCTV Surveillance Node Offline,AST-S&T-0259,Hyderabad-SEC-02,75.54,65,2026-09-26,23:00,0,Request for Telecom Equipment Maintenance due to Yard CCTV Surveillance Node Offline observed on Point Machine at Km 75.54.,2026-09-23 21:00,Open,Low,Low,28.9,No Block (Mast Mounted),"Telecom Video Network Tech + Media Converter, RJ45 Tester, Power Supply"
REQ-00277,TRD,OHE Inspection,Catenary Dropper Missing / Damaged,AST-TRD-0514,Guntur-SEC-05,54.12,51,2026-09-27,12:00,0,Request for OHE Inspection due to Catenary Dropper Missing / Damaged observed on OHE Component at Km 54.12.,2026-09-19 16:00,Under Coordination,Medium,Medium,26.2,Power Block (OHE Isolation),"TRD Line Maintenance Gang + Ladder Trolley, Dropper Crimper, Current Shunt"
REQ-00278,S&T,Track Circuit Maintenance,Track Lead Cable Sheath Damage,AST-S&T-0355,Vijayawada-SEC-06,97.9,69,2026-09-16,23:00,0,Request for Track Circuit Maintenance due to Track Lead Cable Sheath Damage observed on Telecom Equipment at Km 97.9.,2026-09-11 15:00,Completed,High,High,33.9,Shadow Block,"Signal Maintainer Gang + Armoured 2-Core Cable, Heat Shrink Sleeve"
REQ-00279,S&T,Signal Maintenance,Signalling Relay Contact Oxidation (Q-Series),AST-S&T-0361,Secunderabad-SEC-08,65.59,68,2026-09-07,11:00,0,Request for Signal Maintenance due to Signalling Relay Contact Oxidation (Q-Series) observed on Telecom Equipment at Km 65.59.,2026-09-03 16:00,Scheduled,High,High,39.5,Signalling Disconnection,"Relay Testing Team + Micro-ohmmeter, Spare QN1 Relay, Anti-static Mat"
REQ-00280,Engineering,Sleeper Replacement,Points & Crossing Special Turnout Sleeper Shift,AST-ENG-0034,Guntakal-SEC-05,82.4,153,2026-09-16,23:00,0,Request for Sleeper Replacement due to Points & Crossing Special Turnout Sleeper Shift observed on Track at Km 82.4.,2026-09-14 17:00,Scheduled,High,High,36.8,Integrated S&T + Traffic Block,"Turnout Gang + Sleeper Puller, Heavy Jacks"
REQ-00281,S&T,Point Machine Maintenance,Point Machine Out of Adjustment / Flashover,AST-S&T-0216,Guntakal-SEC-06,103.77,98,2026-10-11,10:00,0,Request for Point Machine Maintenance due to Point Machine Out of Adjustment / Flashover observed on Signal at Km 103.77.,2026-10-01 14:00,Completed,Critical,Critical,57.5,Signalling Disconnection & S&T Block,"Point Specialist Crew + Point Gauge (5mm test piece), Motor Amp Meter"
REQ-00282,S&T,Signal Inspection,Route Indicator Lamp Burnout,AST-S&T-0337,Vijayawada-SEC-01,98.62,64,2026-09-24,10:00,0,Request for Signal Inspection due to Route Indicator Lamp Burnout observed on Track Circuit at Km 98.62.,2026-09-18 19:00,Under Coordination,High,High,37.3,Signalling Disconnection,"Signal Maintainer Squad + Spare LED Route Unit, Multimeter"
REQ-00283,Engineering,Sleeper Replacement,Damaged Elastic Rail Clips (ERC),AST-ENG-0186,Secunderabad-SEC-08,24.5,79,2026-09-26,23:00,0,Request for Sleeper Replacement due to Damaged Elastic Rail Clips (ERC) observed on Points & Crossing at Km 24.5.,2026-09-16 16:00,Completed,Medium,Medium,32.6,Caution Order Window,"P-Way Section Gang + ERC Extractor, Torque Spanners"
REQ-00284,S&T,Point Machine Maintenance,Lock Slide Notch Wear & Burr,AST-S&T-0399,Vijayawada-SEC-01,24.29,93,2026-10-02,00:00,1,[EMERGENCY FAST-TRACK] Immediate attention required: Lock Slide Notch Wear & Burr at Km 24.29.,2026-09-25 23:00,Open,Critical,Critical,75.9,Signalling Disconnection & S&T Block,"Point Specialist Crew + Lock Slide Replacement Kit, Feeler Gauge"
REQ-00285,Engineering,Track Tamping,Track Alignment & Level Deviation,AST-ENG-0061,Vijayawada-SEC-05,75.92,237,2026-10-06,01:00,0,Request for Track Tamping due to Track Alignment & Level Deviation observed on Track at Km 75.92.,2026-09-25 20:00,Open,High,Medium,49.0,Traffic Block,Tamping Machine Crew + CSM 09-32 / Duomatic Heavy Tamper
REQ-00286,Engineering,Points & Crossing Maintenance,Worn Switch Rail / Tongue Rail Chipped,AST-ENG-0159,Hyderabad-SEC-02,121.32,159,2026-09-10,11:00,1,[EMERGENCY FAST-TRACK] Immediate attention required: Worn Switch Rail / Tongue Rail Chipped at Km 121.32.,2026-09-05 12:00,Scheduled,Critical,Critical,80.9,Integrated S&T + Traffic Block,"Turnout Specialist Gang + Hydraulic Switch Rail Bender, Portable Arc Welder"
REQ-00287,TRD,Contact Wire Replacement,Loop Line Contact Wire Heavy Carbonization,AST-TRD-0520,Vijayawada-SEC-03,126.59,269,2026-09-10,02:00,0,Request for Contact Wire Replacement due to Loop Line Contact Wire Heavy Carbonization observed on OHE at Km 126.59.,2026-09-01 23:00,Open,High,Medium,46.7,Traffic-cum-Power Block,"Wiring Train Rake + OHE Wiring Train, Tension Winch"
REQ-00288,S&T,Point Machine Maintenance,Crank Handle Interlock Microswitch Jam,AST-S&T-0394,Vijayawada-SEC-03,28.29,38,2026-10-03,01:00,0,Request for Point Machine Maintenance due to Crank Handle Interlock Microswitch Jam observed on Telecom Equipment at Km 28.29.,2026-10-01 22:00,Completed,High,High,40.9,Signalling Disconnection,"Signal Maintainer Squad + Microswitch Assembly, Keybox Contact Cleaner"
REQ-00289,TRD,OHE Component Replacement,Traction Substation 25kV Vacuum Circuit Breaker (VCB) Fault,AST-TRD-0480,Guntakal-SEC-07,64.62,195,2026-09-08,14:00,0,Request for OHE Component Replacement due to Traction Substation 25kV Vacuum Circuit Breaker (VCB) Fault observed on Isolator at Km 64.62.,2026-09-05 21:00,Scheduled,Critical,Critical,42.9,Power Block (Substation Isolation),"TSS Specialist Team + Contact Resistance Meter, Spare 25kV VCB, High Voltage Probe"
REQ-00290,S&T,Signal Inspection,Signal Sighting Distance Obstruction,AST-S&T-0205,Hyderabad-SEC-08,73.47,84,2026-09-16,12:00,0,Request for Signal Inspection due to Signal Sighting Distance Obstruction observed on Track Circuit at Km 73.47.,2026-09-08 16:00,Completed,High,High,41.9,No Block (Track-side),"Signal Maintainer Gang + Tree Trimmer, Measuring Rangefinder"
REQ-00291,Engineering,Rail Grinding,Turnout Switch & Stock Rail Profile Restoration,AST-ENG-0050,Secunderabad-SEC-05,53.99,177,2026-09-15,14:00,0,Request for Rail Grinding due to Turnout Switch & Stock Rail Profile Restoration observed on Rail at Km 53.99.,2026-09-08 21:00,Scheduled,High,Medium,41.1,Integrated S&T + Traffic Block,Turnout Grinder Team + Switch Rail Grinder Machine
REQ-00292,TRD,Contact Wire Replacement,Turnout Overlap Wire Renewal,AST-TRD-0563,Secunderabad-SEC-05,101.61,219,2026-09-14,11:00,0,Request for Contact Wire Replacement due to Turnout Overlap Wire Renewal observed on Isolator at Km 101.61.,2026-09-08 18:00,Scheduled,High,High,36.7,Integrated Traffic-cum-Power Block,"Tower Wagon Special Squad + Wire Tensioner, Turnout Overlap Rig"
REQ-00293,TRD,OHE Inspection,Thermal Hotspot in Isolator / Jumper,AST-TRD-0572,Guntakal-SEC-07,80.11,80,2026-09-12,10:00,0,Request for OHE Inspection due to Thermal Hotspot in Isolator / Jumper observed on Power Substation at Km 80.11.,2026-09-10 20:00,Open,High,High,38.3,Power Block (OHE Isolation),"TRD Thermo-vision Team + Thermal Imager Camera, Torque Spanner"
REQ-00294,TRD,Contact Wire Replacement,Severe Contact Wire Wear (< 74 sq mm),AST-TRD-0541,Secunderabad-SEC-07,28.29,265,2026-09-24,14:00,0,Request for Contact Wire Replacement due to Severe Contact Wire Wear (< 74 sq mm) observed on OHE Component at Km 28.29.,2026-09-16 22:00,Completed,Critical,Critical,48.1,Integrated Traffic-cum-Power Block,"Wiring Train / Heavy Tower Wagon Rake + OHE Wiring Train, Tensioning Winch, Splice Machine"
REQ-00295,Engineering,Ballast Cleaning,Cess / Drainage Deepening,AST-ENG-0118,Guntakal-SEC-05,44.17,285,2026-09-06,14:00,0,Request for Ballast Cleaning due to Cess / Drainage Deepening observed on Track at Km 44.17.,2026-09-01 19:00,Under Coordination,Low,Low,27.0,No Block (Cess Work),"Cess Maintenance Gang + Mini Backhoe Loader, Cess Regulators"
REQ-00296,TRD,Tower Wagon Inspection,Neutral Section (PTFE Type) Inspection,AST-TRD-0470,Guntur-SEC-01,75.6,140,2026-09-08,14:00,0,Request for Tower Wagon Inspection due to Neutral Section (PTFE Type) Inspection observed on OHE Component at Km 75.6.,2026-09-05 16:00,Scheduled,High,High,40.0,Traffic-cum-Power Block (OHE Isolation),"TRD Specialist Gang + Neutral Section Gauge, Arc Trap Kit"
REQ-00297,TRD,Contact Wire Replacement,Contact Wire Parting / Snap Incident,AST-TRD-0437,Vijayawada-SEC-03,128.39,226,2026-10-11,10:00,0,Request for Contact Wire Replacement due to Contact Wire Parting / Snap Incident observed on Power Substation at Km 128.39.,2026-10-03 14:00,Scheduled,Critical,Critical,47.4,Emergency Traffic-cum-Power Block,"Emergency Breakdown Crew + Tower Wagon, Emergency Splice Sleeves, Tirfor Winch"
REQ-00298,TRD,Tower Wagon Inspection,Tunnel OHE Catenary Clearance Check,AST-TRD-0489,Guntur-SEC-01,70.74,217,2026-09-12,23:00,1,[EMERGENCY FAST-TRACK] Immediate attention required: Tunnel OHE Catenary Clearance Check at Km 70.74.,2026-09-06 22:00,Completed,Critical,Critical,67.9,Traffic-cum-Power Block (OHE Isolation),"Tunnel TRD Inspection Team + Tunnel Scaffolding Rig, Insulation Tester"
REQ-00299,Engineering,Track Inspection,Bridge Guard Rail Misalignment,AST-ENG-0054,Guntur-SEC-05,104.28,125,2026-09-07,11:00,0,Request for Track Inspection due to Bridge Guard Rail Misalignment observed on Ballast at Km 104.28.,2026-09-01 18:00,Scheduled,High,High,31.8,Traffic Block,"Bridge Inspection Gang + Spike Puller, Torque Wrenches, Measuring Rod"
REQ-00300,TRD,OHE Inspection,Thermal Hotspot in Isolator / Jumper,AST-TRD-0591,Hyderabad-SEC-08,58.39,77,2026-09-09,01:00,0,Request for OHE Inspection due to Thermal Hotspot in Isolator / Jumper observed on OHE at Km 58.39.,2026-08-31 23:00,Open,High,High,37.3,Power Block (OHE Isolation),"TRD Thermo-vision Team + Thermal Imager Camera, Torque Spanner"
REQ-00301,Engineering,Rail Grinding,Turnout Switch & Stock Rail Profile Restoration,AST-ENG-0109,Guntakal-SEC-05,24.06,151,2026-10-04,14:00,0,Request for Rail Grinding due to Turnout Switch & Stock Rail Profile Restoration observed on Track at Km 24.06.,2026-09-23 16:00,Scheduled,High,Medium,44.5,Integrated S&T + Traffic Block,Turnout Grinder Team + Switch Rail Grinder Machine
REQ-00302,S&T,Track Circuit Maintenance,Ballast Resistance Leakage (Low Ballast Resistance),AST-S&T-0316,Guntur-SEC-07,102.44,102,2026-10-05,10:00,0,Request for Track Circuit Maintenance due to Ballast Resistance Leakage (Low Ballast Resistance) observed on Point Machine at Km 102.44.,2026-09-25 14:00,Scheduled,High,High,47.0,Signalling Disconnection,"Track Circuit Maintenance Gang + Variable Feed Resistance Box, Shunt Tester"
REQ-00303,Engineering,Ballast Cleaning,Cess / Drainage Deepening,AST-ENG-0190,Secunderabad-SEC-08,113.28,261,2026-09-28,01:00,0,Request for Ballast Cleaning due to Cess / Drainage Deepening observed on Sleeper at Km 113.28.,2026-09-26 23:00,Open,Low,Low,20.6,No Block (Cess Work),"Cess Maintenance Gang + Mini Backhoe Loader, Cess Regulators"
REQ-00304,Engineering,Track Inspection,Ballast Deficiency / Shoulder Loss,AST-ENG-0045,Hyderabad-SEC-01,15.58,222,2026-09-25,11:00,0,Request for Track Inspection due to Ballast Deficiency / Shoulder Loss observed on Sleeper at Km 15.58.,2026-09-16 12:00,Open,Low,Low,14.4,Shadow Block / Planned Window,P-Way Maintenance Team + Ballast Hopper & Measuring Scale
REQ-00305,TRD,OHE Component Replacement,Cantilever Bracket Assembly Misalignment,AST-TRD-0559,Vijayawada-SEC-03,89.56,152,2026-09-12,10:00,0,Request for OHE Component Replacement due to Cantilever Bracket Assembly Misalignment observed on OHE Component at Km 89.56.,2026-09-10 18:00,Open,High,Medium,40.1,Traffic-cum-Power Block,"TRD Line Maintenance Gang + Cantilever Adjuster, Mast Clamps, Spanners"
REQ-00306,Engineering,Track Tamping,Track Alignment & Level Deviation,AST-ENG-0149,Hyderabad-SEC-02,48.87,287,2026-09-16,14:00,0,Request for Track Tamping due to Track Alignment & Level Deviation observed on Track at Km 48.87.,2026-09-10 16:00,Under Coordination,High,Medium,37.2,Traffic Block,Tamping Machine Crew + CSM 09-32 / Duomatic Heavy Tamper
REQ-00307,TRD,Tower Wagon Inspection,Substation Feeder Jumper Maintenance,AST-TRD-0593,Guntakal-SEC-06,9.25,126,2026-10-08,14:00,0,Request for Tower Wagon Inspection due to Substation Feeder Jumper Maintenance observed on OHE at Km 9.25.,2026-09-30 13:00,Scheduled,Medium,Medium,29.5,Power Block (Feeder Isolation),"TSS Maintenance Crew + Grounding Rods, High Voltage Tester, Spanners"
REQ-00308,TRD,OHE Component Replacement,Section Insulator Runner Wear,AST-TRD-0450,Guntakal-SEC-04,133.24,177,2026-09-18,23:00,0,Request for OHE Component Replacement due to Section Insulator Runner Wear observed on Isolator at Km 133.24.,2026-09-12 22:00,Scheduled,High,High,36.9,Traffic-cum-Power Block (OHE Isolation),"TRD Specialist Gang + Section Insulator Overhaul Kit, Arc Chute"
REQ-00309,S&T,Track Circuit Maintenance,Glued Insulated Rail Joint (GJ) Failure,AST-S&T-0236,Hyderabad-SEC-04,47.84,149,2026-09-05,12:00,1,[EMERGENCY FAST-TRACK] Immediate attention required: Glued Insulated Rail Joint (GJ) Failure at Km 47.84.,2026-09-03 13:00,Open,Critical,Critical,79.9,Integrated S&T + Traffic Block,"Joint S&T + P-Way Gang + Insulation End Post, Nylon Bushings, Torque Wrench"
REQ-00310,Engineering,Points & Crossing Maintenance,Worn CMS Crossing Nose,AST-ENG-0016,Vijayawada-SEC-01,76.87,225,2026-09-17,00:00,0,Request for Points & Crossing Maintenance due to Worn CMS Crossing Nose observed on Track at Km 76.87.,2026-09-06 13:00,Completed,High,High,36.5,Traffic Block,Hardfacing Welding Crew + Translamatic Robotic Welder / Special Electrodes
REQ-00311,TRD,OHE Inspection,Section Insulator Arcing Horn Burn,AST-TRD-0596,Guntur-SEC-07,8.14,93,2026-09-23,10:00,0,Request for OHE Inspection due to Section Insulator Arcing Horn Burn observed on OHE Component at Km 8.14.,2026-09-17 12:00,Open,High,High,36.0,Traffic-cum-Power Block (OHE Isolation),"TRD Specialist Gang + Arcing Horn Gap Gauge, Torque Wrenches"
REQ-00312,Engineering,Ballast Cleaning,Clogged / Foul Ballast Bed,AST-ENG-0080,Guntur-SEC-04,27.31,370,2026-09-14,23:00,0,Request for Ballast Cleaning due to Clogged / Foul Ballast Bed observed on Track at Km 27.31.,2026-09-09 14:00,Scheduled,High,Medium,49.0,Integrated Traffic-cum-Power Block,BCM Machine Crew + Ballast Cleaning Machine (BCM Rake)
REQ-00313,S&T,Axle Counter Maintenance,Reset Box Pushbutton Key Interlock Seizure,AST-S&T-0298,Guntakal-SEC-01,97.58,51,2026-09-05,02:00,1,[EMERGENCY FAST-TRACK] Immediate attention required: Reset Box Pushbutton Key Interlock Seizure at Km 97.58.,2026-09-01 21:00,Scheduled,Critical,Critical,80.7,No Block (SM Panel),"S&T Station Maintainer + Reset Box Switch Module, Spare Key Set"
REQ-00314,Engineering,Rail Replacement,Fractured Rail Segment,AST-ENG-0197,Secunderabad-SEC-01,80.35,206,2026-10-08,23:00,0,Request for Rail Replacement due to Fractured Rail Segment observed on Track at Km 80.35.,2026-10-05 12:00,Open,Critical,Critical,54.2,Traffic Block (Line Block),"Rail Welding & P-Way Team + Rail Cutting Machine, Chamfering Kit, AT Welding Kit"
REQ-00315,TRD,OHE Inspection,Neutral Section Transverse Slew Anomaly,AST-TRD-0407,Hyderabad-SEC-05,17.65,78,2026-09-11,10:00,1,[EMERGENCY FAST-TRACK] Immediate attention required: Neutral Section Transverse Slew Anomaly at Km 17.65.,2026-09-02 20:00,Open,Critical,Critical,84.2,Traffic-cum-Power Block (OHE Isolation),"Tower Wagon Inspection Crew + Laser Alignment Tool, Cantilever Tensioner"
REQ-00316,Engineering,Track Inspection,Ballast Deficiency / Shoulder Loss,AST-ENG-0143,Hyderabad-SEC-03,7.84,196,2026-09-21,11:00,0,Request for Track Inspection due to Ballast Deficiency / Shoulder Loss observed on Rail at Km 7.84.,2026-09-13 14:00,Under Coordination,Low,Low,21.3,Shadow Block / Planned Window,P-Way Maintenance Team + Ballast Hopper & Measuring Scale
REQ-00317,Engineering,Track Inspection,Diamond Crossing Flange Wear,AST-ENG-0178,Guntakal-SEC-08,7.14,112,2026-09-29,00:00,0,Request for Track Inspection due to Diamond Crossing Flange Wear observed on Track at Km 7.14.,2026-09-23 14:00,Open,High,High,35.2,Traffic Block,"P-Way Section Gang + Feeler Gauge, Rail Caliper, Optical Sighting Bar"
REQ-00318,TRD,Tower Wagon Inspection,Level Crossing Gate OHE Anti-Collision Guard Wire Sag,AST-TRD-0442,Secunderabad-SEC-03,92.84,88,2026-09-28,11:00,0,Request for Tower Wagon Inspection due to Level Crossing Gate OHE Anti-Collision Guard Wire Sag observed on Isolator at Km 92.84.,2026-09-22 17:00,Open,High,High,37.1,Traffic-cum-Power Block,"Tower Wagon Crew + Tensioning Rig, Clamp Wrenches"
REQ-00319,S&T,Point Machine Maintenance,Point Machine Out of Adjustment / Flashover,AST-S&T-0397,Guntakal-SEC-06,27.83,108,2026-10-01,10:00,0,Request for Point Machine Maintenance due to Point Machine Out of Adjustment / Flashover observed on Telecom Equipment at Km 27.83.,2026-09-27 23:00,Open,Critical,Critical,59.2,Signalling Disconnection & S&T Block,"Point Specialist Crew + Point Gauge (5mm test piece), Motor Amp Meter"
REQ-00320,S&T,Signal Maintenance,Data Logger Channel Telemetry Lockout,AST-S&T-0369,Guntakal-SEC-02,47.68,59,2026-09-28,11:00,0,Request for Signal Maintenance due to Data Logger Channel Telemetry Lockout observed on Interlocking at Km 47.68.,2026-09-21 20:00,Open,High,Low,42.1,No Block (Relay Room),"S&T Electronic Tech + Data Logger Interface Card, Serial Probe"
REQ-00321,Engineering,Track Inspection,Ballast Deficiency / Shoulder Loss,AST-ENG-0154,Guntur-SEC-02,53.25,189,2026-09-27,23:00,0,Request for Track Inspection due to Ballast Deficiency / Shoulder Loss observed on Points & Crossing at Km 53.25.,2026-09-18 19:00,Completed,Low,Low,27.6,Shadow Block / Planned Window,P-Way Maintenance Team + Ballast Hopper & Measuring Scale
REQ-00322,Engineering,Sleeper Replacement,Damaged Elastic Rail Clips (ERC),AST-ENG-0148,Guntur-SEC-08,96.9,89,2026-09-13,23:00,0,Request for Sleeper Replacement due to Damaged Elastic Rail Clips (ERC) observed on Track at Km 96.9.,2026-09-05 17:00,Scheduled,Medium,Medium,24.8,Caution Order Window,"P-Way Section Gang + ERC Extractor, Torque Spanners"
REQ-00323,TRD,OHE Component Replacement,Cantilever Bracket Assembly Misalignment,AST-TRD-0582,Hyderabad-SEC-05,118.74,152,2026-09-21,14:00,0,Request for OHE Component Replacement due to Cantilever Bracket Assembly Misalignment observed on OHE at Km 118.74.,2026-09-19 13:00,Scheduled,High,Medium,31.6,Traffic-cum-Power Block,"TRD Line Maintenance Gang + Cantilever Adjuster, Mast Clamps, Spanners"
REQ-00324,TRD,OHE Component Replacement,Auto-Tensioning Device (ATD) Weight Jam,AST-TRD-0534,Secunderabad-SEC-05,95.01,133,2026-09-11,01:00,1,[EMERGENCY FAST-TRACK] Immediate attention required: Auto-Tensioning Device (ATD) Weight Jam at Km 95.01.,2026-09-06 21:00,Open,Critical,Critical,73.1,Traffic-cum-Power Block (OHE Isolation),"Tower Wagon Squad + Hydraulic Winch, 5:1 ATD Pulley, Stainless Steel Rope"
REQ-00325,S&T,Telecom Equipment Maintenance,Passenger Information System (PIS) Display Node Link Drop,AST-S&T-0369,Guntakal-SEC-02,47.68,59,2026-09-19,23:00,0,Request for Telecom Equipment Maintenance due to Passenger Information System (PIS) Display Node Link Drop observed on Interlocking at Km 47.68.,2026-09-16 15:00,Open,Low,Low,24.1,No Block (Platform Work),"Telecom Network Tech + RS485 Hub, Ethernet Switch, Multimeter"
REQ-00326,S&T,Point Machine Maintenance,Point Machine Out of Adjustment / Flashover,AST-S&T-0361,Secunderabad-SEC-08,65.59,110,2026-09-08,02:00,1,[EMERGENCY FAST-TRACK] Immediate attention required: Point Machine Out of Adjustment / Flashover at Km 65.59.,2026-09-05 22:00,Scheduled,Critical,Critical,76.5,Signalling Disconnection & S&T Block,"Point Specialist Crew + Point Gauge (5mm test piece), Motor Amp Meter"
REQ-00327,S&T,Signal Maintenance,Electronic Interlocking (EI) VDU Communication Fault,AST-S&T-0351,Guntakal-SEC-08,47.89,77,2026-09-26,12:00,0,Request for Signal Maintenance due to Electronic Interlocking (EI) VDU Communication Fault observed on Point Machine at Km 47.89.,2026-09-16 22:00,Completed,Critical,Critical,43.2,No Block (Station Relay Room),"EI Specialist Engineer + Optic Converter, Network Analyzer, Standby VDU"
REQ-00328,TRD,OHE Wire Maintenance,Cross Feeder Wire Vibration Fatigue,AST-TRD-0527,Guntakal-SEC-04,111.19,112,2026-10-07,01:00,0,Request for OHE Wire Maintenance due to Cross Feeder Wire Vibration Fatigue observed on OHE Component at Km 111.19.,2026-09-28 21:00,Scheduled,Medium,Medium,23.2,Power Block,"TRD Line Maintenance Gang + Vibration Dampers, Feeder Tensioner"
REQ-00329,S&T,Track Circuit Maintenance,Track Circuit Dropping / False Occupancy,AST-S&T-0261,Hyderabad-SEC-06,100.78,67,2026-09-29,10:00,1,[EMERGENCY FAST-TRACK] Immediate attention required: Track Circuit Dropping / False Occupancy at Km 100.78.,2026-09-23 21:00,Under Coordination,Critical,Critical,70.2,Signalling Disconnection & S&T Block,"Track Circuit Maintenance Gang + Bond Tester, Shunt Resistance Test Piece (0.5 Ohm), Multi-meter"
REQ-00330,TRD,OHE Component Replacement,Traction Substation 132kV Isolator Contact Blade Pitting,AST-TRD-0502,Guntur-SEC-01,107.05,174,2026-09-14,00:00,0,Request for OHE Component Replacement due to Traction Substation 132kV Isolator Contact Blade Pitting observed on OHE at Km 107.05.,2026-09-05 20:00,Open,Critical,High,52.6,Power Block (Grid Isolation),"TSS Maintenance Crew + Silver Plating Paste, High Current Micro-ohmmeter"
REQ-00331,Engineering,Track Tamping,Track Alignment & Level Deviation,AST-ENG-0150,Secunderabad-SEC-04,90.37,215,2026-09-18,00:00,0,Request for Track Tamping due to Track Alignment & Level Deviation observed on Track at Km 90.37.,2026-09-07 12:00,Open,High,Medium,38.8,Traffic Block,Tamping Machine Crew + CSM 09-32 / Duomatic Heavy Tamper
REQ-00332,S&T,Signal Maintenance,Signal Blank / Lamp Failure,AST-S&T-0313,Guntakal-SEC-06,107.71,100,2026-09-20,00:00,1,[EMERGENCY FAST-TRACK] Immediate attention required: Signal Blank / Lamp Failure at Km 107.71.,2026-09-11 19:00,Under Coordination,Critical,Critical,68.1,Signalling Disconnection & S&T Block,"Emergency Signal Gang + LED Signal Unit, Current Transformer, Step-down Transformer"
REQ-00333,S&T,Axle Counter Maintenance,High Voltage Surge Suppressor Burnout,AST-S&T-0301,Secunderabad-SEC-07,105.45,49,2026-09-06,23:00,0,Request for Axle Counter Maintenance due to High Voltage Surge Suppressor Burnout observed on Axle Counter at Km 105.45.,2026-08-26 23:00,Under Coordination,High,High,42.9,No Block (Location Box),"S&T Maintenance Crew + Class B/C Surge Protection Device (SPD), Multimeter"
REQ-00334,TRD,OHE Inspection,Section Insulator Arcing Horn Burn,AST-TRD-0492,Guntakal-SEC-05,115.89,83,2026-10-11,10:00,0,Request for OHE Inspection due to Section Insulator Arcing Horn Burn observed on Isolator at Km 115.89.,2026-10-09 23:00,Under Coordination,High,High,44.1,Traffic-cum-Power Block (OHE Isolation),"TRD Specialist Gang + Arcing Horn Gap Gauge, Torque Wrenches"
REQ-00335,S&T,Point Machine Maintenance,Lock Slide Notch Wear & Burr,AST-S&T-0235,Guntakal-SEC-02,97.93,100,2026-09-07,02:00,1,[EMERGENCY FAST-TRACK] Immediate attention required: Lock Slide Notch Wear & Burr at Km 97.93.,2026-08-28 15:00,Open,Critical,Critical,82.0,Signalling Disconnection & S&T Block,"Point Specialist Crew + Lock Slide Replacement Kit, Feeler Gauge"
REQ-00336,Engineering,Sleeper Replacement,Turnout Concrete Sleeper Fracture,AST-ENG-0085,Hyderabad-SEC-03,4.05,217,2026-09-11,14:00,1,[EMERGENCY FAST-TRACK] Immediate attention required: Turnout Concrete Sleeper Fracture at Km 4.05.,2026-09-02 17:00,Scheduled,Critical,Critical,81.1,Integrated Block (Traffic + S&T + OHE),"Special Turnout Gang + Heavy Sleeper Lifter, Tamping Unit"
REQ-00337,S&T,Signal Inspection,Signal Sighting Distance Obstruction,AST-S&T-0277,Hyderabad-SEC-06,93.54,112,2026-09-09,23:00,0,Request for Signal Inspection due to Signal Sighting Distance Obstruction observed on Signal at Km 93.54.,2026-09-07 16:00,Scheduled,High,High,39.1,No Block (Track-side),"Signal Maintainer Gang + Tree Trimmer, Measuring Rangefinder"
REQ-00338,S&T,Signal Inspection,LED Signal Aspect Intensity Drop,AST-S&T-0227,Guntakal-SEC-05,137.36,55,2026-09-01,01:00,0,Request for Signal Inspection due to LED Signal Aspect Intensity Drop observed on Axle Counter at Km 137.36.,2026-08-23 15:00,Open,Medium,Medium,39.0,No Block (Shadow Maintenance),"Signal Maintainer Squad + Lux Meter, Current/Voltage Multimeter"
REQ-00339,Engineering,Ballast Cleaning,Station Yard Track Drain Choking,AST-ENG-0178,Guntakal-SEC-08,7.14,200,2026-09-25,01:00,0,Request for Ballast Cleaning due to Station Yard Track Drain Choking observed on Track at Km 7.14.,2026-09-18 18:00,Open,High,Medium,35.2,Traffic Block,"Yard Maintenance Gang + Excavator, Mud Pump, Ballast Rake"
REQ-00340,Engineering,Track Tamping,Track Alignment & Level Deviation,AST-ENG-0051,Guntakal-SEC-07,96.01,216,2026-09-29,14:00,0,Request for Track Tamping due to Track Alignment & Level Deviation observed on Track at Km 96.01.,2026-09-25 23:00,Scheduled,High,Medium,33.5,Traffic Block,Tamping Machine Crew + CSM 09-32 / Duomatic Heavy Tamper
REQ-00341,Engineering,Sleeper Replacement,Bridge Timber Sleeper Decay,AST-ENG-0192,Vijayawada-SEC-06,98.56,197,2026-09-05,02:00,1,[EMERGENCY FAST-TRACK] Immediate attention required: Bridge Timber Sleeper Decay at Km 98.56.,2026-08-29 22:00,Open,Critical,Critical,69.8,Traffic Block,"Bridge P-Way Gang + Timber Boring Rig, Bridge Jacks, Hook Bolts"
REQ-00342,TRD,Contact Wire Replacement,Loop Line Contact Wire Heavy Carbonization,AST-TRD-0470,Guntur-SEC-01,75.6,283,2026-09-17,14:00,0,Request for Contact Wire Replacement due to Loop Line Contact Wire Heavy Carbonization observed on OHE Component at Km 75.6.,2026-09-09 14:00,Scheduled,High,Medium,40.0,Traffic-cum-Power Block,"Wiring Train Rake + OHE Wiring Train, Tension Winch"
REQ-00343,Engineering,Points & Crossing Maintenance,Check Rail Clearance Error,AST-ENG-0143,Hyderabad-SEC-03,7.84,143,2026-09-19,00:00,0,Request for Points & Crossing Maintenance due to Check Rail Clearance Error observed on Rail at Km 7.84.,2026-09-11 15:00,Open,High,High,39.3,Traffic Block,"P-Way Gang + Check Rail Shims, Torque Spanners"
REQ-00344,TRD,OHE Wire Maintenance,Anti-Creep Wire Sagging,AST-TRD-0431,Secunderabad-SEC-05,47.21,130,2026-09-29,01:00,0,Request for OHE Wire Maintenance due to Anti-Creep Wire Sagging observed on Power Substation at Km 47.21.,2026-09-21 20:00,Open,Medium,Low,27.5,Power Block,"Tower Wagon Crew + Turnbuckle Spanners, Dynamometer"
REQ-00345,TRD,Contact Wire Replacement,Loop Line Contact Wire Heavy Carbonization,AST-TRD-0528,Hyderabad-SEC-05,40.32,254,2026-09-24,11:00,0,Request for Contact Wire Replacement due to Loop Line Contact Wire Heavy Carbonization observed on OHE Component at Km 40.32.,2026-09-18 12:00,Under Coordination,High,Medium,42.3,Traffic-cum-Power Block,"Wiring Train Rake + OHE Wiring Train, Tension Winch"
REQ-00346,TRD,OHE Wire Maintenance,Bridging Jumper Burning / Degradation,AST-TRD-0512,Hyderabad-SEC-05,134.96,140,2026-09-06,14:00,0,Request for OHE Wire Maintenance due to Bridging Jumper Burning / Degradation observed on OHE at Km 134.96.,2026-08-28 16:00,Open,High,High,41.0,Traffic-cum-Power Block (OHE Isolation),"Tower Wagon Gang + PG Clamps, Flexible Copper Cable, Crimper"
REQ-00347,Engineering,Rail Grinding,Rail Surface Corrugation,AST-ENG-0073,Hyderabad-SEC-03,97.32,253,2026-09-07,11:00,0,Request for Rail Grinding due to Rail Surface Corrugation observed on Sleeper at Km 97.32.,2026-09-02 12:00,Completed,Medium,Low,29.0,Traffic Block,RGM Machine Crew + Rail Grinding Machine (RGM Rake 72-Stone)
REQ-00348,TRD,OHE Component Replacement,Traction Substation 25kV Vacuum Circuit Breaker (VCB) Fault,AST-TRD-0417,Guntakal-SEC-02,132.3,194,2026-10-07,01:00,1,[EMERGENCY FAST-TRACK] Immediate attention required: Traction Substation 25kV Vacuum Circuit Breaker (VCB) Fault at Km 132.3.,2026-09-29 16:00,Scheduled,Critical,Critical,71.4,Power Block (Substation Isolation),"TSS Specialist Team + Contact Resistance Meter, Spare 25kV VCB, High Voltage Probe"
REQ-00349,TRD,Contact Wire Replacement,In-Span Splice Elimination,AST-TRD-0572,Guntakal-SEC-07,80.11,230,2026-09-22,11:00,0,Request for Contact Wire Replacement due to In-Span Splice Elimination observed on Power Substation at Km 80.11.,2026-09-15 15:00,Under Coordination,High,Medium,38.3,Traffic-cum-Power Block (OHE Isolation),"Wiring Train Rake + OHE Wiring Train, Pulling Rig, Tension Clamps"
REQ-00350,Engineering,Track Inspection,Derailment Catch Siding Switch Inspection,AST-ENG-0033,Guntakal-SEC-07,9.01,78,2026-09-19,14:00,1,[EMERGENCY FAST-TRACK] Immediate attention required: Derailment Catch Siding Switch Inspection at Km 9.01.,2026-09-08 13:00,Under Coordination,Critical,Critical,77.6,Traffic Block,"Joint Safety Inspection Gang + Depth Gauge, Sand Replenishment Kit"
REQ-00351,TRD,Contact Wire Replacement,Loop Line Contact Wire Heavy Carbonization,AST-TRD-0572,Guntakal-SEC-07,80.11,230,2026-10-03,10:00,0,Request for Contact Wire Replacement due to Loop Line Contact Wire Heavy Carbonization observed on Power Substation at Km 80.11.,2026-09-26 17:00,Open,High,Medium,38.3,Traffic-cum-Power Block,"Wiring Train Rake + OHE Wiring Train, Tension Winch"
REQ-00352,TRD,Contact Wire Replacement,Contact Wire Parting / Snap Incident,AST-TRD-0472,Secunderabad-SEC-05,98.69,262,2026-09-18,11:00,0,Request for Contact Wire Replacement due to Contact Wire Parting / Snap Incident observed on OHE Component at Km 98.69.,2026-09-07 23:00,Under Coordination,Critical,Critical,45.6,Emergency Traffic-cum-Power Block,"Emergency Breakdown Crew + Tower Wagon, Emergency Splice Sleeves, Tirfor Winch"
REQ-00353,TRD,OHE Inspection,Thermal Hotspot in Isolator / Jumper,AST-TRD-0511,Vijayawada-SEC-05,84.45,106,2026-09-23,10:00,0,Request for OHE Inspection due to Thermal Hotspot in Isolator / Jumper observed on Isolator at Km 84.45.,2026-09-17 18:00,Scheduled,High,High,48.3,Power Block (OHE Isolation),"TRD Thermo-vision Team + Thermal Imager Camera, Torque Spanner"
REQ-00354,TRD,OHE Inspection,Contact Wire Height & Stagger Deviation,AST-TRD-0590,Guntur-SEC-08,49.54,139,2026-09-23,23:00,0,Request for OHE Inspection due to Contact Wire Height & Stagger Deviation observed on OHE at Km 49.54.,2026-09-14 13:00,Under Coordination,High,Medium,45.2,Traffic-cum-Power Block (OHE Isolation),"Tower Wagon Inspection Crew + Tower Wagon (8-Wheeler), Height & Stagger Gauge"
REQ-00355,Engineering,Track Inspection,Fishplate Crack / Loose Bolt,AST-ENG-0164,Vijayawada-SEC-07,6.39,56,2026-09-26,01:00,0,Request for Track Inspection due to Fishplate Crack / Loose Bolt observed on Track at Km 6.39.,2026-09-15 15:00,Open,Critical,Critical,58.0,Emergency Traffic Block,Keyman & Track Patrol Crew + Fishbolt Spanner & Torque Wrench
REQ-00356,Engineering,Track Tamping,Turnout Packing & Lining Fault,AST-ENG-0051,Guntakal-SEC-07,96.01,220,2026-09-19,00:00,0,Request for Track Tamping due to Turnout Packing & Lining Fault observed on Track at Km 96.01.,2026-09-09 14:00,Scheduled,High,High,33.5,Integrated Traffic + S&T Block,Unimat Turnout Tamper Crew + Unimat 08-475 4S Tamper
REQ-00357,Engineering,Rail Replacement,Rail Burn / Scabbing Defect,AST-ENG-0145,Guntakal-SEC-03,42.51,144,2026-09-09,01:00,0,Request for Rail Replacement due to Rail Burn / Scabbing Defect observed on Ballast at Km 42.51.,2026-09-07 21:00,Under Coordination,Medium,Medium,39.0,Traffic Block,"P-Way Welding Gang + Rail Grinder, Gas Cutting Kit, AT Welding"
REQ-00358,TRD,OHE Wire Maintenance,Cross Feeder Wire Vibration Fatigue,AST-TRD-0426,Secunderabad-SEC-03,23.13,82,2026-09-05,12:00,0,Request for OHE Wire Maintenance due to Cross Feeder Wire Vibration Fatigue observed on OHE at Km 23.13.,2026-08-30 17:00,Open,Medium,Medium,20.9,Power Block,"TRD Line Maintenance Gang + Vibration Dampers, Feeder Tensioner"
REQ-00359,Engineering,Rail Grinding,Rail Surface Corrugation,AST-ENG-0180,Vijayawada-SEC-04,54.39,261,2026-10-05,14:00,0,Request for Rail Grinding due to Rail Surface Corrugation observed on Points & Crossing at Km 54.39.,2026-09-27 18:00,Under Coordination,Medium,Low,23.3,Traffic Block,RGM Machine Crew + Rail Grinding Machine (RGM Rake 72-Stone)
REQ-00360,Engineering,Track Inspection,Diamond Crossing Flange Wear,AST-ENG-0144,Guntur-SEC-06,55.57,102,2026-09-02,00:00,0,Request for Track Inspection due to Diamond Crossing Flange Wear observed on Ballast at Km 55.57.,2026-08-27 20:00,Scheduled,High,High,42.9,Traffic Block,"P-Way Section Gang + Feeler Gauge, Rail Caliper, Optical Sighting Bar"
REQ-00361,Engineering,Ballast Cleaning,Clogged / Foul Ballast Bed,AST-ENG-0180,Vijayawada-SEC-04,54.39,355,2026-09-25,11:00,0,Request for Ballast Cleaning due to Clogged / Foul Ballast Bed observed on Points & Crossing at Km 54.39.,2026-09-16 16:00,Open,High,Medium,33.3,Integrated Traffic-cum-Power Block,BCM Machine Crew + Ballast Cleaning Machine (BCM Rake)
REQ-00362,S&T,Telecom Equipment Maintenance,Yard CCTV Surveillance Node Offline,AST-S&T-0374,Guntakal-SEC-02,72.49,58,2026-09-08,12:00,0,Request for Telecom Equipment Maintenance due to Yard CCTV Surveillance Node Offline observed on Interlocking at Km 72.49.,2026-09-03 23:00,Open,Low,Low,29.3,No Block (Mast Mounted),"Telecom Video Network Tech + Media Converter, RJ45 Tester, Power Supply"
REQ-00363,TRD,Contact Wire Replacement,Turnout Overlap Wire Renewal,AST-TRD-0445,Guntakal-SEC-03,101.38,236,2026-09-08,14:00,0,Request for Contact Wire Replacement due to Turnout Overlap Wire Renewal observed on OHE Component at Km 101.38.,2026-09-06 14:00,Scheduled,High,High,38.0,Integrated Traffic-cum-Power Block,"Tower Wagon Special Squad + Wire Tensioner, Turnout Overlap Rig"
REQ-00364,Engineering,Sleeper Replacement,Broken PSC Sleeper,AST-ENG-0199,Guntakal-SEC-03,56.53,163,2026-09-04,00:00,0,Request for Sleeper Replacement due to Broken PSC Sleeper observed on Rail at Km 56.53.,2026-08-30 14:00,Under Coordination,High,High,42.0,Traffic Block,"P-Way Heavy Gang + Sleeper Exchanger, Hydraulic Jacks, Track Jacks"
REQ-00365,S&T,Telecom Equipment Maintenance,VHF / MTRC Radio Base Station Fault,AST-S&T-0297,Hyderabad-SEC-04,124.75,96,2026-09-27,02:00,0,Request for Telecom Equipment Maintenance due to VHF / MTRC Radio Base Station Fault observed on Telecom Equipment at Km 124.75.,2026-09-21 12:00,Open,High,High,39.2,No Block (Station Tower Work),"Telecom Wireless Specialist + RF Wattmeter, Antenna SWR Meter"
REQ-00366,Engineering,Sleeper Replacement,Damaged Elastic Rail Clips (ERC),AST-ENG-0061,Vijayawada-SEC-05,75.92,98,2026-10-07,23:00,0,Request for Sleeper Replacement due to Damaged Elastic Rail Clips (ERC) observed on Track at Km 75.92.,2026-10-05 12:00,Scheduled,Medium,Medium,39.0,Caution Order Window,"P-Way Section Gang + ERC Extractor, Torque Spanners"
REQ-00367,TRD,OHE Wire Maintenance,Catenary Wire Strand Broken,AST-TRD-0534,Secunderabad-SEC-05,95.01,202,2026-10-07,00:00,1,[EMERGENCY FAST-TRACK] Immediate attention required: Catenary Wire Strand Broken at Km 95.01.,2026-09-29 14:00,Open,Critical,Critical,73.1,Traffic-cum-Power Block (OHE Isolation),"TRD Heavy Maintenance Gang + Splice Casing, Hydraulic Crimper, Tension Rig"
REQ-00368,S&T,Track Circuit Maintenance,Ballast Resistance Leakage (Low Ballast Resistance),AST-S&T-0268,Vijayawada-SEC-08,64.13,90,2026-09-29,01:00,0,Request for Track Circuit Maintenance due to Ballast Resistance Leakage (Low Ballast Resistance) observed on Telecom Equipment at Km 64.13.,2026-09-21 13:00,Scheduled,High,High,31.2,Signalling Disconnection,"Track Circuit Maintenance Gang + Variable Feed Resistance Box, Shunt Tester"
REQ-00369,S&T,Signal Inspection,Aspect Current Sensor Anomaly,AST-S&T-0216,Guntakal-SEC-06,103.77,44,2026-09-02,12:00,0,Request for Signal Inspection due to Aspect Current Sensor Anomaly observed on Signal at Km 103.77.,2026-08-25 16:00,Scheduled,Low,Low,27.5,No Block,S&T Electronic Maintainer + Digital Multimeter & Telemetry Probe
REQ-00370,TRD,OHE Wire Maintenance,Contact Wire Splice Sleeve Deformation,AST-TRD-0446,Vijayawada-SEC-05,40.86,125,2026-10-10,10:00,0,Request for OHE Wire Maintenance due to Contact Wire Splice Sleeve Deformation observed on OHE Component at Km 40.86.,2026-09-30 22:00,Scheduled,Critical,Critical,55.4,Traffic-cum-Power Block (OHE Isolation),"Tower Wagon Squad + Hydraulic Crimper, Splice Bridge Jig"
REQ-00371,Engineering,Rail Grinding,Rail Lip / Fin Formation,AST-ENG-0085,Hyderabad-SEC-03,4.05,187,2026-10-06,14:00,0,Request for Rail Grinding due to Rail Lip / Fin Formation observed on Points & Crossing at Km 4.05.,2026-10-03 20:00,Scheduled,Medium,Medium,34.1,Traffic Block,RGM Machine Crew + RGM 72-Stone Machine
REQ-00372,TRD,OHE Inspection,Thermal Hotspot in Isolator / Jumper,AST-TRD-0586,Vijayawada-SEC-06,96.52,101,2026-09-05,14:00,0,Request for OHE Inspection due to Thermal Hotspot in Isolator / Jumper observed on Isolator at Km 96.52.,2026-09-01 18:00,Open,High,High,42.6,Power Block (OHE Isolation),"TRD Thermo-vision Team + Thermal Imager Camera, Torque Spanner"
REQ-00373,S&T,Signal Inspection,Signal Sighting Distance Obstruction,AST-S&T-0328,Hyderabad-SEC-06,66.88,106,2026-09-29,10:00,0,Request for Signal Inspection due to Signal Sighting Distance Obstruction observed on Axle Counter at Km 66.88.,2026-09-24 12:00,Open,High,High,45.1,No Block (Track-side),"Signal Maintainer Gang + Tree Trimmer, Measuring Rangefinder"
REQ-00374,Engineering,Rail Grinding,Rolling Contact Fatigue / Head Checking,AST-ENG-0047,Hyderabad-SEC-07,91.04,284,2026-10-01,12:00,0,Request for Rail Grinding due to Rolling Contact Fatigue / Head Checking observed on Track at Km 91.04.,2026-09-20 13:00,Open,High,High,42.3,Integrated Traffic-cum-Power Block,RGM Special Machine Crew + RGM 96-Stone Heavy Machine
REQ-00375,Engineering,Track Tamping,Bridge Transition Approach Settlement,AST-ENG-0063,Guntur-SEC-03,7.18,164,2026-09-20,14:00,0,Request for Track Tamping due to Bridge Transition Approach Settlement observed on Rail at Km 7.18.,2026-09-11 18:00,Open,High,High,33.4,Traffic Block,Tamping Gang + CSM Tamper with Level Slew Sensors
REQ-00376,TRD,Tower Wagon Inspection,Overline Structure / Bridge Clearance Audit,AST-TRD-0407,Hyderabad-SEC-05,17.65,132,2026-09-04,14:00,0,Request for Tower Wagon Inspection due to Overline Structure / Bridge Clearance Audit observed on OHE Component at Km 17.65.,2026-08-28 20:00,Completed,High,High,47.2,Traffic-cum-Power Block (OHE Isolation),"Tower Wagon Inspection Team + Laser Height Gauge, Slew Adjuster"
REQ-00377,TRD,OHE Inspection,Neutral Section Transverse Slew Anomaly,AST-TRD-0408,Secunderabad-SEC-05,16.01,83,2026-10-08,11:00,0,Request for OHE Inspection due to Neutral Section Transverse Slew Anomaly observed on OHE Component at Km 16.01.,2026-10-05 13:00,Open,Critical,Critical,55.1,Traffic-cum-Power Block (OHE Isolation),"Tower Wagon Inspection Crew + Laser Alignment Tool, Cantilever Tensioner"
REQ-00378,TRD,OHE Component Replacement,Section Insulator Runner Wear,AST-TRD-0437,Vijayawada-SEC-03,128.39,179,2026-10-01,10:00,0,Request for OHE Component Replacement due to Section Insulator Runner Wear observed on Power Substation at Km 128.39.,2026-09-27 21:00,Scheduled,High,High,35.4,Traffic-cum-Power Block (OHE Isolation),"TRD Specialist Gang + Section Insulator Overhaul Kit, Arc Chute"
REQ-00379,Engineering,Sleeper Replacement,Broken PSC Sleeper,AST-ENG-0032,Hyderabad-SEC-07,65.31,153,2026-09-02,12:00,0,Request for Sleeper Replacement due to Broken PSC Sleeper observed on Ballast at Km 65.31.,2026-08-22 18:00,Scheduled,High,High,49.0,Traffic Block,"P-Way Heavy Gang + Sleeper Exchanger, Hydraulic Jacks, Track Jacks"
REQ-00380,Engineering,Ballast Cleaning,Level Crossing Ballast Deep Screening,AST-ENG-0185,Secunderabad-SEC-04,61.58,316,2026-09-12,00:00,0,Request for Ballast Cleaning due to Level Crossing Ballast Deep Screening observed on Ballast at Km 61.58.,2026-09-09 19:00,Open,Critical,Critical,51.1,Integrated Traffic + Road Traffic Block,"LC Maintenance Squad + Excavator, Road Breaker, Ballast Tamper"
REQ-00381,S&T,Signal Inspection,Shunt Signal Position Light Defect,AST-S&T-0358,Guntur-SEC-03,94.59,44,2026-09-25,00:00,0,Request for Signal Inspection due to Shunt Signal Position Light Defect observed on Point Machine at Km 94.59.,2026-09-23 15:00,Under Coordination,Medium,Medium,30.0,No Block (Yard Shunting),"Signal Maintainer Squad + LED Strip, Angle Calibration Jig"
REQ-00382,Engineering,Track Inspection,Formation / Embankment Settlement,AST-ENG-0164,Vijayawada-SEC-07,6.39,220,2026-09-15,11:00,0,Request for Track Inspection due to Formation / Embankment Settlement observed on Track at Km 6.39.,2026-09-08 17:00,Open,High,Medium,46.0,Traffic Block,"Civil Engineering Geotech Gang + Compactor, Soil Testing Kit, Cess Lifter"
REQ-00383,TRD,OHE Wire Maintenance,Bridging Jumper Burning / Degradation,AST-TRD-0441,Guntakal-SEC-08,82.53,118,2026-10-08,01:00,0,Request for OHE Wire Maintenance due to Bridging Jumper Burning / Degradation observed on OHE Component at Km 82.53.,2026-10-02 16:00,Open,High,High,40.7,Traffic-cum-Power Block (OHE Isolation),"Tower Wagon Gang + PG Clamps, Flexible Copper Cable, Crimper"
REQ-00384,S&T,Point Machine Maintenance,Point Detection Contact Carbonization,AST-S&T-0377,Vijayawada-SEC-03,86.39,86,2026-09-04,14:00,0,Request for Point Machine Maintenance due to Point Detection Contact Carbonization observed on Point Machine at Km 86.39.,2026-08-28 17:00,Open,High,High,43.4,Signalling Disconnection,"Signal Maintainer Squad + Contact Burnisher, Contact Lubricant, Megger"
REQ-00385,Engineering,Track Inspection,Diamond Crossing Flange Wear,AST-ENG-0039,Hyderabad-SEC-02,105.88,143,2026-09-28,00:00,0,Request for Track Inspection due to Diamond Crossing Flange Wear observed on Points & Crossing at Km 105.88.,2026-09-23 14:00,Scheduled,High,High,42.8,Traffic Block,"P-Way Section Gang + Feeler Gauge, Rail Caliper, Optical Sighting Bar"
REQ-00386,TRD,OHE Inspection,Mast Earthing Bond Disconnected,AST-TRD-0511,Vijayawada-SEC-05,84.45,68,2026-10-05,12:00,0,Request for OHE Inspection due to Mast Earthing Bond Disconnected observed on Isolator at Km 84.45.,2026-09-27 17:00,Completed,High,High,48.3,No Block (Mast Foot),"TRD Ground Maintenance Gang + Exothermic Welding Kit, Bond Wire, Earth Resistance Tester"
REQ-00387,Engineering,Track Tamping,Track Alignment & Level Deviation,AST-ENG-0087,Guntur-SEC-07,34.64,299,2026-10-06,00:00,0,Request for Track Tamping due to Track Alignment & Level Deviation observed on Ballast at Km 34.64.,2026-10-03 18:00,Scheduled,High,Medium,37.5,Traffic Block,Tamping Machine Crew + CSM 09-32 / Duomatic Heavy Tamper
REQ-00388,TRD,OHE Component Replacement,Traction Substation 25kV Vacuum Circuit Breaker (VCB) Fault,AST-TRD-0489,Guntur-SEC-01,70.74,171,2026-09-02,02:00,1,[EMERGENCY FAST-TRACK] Immediate attention required: Traction Substation 25kV Vacuum Circuit Breaker (VCB) Fault at Km 70.74.,2026-08-31 15:00,Under Coordination,Critical,Critical,67.9,Power Block (Substation Isolation),"TSS Specialist Team + Contact Resistance Meter, Spare 25kV VCB, High Voltage Probe"
REQ-00389,TRD,Tower Wagon Inspection,Neutral Section (PTFE Type) Inspection,AST-TRD-0464,Guntur-SEC-07,110.0,132,2026-09-14,00:00,0,Request for Tower Wagon Inspection due to Neutral Section (PTFE Type) Inspection observed on OHE at Km 110.0.,2026-09-03 19:00,Scheduled,High,High,41.5,Traffic-cum-Power Block (OHE Isolation),"TRD Specialist Gang + Neutral Section Gauge, Arc Trap Kit"
REQ-00390,S&T,Telecom Equipment Maintenance,Passenger Information System (PIS) Display Node Link Drop,AST-S&T-0312,Hyderabad-SEC-04,14.87,71,2026-10-06,00:00,0,Request for Telecom Equipment Maintenance due to Passenger Information System (PIS) Display Node Link Drop observed on Track Circuit at Km 14.87.,2026-10-03 21:00,Open,Low,Low,14.6,No Block (Platform Work),"Telecom Network Tech + RS485 Hub, Ethernet Switch, Multimeter"
REQ-00391,S&T,Point Machine Maintenance,Ground Connection Rodding Buckling,AST-S&T-0256,Secunderabad-SEC-05,7.74,94,2026-09-12,14:00,0,Request for Point Machine Maintenance due to Ground Connection Rodding Buckling observed on Telecom Equipment at Km 7.74.,2026-09-08 14:00,Scheduled,Critical,Critical,55.1,Signalling Disconnection & S&T Block,"Point Specialist Crew + Straightening Rig, Spare Drive Rod"
REQ-00392,Engineering,Track Tamping,Bridge Transition Approach Settlement,AST-ENG-0029,Guntakal-SEC-02,82.75,197,2026-10-10,02:00,0,Request for Track Tamping due to Bridge Transition Approach Settlement observed on Track at Km 82.75.,2026-10-01 18:00,Scheduled,High,High,40.5,Traffic Block,Tamping Gang + CSM Tamper with Level Slew Sensors
REQ-00393,Engineering,Rail Grinding,Gauge Corner Micro-Spalling on High Rail,AST-ENG-0194,Vijayawada-SEC-02,36.58,231,2026-09-06,11:00,0,Request for Rail Grinding due to Gauge Corner Micro-Spalling on High Rail observed on Track at Km 36.58.,2026-08-31 21:00,Under Coordination,High,High,41.8,Traffic Block,RGM Crew + RGM 72-Stone Machine
REQ-00394,Engineering,Sleeper Replacement,Turnout Concrete Sleeper Fracture,AST-ENG-0064,Hyderabad-SEC-07,67.68,209,2026-10-06,02:00,1,[EMERGENCY FAST-TRACK] Immediate attention required: Turnout Concrete Sleeper Fracture at Km 67.68.,2026-10-04 17:00,Scheduled,Critical,Critical,78.8,Integrated Block (Traffic + S&T + OHE),"Special Turnout Gang + Heavy Sleeper Lifter, Tamping Unit"
REQ-00395,S&T,Axle Counter Maintenance,Axle Counter Evaluator Card Failure,AST-S&T-0342,Hyderabad-SEC-02,101.11,87,2026-09-17,02:00,0,Request for Axle Counter Maintenance due to Axle Counter Evaluator Card Failure observed on Axle Counter at Km 101.11.,2026-09-14 20:00,Scheduled,Critical,Critical,46.8,No Block (Station Relay Room),"Axle Counter Specialist Crew + Spare Evaluator Card, Diagnostic Laptop"
REQ-00396,Engineering,Track Inspection,Switch Expansion Joint (SEJ) Gap Abnormality,AST-ENG-0063,Guntur-SEC-03,7.18,79,2026-09-28,02:00,0,Request for Track Inspection due to Switch Expansion Joint (SEJ) Gap Abnormality observed on Rail at Km 7.18.,2026-09-19 13:00,Scheduled,High,High,33.4,Traffic Block,"P-Way Section Gang + SEJ Gap Measurement Wedge, Torque Wrench"
REQ-00397,Engineering,Rail Replacement,Curve Gauge Corner Shelling / Spalling,AST-ENG-0073,Hyderabad-SEC-03,97.32,282,2026-09-13,00:00,0,Request for Rail Replacement due to Curve Gauge Corner Shelling / Spalling observed on Sleeper at Km 97.32.,2026-09-04 14:00,Scheduled,High,High,39.0,Traffic Block,"Rail Renewal Special Team + Rail Tensor, Disc Cutter, Hydraulic Jacks"
REQ-00398,S&T,Track Circuit Maintenance,Bond Wire Broken / Disconnected,AST-S&T-0283,Guntakal-SEC-08,31.15,56,2026-10-03,10:00,0,Request for Track Circuit Maintenance due to Bond Wire Broken / Disconnected observed on Signal at Km 31.15.,2026-09-24 18:00,Scheduled,Medium,Medium,29.3,Shadow Block / Caution Window,"Signal Maintainer Squad + Rail Bond Drill, Pin Expander, Copper Bond Wire"
REQ-00399,Engineering,Track Inspection,Buffer Stop Foundation Settlement,AST-ENG-0170,Hyderabad-SEC-08,24.57,109,2026-10-05,14:00,0,Request for Track Inspection due to Buffer Stop Foundation Settlement observed on Rail at Km 24.57.,2026-10-03 23:00,Scheduled,Medium,Low,28.3,No Block (Dead End Line),"Civil Works Gang + Hydraulic Jacks, Spirit Level, Grout"
REQ-00400,TRD,OHE Inspection,Catenary Dropper Missing / Damaged,AST-TRD-0496,Guntakal-SEC-07,93.39,57,2026-09-09,12:00,0,Request for OHE Inspection due to Catenary Dropper Missing / Damaged observed on OHE at Km 93.39.,2026-08-30 12:00,Open,Medium,Medium,23.2,Power Block (OHE Isolation),"TRD Line Maintenance Gang + Ladder Trolley, Dropper Crimper, Current Shunt"
REQ-00401,Engineering,Track Tamping,Crossover S-Curve Alignment Tamping,AST-ENG-0146,Hyderabad-SEC-03,2.58,181,2026-09-28,01:00,0,Request for Track Tamping due to Crossover S-Curve Alignment Tamping observed on Points & Crossing at Km 2.58.,2026-09-19 21:00,Open,High,High,46.5,Traffic Block,Unimat Tamper Crew + Unimat 4S Tamper with Computerized Curve Calculator
REQ-00402,Engineering,Points & Crossing Maintenance,Worn CMS Crossing Nose,AST-ENG-0138,Vijayawada-SEC-06,45.67,200,2026-09-20,11:00,0,Request for Points & Crossing Maintenance due to Worn CMS Crossing Nose observed on Ballast at Km 45.67.,2026-09-11 13:00,Open,High,High,39.9,Traffic Block,Hardfacing Welding Crew + Translamatic Robotic Welder / Special Electrodes
REQ-00403,TRD,OHE Inspection,Mast Earthing Bond Disconnected,AST-TRD-0447,Vijayawada-SEC-07,20.28,68,2026-09-28,11:00,0,Request for OHE Inspection due to Mast Earthing Bond Disconnected observed on Power Substation at Km 20.28.,2026-09-18 17:00,Scheduled,High,High,36.7,No Block (Mast Foot),"TRD Ground Maintenance Gang + Exothermic Welding Kit, Bond Wire, Earth Resistance Tester"
REQ-00404,S&T,Axle Counter Maintenance,Digital Axle Counter (SSDAC/HASDAC) Count Error,AST-S&T-0279,Hyderabad-SEC-04,35.4,70,2026-10-09,23:00,0,Request for Axle Counter Maintenance due to Digital Axle Counter (SSDAC/HASDAC) Count Error observed on Axle Counter at Km 35.4.,2026-09-29 13:00,Open,Critical,Critical,52.5,Signalling Disconnection & S&T Block,"Axle Counter Specialist Crew + High Frequency Sensor Tester, Oscillation Meter"
REQ-00405,TRD,Tower Wagon Inspection,Routine Catenary & OHE Profile Survey,AST-TRD-0513,Guntakal-SEC-01,66.61,162,2026-10-04,01:00,0,Request for Tower Wagon Inspection due to Routine Catenary & OHE Profile Survey observed on Power Substation at Km 66.61.,2026-10-01 17:00,Open,Low,Low,26.7,Traffic-cum-Power Block,Tower Wagon Inspection Team + 4-Wheeler / 8-Wheeler Tower Wagon with Pantograph Sensor
REQ-00406,TRD,Contact Wire Replacement,Severe Contact Wire Wear (< 74 sq mm),AST-TRD-0493,Secunderabad-SEC-04,66.87,347,2026-09-15,11:00,0,Request for Contact Wire Replacement due to Severe Contact Wire Wear (< 74 sq mm) observed on OHE Component at Km 66.87.,2026-09-09 14:00,Under Coordination,Critical,Critical,53.5,Integrated Traffic-cum-Power Block,"Wiring Train / Heavy Tower Wagon Rake + OHE Wiring Train, Tensioning Winch, Splice Machine"
REQ-00407,TRD,Tower Wagon Inspection,Level Crossing Gate OHE Anti-Collision Guard Wire Sag,AST-TRD-0497,Vijayawada-SEC-07,32.22,80,2026-09-28,00:00,0,Request for Tower Wagon Inspection due to Level Crossing Gate OHE Anti-Collision Guard Wire Sag observed on Isolator at Km 32.22.,2026-09-26 17:00,Scheduled,High,High,36.0,Traffic-cum-Power Block,"Tower Wagon Crew + Tensioning Rig, Clamp Wrenches"
REQ-00408,Engineering,Track Tamping,Post-Renewal Track Stabilization,AST-ENG-0114,Hyderabad-SEC-08,71.34,213,2026-09-13,11:00,0,Request for Track Tamping due to Post-Renewal Track Stabilization observed on Points & Crossing at Km 71.34.,2026-09-08 18:00,Completed,Medium,Low,20.4,Traffic Block,Dynamic Track Stabilizer Crew + Dynamic Track Stabilizer (DGS)
REQ-00409,TRD,OHE Wire Maintenance,Anti-Creep Wire Sagging,AST-TRD-0441,Guntakal-SEC-08,82.53,119,2026-10-11,10:00,0,Request for OHE Wire Maintenance due to Anti-Creep Wire Sagging observed on OHE Component at Km 82.53.,2026-10-01 22:00,Open,Medium,Low,30.7,Power Block,"Tower Wagon Crew + Turnbuckle Spanners, Dynamometer"
REQ-00410,TRD,OHE Wire Maintenance,Contact Wire Kink / Mechanical Damage,AST-TRD-0550,Secunderabad-SEC-08,60.48,182,2026-09-01,12:00,1,[EMERGENCY FAST-TRACK] Immediate attention required: Contact Wire Kink / Mechanical Damage at Km 60.48.,2026-08-24 20:00,Open,Critical,Critical,73.5,Traffic-cum-Power Block (OHE Isolation),"Tower Wagon Gang + Wire Straightener, Hydraulic Puller, Come-Along Clamps"
REQ-00411,TRD,OHE Wire Maintenance,Contact Wire Splice Sleeve Deformation,AST-TRD-0499,Guntakal-SEC-06,120.13,104,2026-09-03,00:00,0,Request for OHE Wire Maintenance due to Contact Wire Splice Sleeve Deformation observed on OHE Component at Km 120.13.,2026-09-01 13:00,Open,Critical,Critical,54.9,Traffic-cum-Power Block (OHE Isolation),"Tower Wagon Squad + Hydraulic Crimper, Splice Bridge Jig"
REQ-00412,S&T,Axle Counter Maintenance,High Voltage Surge Suppressor Burnout,AST-S&T-0323,Hyderabad-SEC-06,43.87,38,2026-10-02,14:00,0,Request for Axle Counter Maintenance due to High Voltage Surge Suppressor Burnout observed on Interlocking at Km 43.87.,2026-09-23 21:00,Scheduled,High,High,47.4,No Block (Location Box),"S&T Maintenance Crew + Class B/C Surge Protection Device (SPD), Multimeter"
REQ-00413,TRD,OHE Inspection,Section Insulator Arcing Horn Burn,AST-TRD-0554,Vijayawada-SEC-01,22.99,87,2026-09-14,00:00,0,Request for OHE Inspection due to Section Insulator Arcing Horn Burn observed on OHE at Km 22.99.,2026-09-11 13:00,Open,High,High,49.0,Traffic-cum-Power Block (OHE Isolation),"TRD Specialist Gang + Arcing Horn Gap Gauge, Torque Wrenches"
REQ-00414,S&T,Signal Maintenance,Signalling Relay Contact Oxidation (Q-Series),AST-S&T-0366,Hyderabad-SEC-02,54.73,75,2026-09-18,11:00,0,Request for Signal Maintenance due to Signalling Relay Contact Oxidation (Q-Series) observed on Axle Counter at Km 54.73.,2026-09-07 23:00,Completed,High,High,44.3,Signalling Disconnection,"Relay Testing Team + Micro-ohmmeter, Spare QN1 Relay, Anti-static Mat"
REQ-00415,Engineering,Points & Crossing Maintenance,Worn Switch Rail / Tongue Rail Chipped,AST-ENG-0137,Secunderabad-SEC-01,40.95,181,2026-10-08,02:00,0,Request for Points & Crossing Maintenance due to Worn Switch Rail / Tongue Rail Chipped observed on Track at Km 40.95.,2026-10-06 21:00,Open,Critical,Critical,42.4,Integrated S&T + Traffic Block,"Turnout Specialist Gang + Hydraulic Switch Rail Bender, Portable Arc Welder"
REQ-00416,TRD,Contact Wire Replacement,Loop Line Contact Wire Heavy Carbonization,AST-TRD-0422,Vijayawada-SEC-05,108.87,266,2026-09-14,23:00,0,Request for Contact Wire Replacement due to Loop Line Contact Wire Heavy Carbonization observed on Isolator at Km 108.87.,2026-09-11 13:00,Open,High,Medium,45.9,Traffic-cum-Power Block,"Wiring Train Rake + OHE Wiring Train, Tension Winch"
REQ-00417,Engineering,Track Inspection,Bridge Guard Rail Misalignment,AST-ENG-0160,Guntakal-SEC-03,127.54,128,2026-09-25,12:00,0,Request for Track Inspection due to Bridge Guard Rail Misalignment observed on Rail at Km 127.54.,2026-09-16 22:00,Open,High,High,42.0,Traffic Block,"Bridge Inspection Gang + Spike Puller, Torque Wrenches, Measuring Rod"
REQ-00418,TRD,OHE Inspection,Catenary Dropper Missing / Damaged,AST-TRD-0568,Hyderabad-SEC-03,15.6,65,2026-10-02,02:00,0,Request for OHE Inspection due to Catenary Dropper Missing / Damaged observed on Isolator at Km 15.6.,2026-09-24 19:00,Under Coordination,Medium,Medium,33.0,Power Block (OHE Isolation),"TRD Line Maintenance Gang + Ladder Trolley, Dropper Crimper, Current Shunt"
REQ-00419,TRD,OHE Component Replacement,Traction Substation 25kV Vacuum Circuit Breaker (VCB) Fault,AST-TRD-0560,Secunderabad-SEC-07,108.91,216,2026-09-27,23:00,0,Request for OHE Component Replacement due to Traction Substation 25kV Vacuum Circuit Breaker (VCB) Fault observed on Isolator at Km 108.91.,2026-09-20 12:00,Open,Critical,Critical,51.0,Power Block (Substation Isolation),"TSS Specialist Team + Contact Resistance Meter, Spare 25kV VCB, High Voltage Probe"
REQ-00420,Engineering,Ballast Cleaning,Shoulder Ballast Contamination,AST-ENG-0030,Guntakal-SEC-01,58.62,232,2026-09-20,02:00,0,Request for Ballast Cleaning due to Shoulder Ballast Contamination observed on Track at Km 58.62.,2026-09-11 16:00,Under Coordination,Medium,Medium,32.9,Traffic Block,Shoulder Ballast Cleaning Crew + Shoulder Ballast Cleaner (FRM/SBCM)
REQ-00421,S&T,Point Machine Maintenance,Ground Connection Rodding Buckling,AST-S&T-0274,Hyderabad-SEC-03,109.42,93,2026-09-08,02:00,1,[EMERGENCY FAST-TRACK] Immediate attention required: Ground Connection Rodding Buckling at Km 109.42.,2026-08-28 12:00,Open,Critical,Critical,72.0,Signalling Disconnection & S&T Block,"Point Specialist Crew + Straightening Rig, Spare Drive Rod"
REQ-00422,TRD,OHE Inspection,Contact Wire Height & Stagger Deviation,AST-TRD-0414,Guntur-SEC-02,104.96,123,2026-10-08,12:00,0,Request for OHE Inspection due to Contact Wire Height & Stagger Deviation observed on Power Substation at Km 104.96.,2026-10-01 17:00,Open,High,Medium,31.3,Traffic-cum-Power Block (OHE Isolation),"Tower Wagon Inspection Crew + Tower Wagon (8-Wheeler), Height & Stagger Gauge"
REQ-00423,Engineering,Track Inspection,Track Geometry Gauge Variation,AST-ENG-0191,Guntur-SEC-02,103.5,96,2026-09-05,01:00,0,Request for Track Inspection due to Track Geometry Gauge Variation observed on Track at Km 103.5.,2026-08-25 16:00,Scheduled,Medium,Medium,30.6,No Block (Speed Restriction / Caution),P-Way Inspection Crew + Gauge-cum-Level & Track Measuring Gauge
REQ-00424,Engineering,Track Inspection,Diamond Crossing Flange Wear,AST-ENG-0123,Vijayawada-SEC-02,84.75,126,2026-09-08,12:00,0,Request for Track Inspection due to Diamond Crossing Flange Wear observed on Points & Crossing at Km 84.75.,2026-08-29 20:00,Scheduled,High,High,39.3,Traffic Block,"P-Way Section Gang + Feeler Gauge, Rail Caliper, Optical Sighting Bar"
REQ-00425,S&T,Signal Inspection,Calling-on Signal Aspect Failure,AST-S&T-0398,Vijayawada-SEC-07,68.89,70,2026-10-03,10:00,0,Request for Signal Inspection due to Calling-on Signal Aspect Failure observed on Track Circuit at Km 68.89.,2026-09-27 14:00,Open,High,Medium,30.2,Signalling Disconnection,"Signal Maintainer Squad + LED C-Unit, Step-down Transformer"
REQ-00426,S&T,Telecom Equipment Maintenance,Yard CCTV Surveillance Node Offline,AST-S&T-0246,Guntakal-SEC-02,44.69,59,2026-09-28,14:00,0,Request for Telecom Equipment Maintenance due to Yard CCTV Surveillance Node Offline observed on Signal at Km 44.69.,2026-09-21 22:00,Scheduled,Low,Low,13.9,No Block (Mast Mounted),"Telecom Video Network Tech + Media Converter, RJ45 Tester, Power Supply"
REQ-00427,S&T,Point Machine Maintenance,Point Machine Motor Replacement,AST-S&T-0252,Hyderabad-SEC-08,135.16,103,2026-09-25,10:00,0,Request for Point Machine Maintenance due to Point Machine Motor Replacement observed on Axle Counter at Km 135.16.,2026-09-19 19:00,Scheduled,High,High,44.3,Integrated S&T + P-Way Block,"Signal Replacement Crew + Spare 110V DC Point Motor, Torque Spanners"
REQ-00428,S&T,Axle Counter Maintenance,Digital Axle Counter (SSDAC/HASDAC) Count Error,AST-S&T-0268,Vijayawada-SEC-08,64.13,82,2026-09-09,14:00,0,Request for Axle Counter Maintenance due to Digital Axle Counter (SSDAC/HASDAC) Count Error observed on Telecom Equipment at Km 64.13.,2026-08-29 23:00,Completed,Critical,Critical,43.2,Signalling Disconnection & S&T Block,"Axle Counter Specialist Crew + High Frequency Sensor Tester, Oscillation Meter"
REQ-00429,TRD,OHE Wire Maintenance,Cross Feeder Wire Vibration Fatigue,AST-TRD-0575,Secunderabad-SEC-04,109.96,101,2026-09-16,00:00,0,Request for OHE Wire Maintenance due to Cross Feeder Wire Vibration Fatigue observed on OHE Component at Km 109.96.,2026-09-09 12:00,Completed,Medium,Medium,20.9,Power Block,"TRD Line Maintenance Gang + Vibration Dampers, Feeder Tensioner"
REQ-00430,TRD,OHE Wire Maintenance,Contact Wire Kink / Mechanical Damage,AST-TRD-0597,Hyderabad-SEC-07,48.67,209,2026-10-04,23:00,0,Request for OHE Wire Maintenance due to Contact Wire Kink / Mechanical Damage observed on OHE Component at Km 48.67.,2026-09-28 19:00,Scheduled,Critical,Critical,51.9,Traffic-cum-Power Block (OHE Isolation),"Tower Wagon Gang + Wire Straightener, Hydraulic Puller, Come-Along Clamps"
REQ-00431,TRD,OHE Wire Maintenance,Bridging Jumper Burning / Degradation,AST-TRD-0413,Vijayawada-SEC-08,92.16,145,2026-09-13,23:00,0,Request for OHE Wire Maintenance due to Bridging Jumper Burning / Degradation observed on OHE Component at Km 92.16.,2026-09-07 20:00,Open,High,High,35.1,Traffic-cum-Power Block (OHE Isolation),"Tower Wagon Gang + PG Clamps, Flexible Copper Cable, Crimper"
REQ-00432,TRD,OHE Wire Maintenance,Cross Feeder Wire Vibration Fatigue,AST-TRD-0470,Guntur-SEC-01,75.6,104,2026-09-14,02:00,0,Request for OHE Wire Maintenance due to Cross Feeder Wire Vibration Fatigue observed on OHE Component at Km 75.6.,2026-09-09 19:00,Scheduled,Medium,Medium,30.0,Power Block,"TRD Line Maintenance Gang + Vibration Dampers, Feeder Tensioner"
REQ-00433,S&T,Point Machine Maintenance,Point Machine Out of Adjustment / Flashover,AST-S&T-0288,Hyderabad-SEC-08,67.9,100,2026-10-10,23:00,0,Request for Point Machine Maintenance due to Point Machine Out of Adjustment / Flashover observed on Axle Counter at Km 67.9.,2026-09-30 18:00,Open,Critical,Critical,48.1,Signalling Disconnection & S&T Block,"Point Specialist Crew + Point Gauge (5mm test piece), Motor Amp Meter"
REQ-00434,Engineering,Sleeper Replacement,Points & Crossing Special Turnout Sleeper Shift,AST-ENG-0167,Secunderabad-SEC-01,44.0,200,2026-09-16,11:00,0,Request for Sleeper Replacement due to Points & Crossing Special Turnout Sleeper Shift observed on Track at Km 44.0.,2026-09-09 12:00,Scheduled,High,High,46.8,Integrated S&T + Traffic Block,"Turnout Gang + Sleeper Puller, Heavy Jacks"
REQ-00435,Engineering,Track Inspection,Derailment Catch Siding Switch Inspection,AST-ENG-0112,Guntur-SEC-01,89.45,94,2026-09-29,23:00,0,Request for Track Inspection due to Derailment Catch Siding Switch Inspection observed on Ballast at Km 89.45.,2026-09-21 12:00,Open,Critical,High,61.0,Traffic Block,"Joint Safety Inspection Gang + Depth Gauge, Sand Replenishment Kit"
REQ-00436,Engineering,Points & Crossing Maintenance,Worn Switch Rail / Tongue Rail Chipped,AST-ENG-0192,Vijayawada-SEC-06,98.56,159,2026-09-15,14:00,1,[EMERGENCY FAST-TRACK] Immediate attention required: Worn Switch Rail / Tongue Rail Chipped at Km 98.56.,2026-09-06 22:00,Under Coordination,Critical,Critical,69.8,Integrated S&T + Traffic Block,"Turnout Specialist Gang + Hydraulic Switch Rail Bender, Portable Arc Welder"
REQ-00437,S&T,Track Circuit Maintenance,Ballast Resistance Leakage (Low Ballast Resistance),AST-S&T-0362,Hyderabad-SEC-02,17.91,98,2026-09-20,10:00,0,Request for Track Circuit Maintenance due to Ballast Resistance Leakage (Low Ballast Resistance) observed on Interlocking at Km 17.91.,2026-09-16 12:00,Open,High,High,34.9,Signalling Disconnection,"Track Circuit Maintenance Gang + Variable Feed Resistance Box, Shunt Tester"
REQ-00438,S&T,Track Circuit Maintenance,Bond Wire Broken / Disconnected,AST-S&T-0396,Secunderabad-SEC-07,20.61,49,2026-10-06,23:00,0,Request for Track Circuit Maintenance due to Bond Wire Broken / Disconnected observed on Track Circuit at Km 20.61.,2026-10-03 15:00,Open,Medium,Medium,30.3,Shadow Block / Caution Window,"Signal Maintainer Squad + Rail Bond Drill, Pin Expander, Copper Bond Wire"
REQ-00439,S&T,Telecom Equipment Maintenance,Yard CCTV Surveillance Node Offline,AST-S&T-0324,Guntur-SEC-07,76.85,58,2026-09-12,14:00,0,Request for Telecom Equipment Maintenance due to Yard CCTV Surveillance Node Offline observed on Interlocking at Km 76.85.,2026-09-01 20:00,Open,Low,Low,12.3,No Block (Mast Mounted),"Telecom Video Network Tech + Media Converter, RJ45 Tester, Power Supply"
REQ-00440,S&T,Axle Counter Maintenance,High Voltage Surge Suppressor Burnout,AST-S&T-0283,Guntakal-SEC-08,31.15,41,2026-10-03,12:00,0,Request for Axle Counter Maintenance due to High Voltage Surge Suppressor Burnout observed on Signal at Km 31.15.,2026-09-27 16:00,Scheduled,High,High,39.3,No Block (Location Box),"S&T Maintenance Crew + Class B/C Surge Protection Device (SPD), Multimeter"
REQ-00441,Engineering,Track Tamping,Post-Renewal Track Stabilization,AST-ENG-0001,Secunderabad-SEC-08,45.41,194,2026-09-13,01:00,0,Request for Track Tamping due to Post-Renewal Track Stabilization observed on Rail at Km 45.41.,2026-09-06 18:00,Completed,Medium,Low,24.9,Traffic Block,Dynamic Track Stabilizer Crew + Dynamic Track Stabilizer (DGS)
REQ-00442,TRD,OHE Component Replacement,Section Insulator Runner Wear,AST-TRD-0549,Guntur-SEC-07,67.28,169,2026-10-05,12:00,0,Request for OHE Component Replacement due to Section Insulator Runner Wear observed on OHE Component at Km 67.28.,2026-09-26 12:00,Under Coordination,High,High,45.1,Traffic-cum-Power Block (OHE Isolation),"TRD Specialist Gang + Section Insulator Overhaul Kit, Arc Chute"
REQ-00443,Engineering,Sleeper Replacement,Perished Grooved Rubber Sole Plates (GRSP),AST-ENG-0086,Secunderabad-SEC-03,105.1,130,2026-09-10,23:00,0,Request for Sleeper Replacement due to Perished Grooved Rubber Sole Plates (GRSP) observed on Track at Km 105.1.,2026-09-01 14:00,Completed,Low,Low,12.3,Shadow Block,"P-Way Gang + Track Jacks, ERC Extractors"
REQ-00444,Engineering,Rail Replacement,Curve Gauge Corner Shelling / Spalling,AST-ENG-0162,Hyderabad-SEC-04,1.06,270,2026-09-25,10:00,0,Request for Rail Replacement due to Curve Gauge Corner Shelling / Spalling observed on Track at Km 1.06.,2026-09-15 18:00,Scheduled,High,High,49.0,Traffic Block,"Rail Renewal Special Team + Rail Tensor, Disc Cutter, Hydraulic Jacks"
REQ-00445,S&T,Point Machine Maintenance,Point Machine Out of Adjustment / Flashover,AST-S&T-0264,Hyderabad-SEC-07,125.71,87,2026-09-18,11:00,0,Request for Point Machine Maintenance due to Point Machine Out of Adjustment / Flashover observed on Interlocking at Km 125.71.,2026-09-12 19:00,Under Coordination,Critical,Critical,61.0,Signalling Disconnection & S&T Block,"Point Specialist Crew + Point Gauge (5mm test piece), Motor Amp Meter"
REQ-00446,S&T,Axle Counter Maintenance,Reset Box Pushbutton Key Interlock Seizure,AST-S&T-0264,Hyderabad-SEC-07,125.71,46,2026-10-04,23:00,1,[EMERGENCY FAST-TRACK] Immediate attention required: Reset Box Pushbutton Key Interlock Seizure at Km 125.71.,2026-09-24 15:00,Open,Critical,Critical,86.0,No Block (SM Panel),"S&T Station Maintainer + Reset Box Switch Module, Spare Key Set"
REQ-00447,Engineering,Rail Replacement,Fractured Rail Segment,AST-ENG-0086,Secunderabad-SEC-03,105.1,193,2026-09-21,00:00,0,Request for Rail Replacement due to Fractured Rail Segment observed on Track at Km 105.1.,2026-09-13 22:00,Open,Critical,Critical,42.3,Traffic Block (Line Block),"Rail Welding & P-Way Team + Rail Cutting Machine, Chamfering Kit, AT Welding Kit"
REQ-00448,Engineering,Ballast Cleaning,Level Crossing Ballast Deep Screening,AST-ENG-0051,Guntakal-SEC-07,96.01,435,2026-09-10,02:00,1,[EMERGENCY FAST-TRACK] Immediate attention required: Level Crossing Ballast Deep Screening at Km 96.01.,2026-09-05 14:00,Open,Critical,Critical,70.5,Integrated Traffic + Road Traffic Block,"LC Maintenance Squad + Excavator, Road Breaker, Ballast Tamper"
REQ-00449,Engineering,Track Inspection,Ballast Deficiency / Shoulder Loss,AST-ENG-0160,Guntakal-SEC-03,127.54,223,2026-09-05,14:00,0,Request for Track Inspection due to Ballast Deficiency / Shoulder Loss observed on Rail at Km 127.54.,2026-08-27 13:00,Open,Low,Low,23.9,Shadow Block / Planned Window,P-Way Maintenance Team + Ballast Hopper & Measuring Scale
REQ-00450,S&T,Telecom Equipment Maintenance,Yard CCTV Surveillance Node Offline,AST-S&T-0216,Guntakal-SEC-06,103.77,62,2026-10-08,10:00,0,Request for Telecom Equipment Maintenance due to Yard CCTV Surveillance Node Offline observed on Signal at Km 103.77.,2026-09-27 21:00,Open,Low,Low,27.5,No Block (Mast Mounted),"Telecom Video Network Tech + Media Converter, RJ45 Tester, Power Supply"
REQ-00451,Engineering,Ballast Cleaning,Station Yard Track Drain Choking,AST-ENG-0200,Vijayawada-SEC-01,115.87,176,2026-09-19,00:00,0,Request for Ballast Cleaning due to Station Yard Track Drain Choking observed on Track at Km 115.87.,2026-09-13 17:00,Open,High,Medium,33.2,Traffic Block,"Yard Maintenance Gang + Excavator, Mud Pump, Ballast Rake"
REQ-00452,Engineering,Track Tamping,Track Alignment & Level Deviation,AST-ENG-0189,Secunderabad-SEC-01,52.14,226,2026-09-14,12:00,0,Request for Track Tamping due to Track Alignment & Level Deviation observed on Ballast at Km 52.14.,2026-09-12 16:00,Open,High,Medium,46.8,Traffic Block,Tamping Machine Crew + CSM 09-32 / Duomatic Heavy Tamper
REQ-00453,TRD,Contact Wire Replacement,Severe Contact Wire Wear (< 74 sq mm),AST-TRD-0532,Secunderabad-SEC-08,114.12,353,2026-10-09,11:00,0,Request for Contact Wire Replacement due to Severe Contact Wire Wear (< 74 sq mm) observed on Isolator at Km 114.12.,2026-10-07 19:00,Completed,Critical,Critical,53.8,Integrated Traffic-cum-Power Block,"Wiring Train / Heavy Tower Wagon Rake + OHE Wiring Train, Tensioning Winch, Splice Machine"
REQ-00454,Engineering,Track Tamping,Crossover S-Curve Alignment Tamping,AST-ENG-0080,Guntur-SEC-04,27.31,223,2026-09-21,23:00,0,Request for Track Tamping due to Crossover S-Curve Alignment Tamping observed on Track at Km 27.31.,2026-09-13 18:00,Under Coordination,High,High,49.0,Traffic Block,Unimat Tamper Crew + Unimat 4S Tamper with Computerized Curve Calculator
REQ-00455,Engineering,Track Tamping,Post-Renewal Track Stabilization,AST-ENG-0041,Vijayawada-SEC-05,53.09,182,2026-10-03,10:00,0,Request for Track Tamping due to Post-Renewal Track Stabilization observed on Track at Km 53.09.,2026-09-24 21:00,Open,Medium,Low,24.6,Traffic Block,Dynamic Track Stabilizer Crew + Dynamic Track Stabilizer (DGS)
REQ-00456,S&T,Track Circuit Maintenance,Ballast Resistance Leakage (Low Ballast Resistance),AST-S&T-0362,Hyderabad-SEC-02,17.91,104,2026-09-13,01:00,0,Request for Track Circuit Maintenance due to Ballast Resistance Leakage (Low Ballast Resistance) observed on Interlocking at Km 17.91.,2026-09-08 20:00,Open,High,High,34.9,Signalling Disconnection,"Track Circuit Maintenance Gang + Variable Feed Resistance Box, Shunt Tester"
REQ-00457,S&T,Telecom Equipment Maintenance,VHF / MTRC Radio Base Station Fault,AST-S&T-0316,Guntur-SEC-07,102.44,96,2026-09-06,00:00,0,Request for Telecom Equipment Maintenance due to VHF / MTRC Radio Base Station Fault observed on Point Machine at Km 102.44.,2026-09-02 16:00,Open,High,High,47.0,No Block (Station Tower Work),"Telecom Wireless Specialist + RF Wattmeter, Antenna SWR Meter"
REQ-00458,S&T,Signal Maintenance,Signalling Relay Contact Oxidation (Q-Series),AST-S&T-0235,Guntakal-SEC-02,97.93,66,2026-09-12,01:00,0,Request for Signal Maintenance due to Signalling Relay Contact Oxidation (Q-Series) observed on Axle Counter at Km 97.93.,2026-09-04 14:00,Scheduled,High,High,45.0,Signalling Disconnection,"Relay Testing Team + Micro-ohmmeter, Spare QN1 Relay, Anti-static Mat"
REQ-00459,TRD,OHE Component Replacement,Auto-Tensioning Device (ATD) Weight Jam,AST-TRD-0494,Guntakal-SEC-08,26.39,115,2026-09-04,02:00,0,Request for OHE Component Replacement due to Auto-Tensioning Device (ATD) Weight Jam observed on Isolator at Km 26.39.,2026-08-29 17:00,Completed,Critical,Critical,52.3,Traffic-cum-Power Block (OHE Isolation),"Tower Wagon Squad + Hydraulic Winch, 5:1 ATD Pulley, Stainless Steel Rope"
REQ-00460,S&T,Signal Inspection,Aspect Current Sensor Anomaly,AST-S&T-0396,Secunderabad-SEC-07,20.61,44,2026-10-05,11:00,0,Request for Signal Inspection due to Aspect Current Sensor Anomaly observed on Track Circuit at Km 20.61.,2026-10-03 20:00,Open,Low,Low,22.3,No Block,S&T Electronic Maintainer + Digital Multimeter & Telemetry Probe
REQ-00461,Engineering,Ballast Cleaning,Clogged / Foul Ballast Bed,AST-ENG-0043,Guntakal-SEC-08,76.99,399,2026-10-08,01:00,0,Request for Ballast Cleaning due to Clogged / Foul Ballast Bed observed on Points & Crossing at Km 76.99.,2026-10-02 20:00,Completed,High,Medium,41.5,Integrated Traffic-cum-Power Block,BCM Machine Crew + Ballast Cleaning Machine (BCM Rake)
REQ-00462,S&T,Signal Inspection,Shunt Signal Position Light Defect,AST-S&T-0287,Vijayawada-SEC-04,55.06,52,2026-09-16,14:00,0,Request for Signal Inspection due to Shunt Signal Position Light Defect observed on Point Machine at Km 55.06.,2026-09-14 20:00,Under Coordination,Medium,Medium,26.4,No Block (Yard Shunting),"Signal Maintainer Squad + LED Strip, Angle Calibration Jig"
REQ-00463,TRD,OHE Inspection,Neutral Section Transverse Slew Anomaly,AST-TRD-0552,Guntakal-SEC-06,39.07,81,2026-09-23,11:00,1,[EMERGENCY FAST-TRACK] Immediate attention required: Neutral Section Transverse Slew Anomaly at Km 39.07.,2026-09-14 16:00,Under Coordination,Critical,Critical,70.0,Traffic-cum-Power Block (OHE Isolation),"Tower Wagon Inspection Crew + Laser Alignment Tool, Cantilever Tensioner"
REQ-00464,Engineering,Ballast Cleaning,Level Crossing Ballast Deep Screening,AST-ENG-0051,Guntakal-SEC-07,96.01,385,2026-09-30,02:00,0,Request for Ballast Cleaning due to Level Crossing Ballast Deep Screening observed on Track at Km 96.01.,2026-09-23 18:00,Completed,Critical,Critical,45.5,Integrated Traffic + Road Traffic Block,"LC Maintenance Squad + Excavator, Road Breaker, Ballast Tamper"
REQ-00465,TRD,Tower Wagon Inspection,Routine Catenary & OHE Profile Survey,AST-TRD-0413,Vijayawada-SEC-08,92.16,199,2026-10-09,00:00,0,Request for Tower Wagon Inspection due to Routine Catenary & OHE Profile Survey observed on OHE Component at Km 92.16.,2026-10-07 20:00,Completed,Low,Low,17.1,Traffic-cum-Power Block,Tower Wagon Inspection Team + 4-Wheeler / 8-Wheeler Tower Wagon with Pantograph Sensor
REQ-00466,TRD,OHE Inspection,Catenary Dropper Missing / Damaged,AST-TRD-0506,Hyderabad-SEC-04,126.42,58,2026-10-02,11:00,0,Request for OHE Inspection due to Catenary Dropper Missing / Damaged observed on Isolator at Km 126.42.,2026-09-26 17:00,Scheduled,Medium,Medium,20.9,Power Block (OHE Isolation),"TRD Line Maintenance Gang + Ladder Trolley, Dropper Crimper, Current Shunt"
REQ-00467,TRD,Tower Wagon Inspection,Substation Feeder Jumper Maintenance,AST-TRD-0559,Vijayawada-SEC-03,89.56,103,2026-09-03,00:00,0,Request for Tower Wagon Inspection due to Substation Feeder Jumper Maintenance observed on OHE Component at Km 89.56.,2026-08-30 13:00,Completed,Medium,Medium,30.1,Power Block (Feeder Isolation),"TSS Maintenance Crew + Grounding Rods, High Voltage Tester, Spanners"
REQ-00468,Engineering,Ballast Cleaning,Clogged / Foul Ballast Bed,AST-ENG-0100,Guntur-SEC-07,122.01,370,2026-09-18,01:00,0,Request for Ballast Cleaning due to Clogged / Foul Ballast Bed observed on Sleeper at Km 122.01.,2026-09-14 18:00,Open,High,Medium,33.7,Integrated Traffic-cum-Power Block,BCM Machine Crew + Ballast Cleaning Machine (BCM Rake)
REQ-00469,Engineering,Rail Replacement,Rail End Batter at Joint,AST-ENG-0032,Hyderabad-SEC-07,65.31,112,2026-09-19,01:00,0,Request for Rail Replacement due to Rail End Batter at Joint observed on Ballast at Km 65.31.,2026-09-10 13:00,Open,High,Medium,49.0,Traffic Block,"P-Way Welding Gang + Gas Cutting, Chamfering Rig, Weld Unit"
REQ-00470,Engineering,Track Inspection,Level Crossing Check Rail Flangeway Clogging,AST-ENG-0030,Guntakal-SEC-01,58.62,72,2026-09-18,11:00,0,Request for Track Inspection due to Level Crossing Check Rail Flangeway Clogging observed on Track at Km 58.62.,2026-09-11 14:00,Open,Critical,Critical,54.9,Traffic Block (Caution Window),"LC Gate Maintenance Crew + Flangeway Cleaner, Measuring Caliper"
REQ-00471,TRD,OHE Component Replacement,Auto-Tensioning Device (ATD) Weight Jam,AST-TRD-0476,Guntur-SEC-05,114.33,113,2026-09-21,10:00,1,[EMERGENCY FAST-TRACK] Immediate attention required: Auto-Tensioning Device (ATD) Weight Jam at Km 114.33.,2026-09-11 13:00,Scheduled,Critical,Critical,74.7,Traffic-cum-Power Block (OHE Isolation),"Tower Wagon Squad + Hydraulic Winch, 5:1 ATD Pulley, Stainless Steel Rope"
REQ-00472,S&T,Telecom Equipment Maintenance,VHF / MTRC Radio Base Station Fault,AST-S&T-0202,Vijayawada-SEC-04,5.71,76,2026-09-02,12:00,0,Request for Telecom Equipment Maintenance due to VHF / MTRC Radio Base Station Fault observed on Telecom Equipment at Km 5.71.,2026-08-31 20:00,Open,High,High,36.9,No Block (Station Tower Work),"Telecom Wireless Specialist + RF Wattmeter, Antenna SWR Meter"
REQ-00473,TRD,Contact Wire Replacement,Turnout Overlap Wire Renewal,AST-TRD-0594,Vijayawada-SEC-08,115.93,260,2026-09-02,00:00,0,Request for Contact Wire Replacement due to Turnout Overlap Wire Renewal observed on Power Substation at Km 115.93.,2026-08-26 17:00,Open,High,High,32.8,Integrated Traffic-cum-Power Block,"Tower Wagon Special Squad + Wire Tensioner, Turnout Overlap Rig"
REQ-00474,S&T,Track Circuit Maintenance,Bond Wire Broken / Disconnected,AST-S&T-0210,Guntur-SEC-04,99.07,43,2026-09-08,00:00,0,Request for Track Circuit Maintenance due to Bond Wire Broken / Disconnected observed on Interlocking at Km 99.07.,2026-08-30 22:00,Open,Medium,Medium,32.2,Shadow Block / Caution Window,"Signal Maintainer Squad + Rail Bond Drill, Pin Expander, Copper Bond Wire"
REQ-00475,S&T,Signal Maintenance,Signalling Relay Contact Oxidation (Q-Series),AST-S&T-0248,Guntur-SEC-06,28.16,90,2026-09-27,23:00,0,Request for Signal Maintenance due to Signalling Relay Contact Oxidation (Q-Series) observed on Point Machine at Km 28.16.,2026-09-22 13:00,Under Coordination,High,High,44.3,Signalling Disconnection,"Relay Testing Team + Micro-ohmmeter, Spare QN1 Relay, Anti-static Mat"
REQ-00476,TRD,Tower Wagon Inspection,Substation Feeder Jumper Maintenance,AST-TRD-0583,Hyderabad-SEC-01,45.7,136,2026-09-22,02:00,0,Request for Tower Wagon Inspection due to Substation Feeder Jumper Maintenance observed on OHE at Km 45.7.,2026-09-11 13:00,Completed,Medium,Medium,24.7,Power Block (Feeder Isolation),"TSS Maintenance Crew + Grounding Rods, High Voltage Tester, Spanners"
REQ-00477,Engineering,Track Tamping,Post-Renewal Track Stabilization,AST-ENG-0031,Guntakal-SEC-07,44.78,204,2026-09-03,12:00,0,Request for Track Tamping due to Post-Renewal Track Stabilization observed on Track at Km 44.78.,2026-08-26 13:00,Open,Medium,Low,25.9,Traffic Block,Dynamic Track Stabilizer Crew + Dynamic Track Stabilizer (DGS)
REQ-00478,S&T,Signal Inspection,Signal Sighting Distance Obstruction,AST-S&T-0235,Guntakal-SEC-02,97.93,88,2026-09-02,14:00,0,Request for Signal Inspection due to Signal Sighting Distance Obstruction observed on Axle Counter at Km 97.93.,2026-08-22 13:00,Scheduled,High,High,45.0,No Block (Track-side),"Signal Maintainer Gang + Tree Trimmer, Measuring Rangefinder"
REQ-00479,TRD,OHE Inspection,Neutral Section Transverse Slew Anomaly,AST-TRD-0430,Guntakal-SEC-04,105.5,105,2026-10-07,01:00,1,[EMERGENCY FAST-TRACK] Immediate attention required: Neutral Section Transverse Slew Anomaly at Km 105.5.,2026-09-29 20:00,Scheduled,Critical,Critical,68.1,Traffic-cum-Power Block (OHE Isolation),"Tower Wagon Inspection Crew + Laser Alignment Tool, Cantilever Tensioner"
REQ-00480,TRD,OHE Component Replacement,Insulator Flashover / Broken Porcelain Disc,AST-TRD-0545,Vijayawada-SEC-06,34.24,137,2026-10-01,23:00,0,Request for OHE Component Replacement due to Insulator Flashover / Broken Porcelain Disc observed on OHE Component at Km 34.24.,2026-09-22 13:00,Open,Critical,Critical,49.4,Traffic-cum-Power Block (OHE Isolation),"Tower Wagon Crew + Polymer / Composite 25kV Insulator, Torque Wrenches"
REQ-00481,Engineering,Sleeper Replacement,Broken PSC Sleeper,AST-ENG-0066,Secunderabad-SEC-04,114.28,203,2026-09-16,12:00,0,Request for Sleeper Replacement due to Broken PSC Sleeper observed on Track at Km 114.28.,2026-09-06 16:00,Open,High,High,32.6,Traffic Block,"P-Way Heavy Gang + Sleeper Exchanger, Hydraulic Jacks, Track Jacks"
REQ-00482,TRD,OHE Inspection,Thermal Hotspot in Isolator / Jumper,AST-TRD-0548,Guntur-SEC-08,16.74,107,2026-09-15,14:00,0,Request for OHE Inspection due to Thermal Hotspot in Isolator / Jumper observed on Isolator at Km 16.74.,2026-09-07 22:00,Open,High,High,40.5,Power Block (OHE Isolation),"TRD Thermo-vision Team + Thermal Imager Camera, Torque Spanner"
REQ-00483,TRD,OHE Inspection,Neutral Section Transverse Slew Anomaly,AST-TRD-0506,Hyderabad-SEC-04,126.42,112,2026-09-27,23:00,1,[EMERGENCY FAST-TRACK] Immediate attention required: Neutral Section Transverse Slew Anomaly at Km 126.42.,2026-09-20 14:00,Open,Critical,Critical,67.9,Traffic-cum-Power Block (OHE Isolation),"Tower Wagon Inspection Crew + Laser Alignment Tool, Cantilever Tensioner"
REQ-00484,S&T,Point Machine Maintenance,Crank Handle Interlock Microswitch Jam,AST-S&T-0273,Vijayawada-SEC-02,134.19,40,2026-10-06,12:00,0,Request for Point Machine Maintenance due to Crank Handle Interlock Microswitch Jam observed on Signal at Km 134.19.,2026-09-27 14:00,Scheduled,High,High,43.6,Signalling Disconnection,"Signal Maintainer Squad + Microswitch Assembly, Keybox Contact Cleaner"
REQ-00485,S&T,Track Circuit Maintenance,Track Lead Cable Sheath Damage,AST-S&T-0213,Guntakal-SEC-05,69.93,52,2026-09-05,00:00,0,Request for Track Circuit Maintenance due to Track Lead Cable Sheath Damage observed on Interlocking at Km 69.93.,2026-08-28 16:00,Under Coordination,High,High,43.6,Shadow Block,"Signal Maintainer Gang + Armoured 2-Core Cable, Heat Shrink Sleeve"
REQ-00486,S&T,Signal Inspection,LED Signal Aspect Intensity Drop,AST-S&T-0377,Vijayawada-SEC-03,86.39,66,2026-09-30,23:00,0,Request for Signal Inspection due to LED Signal Aspect Intensity Drop observed on Point Machine at Km 86.39.,2026-09-26 19:00,Open,Medium,Medium,33.4,No Block (Shadow Maintenance),"Signal Maintainer Squad + Lux Meter, Current/Voltage Multimeter"
REQ-00487,TRD,Contact Wire Replacement,Turnout Overlap Wire Renewal,AST-TRD-0581,Hyderabad-SEC-02,60.62,189,2026-09-06,02:00,0,Request for Contact Wire Replacement due to Turnout Overlap Wire Renewal observed on OHE at Km 60.62.,2026-08-31 22:00,Open,High,High,47.5,Integrated Traffic-cum-Power Block,"Tower Wagon Special Squad + Wire Tensioner, Turnout Overlap Rig"
REQ-00488,Engineering,Track Inspection,Switch Expansion Joint (SEJ) Gap Abnormality,AST-ENG-0110,Hyderabad-SEC-04,43.1,84,2026-09-27,10:00,0,Request for Track Inspection due to Switch Expansion Joint (SEJ) Gap Abnormality observed on Rail at Km 43.1.,2026-09-23 14:00,Completed,High,High,35.5,Traffic Block,"P-Way Section Gang + SEJ Gap Measurement Wedge, Torque Wrench"
REQ-00489,TRD,OHE Wire Maintenance,Catenary Wire Strand Broken,AST-TRD-0495,Secunderabad-SEC-06,109.37,188,2026-09-07,23:00,0,Request for OHE Wire Maintenance due to Catenary Wire Strand Broken observed on OHE Component at Km 109.37.,2026-08-28 12:00,Open,Critical,Critical,48.5,Traffic-cum-Power Block (OHE Isolation),"TRD Heavy Maintenance Gang + Splice Casing, Hydraulic Crimper, Tension Rig"
REQ-00490,S&T,Signal Maintenance,Signal Post Corrosion & Alignment Tilt,AST-S&T-0331,Vijayawada-SEC-01,125.86,146,2026-09-01,14:00,0,Request for Signal Maintenance due to Signal Post Corrosion & Alignment Tilt observed on Signal at Km 125.86.,2026-08-30 16:00,Under Coordination,Medium,Low,20.3,Signalling Disconnection,"Signal Construction Gang + Plumb Line, Torque Wrench, Concrete Base Grout"
REQ-00491,S&T,Axle Counter Maintenance,Reset Box Pushbutton Key Interlock Seizure,AST-S&T-0362,Hyderabad-SEC-02,17.91,54,2026-09-16,00:00,1,[EMERGENCY FAST-TRACK] Immediate attention required: Reset Box Pushbutton Key Interlock Seizure at Km 17.91.,2026-09-08 19:00,Scheduled,Critical,Critical,71.9,No Block (SM Panel),"S&T Station Maintainer + Reset Box Switch Module, Spare Key Set"
REQ-00492,Engineering,Rail Grinding,Rail Lip / Fin Formation,AST-ENG-0034,Guntakal-SEC-05,82.4,165,2026-09-23,10:00,0,Request for Rail Grinding due to Rail Lip / Fin Formation observed on Track at Km 82.4.,2026-09-21 13:00,Under Coordination,Medium,Medium,26.8,Traffic Block,RGM Machine Crew + RGM 72-Stone Machine
REQ-00493,S&T,Signal Inspection,Route Indicator Lamp Burnout,AST-S&T-0215,Hyderabad-SEC-08,133.14,61,2026-10-01,14:00,0,Request for Signal Inspection due to Route Indicator Lamp Burnout observed on Track Circuit at Km 133.14.,2026-09-26 15:00,Completed,High,High,41.8,Signalling Disconnection,"Signal Maintainer Squad + Spare LED Route Unit, Multimeter"
REQ-00494,Engineering,Sleeper Replacement,Damaged Elastic Rail Clips (ERC),AST-ENG-0072,Hyderabad-SEC-05,9.49,83,2026-09-23,01:00,0,Request for Sleeper Replacement due to Damaged Elastic Rail Clips (ERC) observed on Ballast at Km 9.49.,2026-09-17 19:00,Scheduled,Medium,Medium,35.8,Caution Order Window,"P-Way Section Gang + ERC Extractor, Torque Spanners"
REQ-00495,Engineering,Track Inspection,Diamond Crossing Flange Wear,AST-ENG-0015,Guntakal-SEC-07,22.51,102,2026-09-14,23:00,0,Request for Track Inspection due to Diamond Crossing Flange Wear observed on Points & Crossing at Km 22.51.,2026-09-03 17:00,Scheduled,High,High,34.5,Traffic Block,"P-Way Section Gang + Feeler Gauge, Rail Caliper, Optical Sighting Bar"
REQ-00496,TRD,OHE Inspection,Section Insulator Arcing Horn Burn,AST-TRD-0426,Secunderabad-SEC-03,23.13,111,2026-09-21,11:00,0,Request for OHE Inspection due to Section Insulator Arcing Horn Burn observed on OHE at Km 23.13.,2026-09-15 12:00,Open,High,High,30.9,Traffic-cum-Power Block (OHE Isolation),"TRD Specialist Gang + Arcing Horn Gap Gauge, Torque Wrenches"
REQ-00497,Engineering,Sleeper Replacement,Damaged Elastic Rail Clips (ERC),AST-ENG-0003,Secunderabad-SEC-07,63.5,89,2026-10-09,12:00,0,Request for Sleeper Replacement due to Damaged Elastic Rail Clips (ERC) observed on Ballast at Km 63.5.,2026-10-07 14:00,Under Coordination,Medium,Medium,26.5,Caution Order Window,"P-Way Section Gang + ERC Extractor, Torque Spanners"
REQ-00498,S&T,Axle Counter Maintenance,Axle Counter Evaluator Card Failure,AST-S&T-0237,Hyderabad-SEC-08,112.73,108,2026-09-27,02:00,1,[EMERGENCY FAST-TRACK] Immediate attention required: Axle Counter Evaluator Card Failure at Km 112.73.,2026-09-16 13:00,Scheduled,Critical,Critical,73.5,No Block (Station Relay Room),"Axle Counter Specialist Crew + Spare Evaluator Card, Diagnostic Laptop"
REQ-00499,TRD,OHE Wire Maintenance,Catenary Wire Strand Broken,AST-TRD-0432,Guntur-SEC-02,32.14,252,2026-09-13,01:00,0,Request for OHE Wire Maintenance due to Catenary Wire Strand Broken observed on OHE Component at Km 32.14.,2026-09-09 18:00,Under Coordination,Critical,Critical,44.5,Traffic-cum-Power Block (OHE Isolation),"TRD Heavy Maintenance Gang + Splice Casing, Hydraulic Crimper, Tension Rig"
REQ-00500,S&T,Point Machine Maintenance,Lock Slide Notch Wear & Burr,AST-S&T-0396,Secunderabad-SEC-07,20.61,99,2026-09-12,12:00,0,Request for Point Machine Maintenance due to Lock Slide Notch Wear & Burr observed on Track Circuit at Km 20.61.,2026-09-08 16:00,Completed,Critical,Critical,52.3,Signalling Disconnection & S&T Block,"Point Specialist Crew + Lock Slide Replacement Kit, Feeler Gauge"
REQ-00501,S&T,Track Circuit Maintenance,Glued Insulated Rail Joint (GJ) Failure,AST-S&T-0245,Vijayawada-SEC-04,128.81,147,2026-09-29,01:00,0,Request for Track Circuit Maintenance due to Glued Insulated Rail Joint (GJ) Failure observed on Point Machine at Km 128.81.,2026-09-18 18:00,Scheduled,Critical,Critical,43.6,Integrated S&T + Traffic Block,"Joint S&T + P-Way Gang + Insulation End Post, Nylon Bushings, Torque Wrench"
REQ-00502,S&T,Track Circuit Maintenance,Glued Insulated Rail Joint (GJ) Failure,AST-S&T-0376,Guntur-SEC-08,28.61,150,2026-09-01,01:00,0,Request for Track Circuit Maintenance due to Glued Insulated Rail Joint (GJ) Failure observed on Track Circuit at Km 28.61.,2026-08-25 17:00,Scheduled,Critical,Critical,46.9,Integrated S&T + Traffic Block,"Joint S&T + P-Way Gang + Insulation End Post, Nylon Bushings, Torque Wrench"
REQ-00503,S&T,Signal Inspection,Calling-on Signal Aspect Failure,AST-S&T-0221,Vijayawada-SEC-01,106.28,60,2026-10-11,02:00,0,Request for Signal Inspection due to Calling-on Signal Aspect Failure observed on Signal at Km 106.28.,2026-09-30 17:00,Open,High,Medium,33.1,Signalling Disconnection,"Signal Maintainer Squad + LED C-Unit, Step-down Transformer"
REQ-00504,Engineering,Track Tamping,Post-Renewal Track Stabilization,AST-ENG-0191,Guntur-SEC-02,103.5,211,2026-09-11,12:00,0,Request for Track Tamping due to Post-Renewal Track Stabilization observed on Track at Km 103.5.,2026-09-08 21:00,Scheduled,Medium,Low,30.6,Traffic Block,Dynamic Track Stabilizer Crew + Dynamic Track Stabilizer (DGS)
REQ-00505,Engineering,Track Inspection,Bridge Guard Rail Misalignment,AST-ENG-0018,Secunderabad-SEC-07,55.12,104,2026-10-04,23:00,0,Request for Track Inspection due to Bridge Guard Rail Misalignment observed on Track at Km 55.12.,2026-09-29 12:00,Open,High,High,46.4,Traffic Block,"Bridge Inspection Gang + Spike Puller, Torque Wrenches, Measuring Rod"
REQ-00506,S&T,Telecom Equipment Maintenance,Optical Fibre Cable (OFC) Attenuation Surge,AST-S&T-0301,Secunderabad-SEC-07,105.45,169,2026-09-20,23:00,0,Request for Telecom Equipment Maintenance due to Optical Fibre Cable (OFC) Attenuation Surge observed on Axle Counter at Km 105.45.,2026-09-14 17:00,Open,High,Medium,42.9,No Block (Cess/Trench Work),"Telecom OFC Splicing Gang + Optical Time Domain Reflectometer (OTDR), Fusion Splicer"
REQ-00507,S&T,Telecom Equipment Maintenance,VHF / MTRC Radio Base Station Fault,AST-S&T-0322,Vijayawada-SEC-05,39.14,82,2026-09-17,23:00,0,Request for Telecom Equipment Maintenance due to VHF / MTRC Radio Base Station Fault observed on Signal at Km 39.14.,2026-09-13 15:00,Under Coordination,High,High,36.0,No Block (Station Tower Work),"Telecom Wireless Specialist + RF Wattmeter, Antenna SWR Meter"
REQ-00508,Engineering,Track Inspection,Diamond Crossing Flange Wear,AST-ENG-0174,Guntakal-SEC-05,81.87,135,2026-10-09,10:00,0,Request for Track Inspection due to Diamond Crossing Flange Wear observed on Sleeper at Km 81.87.,2026-10-03 12:00,Scheduled,High,High,39.2,Traffic Block,"P-Way Section Gang + Feeler Gauge, Rail Caliper, Optical Sighting Bar"
REQ-00509,Engineering,Ballast Cleaning,Station Yard Track Drain Choking,AST-ENG-0087,Guntur-SEC-07,34.64,168,2026-09-11,01:00,0,Request for Ballast Cleaning due to Station Yard Track Drain Choking observed on Ballast at Km 34.64.,2026-09-07 18:00,Open,High,Medium,37.5,Traffic Block,"Yard Maintenance Gang + Excavator, Mud Pump, Ballast Rake"
REQ-00510,Engineering,Points & Crossing Maintenance,Check Rail Clearance Error,AST-ENG-0007,Secunderabad-SEC-02,81.0,137,2026-09-21,00:00,0,Request for Points & Crossing Maintenance due to Check Rail Clearance Error observed on Sleeper at Km 81.0.,2026-09-10 15:00,Scheduled,High,High,49.0,Traffic Block,"P-Way Gang + Check Rail Shims, Torque Spanners"
REQ-00511,S&T,Signal Maintenance,Integrated Power Supply (IPS) Module Failure,AST-S&T-0280,Vijayawada-SEC-05,31.29,135,2026-09-12,11:00,0,Request for Signal Maintenance due to Integrated Power Supply (IPS) Module Failure observed on Point Machine at Km 31.29.,2026-09-04 19:00,Scheduled,Critical,Critical,50.9,No Block (Station Relay Room Work),"Power Electronics Specialist + Spare IPS Converter Module, Digital Oscilloscope"
REQ-00512,S&T,Track Circuit Maintenance,Bond Wire Broken / Disconnected,AST-S&T-0259,Hyderabad-SEC-02,75.54,41,2026-09-29,14:00,0,Request for Track Circuit Maintenance due to Bond Wire Broken / Disconnected observed on Point Machine at Km 75.54.,2026-09-20 20:00,Scheduled,Medium,Medium,36.9,Shadow Block / Caution Window,"Signal Maintainer Squad + Rail Bond Drill, Pin Expander, Copper Bond Wire"
REQ-00513,Engineering,Rail Grinding,Rolling Contact Fatigue / Head Checking,AST-ENG-0192,Vijayawada-SEC-06,98.56,270,2026-09-30,01:00,0,Request for Rail Grinding due to Rolling Contact Fatigue / Head Checking observed on Rail at Km 98.56.,2026-09-27 20:00,Under Coordination,High,High,32.8,Integrated Traffic-cum-Power Block,RGM Special Machine Crew + RGM 96-Stone Heavy Machine
REQ-00514,Engineering,Track Inspection,Ballast Deficiency / Shoulder Loss,AST-ENG-0082,Guntakal-SEC-07,64.39,182,2026-09-05,23:00,0,Request for Track Inspection due to Ballast Deficiency / Shoulder Loss observed on Rail at Km 64.39.,2026-08-29 15:00,Scheduled,Low,Low,17.0,Shadow Block / Planned Window,P-Way Maintenance Team + Ballast Hopper & Measuring Scale
REQ-00515,TRD,OHE Wire Maintenance,Bridging Jumper Burning / Degradation,AST-TRD-0424,Vijayawada-SEC-04,61.65,125,2026-09-23,10:00,0,Request for OHE Wire Maintenance due to Bridging Jumper Burning / Degradation observed on OHE at Km 61.65.,2026-09-14 22:00,Under Coordination,High,High,35.1,Traffic-cum-Power Block (OHE Isolation),"Tower Wagon Gang + PG Clamps, Flexible Copper Cable, Crimper"
REQ-00516,Engineering,Rail Replacement,Corroded Rail Flange,AST-ENG-0189,Secunderabad-SEC-01,52.14,260,2026-09-07,14:00,0,Request for Rail Replacement due to Corroded Rail Flange observed on Ballast at Km 52.14.,2026-09-02 22:00,Under Coordination,High,High,46.8,Traffic Block,"Track Maintenance Gang + Rail Puller, Hydraulic Jacks, Torque Wrenches"
REQ-00517,Engineering,Sleeper Replacement,Bridge Timber Sleeper Decay,AST-ENG-0067,Hyderabad-SEC-08,13.61,209,2026-09-17,02:00,1,[EMERGENCY FAST-TRACK] Immediate attention required: Bridge Timber Sleeper Decay at Km 13.61.,2026-09-13 15:00,Open,Critical,Critical,73.5,Traffic Block,"Bridge P-Way Gang + Timber Boring Rig, Bridge Jacks, Hook Bolts"
REQ-00518,S&T,Signal Maintenance,Electronic Interlocking (EI) VDU Communication Fault,AST-S&T-0234,Secunderabad-SEC-08,72.05,101,2026-09-30,14:00,0,Request for Signal Maintenance due to Electronic Interlocking (EI) VDU Communication Fault observed on Telecom Equipment at Km 72.05.,2026-09-26 23:00,Open,Critical,Critical,49.7,No Block (Station Relay Room),"EI Specialist Engineer + Optic Converter, Network Analyzer, Standby VDU"
REQ-00519,S&T,Track Circuit Maintenance,Track Relay Choke Coil Breakdown,AST-S&T-0358,Guntur-SEC-03,94.59,72,2026-10-04,01:00,1,[EMERGENCY FAST-TRACK] Immediate attention required: Track Relay Choke Coil Breakdown at Km 94.59.,2026-10-01 16:00,Scheduled,Critical,Critical,77.0,Signalling Disconnection & S&T Block,"S&T Line Gang + Spare Choke Coil, AC Immunized Relay"
REQ-00520,TRD,OHE Inspection,Catenary Dropper Missing / Damaged,AST-TRD-0532,Secunderabad-SEC-08,114.12,51,2026-09-30,10:00,0,Request for OHE Inspection due to Catenary Dropper Missing / Damaged observed on Isolator at Km 114.12.,2026-09-28 21:00,Scheduled,Medium,Medium,31.8,Power Block (OHE Isolation),"TRD Line Maintenance Gang + Ladder Trolley, Dropper Crimper, Current Shunt"
REQ-00521,TRD,Contact Wire Replacement,Loop Line Contact Wire Heavy Carbonization,AST-TRD-0477,Hyderabad-SEC-04,113.18,279,2026-09-15,02:00,0,Request for Contact Wire Replacement due to Loop Line Contact Wire Heavy Carbonization observed on OHE Component at Km 113.18.,2026-09-06 15:00,Open,High,Medium,45.0,Traffic-cum-Power Block,"Wiring Train Rake + OHE Wiring Train, Tension Winch"
REQ-00522,Engineering,Rail Grinding,Rolling Contact Fatigue / Head Checking,AST-ENG-0135,Hyderabad-SEC-04,95.02,330,2026-09-23,10:00,0,Request for Rail Grinding due to Rolling Contact Fatigue / Head Checking observed on Track at Km 95.02.,2026-09-18 18:00,Open,High,High,42.1,Integrated Traffic-cum-Power Block,RGM Special Machine Crew + RGM 96-Stone Heavy Machine
REQ-00523,TRD,OHE Inspection,Catenary Dropper Missing / Damaged,AST-TRD-0502,Guntur-SEC-01,107.05,73,2026-09-15,01:00,0,Request for OHE Inspection due to Catenary Dropper Missing / Damaged observed on OHE at Km 107.05.,2026-09-08 21:00,Under Coordination,Medium,Medium,30.6,Power Block (OHE Isolation),"TRD Line Maintenance Gang + Ladder Trolley, Dropper Crimper, Current Shunt"
REQ-00524,TRD,Contact Wire Replacement,Turnout Overlap Wire Renewal,AST-TRD-0548,Guntur-SEC-08,16.74,200,2026-10-05,00:00,0,Request for Contact Wire Replacement due to Turnout Overlap Wire Renewal observed on Isolator at Km 16.74.,2026-09-25 23:00,Scheduled,High,High,40.5,Integrated Traffic-cum-Power Block,"Tower Wagon Special Squad + Wire Tensioner, Turnout Overlap Rig"
REQ-00525,Engineering,Track Inspection,Ultrasonic Rail Flaw Detection (USFD) Anomaly,AST-ENG-0002,Hyderabad-SEC-04,118.09,145,2026-10-04,23:00,0,Request for Track Inspection due to Ultrasonic Rail Flaw Detection (USFD) Anomaly observed on Track at Km 118.09.,2026-09-27 17:00,Open,High,High,30.5,Traffic Block (Caution Order),USFD Testing Team + USFD Trolley & Digital Flaw Detector
REQ-00526,Engineering,Points & Crossing Maintenance,Check Rail Clearance Error,AST-ENG-0076,Guntakal-SEC-01,46.7,145,2026-09-10,01:00,0,Request for Points & Crossing Maintenance due to Check Rail Clearance Error observed on Track at Km 46.7.,2026-09-06 21:00,Scheduled,High,High,48.4,Traffic Block,"P-Way Gang + Check Rail Shims, Torque Spanners"
REQ-00527,TRD,Tower Wagon Inspection,Routine Catenary & OHE Profile Survey,AST-TRD-0553,Hyderabad-SEC-01,82.71,214,2026-09-09,14:00,0,Request for Tower Wagon Inspection due to Routine Catenary & OHE Profile Survey observed on Power Substation at Km 82.71.,2026-09-02 23:00,Open,Low,Low,13.5,Traffic-cum-Power Block,Tower Wagon Inspection Team + 4-Wheeler / 8-Wheeler Tower Wagon with Pantograph Sensor
REQ-00528,S&T,Signal Inspection,LED Signal Aspect Intensity Drop,AST-S&T-0397,Guntakal-SEC-06,27.83,59,2026-09-06,01:00,0,Request for Signal Inspection due to LED Signal Aspect Intensity Drop observed on Telecom Equipment at Km 27.83.,2026-08-30 21:00,Scheduled,Medium,Medium,37.2,No Block (Shadow Maintenance),"Signal Maintainer Squad + Lux Meter, Current/Voltage Multimeter"
REQ-00529,TRD,OHE Inspection,Neutral Section Transverse Slew Anomaly,AST-TRD-0465,Vijayawada-SEC-07,43.99,104,2026-09-20,10:00,1,[EMERGENCY FAST-TRACK] Immediate attention required: Neutral Section Transverse Slew Anomaly at Km 43.99.,2026-09-17 19:00,Open,Critical,Critical,80.8,Traffic-cum-Power Block (OHE Isolation),"Tower Wagon Inspection Crew + Laser Alignment Tool, Cantilever Tensioner"
REQ-00530,Engineering,Ballast Cleaning,Clogged / Foul Ballast Bed,AST-ENG-0092,Secunderabad-SEC-01,34.96,389,2026-09-06,00:00,0,Request for Ballast Cleaning due to Clogged / Foul Ballast Bed observed on Track at Km 34.96.,2026-08-31 18:00,Open,High,Medium,40.5,Integrated Traffic-cum-Power Block,BCM Machine Crew + Ballast Cleaning Machine (BCM Rake)
REQ-00531,Engineering,Ballast Cleaning,Shoulder Ballast Contamination,AST-ENG-0074,Hyderabad-SEC-08,69.07,291,2026-10-04,11:00,0,Request for Ballast Cleaning due to Shoulder Ballast Contamination observed on Rail at Km 69.07.,2026-09-29 21:00,Completed,Medium,Medium,38.1,Traffic Block,Shoulder Ballast Cleaning Crew + Shoulder Ballast Cleaner (FRM/SBCM)
REQ-00532,Engineering,Points & Crossing Maintenance,Worn CMS Crossing Nose,AST-ENG-0036,Guntakal-SEC-07,58.73,242,2026-09-28,12:00,0,Request for Points & Crossing Maintenance due to Worn CMS Crossing Nose observed on Track at Km 58.73.,2026-09-22 12:00,Open,High,High,41.4,Traffic Block,Hardfacing Welding Crew + Translamatic Robotic Welder / Special Electrodes
REQ-00533,S&T,Track Circuit Maintenance,Bond Wire Broken / Disconnected,AST-S&T-0304,Secunderabad-SEC-03,97.22,53,2026-09-02,23:00,0,Request for Track Circuit Maintenance due to Bond Wire Broken / Disconnected observed on Signal at Km 97.22.,2026-08-28 20:00,Open,Medium,Medium,24.9,Shadow Block / Caution Window,"Signal Maintainer Squad + Rail Bond Drill, Pin Expander, Copper Bond Wire"
REQ-00534,S&T,Point Machine Maintenance,Point Machine Out of Adjustment / Flashover,AST-S&T-0373,Hyderabad-SEC-02,134.29,77,2026-10-04,00:00,1,[EMERGENCY FAST-TRACK] Immediate attention required: Point Machine Out of Adjustment / Flashover at Km 134.29.,2026-09-25 23:00,Scheduled,Critical,Critical,73.0,Signalling Disconnection & S&T Block,"Point Specialist Crew + Point Gauge (5mm test piece), Motor Amp Meter"
REQ-00535,S&T,Signal Inspection,Shunt Signal Position Light Defect,AST-S&T-0226,Guntakal-SEC-08,51.79,44,2026-09-12,23:00,0,Request for Signal Inspection due to Shunt Signal Position Light Defect observed on Track Circuit at Km 51.79.,2026-09-10 17:00,Under Coordination,Medium,Medium,31.0,No Block (Yard Shunting),"Signal Maintainer Squad + LED Strip, Angle Calibration Jig"
REQ-00536,TRD,OHE Inspection,Thermal Hotspot in Isolator / Jumper,AST-TRD-0543,Hyderabad-SEC-04,34.51,84,2026-10-10,23:00,0,Request for OHE Inspection due to Thermal Hotspot in Isolator / Jumper observed on OHE Component at Km 34.51.,2026-10-05 14:00,Under Coordination,High,High,46.6,Power Block (OHE Isolation),"TRD Thermo-vision Team + Thermal Imager Camera, Torque Spanner"
REQ-00537,S&T,Point Machine Maintenance,Point Machine Motor Replacement,AST-S&T-0309,Secunderabad-SEC-04,97.62,138,2026-09-21,10:00,0,Request for Point Machine Maintenance due to Point Machine Motor Replacement observed on Axle Counter at Km 97.62.,2026-09-17 21:00,Scheduled,High,High,41.4,Integrated S&T + P-Way Block,"Signal Replacement Crew + Spare 110V DC Point Motor, Torque Spanners"
REQ-00538,S&T,Point Machine Maintenance,Point Machine Out of Adjustment / Flashover,AST-S&T-0262,Vijayawada-SEC-07,122.42,96,2026-09-09,10:00,1,[EMERGENCY FAST-TRACK] Immediate attention required: Point Machine Out of Adjustment / Flashover at Km 122.42.,2026-08-31 14:00,Open,Critical,Critical,72.5,Signalling Disconnection & S&T Block,"Point Specialist Crew + Point Gauge (5mm test piece), Motor Amp Meter"
REQ-00539,S&T,Signal Inspection,Signal Cable Insulation Degradation,AST-S&T-0264,Hyderabad-SEC-07,125.71,132,2026-09-05,01:00,0,Request for Signal Inspection due to Signal Cable Insulation Degradation observed on Interlocking at Km 125.71.,2026-09-02 19:00,Under Coordination,High,High,49.0,Shadow Block / Disconnection Notice,S&T Telecom / Cable Testing Gang + Megger 500V/1000V Insulation Tester
REQ-00540,S&T,Track Circuit Maintenance,Bond Wire Broken / Disconnected,AST-S&T-0277,Hyderabad-SEC-06,93.54,43,2026-09-30,23:00,0,Request for Track Circuit Maintenance due to Bond Wire Broken / Disconnected observed on Signal at Km 93.54.,2026-09-23 16:00,Completed,Medium,Medium,29.1,Shadow Block / Caution Window,"Signal Maintainer Squad + Rail Bond Drill, Pin Expander, Copper Bond Wire"
REQ-00541,TRD,OHE Component Replacement,Traction Substation 25kV Vacuum Circuit Breaker (VCB) Fault,AST-TRD-0425,Guntur-SEC-07,102.32,202,2026-09-30,23:00,0,Request for OHE Component Replacement due to Traction Substation 25kV Vacuum Circuit Breaker (VCB) Fault observed on OHE at Km 102.32.,2026-09-22 18:00,Under Coordination,Critical,Critical,46.4,Power Block (Substation Isolation),"TSS Specialist Team + Contact Resistance Meter, Spare 25kV VCB, High Voltage Probe"
REQ-00542,TRD,Contact Wire Replacement,Contact Wire Parting / Snap Incident,AST-TRD-0435,Secunderabad-SEC-04,20.0,222,2026-09-09,10:00,1,[EMERGENCY FAST-TRACK] Immediate attention required: Contact Wire Parting / Snap Incident at Km 20.0.,2026-09-06 18:00,Scheduled,Critical,Critical,79.4,Emergency Traffic-cum-Power Block,"Emergency Breakdown Crew + Tower Wagon, Emergency Splice Sleeves, Tirfor Winch"
REQ-00543,Engineering,Track Inspection,Ballast Deficiency / Shoulder Loss,AST-ENG-0117,Secunderabad-SEC-07,17.25,159,2026-10-11,23:00,0,Request for Track Inspection due to Ballast Deficiency / Shoulder Loss observed on Track at Km 17.25.,2026-10-06 14:00,Open,Low,Low,27.0,Shadow Block / Planned Window,P-Way Maintenance Team + Ballast Hopper & Measuring Scale
REQ-00544,S&T,Axle Counter Maintenance,High Voltage Surge Suppressor Burnout,AST-S&T-0386,Guntakal-SEC-07,68.35,42,2026-09-30,23:00,0,Request for Axle Counter Maintenance due to High Voltage Surge Suppressor Burnout observed on Track Circuit at Km 68.35.,2026-09-22 21:00,Scheduled,High,High,32.5,No Block (Location Box),"S&T Maintenance Crew + Class B/C Surge Protection Device (SPD), Multimeter"
REQ-00545,TRD,OHE Inspection,Thermal Hotspot in Isolator / Jumper,AST-TRD-0482,Guntakal-SEC-07,14.28,83,2026-09-14,14:00,0,Request for OHE Inspection due to Thermal Hotspot in Isolator / Jumper observed on OHE Component at Km 14.28.,2026-09-05 15:00,Scheduled,High,High,49.0,Power Block (OHE Isolation),"TRD Thermo-vision Team + Thermal Imager Camera, Torque Spanner"
REQ-00546,S&T,Track Circuit Maintenance,Ballast Resistance Leakage (Low Ballast Resistance),AST-S&T-0352,Hyderabad-SEC-07,47.25,103,2026-09-08,23:00,0,Request for Track Circuit Maintenance due to Ballast Resistance Leakage (Low Ballast Resistance) observed on Interlocking at Km 47.25.,2026-09-01 21:00,Scheduled,High,High,33.9,Signalling Disconnection,"Track Circuit Maintenance Gang + Variable Feed Resistance Box, Shunt Tester"
REQ-00547,Engineering,Points & Crossing Maintenance,Loose Stretcher Bar Bolts,AST-ENG-0044,Hyderabad-SEC-06,43.63,51,2026-09-24,23:00,0,Request for Points & Crossing Maintenance due to Loose Stretcher Bar Bolts observed on Track at Km 43.63.,2026-09-17 19:00,Open,Critical,Critical,54.2,Traffic Block (Caution Order),"Joint Turnout Squad + Torque Wrench, Split Pins, Stretcher Shims"
REQ-00548,S&T,Telecom Equipment Maintenance,Optical Fibre Cable (OFC) Attenuation Surge,AST-S&T-0253,Guntur-SEC-07,11.37,176,2026-09-22,12:00,0,Request for Telecom Equipment Maintenance due to Optical Fibre Cable (OFC) Attenuation Surge observed on Point Machine at Km 11.37.,2026-09-16 18:00,Open,High,Medium,37.6,No Block (Cess/Trench Work),"Telecom OFC Splicing Gang + Optical Time Domain Reflectometer (OTDR), Fusion Splicer"
REQ-00549,TRD,OHE Inspection,Catenary Dropper Missing / Damaged,AST-TRD-0448,Vijayawada-SEC-07,27.99,52,2026-09-13,02:00,0,Request for OHE Inspection due to Catenary Dropper Missing / Damaged observed on OHE Component at Km 27.99.,2026-09-10 22:00,Open,Medium,Medium,30.8,Power Block (OHE Isolation),"TRD Line Maintenance Gang + Ladder Trolley, Dropper Crimper, Current Shunt"
REQ-00550,Engineering,Rail Replacement,Fractured Rail Segment,AST-ENG-0200,Vijayawada-SEC-01,115.87,223,2026-09-24,14:00,1,[EMERGENCY FAST-TRACK] Immediate attention required: Fractured Rail Segment at Km 115.87.,2026-09-20 20:00,Open,Critical,Critical,70.2,Traffic Block (Line Block),"Rail Welding & P-Way Team + Rail Cutting Machine, Chamfering Kit, AT Welding Kit"
REQ-00551,TRD,OHE Inspection,Mast Earthing Bond Disconnected,AST-TRD-0541,Secunderabad-SEC-07,28.29,59,2026-09-16,00:00,0,Request for OHE Inspection due to Mast Earthing Bond Disconnected observed on OHE Component at Km 28.29.,2026-09-09 22:00,Under Coordination,High,High,36.1,No Block (Mast Foot),"TRD Ground Maintenance Gang + Exothermic Welding Kit, Bond Wire, Earth Resistance Tester"
REQ-00552,S&T,Signal Maintenance,Signal Post Corrosion & Alignment Tilt,AST-S&T-0313,Guntakal-SEC-06,107.71,153,2026-09-20,12:00,0,Request for Signal Maintenance due to Signal Post Corrosion & Alignment Tilt observed on Interlocking at Km 107.71.,2026-09-12 12:00,Scheduled,Medium,Low,21.1,Signalling Disconnection,"Signal Construction Gang + Plumb Line, Torque Wrench, Concrete Base Grout"
REQ-00553,TRD,Tower Wagon Inspection,Neutral Section (PTFE Type) Inspection,AST-TRD-0543,Hyderabad-SEC-04,34.51,132,2026-09-12,01:00,0,Request for Tower Wagon Inspection due to Neutral Section (PTFE Type) Inspection observed on OHE Component at Km 34.51.,2026-09-03 21:00,Completed,High,High,46.6,Traffic-cum-Power Block (OHE Isolation),"TRD Specialist Gang + Neutral Section Gauge, Arc Trap Kit"
REQ-00554,Engineering,Rail Replacement,Rail Burn / Scabbing Defect,AST-ENG-0011,Guntur-SEC-08,65.87,168,2026-09-16,00:00,0,Request for Rail Replacement due to Rail Burn / Scabbing Defect observed on Track at Km 65.87.,2026-09-12 21:00,Open,Medium,Medium,21.1,Traffic Block,"P-Way Welding Gang + Rail Grinder, Gas Cutting Kit, AT Welding"
REQ-00555,TRD,OHE Component Replacement,Cantilever Bracket Assembly Misalignment,AST-TRD-0599,Guntur-SEC-05,32.39,151,2026-09-11,14:00,0,Request for OHE Component Replacement due to Cantilever Bracket Assembly Misalignment observed on OHE at Km 32.39.,2026-09-07 23:00,Scheduled,High,Medium,33.4,Traffic-cum-Power Block,"TRD Line Maintenance Gang + Cantilever Adjuster, Mast Clamps, Spanners"
REQ-00556,S&T,Signal Inspection,Signal Cable Insulation Degradation,AST-S&T-0321,Guntakal-SEC-03,49.7,120,2026-09-05,00:00,0,Request for Signal Inspection due to Signal Cable Insulation Degradation observed on Interlocking at Km 49.7.,2026-09-02 22:00,Scheduled,High,High,34.1,Shadow Block / Disconnection Notice,S&T Telecom / Cable Testing Gang + Megger 500V/1000V Insulation Tester
REQ-00557,Engineering,Sleeper Replacement,Broken PSC Sleeper,AST-ENG-0102,Hyderabad-SEC-06,3.92,217,2026-09-30,12:00,0,Request for Sleeper Replacement due to Broken PSC Sleeper observed on Points & Crossing at Km 3.92.,2026-09-25 13:00,Under Coordination,High,High,46.8,Traffic Block,"P-Way Heavy Gang + Sleeper Exchanger, Hydraulic Jacks, Track Jacks"
REQ-00558,Engineering,Points & Crossing Maintenance,Worn CMS Crossing Nose,AST-ENG-0115,Guntakal-SEC-08,119.73,213,2026-10-06,12:00,0,Request for Points & Crossing Maintenance due to Worn CMS Crossing Nose observed on Sleeper at Km 119.73.,2026-09-26 16:00,Open,High,High,35.9,Traffic Block,Hardfacing Welding Crew + Translamatic Robotic Welder / Special Electrodes
REQ-00559,S&T,Axle Counter Maintenance,Reset Box Pushbutton Key Interlock Seizure,AST-S&T-0335,Guntakal-SEC-02,84.8,44,2026-09-16,01:00,0,Request for Axle Counter Maintenance due to Reset Box Pushbutton Key Interlock Seizure observed on Axle Counter at Km 84.8.,2026-09-13 19:00,Open,Critical,High,46.7,No Block (SM Panel),"S&T Station Maintainer + Reset Box Switch Module, Spare Key Set"
REQ-00560,S&T,Signal Inspection,Calling-on Signal Aspect Failure,AST-S&T-0315,Hyderabad-SEC-08,26.77,72,2026-09-18,14:00,0,Request for Signal Inspection due to Calling-on Signal Aspect Failure observed on Track Circuit at Km 26.77.,2026-09-12 19:00,Scheduled,High,Medium,45.1,Signalling Disconnection,"Signal Maintainer Squad + LED C-Unit, Step-down Transformer"
REQ-00561,S&T,Signal Inspection,LED Signal Aspect Intensity Drop,AST-S&T-0348,Guntakal-SEC-08,55.32,65,2026-09-26,23:00,0,Request for Signal Inspection due to LED Signal Aspect Intensity Drop observed on Telecom Equipment at Km 55.32.,2026-09-19 20:00,Scheduled,Medium,Medium,33.0,No Block (Shadow Maintenance),"Signal Maintainer Squad + Lux Meter, Current/Voltage Multimeter"
REQ-00562,TRD,OHE Inspection,Mast Earthing Bond Disconnected,AST-TRD-0514,Guntur-SEC-05,54.12,55,2026-09-29,02:00,0,Request for OHE Inspection due to Mast Earthing Bond Disconnected observed on OHE Component at Km 54.12.,2026-09-22 19:00,Open,High,High,36.2,No Block (Mast Foot),"TRD Ground Maintenance Gang + Exothermic Welding Kit, Bond Wire, Earth Resistance Tester"
REQ-00563,S&T,Signal Inspection,LED Signal Aspect Intensity Drop,AST-S&T-0235,Guntakal-SEC-02,97.93,62,2026-10-05,01:00,0,Request for Signal Inspection due to LED Signal Aspect Intensity Drop observed on Axle Counter at Km 97.93.,2026-10-03 21:00,Open,Medium,Medium,35.0,No Block (Shadow Maintenance),"Signal Maintainer Squad + Lux Meter, Current/Voltage Multimeter"
REQ-00564,S&T,Axle Counter Maintenance,Reset Box Pushbutton Key Interlock Seizure,AST-S&T-0304,Secunderabad-SEC-03,97.22,49,2026-09-01,00:00,1,[EMERGENCY FAST-TRACK] Immediate attention required: Reset Box Pushbutton Key Interlock Seizure at Km 97.22.,2026-08-30 12:00,Open,Critical,Critical,71.9,No Block (SM Panel),"S&T Station Maintainer + Reset Box Switch Module, Spare Key Set"
REQ-00565,TRD,OHE Wire Maintenance,Cross Feeder Wire Vibration Fatigue,AST-TRD-0540,Vijayawada-SEC-06,88.38,78,2026-09-12,12:00,0,Request for OHE Wire Maintenance due to Cross Feeder Wire Vibration Fatigue observed on OHE at Km 88.38.,2026-09-02 15:00,Open,Medium,Medium,29.8,Power Block,"TRD Line Maintenance Gang + Vibration Dampers, Feeder Tensioner"
REQ-00566,Engineering,Track Inspection,Fishplate Crack / Loose Bolt,AST-ENG-0101,Secunderabad-SEC-06,135.25,60,2026-10-05,00:00,0,Request for Track Inspection due to Fishplate Crack / Loose Bolt observed on Track at Km 135.25.,2026-10-01 12:00,Scheduled,Critical,Critical,45.9,Emergency Traffic Block,Keyman & Track Patrol Crew + Fishbolt Spanner & Torque Wrench
REQ-00567,TRD,OHE Inspection,Thermal Hotspot in Isolator / Jumper,AST-TRD-0540,Vijayawada-SEC-06,88.38,84,2026-09-16,12:00,0,Request for OHE Inspection due to Thermal Hotspot in Isolator / Jumper observed on OHE at Km 88.38.,2026-09-07 20:00,Open,High,High,39.8,Power Block (OHE Isolation),"TRD Thermo-vision Team + Thermal Imager Camera, Torque Spanner"
REQ-00568,Engineering,Track Inspection,Bridge Guard Rail Misalignment,AST-ENG-0142,Vijayawada-SEC-05,27.09,114,2026-09-13,14:00,0,Request for Track Inspection due to Bridge Guard Rail Misalignment observed on Sleeper at Km 27.09.,2026-09-10 23:00,Open,High,High,43.6,Traffic Block,"Bridge Inspection Gang + Spike Puller, Torque Wrenches, Measuring Rod"
REQ-00569,TRD,Tower Wagon Inspection,Substation Feeder Jumper Maintenance,AST-TRD-0572,Guntakal-SEC-07,80.11,119,2026-09-06,14:00,0,Request for Tower Wagon Inspection due to Substation Feeder Jumper Maintenance observed on Power Substation at Km 80.11.,2026-08-29 23:00,Under Coordination,Medium,Medium,28.3,Power Block (Feeder Isolation),"TSS Maintenance Crew + Grounding Rods, High Voltage Tester, Spanners"
REQ-00570,S&T,Signal Inspection,LED Signal Aspect Intensity Drop,AST-S&T-0318,Guntakal-SEC-06,51.23,58,2026-09-24,01:00,0,Request for Signal Inspection due to LED Signal Aspect Intensity Drop observed on Signal at Km 51.23.,2026-09-20 14:00,Open,Medium,Medium,22.4,No Block (Shadow Maintenance),"Signal Maintainer Squad + Lux Meter, Current/Voltage Multimeter"
REQ-00571,S&T,Track Circuit Maintenance,Ballast Resistance Leakage (Low Ballast Resistance),AST-S&T-0240,Guntur-SEC-03,68.88,107,2026-09-17,02:00,0,Request for Track Circuit Maintenance due to Ballast Resistance Leakage (Low Ballast Resistance) observed on Interlocking at Km 68.88.,2026-09-10 22:00,Scheduled,High,High,36.5,Signalling Disconnection,"Track Circuit Maintenance Gang + Variable Feed Resistance Box, Shunt Tester"
REQ-00572,S&T,Signal Inspection,Signal Cable Insulation Degradation,AST-S&T-0348,Guntakal-SEC-08,55.32,142,2026-09-12,14:00,0,Request for Signal Inspection due to Signal Cable Insulation Degradation observed on Telecom Equipment at Km 55.32.,2026-09-07 17:00,Completed,High,High,43.0,Shadow Block / Disconnection Notice,S&T Telecom / Cable Testing Gang + Megger 500V/1000V Insulation Tester
REQ-00573,TRD,OHE Inspection,Section Insulator Arcing Horn Burn,AST-TRD-0417,Guntakal-SEC-02,132.3,106,2026-09-02,23:00,0,Request for OHE Inspection due to Section Insulator Arcing Horn Burn observed on OHE Component at Km 132.3.,2026-08-27 14:00,Scheduled,High,High,34.4,Traffic-cum-Power Block (OHE Isolation),"TRD Specialist Gang + Arcing Horn Gap Gauge, Torque Wrenches"
REQ-00574,Engineering,Rail Replacement,Rail Burn / Scabbing Defect,AST-ENG-0155,Vijayawada-SEC-08,102.68,154,2026-10-11,00:00,0,Request for Rail Replacement due to Rail Burn / Scabbing Defect observed on Ballast at Km 102.68.,2026-10-03 17:00,Scheduled,Medium,Medium,20.2,Traffic Block,"P-Way Welding Gang + Rail Grinder, Gas Cutting Kit, AT Welding"
REQ-00575,Engineering,Track Inspection,Ballast Deficiency / Shoulder Loss,AST-ENG-0028,Vijayawada-SEC-03,15.74,218,2026-09-16,00:00,0,Request for Track Inspection due to Ballast Deficiency / Shoulder Loss observed on Track at Km 15.74.,2026-09-11 15:00,Open,Low,Low,13.3,Shadow Block / Planned Window,P-Way Maintenance Team + Ballast Hopper & Measuring Scale
REQ-00576,TRD,OHE Component Replacement,Section Insulator Runner Wear,AST-TRD-0480,Guntakal-SEC-07,64.62,151,2026-09-08,01:00,0,Request for OHE Component Replacement due to Section Insulator Runner Wear observed on Isolator at Km 64.62.,2026-09-03 16:00,Open,High,High,30.9,Traffic-cum-Power Block (OHE Isolation),"TRD Specialist Gang + Section Insulator Overhaul Kit, Arc Chute"
REQ-00577,S&T,Telecom Equipment Maintenance,Emergency Control Telephone (EC) Socket Defect,AST-S&T-0276,Guntur-SEC-01,123.49,56,2026-09-16,12:00,0,Request for Telecom Equipment Maintenance due to Emergency Control Telephone (EC) Socket Defect observed on Axle Counter at Km 123.49.,2026-09-11 12:00,Scheduled,High,Medium,43.0,No Block (Track-side Post),"Telecom Line Squad + Portable EC Phone, Insulation Tester, Cable Crimper"
REQ-00578,Engineering,Track Inspection,Ultrasonic Rail Flaw Detection (USFD) Anomaly,AST-ENG-0079,Vijayawada-SEC-06,103.73,113,2026-09-05,23:00,0,Request for Track Inspection due to Ultrasonic Rail Flaw Detection (USFD) Anomaly observed on Track at Km 103.73.,2026-09-02 18:00,Under Coordination,High,High,31.2,Traffic Block (Caution Order),USFD Testing Team + USFD Trolley & Digital Flaw Detector
REQ-00579,TRD,Tower Wagon Inspection,Tunnel OHE Catenary Clearance Check,AST-TRD-0572,Guntakal-SEC-07,80.11,219,2026-09-07,23:00,0,Request for Tower Wagon Inspection due to Tunnel OHE Catenary Clearance Check observed on Power Substation at Km 80.11.,2026-08-27 22:00,Open,Critical,Critical,50.3,Traffic-cum-Power Block (OHE Isolation),"Tunnel TRD Inspection Team + Tunnel Scaffolding Rig, Insulation Tester"
REQ-00580,S&T,Signal Inspection,Calling-on Signal Aspect Failure,AST-S&T-0259,Hyderabad-SEC-02,75.54,55,2026-09-06,01:00,0,Request for Signal Inspection due to Calling-on Signal Aspect Failure observed on Point Machine at Km 75.54.,2026-09-02 13:00,Open,High,Medium,46.9,Signalling Disconnection,"Signal Maintainer Squad + LED C-Unit, Step-down Transformer"
REQ-00581,Engineering,Points & Crossing Maintenance,Worn Switch Rail / Tongue Rail Chipped,AST-ENG-0013,Guntakal-SEC-02,126.55,163,2026-09-18,01:00,1,[EMERGENCY FAST-TRACK] Immediate attention required: Worn Switch Rail / Tongue Rail Chipped at Km 126.55.,2026-09-14 21:00,Open,Critical,Critical,86.0,Integrated S&T + Traffic Block,"Turnout Specialist Gang + Hydraulic Switch Rail Bender, Portable Arc Welder"
REQ-00582,S&T,Signal Maintenance,Signal Blank / Lamp Failure,AST-S&T-0231,Vijayawada-SEC-05,94.63,92,2026-09-08,00:00,1,[EMERGENCY FAST-TRACK] Immediate attention required: Signal Blank / Lamp Failure at Km 94.63.,2026-08-28 13:00,Open,Critical,Critical,74.2,Signalling Disconnection & S&T Block,"Emergency Signal Gang + LED Signal Unit, Current Transformer, Step-down Transformer"
REQ-00583,S&T,Axle Counter Maintenance,High Voltage Surge Suppressor Burnout,AST-S&T-0326,Secunderabad-SEC-07,117.42,52,2026-09-03,11:00,0,Request for Axle Counter Maintenance due to High Voltage Surge Suppressor Burnout observed on Axle Counter at Km 117.42.,2026-08-27 12:00,Open,High,High,37.7,No Block (Location Box),"S&T Maintenance Crew + Class B/C Surge Protection Device (SPD), Multimeter"
REQ-00584,S&T,Signal Maintenance,Data Logger Channel Telemetry Lockout,AST-S&T-0268,Vijayawada-SEC-08,64.13,55,2026-09-19,12:00,0,Request for Signal Maintenance due to Data Logger Channel Telemetry Lockout observed on Telecom Equipment at Km 64.13.,2026-09-12 18:00,Under Coordination,High,Low,31.2,No Block (Relay Room),"S&T Electronic Tech + Data Logger Interface Card, Serial Probe"
REQ-00585,Engineering,Track Inspection,Ballast Deficiency / Shoulder Loss,AST-ENG-0122,Guntur-SEC-04,90.0,171,2026-09-11,10:00,0,Request for Track Inspection due to Ballast Deficiency / Shoulder Loss observed on Points & Crossing at Km 90.0.,2026-09-06 15:00,Completed,Low,Low,13.7,Shadow Block / Planned Window,P-Way Maintenance Team + Ballast Hopper & Measuring Scale
REQ-00586,Engineering,Ballast Cleaning,Shoulder Ballast Contamination,AST-ENG-0062,Guntakal-SEC-04,12.72,236,2026-09-14,23:00,0,Request for Ballast Cleaning due to Shoulder Ballast Contamination observed on Track at Km 12.72.,2026-09-04 16:00,Open,Medium,Medium,22.5,Traffic Block,Shoulder Ballast Cleaning Crew + Shoulder Ballast Cleaner (FRM/SBCM)
REQ-00587,TRD,Contact Wire Replacement,Contact Wire Parting / Snap Incident,AST-TRD-0550,Secunderabad-SEC-08,60.48,250,2026-10-02,23:00,1,[EMERGENCY FAST-TRACK] Immediate attention required: Contact Wire Parting / Snap Incident at Km 60.48.,2026-09-22 18:00,Under Coordination,Critical,Critical,73.5,Emergency Traffic-cum-Power Block,"Emergency Breakdown Crew + Tower Wagon, Emergency Splice Sleeves, Tirfor Winch"
REQ-00588,TRD,OHE Wire Maintenance,Contact Wire Splice Sleeve Deformation,AST-TRD-0450,Guntakal-SEC-04,133.24,107,2026-10-10,11:00,0,Request for OHE Wire Maintenance due to Contact Wire Splice Sleeve Deformation observed on Isolator at Km 133.24.,2026-10-05 20:00,Scheduled,Critical,Critical,48.9,Traffic-cum-Power Block (OHE Isolation),"Tower Wagon Squad + Hydraulic Crimper, Splice Bridge Jig"
REQ-00589,S&T,Signal Inspection,Signal Sighting Distance Obstruction,AST-S&T-0309,Secunderabad-SEC-04,97.62,110,2026-09-30,02:00,0,Request for Signal Inspection due to Signal Sighting Distance Obstruction observed on Axle Counter at Km 97.62.,2026-09-24 22:00,Open,High,High,41.4,No Block (Track-side),"Signal Maintainer Gang + Tree Trimmer, Measuring Rangefinder"
REQ-00590,Engineering,Track Inspection,Derailment Catch Siding Switch Inspection,AST-ENG-0061,Vijayawada-SEC-05,75.92,92,2026-09-28,02:00,0,Request for Track Inspection due to Derailment Catch Siding Switch Inspection observed on Track at Km 75.92.,2026-09-22 13:00,Scheduled,Critical,High,61.0,Traffic Block,"Joint Safety Inspection Gang + Depth Gauge, Sand Replenishment Kit"
REQ-00591,S&T,Axle Counter Maintenance,High Voltage Surge Suppressor Burnout,AST-S&T-0265,Hyderabad-SEC-04,62.6,52,2026-10-03,11:00,0,Request for Axle Counter Maintenance due to High Voltage Surge Suppressor Burnout observed on Signal at Km 62.6.,2026-09-29 14:00,Scheduled,High,High,33.3,No Block (Location Box),"S&T Maintenance Crew + Class B/C Surge Protection Device (SPD), Multimeter"
REQ-00592,S&T,Signal Maintenance,Data Logger Channel Telemetry Lockout,AST-S&T-0209,Guntakal-SEC-07,120.8,66,2026-09-16,12:00,0,Request for Signal Maintenance due to Data Logger Channel Telemetry Lockout observed on Signal at Km 120.8.,2026-09-12 19:00,Open,High,Low,34.5,No Block (Relay Room),"S&T Electronic Tech + Data Logger Interface Card, Serial Probe"
REQ-00593,TRD,Contact Wire Replacement,Loop Line Contact Wire Heavy Carbonization,AST-TRD-0442,Secunderabad-SEC-03,92.84,279,2026-10-11,11:00,0,Request for Contact Wire Replacement due to Loop Line Contact Wire Heavy Carbonization observed on Isolator at Km 92.84.,2026-10-09 15:00,Open,High,Medium,37.1,Traffic-cum-Power Block,"Wiring Train Rake + OHE Wiring Train, Tension Winch"
REQ-00594,Engineering,Track Inspection,Diamond Crossing Flange Wear,AST-ENG-0119,Secunderabad-SEC-07,115.92,138,2026-10-08,11:00,0,Request for Track Inspection due to Diamond Crossing Flange Wear observed on Sleeper at Km 115.92.,2026-09-28 19:00,Open,High,High,30.8,Traffic Block,"P-Way Section Gang + Feeler Gauge, Rail Caliper, Optical Sighting Bar"
REQ-00595,S&T,Axle Counter Maintenance,Axle Counter Evaluator Card Failure,AST-S&T-0394,Vijayawada-SEC-03,28.29,100,2026-09-06,00:00,0,Request for Axle Counter Maintenance due to Axle Counter Evaluator Card Failure observed on Telecom Equipment at Km 28.29.,2026-09-03 19:00,Scheduled,Critical,Critical,52.9,No Block (Station Relay Room),"Axle Counter Specialist Crew + Spare Evaluator Card, Diagnostic Laptop"
REQ-00596,TRD,OHE Inspection,Contact Wire Height & Stagger Deviation,AST-TRD-0427,Guntakal-SEC-07,13.1,105,2026-09-04,14:00,0,Request for OHE Inspection due to Contact Wire Height & Stagger Deviation observed on Power Substation at Km 13.1.,2026-08-27 20:00,Open,High,Medium,35.4,Traffic-cum-Power Block (OHE Isolation),"Tower Wagon Inspection Crew + Tower Wagon (8-Wheeler), Height & Stagger Gauge"
REQ-00597,TRD,Tower Wagon Inspection,Substation Feeder Jumper Maintenance,AST-TRD-0426,Secunderabad-SEC-03,23.13,105,2026-09-08,00:00,0,Request for Tower Wagon Inspection due to Substation Feeder Jumper Maintenance observed on OHE at Km 23.13.,2026-09-04 13:00,Open,Medium,Medium,20.9,Power Block (Feeder Isolation),"TSS Maintenance Crew + Grounding Rods, High Voltage Tester, Spanners"
REQ-00598,TRD,OHE Inspection,Mast Earthing Bond Disconnected,AST-TRD-0586,Vijayawada-SEC-06,96.52,68,2026-09-19,10:00,0,Request for OHE Inspection due to Mast Earthing Bond Disconnected observed on Isolator at Km 96.52.,2026-09-14 15:00,Scheduled,High,High,42.6,No Block (Mast Foot),"TRD Ground Maintenance Gang + Exothermic Welding Kit, Bond Wire, Earth Resistance Tester"
REQ-00599,Engineering,Ballast Cleaning,Shoulder Ballast Contamination,AST-ENG-0132,Guntakal-SEC-08,130.98,219,2026-09-25,02:00,0,Request for Ballast Cleaning due to Shoulder Ballast Contamination observed on Rail at Km 130.98.,2026-09-16 19:00,Open,Medium,Medium,27.3,Traffic Block,Shoulder Ballast Cleaning Crew + Shoulder Ballast Cleaner (FRM/SBCM)
REQ-00600,TRD,Contact Wire Replacement,Turnout Overlap Wire Renewal,AST-TRD-0520,Vijayawada-SEC-03,126.59,228,2026-09-06,12:00,0,Request for Contact Wire Replacement due to Turnout Overlap Wire Renewal observed on OHE at Km 126.59.,2026-08-31 22:00,Open,High,High,46.7,Integrated Traffic-cum-Power Block,"Tower Wagon Special Squad + Wire Tensioner, Turnout Overlap Rig"
REQ-00601,TRD,Contact Wire Replacement,Contact Wire Parting / Snap Incident,AST-TRD-0570,Guntakal-SEC-07,97.52,284,2026-09-21,14:00,1,[EMERGENCY FAST-TRACK] Immediate attention required: Contact Wire Parting / Snap Incident at Km 97.52.,2026-09-12 16:00,Scheduled,Critical,Critical,78.7,Emergency Traffic-cum-Power Block,"Emergency Breakdown Crew + Tower Wagon, Emergency Splice Sleeves, Tirfor Winch"
REQ-00602,TRD,OHE Component Replacement,Traction Substation 132kV Isolator Contact Blade Pitting,AST-TRD-0529,Guntur-SEC-02,123.78,158,2026-09-17,00:00,0,Request for OHE Component Replacement due to Traction Substation 132kV Isolator Contact Blade Pitting observed on OHE at Km 123.78.,2026-09-12 23:00,Open,Critical,High,45.9,Power Block (Grid Isolation),"TSS Maintenance Crew + Silver Plating Paste, High Current Micro-ohmmeter"
REQ-00603,TRD,OHE Wire Maintenance,Contact Wire Kink / Mechanical Damage,AST-TRD-0511,Vijayawada-SEC-05,84.45,190,2026-09-26,02:00,0,Request for OHE Wire Maintenance due to Contact Wire Kink / Mechanical Damage observed on Isolator at Km 84.45.,2026-09-16 16:00,Under Coordination,Critical,Critical,60.3,Traffic-cum-Power Block (OHE Isolation),"Tower Wagon Gang + Wire Straightener, Hydraulic Puller, Come-Along Clamps"
REQ-00604,TRD,Tower Wagon Inspection,Tunnel OHE Catenary Clearance Check,AST-TRD-0508,Guntakal-SEC-04,109.15,216,2026-09-22,14:00,0,Request for Tower Wagon Inspection due to Tunnel OHE Catenary Clearance Check observed on OHE at Km 109.15.,2026-09-17 16:00,Under Coordination,Critical,Critical,43.9,Traffic-cum-Power Block (OHE Isolation),"Tunnel TRD Inspection Team + Tunnel Scaffolding Rig, Insulation Tester"
REQ-00605,TRD,Tower Wagon Inspection,Overline Structure / Bridge Clearance Audit,AST-TRD-0412,Secunderabad-SEC-07,44.13,156,2026-09-12,23:00,0,Request for Tower Wagon Inspection due to Overline Structure / Bridge Clearance Audit observed on OHE at Km 44.13.,2026-09-03 13:00,Completed,High,High,42.4,Traffic-cum-Power Block (OHE Isolation),"Tower Wagon Inspection Team + Laser Height Gauge, Slew Adjuster"
REQ-00606,S&T,Signal Inspection,Route Indicator Lamp Burnout,AST-S&T-0293,Vijayawada-SEC-02,49.64,71,2026-09-06,23:00,0,Request for Signal Inspection due to Route Indicator Lamp Burnout observed on Signal at Km 49.64.,2026-09-03 22:00,Scheduled,High,High,35.0,Signalling Disconnection,"Signal Maintainer Squad + Spare LED Route Unit, Multimeter"
REQ-00607,Engineering,Ballast Cleaning,Station Yard Track Drain Choking,AST-ENG-0055,Guntur-SEC-05,37.64,182,2026-09-05,02:00,0,Request for Ballast Cleaning due to Station Yard Track Drain Choking observed on Rail at Km 37.64.,2026-08-26 14:00,Completed,High,Medium,33.2,Traffic Block,"Yard Maintenance Gang + Excavator, Mud Pump, Ballast Rake"
REQ-00608,TRD,OHE Wire Maintenance,Cross Feeder Wire Vibration Fatigue,AST-TRD-0564,Guntakal-SEC-04,128.79,81,2026-10-11,10:00,0,Request for OHE Wire Maintenance due to Cross Feeder Wire Vibration Fatigue observed on OHE Component at Km 128.79.,2026-10-06 19:00,Under Coordination,Medium,Medium,31.6,Power Block,"TRD Line Maintenance Gang + Vibration Dampers, Feeder Tensioner"
REQ-00609,Engineering,Points & Crossing Maintenance,Worn CMS Crossing Nose,AST-ENG-0196,Vijayawada-SEC-07,55.39,254,2026-09-07,10:00,0,Request for Points & Crossing Maintenance due to Worn CMS Crossing Nose observed on Track at Km 55.39.,2026-08-27 12:00,Under Coordination,High,High,32.3,Traffic Block,Hardfacing Welding Crew + Translamatic Robotic Welder / Special Electrodes
REQ-00610,Engineering,Ballast Cleaning,Level Crossing Ballast Deep Screening,AST-ENG-0063,Guntur-SEC-03,7.18,308,2026-09-09,01:00,0,Request for Ballast Cleaning due to Level Crossing Ballast Deep Screening observed on Rail at Km 7.18.,2026-09-06 17:00,Open,Critical,Critical,45.4,Integrated Traffic + Road Traffic Block,"LC Maintenance Squad + Excavator, Road Breaker, Ballast Tamper"
REQ-00611,Engineering,Track Inspection,Level Crossing Check Rail Flangeway Clogging,AST-ENG-0158,Guntur-SEC-01,124.54,68,2026-09-04,14:00,0,Request for Track Inspection due to Level Crossing Check Rail Flangeway Clogging observed on Rail at Km 124.54.,2026-08-26 15:00,Open,Critical,Critical,50.9,Traffic Block (Caution Window),"LC Gate Maintenance Crew + Flangeway Cleaner, Measuring Caliper"
REQ-00612,Engineering,Track Inspection,Track Geometry Gauge Variation,AST-ENG-0105,Guntakal-SEC-04,21.52,90,2026-09-16,10:00,0,Request for Track Inspection due to Track Geometry Gauge Variation observed on Points & Crossing at Km 21.52.,2026-09-10 16:00,Open,Medium,Medium,35.8,No Block (Speed Restriction / Caution),P-Way Inspection Crew + Gauge-cum-Level & Track Measuring Gauge
REQ-00613,S&T,Axle Counter Maintenance,Digital Axle Counter (SSDAC/HASDAC) Count Error,AST-S&T-0379,Secunderabad-SEC-05,51.61,81,2026-09-07,01:00,1,[EMERGENCY FAST-TRACK] Immediate attention required: Digital Axle Counter (SSDAC/HASDAC) Count Error at Km 51.61.,2026-09-02 23:00,Completed,Critical,Critical,79.4,Signalling Disconnection & S&T Block,"Axle Counter Specialist Crew + High Frequency Sensor Tester, Oscillation Meter"
REQ-00614,S&T,Track Circuit Maintenance,Bond Wire Broken / Disconnected,AST-S&T-0234,Secunderabad-SEC-08,72.05,50,2026-09-15,11:00,0,Request for Track Circuit Maintenance due to Bond Wire Broken / Disconnected observed on Telecom Equipment at Km 72.05.,2026-09-06 21:00,Open,Medium,Medium,27.7,Shadow Block / Caution Window,"Signal Maintainer Squad + Rail Bond Drill, Pin Expander, Copper Bond Wire"
REQ-00615,S&T,Signal Inspection,Shunt Signal Position Light Defect,AST-S&T-0240,Guntur-SEC-03,68.88,49,2026-10-10,10:00,0,Request for Signal Inspection due to Shunt Signal Position Light Defect observed on Interlocking at Km 68.88.,2026-09-30 16:00,Under Coordination,Medium,Medium,26.5,No Block (Yard Shunting),"Signal Maintainer Squad + LED Strip, Angle Calibration Jig"
REQ-00616,Engineering,Track Inspection,Diamond Crossing Flange Wear,AST-ENG-0126,Guntakal-SEC-01,29.9,126,2026-09-01,00:00,0,Request for Track Inspection due to Diamond Crossing Flange Wear observed on Ballast at Km 29.9.,2026-08-27 16:00,Completed,High,High,34.6,Traffic Block,"P-Way Section Gang + Feeler Gauge, Rail Caliper, Optical Sighting Bar"
REQ-00617,Engineering,Rail Grinding,Turnout Switch & Stock Rail Profile Restoration,AST-ENG-0011,Guntur-SEC-08,65.87,178,2026-10-11,11:00,0,Request for Rail Grinding due to Turnout Switch & Stock Rail Profile Restoration observed on Track at Km 65.87.,2026-10-03 22:00,Open,High,Medium,31.1,Integrated S&T + Traffic Block,Turnout Grinder Team + Switch Rail Grinder Machine
REQ-00618,TRD,OHE Component Replacement,Auto-Tensioning Device (ATD) Weight Jam,AST-TRD-0515,Secunderabad-SEC-05,120.25,145,2026-09-05,23:00,0,Request for OHE Component Replacement due to Auto-Tensioning Device (ATD) Weight Jam observed on Isolator at Km 120.25.,2026-08-27 20:00,Open,Critical,Critical,46.4,Traffic-cum-Power Block (OHE Isolation),"Tower Wagon Squad + Hydraulic Winch, 5:1 ATD Pulley, Stainless Steel Rope"
REQ-00619,Engineering,Sleeper Replacement,Turnout Concrete Sleeper Fracture,AST-ENG-0015,Guntakal-SEC-07,22.51,293,2026-09-19,00:00,1,[EMERGENCY FAST-TRACK] Immediate attention required: Turnout Concrete Sleeper Fracture at Km 22.51.,2026-09-12 18:00,Scheduled,Critical,Critical,71.5,Integrated Block (Traffic + S&T + OHE),"Special Turnout Gang + Heavy Sleeper Lifter, Tamping Unit"
REQ-00620,Engineering,Points & Crossing Maintenance,Loose Stretcher Bar Bolts,AST-ENG-0103,Hyderabad-SEC-05,25.97,63,2026-10-02,12:00,1,[EMERGENCY FAST-TRACK] Immediate attention required: Loose Stretcher Bar Bolts at Km 25.97.,2026-09-28 18:00,Under Coordination,Critical,Critical,72.8,Traffic Block (Caution Order),"Joint Turnout Squad + Torque Wrench, Split Pins, Stretcher Shims"
REQ-00621,TRD,Tower Wagon Inspection,Substation Feeder Jumper Maintenance,AST-TRD-0468,Vijayawada-SEC-01,12.86,133,2026-09-05,02:00,0,Request for Tower Wagon Inspection due to Substation Feeder Jumper Maintenance observed on OHE Component at Km 12.86.,2026-09-03 12:00,Open,Medium,Medium,26.5,Power Block (Feeder Isolation),"TSS Maintenance Crew + Grounding Rods, High Voltage Tester, Spanners"
REQ-00622,Engineering,Points & Crossing Maintenance,Loose Stretcher Bar Bolts,AST-ENG-0110,Hyderabad-SEC-04,43.1,59,2026-09-04,00:00,1,[EMERGENCY FAST-TRACK] Immediate attention required: Loose Stretcher Bar Bolts at Km 43.1.,2026-08-28 20:00,Open,Critical,Critical,72.5,Traffic Block (Caution Order),"Joint Turnout Squad + Torque Wrench, Split Pins, Stretcher Shims"
REQ-00623,Engineering,Track Inspection,Bridge Guard Rail Misalignment,AST-ENG-0137,Secunderabad-SEC-01,40.95,110,2026-09-15,00:00,0,Request for Track Inspection due to Bridge Guard Rail Misalignment observed on Track at Km 40.95.,2026-09-10 21:00,Scheduled,High,High,30.4,Traffic Block,"Bridge Inspection Gang + Spike Puller, Torque Wrenches, Measuring Rod"
REQ-00624,TRD,Contact Wire Replacement,Loop Line Contact Wire Heavy Carbonization,AST-TRD-0409,Guntur-SEC-08,14.8,219,2026-09-16,12:00,0,Request for Contact Wire Replacement due to Loop Line Contact Wire Heavy Carbonization observed on OHE at Km 14.8.,2026-09-09 22:00,Open,High,Medium,42.2,Traffic-cum-Power Block,"Wiring Train Rake + OHE Wiring Train, Tension Winch"
REQ-00625,S&T,Axle Counter Maintenance,Reset Box Pushbutton Key Interlock Seizure,AST-S&T-0327,Vijayawada-SEC-02,1.31,52,2026-10-11,12:00,0,Request for Axle Counter Maintenance due to Reset Box Pushbutton Key Interlock Seizure observed on Point Machine at Km 1.31.,2026-10-05 22:00,Open,Critical,High,54.0,No Block (SM Panel),"S&T Station Maintainer + Reset Box Switch Module, Spare Key Set"
REQ-00626,TRD,Tower Wagon Inspection,Overline Structure / Bridge Clearance Audit,AST-TRD-0524,Guntakal-SEC-06,61.76,169,2026-09-16,11:00,0,Request for Tower Wagon Inspection due to Overline Structure / Bridge Clearance Audit observed on Power Substation at Km 61.76.,2026-09-10 23:00,Open,High,High,41.7,Traffic-cum-Power Block (OHE Isolation),"Tower Wagon Inspection Team + Laser Height Gauge, Slew Adjuster"
REQ-00627,S&T,Signal Maintenance,Signalling Relay Contact Oxidation (Q-Series),AST-S&T-0320,Guntur-SEC-04,120.37,73,2026-10-06,01:00,0,Request for Signal Maintenance due to Signalling Relay Contact Oxidation (Q-Series) observed on Signal at Km 120.37.,2026-10-01 16:00,Open,High,High,42.6,Signalling Disconnection,"Relay Testing Team + Micro-ohmmeter, Spare QN1 Relay, Anti-static Mat"
REQ-00628,Engineering,Ballast Cleaning,Clogged / Foul Ballast Bed,AST-ENG-0167,Secunderabad-SEC-01,44.0,336,2026-09-07,23:00,0,Request for Ballast Cleaning due to Clogged / Foul Ballast Bed observed on Track at Km 44.0.,2026-08-28 21:00,Scheduled,High,Medium,46.8,Integrated Traffic-cum-Power Block,BCM Machine Crew + Ballast Cleaning Machine (BCM Rake)
REQ-00629,S&T,Point Machine Maintenance,Ground Connection Rodding Buckling,AST-S&T-0355,Vijayawada-SEC-06,97.9,77,2026-09-13,02:00,0,Request for Point Machine Maintenance due to Ground Connection Rodding Buckling observed on Telecom Equipment at Km 97.9.,2026-09-02 13:00,Open,Critical,Critical,45.9,Signalling Disconnection & S&T Block,"Point Specialist Crew + Straightening Rig, Spare Drive Rod"
REQ-00630,S&T,Point Machine Maintenance,Point Detection Contact Carbonization,AST-S&T-0363,Secunderabad-SEC-06,108.88,79,2026-09-03,00:00,0,Request for Point Machine Maintenance due to Point Detection Contact Carbonization observed on Signal at Km 108.88.,2026-08-26 19:00,Scheduled,High,High,49.0,Signalling Disconnection,"Signal Maintainer Squad + Contact Burnisher, Contact Lubricant, Megger"
REQ-00631,S&T,Signal Inspection,LED Signal Aspect Intensity Drop,AST-S&T-0350,Guntur-SEC-08,11.64,64,2026-10-07,12:00,0,Request for Signal Inspection due to LED Signal Aspect Intensity Drop observed on Signal at Km 11.64.,2026-10-02 22:00,Open,Medium,Medium,33.2,No Block (Shadow Maintenance),"Signal Maintainer Squad + Lux Meter, Current/Voltage Multimeter"
REQ-00632,TRD,OHE Wire Maintenance,Bridging Jumper Burning / Degradation,AST-TRD-0487,Guntakal-SEC-01,133.26,103,2026-09-26,01:00,0,Request for OHE Wire Maintenance due to Bridging Jumper Burning / Degradation observed on OHE Component at Km 133.26.,2026-09-20 14:00,Open,High,High,38.4,Traffic-cum-Power Block (OHE Isolation),"Tower Wagon Gang + PG Clamps, Flexible Copper Cable, Crimper"
REQ-00633,S&T,Telecom Equipment Maintenance,Yard CCTV Surveillance Node Offline,AST-S&T-0364,Guntur-SEC-06,46.3,59,2026-10-08,12:00,0,Request for Telecom Equipment Maintenance due to Yard CCTV Surveillance Node Offline observed on Signal at Km 46.3.,2026-09-27 21:00,Scheduled,Low,Low,25.0,No Block (Mast Mounted),"Telecom Video Network Tech + Media Converter, RJ45 Tester, Power Supply"
REQ-00634,TRD,OHE Wire Maintenance,Catenary Wire Strand Broken,AST-TRD-0523,Secunderabad-SEC-07,138.25,223,2026-09-21,00:00,0,Request for OHE Wire Maintenance due to Catenary Wire Strand Broken observed on Isolator at Km 138.25.,2026-09-18 15:00,Open,Critical,Critical,46.6,Traffic-cum-Power Block (OHE Isolation),"TRD Heavy Maintenance Gang + Splice Casing, Hydraulic Crimper, Tension Rig"
REQ-00635,Engineering,Rail Replacement,Fractured Rail Segment,AST-ENG-0033,Guntakal-SEC-07,9.01,224,2026-09-12,11:00,0,Request for Rail Replacement due to Fractured Rail Segment observed on Ballast at Km 9.01.,2026-09-09 17:00,Open,Critical,Critical,52.6,Traffic Block (Line Block),"Rail Welding & P-Way Team + Rail Cutting Machine, Chamfering Kit, AT Welding Kit"
REQ-00636,Engineering,Track Inspection,Switch Expansion Joint (SEJ) Gap Abnormality,AST-ENG-0072,Hyderabad-SEC-05,9.49,97,2026-09-14,01:00,0,Request for Track Inspection due to Switch Expansion Joint (SEJ) Gap Abnormality observed on Ballast at Km 9.49.,2026-09-03 12:00,Scheduled,High,High,45.8,Traffic Block,"P-Way Section Gang + SEJ Gap Measurement Wedge, Torque Wrench"
REQ-00637,TRD,Tower Wagon Inspection,Routine Catenary & OHE Profile Survey,AST-TRD-0570,Guntakal-SEC-07,97.52,213,2026-09-24,14:00,0,Request for Tower Wagon Inspection due to Routine Catenary & OHE Profile Survey observed on OHE at Km 97.52.,2026-09-20 15:00,Completed,Low,Low,23.7,Traffic-cum-Power Block,Tower Wagon Inspection Team + 4-Wheeler / 8-Wheeler Tower Wagon with Pantograph Sensor
REQ-00638,S&T,Point Machine Maintenance,Lock Slide Notch Wear & Burr,AST-S&T-0381,Vijayawada-SEC-04,70.36,87,2026-09-09,01:00,1,[EMERGENCY FAST-TRACK] Immediate attention required: Lock Slide Notch Wear & Burr at Km 70.36.,2026-08-30 18:00,Open,Critical,Critical,70.9,Signalling Disconnection & S&T Block,"Point Specialist Crew + Lock Slide Replacement Kit, Feeler Gauge"
REQ-00639,S&T,Telecom Equipment Maintenance,Optical Fibre Cable (OFC) Attenuation Surge,AST-S&T-0229,Guntur-SEC-03,91.15,185,2026-09-10,01:00,0,Request for Telecom Equipment Maintenance due to Optical Fibre Cable (OFC) Attenuation Surge observed on Telecom Equipment at Km 91.15.,2026-09-03 14:00,Completed,High,Medium,33.7,No Block (Cess/Trench Work),"Telecom OFC Splicing Gang + Optical Time Domain Reflectometer (OTDR), Fusion Splicer"
REQ-00640,Engineering,Ballast Cleaning,Clogged / Foul Ballast Bed,AST-ENG-0074,Hyderabad-SEC-08,69.07,382,2026-09-09,23:00,0,Request for Ballast Cleaning due to Clogged / Foul Ballast Bed observed on Rail at Km 69.07.,2026-08-31 22:00,Scheduled,High,Medium,48.1,Integrated Traffic-cum-Power Block,BCM Machine Crew + Ballast Cleaning Machine (BCM Rake)
REQ-00641,TRD,Contact Wire Replacement,Turnout Overlap Wire Renewal,AST-TRD-0433,Vijayawada-SEC-02,52.33,257,2026-09-05,01:00,0,Request for Contact Wire Replacement due to Turnout Overlap Wire Renewal observed on OHE Component at Km 52.33.,2026-09-03 19:00,Open,High,High,34.6,Integrated Traffic-cum-Power Block,"Tower Wagon Special Squad + Wire Tensioner, Turnout Overlap Rig"
REQ-00642,Engineering,Sleeper Replacement,Bridge Timber Sleeper Decay,AST-ENG-0118,Guntakal-SEC-05,44.17,221,2026-09-16,12:00,1,[EMERGENCY FAST-TRACK] Immediate attention required: Bridge Timber Sleeper Decay at Km 44.17.,2026-09-14 16:00,Completed,Critical,Critical,82.0,Traffic Block,"Bridge P-Way Gang + Timber Boring Rig, Bridge Jacks, Hook Bolts"
REQ-00643,TRD,OHE Wire Maintenance,Contact Wire Splice Sleeve Deformation,AST-TRD-0577,Secunderabad-SEC-07,57.95,141,2026-09-06,00:00,0,Request for OHE Wire Maintenance due to Contact Wire Splice Sleeve Deformation observed on Isolator at Km 57.95.,2026-08-26 19:00,Under Coordination,Critical,Critical,43.4,Traffic-cum-Power Block (OHE Isolation),"Tower Wagon Squad + Hydraulic Crimper, Splice Bridge Jig"
REQ-00644,TRD,OHE Inspection,Neutral Section Transverse Slew Anomaly,AST-TRD-0491,Secunderabad-SEC-01,72.38,83,2026-09-09,00:00,1,[EMERGENCY FAST-TRACK] Immediate attention required: Neutral Section Transverse Slew Anomaly at Km 72.38.,2026-09-06 12:00,Open,Critical,Critical,76.2,Traffic-cum-Power Block (OHE Isolation),"Tower Wagon Inspection Crew + Laser Alignment Tool, Cantilever Tensioner"
REQ-00645,S&T,Axle Counter Maintenance,Track Device (Sensor) Misalignment,AST-S&T-0223,Guntakal-SEC-06,35.7,63,2026-09-20,14:00,0,Request for Axle Counter Maintenance due to Track Device (Sensor) Misalignment observed on Signal at Km 35.7.,2026-09-11 20:00,Open,High,High,30.4,Signalling Disconnection,"Signal Maintainer Squad + Torque Wrench (45 Nm), Non-magnetic Gap Gauge"
REQ-00646,Engineering,Track Inspection,Fishplate Crack / Loose Bolt,AST-ENG-0058,Guntur-SEC-02,101.7,59,2026-10-05,01:00,1,[EMERGENCY FAST-TRACK] Immediate attention required: Fishplate Crack / Loose Bolt at Km 101.7.,2026-09-27 21:00,Open,Critical,Critical,77.4,Emergency Traffic Block,Keyman & Track Patrol Crew + Fishbolt Spanner & Torque Wrench
REQ-00647,S&T,Track Circuit Maintenance,Glued Insulated Rail Joint (GJ) Failure,AST-S&T-0282,Vijayawada-SEC-08,30.34,157,2026-09-09,02:00,0,Request for Track Circuit Maintenance due to Glued Insulated Rail Joint (GJ) Failure observed on Axle Counter at Km 30.34.,2026-09-01 21:00,Scheduled,Critical,Critical,47.7,Integrated S&T + Traffic Block,"Joint S&T + P-Way Gang + Insulation End Post, Nylon Bushings, Torque Wrench"
REQ-00648,Engineering,Sleeper Replacement,Perished Grooved Rubber Sole Plates (GRSP),AST-ENG-0055,Guntur-SEC-05,37.64,149,2026-10-07,01:00,0,Request for Sleeper Replacement due to Perished Grooved Rubber Sole Plates (GRSP) observed on Rail at Km 37.64.,2026-10-03 17:00,Open,Low,Low,15.2,Shadow Block,"P-Way Gang + Track Jacks, ERC Extractors"
REQ-00649,S&T,Telecom Equipment Maintenance,Optical Fibre Cable (OFC) Attenuation Surge,AST-S&T-0236,Hyderabad-SEC-04,47.84,188,2026-09-30,11:00,0,Request for Telecom Equipment Maintenance due to Optical Fibre Cable (OFC) Attenuation Surge observed on Telecom Equipment at Km 47.84.,2026-09-20 16:00,Scheduled,High,Medium,42.9,No Block (Cess/Trench Work),"Telecom OFC Splicing Gang + Optical Time Domain Reflectometer (OTDR), Fusion Splicer"
REQ-00650,Engineering,Track Tamping,Track Alignment & Level Deviation,AST-ENG-0015,Guntakal-SEC-07,22.51,245,2026-09-14,01:00,0,Request for Track Tamping due to Track Alignment & Level Deviation observed on Points & Crossing at Km 22.51.,2026-09-12 20:00,Open,High,Medium,34.5,Traffic Block,Tamping Machine Crew + CSM 09-32 / Duomatic Heavy Tamper
