defect_id,department,section_id,equipment_id,defect_type,severity,reported_date,due_date,overdue_days,estimated_duration_hours,trains_affected_per_day,status
SMMS-00001,S&T,Guntur-SEC-06,EQ-6740,Block proving failure,Low,2026-05-30 09:57,2026-06-29,63,3.4,12,Open
SMMS-00002,S&T,Hyderabad-SEC-04,EQ-4810,Relay degradation,High,2026-07-29 05:17,2026-08-03,28,1.2,22,Completed
SMMS-00003,S&T,Guntur-SEC-04,EQ-5169,Interlocking software fault,Critical,2026-07-16 14:13,2026-07-17,45,4.2,43,Open
SMMS-00004,S&T,Vijayawada-SEC-05,EQ-2256,Point machine malfunction,High,2026-06-09 06:59,2026-06-14,78,1.3,10,Completed
SMMS-00005,S&T,Guntur-SEC-08,EQ-2390,Block instrument fault,High,2026-08-12 07:42,2026-08-17,14,3.5,30,Completed
SMMS-00006,S&T,Vijayawada-SEC-03,EQ-9016,Axle counter fault,High,2026-07-12 16:29,2026-07-17,45,2.1,3,Open
SMMS-00007,S&T,Secunderabad-SEC-05,EQ-8778,Cable fault,Medium,2026-05-17 03:47,2026-06-01,91,4.3,47,Open
SMMS-00008,S&T,Guntur-SEC-01,EQ-5045,Signal lamp failure,Low,2026-06-23 21:47,2026-07-23,39,0.9,18,Open
SMMS-00009,S&T,Vijayawada-SEC-07,EQ-6324,Relay degradation,Critical,2026-06-11 16:55,2026-06-12,80,3.8,34,Completed
SMMS-00010,S&T,Vijayawada-SEC-07,EQ-6006,Signal lamp failure,Low,2026-07-28 01:16,2026-08-27,4,2.3,4,Completed
SMMS-00011,S&T,Guntur-SEC-02,EQ-8217,Block instrument fault,Medium,2026-05-13 00:54,2026-05-28,95,3.3,34,Open
SMMS-00012,S&T,Vijayawada-SEC-04,EQ-5568,Interlocking software fault,Low,2026-05-08 21:33,2026-06-07,85,2.4,18,Completed
SMMS-00013,S&T,Hyderabad-SEC-03,EQ-4444,Relay degradation,High,2026-07-16 14:28,2026-07-21,41,0.8,25,Scheduled
SMMS-00014,S&T,Hyderabad-SEC-04,EQ-2755,Signal lamp failure,Medium,2026-07-02 02:03,2026-07-17,45,3.0,43,Scheduled
SMMS-00015,S&T,Vijayawada-SEC-02,EQ-9792,Block instrument fault,High,2026-05-27 12:19,2026-06-01,91,3.8,34,Open
SMMS-00016,S&T,Hyderabad-SEC-05,EQ-7972,Data logger fault,Medium,2026-07-30 04:22,2026-08-14,17,4.9,35,Open
SMMS-00017,S&T,Guntakal-SEC-05,EQ-8884,Data logger fault,Critical,2026-08-12 02:11,2026-08-13,18,6.0,46,Open
SMMS-00018,S&T,Vijayawada-SEC-01,EQ-5158,Level crossing gate interlock fault,High,2026-07-01 20:11,2026-07-06,56,3.0,16,Open
SMMS-00019,S&T,Guntakal-SEC-01,EQ-3867,Interlocking software fault,Medium,2026-08-20 02:13,2026-09-04,0,5.8,10,Completed
SMMS-00020,S&T,Vijayawada-SEC-03,EQ-9543,Track circuit failure,Medium,2026-05-17 03:43,2026-06-01,91,3.8,17,Scheduled
SMMS-00021,S&T,Hyderabad-SEC-04,EQ-9191,Signal lamp failure,Low,2026-08-18 18:30,2026-09-17,0,5.9,27,Completed
SMMS-00022,S&T,Hyderabad-SEC-01,EQ-1808,Data logger fault,High,2026-08-11 03:22,2026-08-16,15,1.4,37,Completed
SMMS-00023,S&T,Secunderabad-SEC-01,EQ-4032,Track circuit failure,High,2026-08-10 18:41,2026-08-15,16,5.0,13,Completed
SMMS-00024,S&T,Guntur-SEC-04,EQ-7216,Point machine malfunction,Medium,2026-08-29 21:42,2026-09-13,0,2.6,4,Completed
SMMS-00025,S&T,Guntur-SEC-07,EQ-7328,Point machine malfunction,Medium,2026-06-27 01:00,2026-07-12,50,5.3,2,Open
SMMS-00026,S&T,Secunderabad-SEC-06,EQ-5731,Signal lamp failure,High,2026-05-19 13:14,2026-05-24,99,2.6,48,Open
SMMS-00027,S&T,Secunderabad-SEC-06,EQ-9361,Signal lamp failure,Low,2026-06-22 13:27,2026-07-22,40,4.1,32,Open
SMMS-00028,S&T,Guntakal-SEC-04,EQ-7695,Data logger fault,Medium,2026-05-23 03:57,2026-06-07,85,1.6,22,Completed
SMMS-00029,S&T,Secunderabad-SEC-02,EQ-8488,Level crossing gate interlock fault,Critical,2026-05-22 20:26,2026-05-23,100,1.6,13,Open
SMMS-00030,S&T,Hyderabad-SEC-06,EQ-7212,Block instrument fault,Low,2026-05-19 13:50,2026-06-18,74,5.7,6,Open
SMMS-00031,S&T,Guntur-SEC-01,EQ-7915,Interlocking software fault,Medium,2026-05-08 22:19,2026-05-23,100,5.8,7,Open
SMMS-00032,S&T,Secunderabad-SEC-06,EQ-2479,Track circuit failure,Medium,2026-05-08 00:25,2026-05-23,100,2.5,20,Open
SMMS-00033,S&T,Hyderabad-SEC-06,EQ-5405,Data logger fault,High,2026-07-05 04:16,2026-07-10,52,2.7,32,Open
SMMS-00034,S&T,Vijayawada-SEC-05,EQ-8043,Level crossing gate interlock fault,Medium,2026-06-14 23:27,2026-06-29,63,3.6,37,Open
SMMS-00035,S&T,Hyderabad-SEC-05,EQ-7639,Axle counter fault,Medium,2026-06-22 18:52,2026-07-07,55,4.5,26,Scheduled
SMMS-00036,S&T,Hyderabad-SEC-04,EQ-9520,Block proving failure,Medium,2026-05-23 23:26,2026-06-07,85,3.5,38,Open
SMMS-00037,S&T,Guntakal-SEC-08,EQ-1501,Cable fault,Medium,2026-06-25 00:40,2026-07-10,52,3.9,39,Open
SMMS-00038,S&T,Guntur-SEC-01,EQ-1382,Data logger fault,Low,2026-07-16 07:29,2026-08-15,16,3.6,17,Open
SMMS-00039,S&T,Guntakal-SEC-07,EQ-8447,Block proving failure,High,2026-05-03 20:50,2026-05-08,115,5.3,35,Scheduled
SMMS-00040,S&T,Secunderabad-SEC-06,EQ-1095,Data logger fault,Medium,2026-05-17 17:12,2026-06-01,91,2.2,25,Completed
SMMS-00041,S&T,Hyderabad-SEC-01,EQ-6150,Point machine malfunction,Low,2026-05-03 21:20,2026-06-02,90,2.5,31,Open
SMMS-00042,S&T,Guntakal-SEC-03,EQ-7309,Data logger fault,Medium,2026-07-25 20:42,2026-08-09,22,1.3,13,Scheduled
SMMS-00043,S&T,Hyderabad-SEC-04,EQ-3370,Interlocking software fault,Medium,2026-08-19 04:16,2026-09-03,0,5.1,7,Scheduled
SMMS-00044,S&T,Vijayawada-SEC-04,EQ-3665,Axle counter fault,Low,2026-06-17 09:20,2026-07-17,45,2.9,40,Completed
SMMS-00045,S&T,Guntakal-SEC-01,EQ-7003,Interlocking software fault,Medium,2026-07-20 05:21,2026-08-04,27,3.0,10,Open
SMMS-00046,S&T,Secunderabad-SEC-03,EQ-6225,Level crossing gate interlock fault,Medium,2026-06-22 11:22,2026-07-07,55,2.6,34,Open
SMMS-00047,S&T,Guntakal-SEC-08,EQ-9141,Signal lamp failure,High,2026-05-15 02:57,2026-05-20,103,5.1,47,Scheduled
SMMS-00048,S&T,Guntakal-SEC-06,EQ-7717,Interlocking software fault,Critical,2026-05-03 22:11,2026-05-04,119,2.7,5,Open
SMMS-00049,S&T,Vijayawada-SEC-04,EQ-9242,Axle counter fault,High,2026-08-04 19:02,2026-08-09,22,5.3,37,Scheduled
SMMS-00050,S&T,Hyderabad-SEC-02,EQ-9465,Axle counter fault,Critical,2026-05-10 13:48,2026-05-11,112,1.0,12,Scheduled
SMMS-00051,S&T,Guntur-SEC-03,EQ-2187,Level crossing gate interlock fault,High,2026-06-01 07:31,2026-06-06,86,1.2,36,Completed
SMMS-00052,S&T,Guntakal-SEC-07,EQ-1966,Point machine malfunction,Critical,2026-05-22 10:24,2026-05-23,100,0.9,9,Scheduled
SMMS-00053,S&T,Secunderabad-SEC-07,EQ-2411,Cable fault,High,2026-08-31 01:46,2026-09-05,0,3.1,13,Open
SMMS-00054,S&T,Guntur-SEC-05,EQ-1872,Data logger fault,Medium,2026-05-28 22:24,2026-06-12,80,1.8,10,Open
SMMS-00055,S&T,Guntakal-SEC-05,EQ-1240,Signal lamp failure,Critical,2026-08-27 07:09,2026-08-28,3,2.9,32,Open
SMMS-00056,S&T,Guntakal-SEC-04,EQ-6361,Interlocking software fault,Critical,2026-06-03 00:12,2026-06-04,88,3.3,16,Completed
SMMS-00057,S&T,Hyderabad-SEC-04,EQ-4495,Level crossing gate interlock fault,Medium,2026-08-13 03:20,2026-08-28,3,2.8,24,Open
SMMS-00058,S&T,Guntur-SEC-03,EQ-2443,Data logger fault,Low,2026-07-30 13:50,2026-08-29,2,4.7,48,Open
SMMS-00059,S&T,Hyderabad-SEC-03,EQ-2354,Track circuit failure,High,2026-08-13 06:44,2026-08-18,13,2.2,48,Scheduled
SMMS-00060,S&T,Hyderabad-SEC-04,EQ-7607,Track circuit failure,High,2026-08-27 14:36,2026-09-01,0,1.3,45,Open
SMMS-00061,S&T,Guntakal-SEC-08,EQ-8173,Interlocking software fault,High,2026-07-03 13:11,2026-07-08,54,5.3,35,Scheduled
SMMS-00062,S&T,Guntur-SEC-03,EQ-9682,Signal lamp failure,High,2026-05-18 15:11,2026-05-23,100,5.6,27,Completed
SMMS-00063,S&T,Vijayawada-SEC-05,EQ-9977,Track circuit failure,Critical,2026-06-23 08:08,2026-06-24,68,2.9,47,Completed
SMMS-00064,S&T,Hyderabad-SEC-04,EQ-5974,Axle counter fault,Low,2026-05-09 13:05,2026-06-08,84,3.3,22,Completed
SMMS-00065,S&T,Vijayawada-SEC-01,EQ-9850,Signal lamp failure,Low,2026-07-14 01:02,2026-08-13,18,2.1,23,Open
SMMS-00066,S&T,Guntur-SEC-02,EQ-6899,Block instrument fault,Low,2026-07-05 07:49,2026-08-04,27,4.4,41,Open
SMMS-00067,S&T,Hyderabad-SEC-05,EQ-3994,Signal lamp failure,Low,2026-08-21 10:44,2026-09-20,0,1.4,40,Open
SMMS-00068,S&T,Secunderabad-SEC-03,EQ-9083,Block proving failure,Low,2026-05-04 11:51,2026-06-03,89,2.3,46,Open
SMMS-00069,S&T,Secunderabad-SEC-06,EQ-2640,Block instrument fault,High,2026-08-28 02:09,2026-09-02,0,1.8,34,Completed
SMMS-00070,S&T,Guntakal-SEC-06,EQ-5832,Block instrument fault,Low,2026-08-19 02:07,2026-09-18,0,0.6,45,Open
SMMS-00071,S&T,Hyderabad-SEC-08,EQ-7077,Track circuit failure,High,2026-06-05 17:33,2026-06-10,82,0.6,22,Completed
SMMS-00072,S&T,Vijayawada-SEC-04,EQ-1010,Point machine malfunction,Medium,2026-05-04 14:14,2026-05-19,104,1.0,44,Open
SMMS-00073,S&T,Guntakal-SEC-07,EQ-1975,Signal lamp failure,Low,2026-07-06 12:34,2026-08-05,26,5.5,12,Completed
SMMS-00074,S&T,Vijayawada-SEC-06,EQ-3999,Cable fault,Critical,2026-05-26 22:09,2026-05-27,96,1.1,43,Scheduled
SMMS-00075,S&T,Guntakal-SEC-06,EQ-1524,Block instrument fault,Medium,2026-06-17 14:32,2026-07-02,60,5.4,20,Open
SMMS-00076,S&T,Vijayawada-SEC-05,EQ-3115,Block instrument fault,Critical,2026-05-17 06:04,2026-05-18,105,2.9,40,Scheduled
SMMS-00077,S&T,Guntakal-SEC-08,EQ-1459,Track circuit failure,Medium,2026-05-04 11:06,2026-05-19,104,3.7,44,Scheduled
SMMS-00078,S&T,Hyderabad-SEC-08,EQ-4542,Interlocking software fault,Critical,2026-08-23 22:14,2026-08-24,7,2.7,48,Open
SMMS-00079,S&T,Vijayawada-SEC-01,EQ-1514,Track circuit failure,High,2026-06-04 02:55,2026-06-09,83,2.0,29,Open
SMMS-00080,S&T,Hyderabad-SEC-08,EQ-2536,Track circuit failure,Critical,2026-06-14 13:39,2026-06-15,77,3.5,43,Open
SMMS-00081,S&T,Guntakal-SEC-07,EQ-6670,Track circuit failure,Low,2026-06-14 01:33,2026-07-14,48,5.8,25,Scheduled
SMMS-00082,S&T,Secunderabad-SEC-03,EQ-1971,Level crossing gate interlock fault,Critical,2026-07-19 18:39,2026-07-20,42,2.6,33,Scheduled
SMMS-00083,S&T,Guntur-SEC-04,EQ-9970,Signal lamp failure,Medium,2026-06-19 23:31,2026-07-04,58,2.7,6,Open
SMMS-00084,S&T,Vijayawada-SEC-08,EQ-8847,Relay degradation,Medium,2026-06-01 08:00,2026-06-16,76,0.7,19,Scheduled
SMMS-00085,S&T,Guntakal-SEC-03,EQ-6025,Data logger fault,Medium,2026-08-15 16:04,2026-08-30,1,3.6,46,Completed
SMMS-00086,S&T,Guntur-SEC-06,EQ-7176,Axle counter fault,Critical,2026-07-15 15:48,2026-07-16,46,2.7,23,Open
SMMS-00087,S&T,Secunderabad-SEC-05,EQ-9081,Track circuit failure,Medium,2026-08-04 18:09,2026-08-19,12,5.1,26,Open
SMMS-00088,S&T,Hyderabad-SEC-03,EQ-5174,Axle counter fault,High,2026-08-15 09:45,2026-08-20,11,1.1,39,Open
SMMS-00089,S&T,Vijayawada-SEC-07,EQ-6041,Cable fault,Medium,2026-08-08 03:08,2026-08-23,8,1.3,8,Open
SMMS-00090,S&T,Guntur-SEC-03,EQ-1760,Cable fault,Medium,2026-05-29 22:50,2026-06-13,79,4.0,17,Open
SMMS-00091,S&T,Guntakal-SEC-01,EQ-4980,Signal lamp failure,Medium,2026-05-26 04:18,2026-06-10,82,2.8,11,Completed
SMMS-00092,S&T,Vijayawada-SEC-01,EQ-1106,Interlocking software fault,Medium,2026-08-17 20:46,2026-09-01,0,2.9,45,Open
SMMS-00093,S&T,Hyderabad-SEC-05,EQ-9897,Block instrument fault,High,2026-05-05 07:22,2026-05-10,113,5.3,22,Completed
SMMS-00094,S&T,Hyderabad-SEC-06,EQ-7938,Interlocking software fault,Critical,2026-05-13 17:13,2026-05-14,109,3.8,12,Open
SMMS-00095,S&T,Vijayawada-SEC-04,EQ-1138,Axle counter fault,Medium,2026-08-02 15:15,2026-08-17,14,4.9,31,Open
SMMS-00096,S&T,Guntur-SEC-06,EQ-1404,Data logger fault,Critical,2026-06-26 17:12,2026-06-27,65,3.0,10,Open
SMMS-00097,S&T,Vijayawada-SEC-03,EQ-4697,Relay degradation,Critical,2026-07-06 19:49,2026-07-07,55,2.4,2,Open
SMMS-00098,S&T,Vijayawada-SEC-03,EQ-2106,Cable fault,Critical,2026-07-07 17:52,2026-07-08,54,4.9,35,Scheduled
SMMS-00099,S&T,Guntakal-SEC-08,EQ-2547,Level crossing gate interlock fault,Low,2026-06-26 03:08,2026-07-26,36,4.5,8,Scheduled
SMMS-00100,S&T,Hyderabad-SEC-04,EQ-2336,Data logger fault,High,2026-06-28 08:06,2026-07-03,59,2.5,22,Scheduled
SMMS-00101,S&T,Guntur-SEC-01,EQ-9466,Signal lamp failure,High,2026-07-03 06:52,2026-07-08,54,4.3,47,Open
SMMS-00102,S&T,Hyderabad-SEC-07,EQ-4538,Point machine malfunction,Low,2026-05-25 11:37,2026-06-24,68,3.1,37,Completed
SMMS-00103,S&T,Vijayawada-SEC-04,EQ-9340,Interlocking software fault,Medium,2026-06-15 18:22,2026-06-30,62,3.7,23,Completed
SMMS-00104,S&T,Vijayawada-SEC-01,EQ-3754,Block instrument fault,Medium,2026-07-23 22:03,2026-08-07,24,6.0,12,Open
SMMS-00105,S&T,Vijayawada-SEC-01,EQ-4746,Axle counter fault,High,2026-08-09 03:55,2026-08-14,17,2.1,44,Completed
SMMS-00106,S&T,Guntakal-SEC-02,EQ-4463,Axle counter fault,Critical,2026-08-24 14:49,2026-08-25,6,2.0,49,Completed
SMMS-00107,S&T,Guntakal-SEC-08,EQ-4215,Signal lamp failure,Critical,2026-05-28 20:00,2026-05-29,94,5.9,45,Open
SMMS-00108,S&T,Secunderabad-SEC-04,EQ-5538,Axle counter fault,High,2026-06-12 23:31,2026-06-17,75,4.0,16,Completed
SMMS-00109,S&T,Vijayawada-SEC-01,EQ-2691,Track circuit failure,Medium,2026-08-15 08:01,2026-08-30,1,5.2,25,Scheduled
SMMS-00110,S&T,Secunderabad-SEC-04,EQ-7670,Interlocking software fault,Medium,2026-08-26 19:14,2026-09-10,0,2.8,27,Open
SMMS-00111,S&T,Vijayawada-SEC-07,EQ-8208,Block instrument fault,High,2026-06-05 21:54,2026-06-10,82,4.9,31,Open
SMMS-00112,S&T,Vijayawada-SEC-01,EQ-2163,Block proving failure,Critical,2026-05-08 02:43,2026-05-09,114,3.5,3,Scheduled
SMMS-00113,S&T,Secunderabad-SEC-05,EQ-8695,Interlocking software fault,Medium,2026-06-16 20:44,2026-07-01,61,5.4,26,Completed
SMMS-00114,S&T,Vijayawada-SEC-06,EQ-2955,Signal lamp failure,Medium,2026-08-26 18:12,2026-09-10,0,5.8,18,Open
SMMS-00115,S&T,Guntur-SEC-01,EQ-7420,Axle counter fault,Low,2026-05-29 04:17,2026-06-28,64,0.9,11,Scheduled
SMMS-00116,S&T,Secunderabad-SEC-01,EQ-9209,Signal lamp failure,Low,2026-05-21 16:36,2026-06-20,72,2.8,25,Open
SMMS-00117,S&T,Guntur-SEC-02,EQ-8544,Signal lamp failure,Low,2026-05-10 10:34,2026-06-09,83,2.8,26,Open
SMMS-00118,S&T,Guntur-SEC-02,EQ-6931,Cable fault,Critical,2026-07-12 18:25,2026-07-13,49,3.3,5,Open
SMMS-00119,S&T,Guntur-SEC-04,EQ-7414,Track circuit failure,High,2026-07-26 14:43,2026-07-31,31,0.7,45,Open
SMMS-00120,S&T,Guntakal-SEC-07,EQ-1139,Interlocking software fault,Medium,2026-05-25 17:08,2026-06-09,83,3.6,43,Scheduled
SMMS-00121,S&T,Guntur-SEC-01,EQ-3206,Level crossing gate interlock fault,High,2026-08-10 07:29,2026-08-15,16,5.2,9,Open
SMMS-00122,S&T,Vijayawada-SEC-01,EQ-6628,Block proving failure,High,2026-08-13 14:41,2026-08-18,13,2.8,37,Scheduled
SMMS-00123,S&T,Hyderabad-SEC-01,EQ-1643,Relay degradation,High,2026-07-28 18:29,2026-08-02,29,3.3,49,Open
SMMS-00124,S&T,Guntur-SEC-03,EQ-3416,Block proving failure,Critical,2026-06-16 01:30,2026-06-17,75,3.9,17,Scheduled
SMMS-00125,S&T,Guntur-SEC-01,EQ-5319,Track circuit failure,Medium,2026-05-07 20:55,2026-05-22,101,3.6,14,Scheduled
SMMS-00126,S&T,Guntakal-SEC-03,EQ-8551,Axle counter fault,Low,2026-05-20 15:16,2026-06-19,73,4.5,25,Scheduled
SMMS-00127,S&T,Vijayawada-SEC-05,EQ-1569,Track circuit failure,High,2026-07-16 04:38,2026-07-21,41,1.9,6,Open
SMMS-00128,S&T,Guntur-SEC-02,EQ-1458,Cable fault,Low,2026-05-17 10:40,2026-06-16,76,3.4,48,Open
SMMS-00129,S&T,Hyderabad-SEC-05,EQ-5400,Block instrument fault,Low,2026-05-13 07:00,2026-06-12,80,2.6,23,Scheduled
SMMS-00130,S&T,Guntakal-SEC-02,EQ-6496,Track circuit failure,Medium,2026-07-11 02:38,2026-07-26,36,4.5,25,Completed
SMMS-00131,S&T,Guntakal-SEC-02,EQ-7439,Level crossing gate interlock fault,Medium,2026-07-07 10:30,2026-07-22,40,6.0,48,Scheduled
SMMS-00132,S&T,Vijayawada-SEC-06,EQ-5593,Axle counter fault,Low,2026-06-28 10:04,2026-07-28,34,0.8,7,Open
SMMS-00133,S&T,Secunderabad-SEC-01,EQ-6440,Data logger fault,Critical,2026-07-26 10:31,2026-07-27,35,4.3,21,Open
SMMS-00134,S&T,Vijayawada-SEC-02,EQ-6293,Cable fault,High,2026-05-19 11:33,2026-05-24,99,2.7,38,Open
SMMS-00135,S&T,Vijayawada-SEC-08,EQ-1221,Block instrument fault,High,2026-07-24 07:44,2026-07-29,33,5.2,19,Open
SMMS-00136,S&T,Guntur-SEC-01,EQ-3007,Interlocking software fault,Low,2026-07-15 02:34,2026-08-14,17,2.0,5,Completed
SMMS-00137,S&T,Vijayawada-SEC-03,EQ-7806,Point machine malfunction,Medium,2026-07-29 00:18,2026-08-13,18,1.6,21,Scheduled
SMMS-00138,S&T,Guntur-SEC-05,EQ-7760,Track circuit failure,High,2026-05-10 12:45,2026-05-15,108,5.0,44,Scheduled
SMMS-00139,S&T,Secunderabad-SEC-02,EQ-1491,Relay degradation,Low,2026-08-03 20:12,2026-09-02,0,4.2,43,Scheduled
SMMS-00140,S&T,Vijayawada-SEC-03,EQ-3327,Point machine malfunction,Low,2026-08-16 05:57,2026-09-15,0,5.0,7,Open
SMMS-00141,S&T,Guntakal-SEC-02,EQ-6215,Axle counter fault,Critical,2026-06-22 07:44,2026-06-23,69,5.6,15,Open
SMMS-00142,S&T,Hyderabad-SEC-01,EQ-8547,Interlocking software fault,Medium,2026-06-08 13:49,2026-06-23,69,1.5,19,Completed
SMMS-00143,S&T,Vijayawada-SEC-03,EQ-1414,Relay degradation,Critical,2026-06-09 05:51,2026-06-10,82,3.2,28,Scheduled
SMMS-00144,S&T,Guntur-SEC-05,EQ-3163,Data logger fault,High,2026-05-11 18:37,2026-05-16,107,2.9,29,Open
SMMS-00145,S&T,Secunderabad-SEC-08,EQ-5565,Signal lamp failure,High,2026-07-21 09:11,2026-07-26,36,3.1,43,Completed
SMMS-00146,S&T,Guntur-SEC-05,EQ-9798,Point machine malfunction,Medium,2026-05-05 01:05,2026-05-20,103,5.0,3,Completed
SMMS-00147,S&T,Secunderabad-SEC-03,EQ-1595,Signal lamp failure,Medium,2026-07-15 12:08,2026-07-30,32,4.1,11,Open
SMMS-00148,S&T,Vijayawada-SEC-04,EQ-6239,Block instrument fault,Medium,2026-06-05 17:30,2026-06-20,72,0.9,44,Completed
SMMS-00149,S&T,Vijayawada-SEC-07,EQ-3022,Track circuit failure,Medium,2026-08-07 19:38,2026-08-22,9,3.8,50,Open
SMMS-00150,S&T,Vijayawada-SEC-03,EQ-1574,Track circuit failure,Medium,2026-05-20 01:09,2026-06-04,88,3.2,9,Open
SMMS-00151,S&T,Guntur-SEC-02,EQ-3883,Signal lamp failure,Medium,2026-06-13 11:24,2026-06-28,64,1.3,40,Scheduled
SMMS-00152,S&T,Guntakal-SEC-07,EQ-3094,Cable fault,Low,2026-06-19 01:01,2026-07-19,43,4.8,41,Open
SMMS-00153,S&T,Vijayawada-SEC-02,EQ-8253,Track circuit failure,Low,2026-05-09 16:14,2026-06-08,84,1.3,46,Scheduled
SMMS-00154,S&T,Guntakal-SEC-03,EQ-6957,Block instrument fault,Medium,2026-05-09 04:59,2026-05-24,99,1.5,46,Scheduled
SMMS-00155,S&T,Vijayawada-SEC-07,EQ-7934,Level crossing gate interlock fault,Low,2026-05-09 15:54,2026-06-08,84,1.7,7,Open
SMMS-00156,S&T,Hyderabad-SEC-04,EQ-8522,Signal lamp failure,Medium,2026-08-27 06:54,2026-09-11,0,5.5,34,Open
SMMS-00157,S&T,Hyderabad-SEC-01,EQ-3595,Track circuit failure,Low,2026-06-15 05:52,2026-07-15,47,1.2,26,Open
SMMS-00158,S&T,Guntakal-SEC-07,EQ-4641,Relay degradation,High,2026-08-30 06:06,2026-09-04,0,2.7,45,Scheduled
SMMS-00159,S&T,Guntur-SEC-04,EQ-5294,Relay degradation,Low,2026-08-08 20:44,2026-09-07,0,3.2,18,Scheduled
SMMS-00160,S&T,Vijayawada-SEC-01,EQ-3378,Track circuit failure,High,2026-07-01 16:42,2026-07-06,56,4.6,15,Completed
SMMS-00161,S&T,Hyderabad-SEC-01,EQ-1276,Block proving failure,Low,2026-08-12 18:50,2026-09-11,0,5.6,8,Scheduled
SMMS-00162,S&T,Hyderabad-SEC-05,EQ-3527,Block proving failure,Low,2026-07-25 14:45,2026-08-24,7,2.4,45,Scheduled
SMMS-00163,S&T,Secunderabad-SEC-04,EQ-7177,Axle counter fault,Medium,2026-08-08 17:29,2026-08-23,8,2.4,41,Completed
SMMS-00164,S&T,Guntur-SEC-01,EQ-4968,Block proving failure,Medium,2026-07-19 16:18,2026-08-03,28,0.8,48,Open
SMMS-00165,S&T,Hyderabad-SEC-03,EQ-1908,Interlocking software fault,Critical,2026-05-21 15:05,2026-05-22,101,4.1,27,Scheduled
SMMS-00166,S&T,Guntur-SEC-08,EQ-6165,Track circuit failure,High,2026-06-30 13:57,2026-07-05,57,1.8,37,Completed
SMMS-00167,S&T,Secunderabad-SEC-01,EQ-2175,Track circuit failure,Medium,2026-05-25 19:33,2026-06-09,83,2.3,26,Open
SMMS-00168,S&T,Guntur-SEC-02,EQ-4755,Data logger fault,Medium,2026-06-08 21:54,2026-06-23,69,2.1,48,Open
SMMS-00169,S&T,Guntur-SEC-07,EQ-1737,Cable fault,Critical,2026-07-16 09:56,2026-07-17,45,4.5,22,Open
SMMS-00170,S&T,Guntakal-SEC-08,EQ-2416,Level crossing gate interlock fault,Low,2026-08-22 17:39,2026-09-21,0,4.1,48,Open
SMMS-00171,S&T,Guntakal-SEC-06,EQ-8016,Interlocking software fault,Low,2026-08-22 03:23,2026-09-21,0,4.2,3,Scheduled
SMMS-00172,S&T,Vijayawada-SEC-06,EQ-6259,Block instrument fault,Medium,2026-06-07 20:40,2026-06-22,70,2.6,37,Open
SMMS-00173,S&T,Vijayawada-SEC-01,EQ-1297,Interlocking software fault,Critical,2026-05-20 17:16,2026-05-21,102,4.9,12,Open
SMMS-00174,S&T,Guntur-SEC-08,EQ-2574,Axle counter fault,Critical,2026-08-11 23:27,2026-08-12,19,5.3,48,Scheduled
SMMS-00175,S&T,Vijayawada-SEC-08,EQ-8045,Data logger fault,Critical,2026-08-12 12:48,2026-08-13,18,1.6,27,Open
SMMS-00176,S&T,Hyderabad-SEC-02,EQ-8775,Track circuit failure,Medium,2026-06-20 00:26,2026-07-05,57,0.7,6,Open
SMMS-00177,S&T,Vijayawada-SEC-04,EQ-3160,Block instrument fault,High,2026-06-30 06:22,2026-07-05,57,4.9,43,Open
SMMS-00178,S&T,Hyderabad-SEC-05,EQ-9690,Relay degradation,Medium,2026-05-26 22:58,2026-06-10,82,2.4,41,Open
SMMS-00179,S&T,Vijayawada-SEC-06,EQ-6058,Track circuit failure,Medium,2026-06-23 08:41,2026-07-08,54,5.1,9,Scheduled
SMMS-00180,S&T,Hyderabad-SEC-01,EQ-6486,Axle counter fault,High,2026-06-12 10:05,2026-06-17,75,1.5,16,Open
SMMS-00181,S&T,Secunderabad-SEC-02,EQ-6719,Block instrument fault,High,2026-08-26 18:13,2026-08-31,0,0.9,26,Open
SMMS-00182,S&T,Guntakal-SEC-03,EQ-8863,Signal lamp failure,Medium,2026-07-26 03:30,2026-08-10,21,4.9,47,Open
SMMS-00183,S&T,Guntakal-SEC-04,EQ-6065,Relay degradation,Low,2026-08-14 08:40,2026-09-13,0,3.1,44,Scheduled
SMMS-00184,S&T,Guntur-SEC-05,EQ-6071,Point machine malfunction,High,2026-06-29 09:24,2026-07-04,58,3.0,28,Completed
SMMS-00185,S&T,Guntakal-SEC-01,EQ-6416,Signal lamp failure,Medium,2026-07-13 11:20,2026-07-28,34,5.9,3,Open
SMMS-00186,S&T,Secunderabad-SEC-03,EQ-7326,Interlocking software fault,Medium,2026-07-17 12:32,2026-08-01,30,3.1,38,Open
SMMS-00187,S&T,Hyderabad-SEC-05,EQ-6867,Axle counter fault,Medium,2026-08-08 07:05,2026-08-23,8,1.1,38,Scheduled
SMMS-00188,S&T,Hyderabad-SEC-06,EQ-8634,Signal lamp failure,High,2026-08-03 12:18,2026-08-08,23,4.3,13,Open
SMMS-00189,S&T,Vijayawada-SEC-06,EQ-7988,Interlocking software fault,Medium,2026-08-17 18:07,2026-09-01,0,3.0,17,Completed
SMMS-00190,S&T,Hyderabad-SEC-08,EQ-6495,Data logger fault,Medium,2026-05-14 12:34,2026-05-29,94,5.5,27,Open
SMMS-00191,S&T,Guntakal-SEC-06,EQ-5288,Interlocking software fault,Medium,2026-07-26 08:55,2026-08-10,21,1.9,49,Open
SMMS-00192,S&T,Guntakal-SEC-04,EQ-2987,Level crossing gate interlock fault,Low,2026-06-02 14:37,2026-07-02,60,4.9,38,Completed
SMMS-00193,S&T,Guntakal-SEC-01,EQ-5518,Data logger fault,Low,2026-06-17 15:05,2026-07-17,45,1.8,30,Open
SMMS-00194,S&T,Hyderabad-SEC-02,EQ-3807,Axle counter fault,Low,2026-06-19 14:10,2026-07-19,43,2.0,16,Open
SMMS-00195,S&T,Guntur-SEC-07,EQ-4580,Data logger fault,Medium,2026-07-20 05:46,2026-08-04,27,3.8,44,Completed
SMMS-00196,S&T,Secunderabad-SEC-07,EQ-5082,Axle counter fault,Medium,2026-06-10 04:58,2026-06-25,67,5.6,8,Completed
SMMS-00197,S&T,Vijayawada-SEC-04,EQ-2886,Block instrument fault,Medium,2026-05-09 03:12,2026-05-24,99,0.8,50,Open
SMMS-00198,S&T,Vijayawada-SEC-05,EQ-5703,Block proving failure,Low,2026-07-21 13:01,2026-08-20,11,3.4,47,Scheduled
SMMS-00199,S&T,Vijayawada-SEC-01,EQ-1610,Track circuit failure,Medium,2026-07-15 11:44,2026-07-30,32,3.7,2,Open
SMMS-00200,S&T,Secunderabad-SEC-05,EQ-3431,Data logger fault,Medium,2026-07-27 03:22,2026-08-11,20,2.2,16,Scheduled
SMMS-00201,S&T,Guntakal-SEC-07,EQ-2747,Axle counter fault,High,2026-05-18 23:00,2026-05-23,100,4.6,9,Open
SMMS-00202,S&T,Guntakal-SEC-07,EQ-9663,Data logger fault,High,2026-05-13 07:11,2026-05-18,105,2.7,27,Open
SMMS-00203,S&T,Secunderabad-SEC-01,EQ-8049,Point machine malfunction,Medium,2026-06-18 11:42,2026-07-03,59,5.1,38,Scheduled
SMMS-00204,S&T,Guntakal-SEC-04,EQ-4099,Interlocking software fault,High,2026-05-03 21:29,2026-05-08,115,2.5,46,Open
SMMS-00205,S&T,Hyderabad-SEC-03,EQ-7078,Signal lamp failure,Critical,2026-07-13 15:56,2026-07-14,48,1.7,15,Open
SMMS-00206,S&T,Vijayawada-SEC-01,EQ-1548,Track circuit failure,Low,2026-08-08 17:03,2026-09-07,0,1.4,14,Open
SMMS-00207,S&T,Secunderabad-SEC-07,EQ-1306,Interlocking software fault,High,2026-07-25 17:20,2026-07-30,32,1.6,16,Scheduled
SMMS-00208,S&T,Guntur-SEC-02,EQ-9851,Signal lamp failure,Medium,2026-06-01 02:54,2026-06-16,76,4.6,4,Scheduled
SMMS-00209,S&T,Vijayawada-SEC-02,EQ-5597,Level crossing gate interlock fault,High,2026-05-08 00:17,2026-05-13,110,4.4,50,Scheduled
SMMS-00210,S&T,Guntur-SEC-08,EQ-8178,Interlocking software fault,Low,2026-08-25 18:25,2026-09-24,0,4.1,6,Open
SMMS-00211,S&T,Secunderabad-SEC-04,EQ-3542,Track circuit failure,High,2026-08-07 22:38,2026-08-12,19,5.1,36,Scheduled
SMMS-00212,S&T,Hyderabad-SEC-04,EQ-5592,Level crossing gate interlock fault,Low,2026-05-17 10:39,2026-06-16,76,1.4,27,Open
SMMS-00213,S&T,Vijayawada-SEC-03,EQ-4259,Track circuit failure,Medium,2026-07-05 11:44,2026-07-20,42,4.6,10,Open
SMMS-00214,S&T,Secunderabad-SEC-02,EQ-3202,Cable fault,Low,2026-08-12 01:17,2026-09-11,0,0.6,27,Scheduled
SMMS-00215,S&T,Secunderabad-SEC-02,EQ-4595,Track circuit failure,High,2026-08-18 16:09,2026-08-23,8,0.6,18,Open
SMMS-00216,S&T,Guntur-SEC-04,EQ-8475,Cable fault,Medium,2026-07-06 21:32,2026-07-21,41,1.2,2,Open
SMMS-00217,S&T,Guntakal-SEC-07,EQ-6164,Track circuit failure,Low,2026-07-08 18:49,2026-08-07,24,3.9,49,Open
SMMS-00218,S&T,Vijayawada-SEC-04,EQ-4781,Data logger fault,Medium,2026-07-27 00:38,2026-08-11,20,0.8,37,Scheduled
SMMS-00219,S&T,Guntakal-SEC-02,EQ-3159,Signal lamp failure,High,2026-05-19 06:14,2026-05-24,99,0.7,10,Open
SMMS-00220,S&T,Secunderabad-SEC-02,EQ-2488,Block instrument fault,Low,2026-07-04 21:31,2026-08-03,28,4.9,47,Open
SMMS-00221,S&T,Secunderabad-SEC-04,EQ-8198,Level crossing gate interlock fault,High,2026-08-11 19:10,2026-08-16,15,5.3,18,Scheduled
SMMS-00222,S&T,Guntur-SEC-07,EQ-9113,Cable fault,Medium,2026-06-23 07:09,2026-07-08,54,5.8,18,Open
SMMS-00223,S&T,Guntakal-SEC-01,EQ-1819,Level crossing gate interlock fault,Low,2026-06-13 02:07,2026-07-13,49,1.5,25,Scheduled
SMMS-00224,S&T,Guntur-SEC-07,EQ-3430,Cable fault,Low,2026-08-02 04:27,2026-09-01,0,2.9,34,Completed
SMMS-00225,S&T,Hyderabad-SEC-06,EQ-6623,Level crossing gate interlock fault,High,2026-08-23 17:27,2026-08-28,3,3.8,27,Scheduled
SMMS-00226,S&T,Vijayawada-SEC-02,EQ-5053,Block instrument fault,Low,2026-07-26 14:43,2026-08-25,6,4.5,17,Scheduled
SMMS-00227,S&T,Vijayawada-SEC-04,EQ-2633,Axle counter fault,Low,2026-07-05 03:07,2026-08-04,27,0.9,7,Open
SMMS-00228,S&T,Secunderabad-SEC-03,EQ-4861,Cable fault,Medium,2026-08-25 19:39,2026-09-09,0,5.8,46,Scheduled
SMMS-00229,S&T,Secunderabad-SEC-05,EQ-8445,Signal lamp failure,Critical,2026-05-20 01:38,2026-05-21,102,5.5,33,Open
SMMS-00230,S&T,Guntakal-SEC-07,EQ-2696,Data logger fault,Low,2026-08-27 01:05,2026-09-26,0,3.8,41,Scheduled
SMMS-00231,S&T,Secunderabad-SEC-08,EQ-9093,Point machine malfunction,High,2026-06-04 11:04,2026-06-09,83,2.3,13,Open
SMMS-00232,S&T,Vijayawada-SEC-08,EQ-4609,Relay degradation,Low,2026-05-08 06:04,2026-06-07,85,4.6,31,Open
SMMS-00233,S&T,Secunderabad-SEC-08,EQ-7155,Axle counter fault,Low,2026-08-29 10:52,2026-09-28,0,1.3,26,Scheduled
SMMS-00234,S&T,Vijayawada-SEC-05,EQ-4199,Signal lamp failure,Medium,2026-06-05 14:30,2026-06-20,72,4.1,46,Open
SMMS-00235,S&T,Guntur-SEC-05,EQ-1303,Interlocking software fault,Low,2026-08-06 16:37,2026-09-05,0,2.1,34,Completed
SMMS-00236,S&T,Secunderabad-SEC-01,EQ-5439,Block instrument fault,Medium,2026-06-29 05:29,2026-07-14,48,5.6,3,Completed
SMMS-00237,S&T,Hyderabad-SEC-01,EQ-6723,Point machine malfunction,Medium,2026-08-30 10:22,2026-09-14,0,2.6,41,Scheduled
SMMS-00238,S&T,Guntakal-SEC-01,EQ-3976,Level crossing gate interlock fault,Low,2026-07-22 17:06,2026-08-21,10,3.0,29,Scheduled
SMMS-00239,S&T,Guntakal-SEC-05,EQ-7784,Track circuit failure,Low,2026-08-05 18:10,2026-09-04,0,3.8,19,Open
SMMS-00240,S&T,Vijayawada-SEC-03,EQ-6876,Data logger fault,Medium,2026-05-06 05:52,2026-05-21,102,4.9,11,Open
SMMS-00241,S&T,Hyderabad-SEC-07,EQ-3192,Signal lamp failure,High,2026-08-21 09:27,2026-08-26,5,1.0,43,Open
SMMS-00242,S&T,Secunderabad-SEC-05,EQ-6285,Level crossing gate interlock fault,High,2026-05-31 18:15,2026-06-05,87,2.1,15,Open
SMMS-00243,S&T,Hyderabad-SEC-06,EQ-7590,Track circuit failure,High,2026-06-17 12:25,2026-06-22,70,4.2,29,Open
SMMS-00244,S&T,Hyderabad-SEC-08,EQ-5860,Block proving failure,Medium,2026-06-07 18:23,2026-06-22,70,1.4,50,Completed
SMMS-00245,S&T,Guntakal-SEC-01,EQ-9427,Signal lamp failure,Medium,2026-08-26 08:17,2026-09-10,0,2.3,43,Scheduled
SMMS-00246,S&T,Vijayawada-SEC-07,EQ-9819,Signal lamp failure,High,2026-07-19 20:27,2026-07-24,38,4.5,4,Open
SMMS-00247,S&T,Secunderabad-SEC-06,EQ-3896,Axle counter fault,Medium,2026-06-24 15:49,2026-07-09,53,1.4,8,Completed
SMMS-00248,S&T,Secunderabad-SEC-08,EQ-7102,Relay degradation,Medium,2026-08-09 21:13,2026-08-24,7,2.1,11,Completed
SMMS-00249,S&T,Guntakal-SEC-04,EQ-1138,Point machine malfunction,Medium,2026-06-23 08:48,2026-07-08,54,6.0,50,Scheduled
SMMS-00250,S&T,Guntur-SEC-01,EQ-6067,Interlocking software fault,High,2026-06-25 12:06,2026-06-30,62,3.5,50,Open
SMMS-00251,S&T,Hyderabad-SEC-05,EQ-9232,Block instrument fault,Critical,2026-05-16 23:57,2026-05-17,106,2.6,30,Scheduled
SMMS-00252,S&T,Guntur-SEC-01,EQ-7581,Interlocking software fault,Low,2026-07-01 15:05,2026-07-31,31,3.4,27,Scheduled
SMMS-00253,S&T,Vijayawada-SEC-06,EQ-5852,Block proving failure,Medium,2026-05-24 19:40,2026-06-08,84,4.5,13,Open
SMMS-00254,S&T,Vijayawada-SEC-05,EQ-3998,Signal lamp failure,Low,2026-08-13 08:07,2026-09-12,0,1.5,21,Scheduled
SMMS-00255,S&T,Vijayawada-SEC-06,EQ-2847,Interlocking software fault,High,2026-08-26 13:38,2026-08-31,0,1.9,48,Open
SMMS-00256,S&T,Secunderabad-SEC-08,EQ-2475,Block instrument fault,Low,2026-06-27 03:18,2026-07-27,35,4.4,41,Open
SMMS-00257,S&T,Hyderabad-SEC-08,EQ-5549,Data logger fault,Medium,2026-05-18 09:12,2026-06-02,90,3.8,46,Open
SMMS-00258,S&T,Hyderabad-SEC-04,EQ-1326,Signal lamp failure,Medium,2026-06-09 18:08,2026-06-24,68,1.6,16,Completed
SMMS-00259,S&T,Vijayawada-SEC-03,EQ-1034,Signal lamp failure,Critical,2026-07-08 09:04,2026-07-09,53,4.3,2,Open
SMMS-00260,S&T,Guntur-SEC-02,EQ-4089,Point machine malfunction,Medium,2026-08-06 18:07,2026-08-21,10,1.6,2,Open
SMMS-00261,S&T,Hyderabad-SEC-02,EQ-4849,Relay degradation,Low,2026-08-26 12:06,2026-09-25,0,2.0,47,Open
SMMS-00262,S&T,Hyderabad-SEC-08,EQ-3800,Block proving failure,Medium,2026-07-17 03:51,2026-08-01,30,5.6,38,Scheduled
SMMS-00263,S&T,Guntur-SEC-04,EQ-3687,Block instrument fault,Medium,2026-08-24 21:49,2026-09-08,0,3.4,50,Open
SMMS-00264,S&T,Vijayawada-SEC-06,EQ-9218,Data logger fault,High,2026-07-31 15:43,2026-08-05,26,3.6,26,Scheduled
SMMS-00265,S&T,Secunderabad-SEC-06,EQ-9284,Cable fault,High,2026-05-11 16:34,2026-05-16,107,3.2,42,Open
SMMS-00266,S&T,Guntur-SEC-02,EQ-3900,Level crossing gate interlock fault,Low,2026-06-12 04:15,2026-07-12,50,4.6,31,Open
SMMS-00267,S&T,Secunderabad-SEC-01,EQ-2218,Track circuit failure,High,2026-07-07 03:53,2026-07-12,50,4.8,11,Scheduled
SMMS-00268,S&T,Hyderabad-SEC-07,EQ-3496,Point machine malfunction,High,2026-05-22 18:17,2026-05-27,96,1.7,45,Open
SMMS-00269,S&T,Hyderabad-SEC-07,EQ-2037,Relay degradation,High,2026-06-27 15:51,2026-07-02,60,1.5,32,Open
SMMS-00270,S&T,Guntur-SEC-08,EQ-7318,Point machine malfunction,Medium,2026-05-03 23:16,2026-05-18,105,5.4,43,Open
SMMS-00271,S&T,Vijayawada-SEC-03,EQ-1102,Block proving failure,Medium,2026-05-27 01:05,2026-06-11,81,5.0,36,Open
SMMS-00272,S&T,Secunderabad-SEC-05,EQ-3087,Block instrument fault,Low,2026-05-14 00:10,2026-06-13,79,1.9,40,Open
SMMS-00273,S&T,Secunderabad-SEC-08,EQ-6772,Data logger fault,Medium,2026-07-10 19:44,2026-07-25,37,3.3,28,Scheduled
SMMS-00274,S&T,Guntakal-SEC-07,EQ-9150,Axle counter fault,High,2026-06-24 00:34,2026-06-29,63,4.3,49,Scheduled
SMMS-00275,S&T,Guntur-SEC-02,EQ-9746,Level crossing gate interlock fault,Medium,2026-06-01 18:30,2026-06-16,76,2.6,50,Open
SMMS-00276,S&T,Guntakal-SEC-05,EQ-8343,Track circuit failure,Medium,2026-05-12 11:06,2026-05-27,96,1.0,21,Scheduled
SMMS-00277,S&T,Guntakal-SEC-05,EQ-4662,Data logger fault,Low,2026-06-17 03:24,2026-07-17,45,1.4,19,Scheduled
SMMS-00278,S&T,Guntakal-SEC-04,EQ-3236,Data logger fault,Critical,2026-06-12 00:49,2026-06-13,79,2.9,40,Open
SMMS-00279,S&T,Guntur-SEC-03,EQ-7931,Data logger fault,Medium,2026-07-28 01:09,2026-08-12,19,4.7,21,Open
SMMS-00280,S&T,Hyderabad-SEC-04,EQ-1063,Relay degradation,Medium,2026-07-06 03:05,2026-07-21,41,3.2,40,Open
SMMS-00281,S&T,Hyderabad-SEC-08,EQ-5656,Level crossing gate interlock fault,High,2026-06-05 05:52,2026-06-10,82,2.4,19,Open
SMMS-00282,S&T,Guntakal-SEC-04,EQ-2843,Level crossing gate interlock fault,Low,2026-06-27 16:57,2026-07-27,35,4.9,31,Open
SMMS-00283,S&T,Vijayawada-SEC-06,EQ-7531,Data logger fault,Medium,2026-05-16 07:18,2026-05-31,92,4.0,36,Completed
SMMS-00284,S&T,Secunderabad-SEC-02,EQ-5345,Interlocking software fault,High,2026-08-18 10:08,2026-08-23,8,3.7,22,Open
SMMS-00285,S&T,Guntur-SEC-02,EQ-1162,Cable fault,Medium,2026-06-15 17:55,2026-06-30,62,3.3,12,Open
SMMS-00286,S&T,Guntur-SEC-06,EQ-1640,Level crossing gate interlock fault,High,2026-05-10 22:51,2026-05-15,108,1.3,27,Open
SMMS-00287,S&T,Guntakal-SEC-02,EQ-9759,Interlocking software fault,Critical,2026-06-15 21:46,2026-06-16,76,3.5,24,Open
SMMS-00288,S&T,Hyderabad-SEC-05,EQ-4112,Block proving failure,Critical,2026-05-25 15:56,2026-05-26,97,5.3,4,Open
SMMS-00289,S&T,Guntur-SEC-07,EQ-5291,Point machine malfunction,Medium,2026-07-23 04:18,2026-08-07,24,3.9,37,Open
SMMS-00290,S&T,Guntur-SEC-05,EQ-7071,Signal lamp failure,Critical,2026-05-13 15:23,2026-05-14,109,5.6,5,Open
SMMS-00291,S&T,Guntur-SEC-02,EQ-2668,Data logger fault,Medium,2026-08-26 11:26,2026-09-10,0,4.7,40,Open
SMMS-00292,S&T,Guntur-SEC-01,EQ-5796,Point machine malfunction,Low,2026-08-05 23:22,2026-09-04,0,5.7,37,Open
SMMS-00293,S&T,Guntakal-SEC-03,EQ-8077,Block instrument fault,Low,2026-06-20 17:01,2026-07-20,42,5.9,38,Open
SMMS-00294,S&T,Secunderabad-SEC-08,EQ-9696,Block instrument fault,Low,2026-05-26 06:31,2026-06-25,67,5.5,12,Open
SMMS-00295,S&T,Vijayawada-SEC-06,EQ-8007,Cable fault,Critical,2026-06-10 22:43,2026-06-11,81,4.0,46,Open
SMMS-00296,S&T,Guntakal-SEC-01,EQ-3154,Data logger fault,Low,2026-08-02 14:07,2026-09-01,0,2.2,40,Completed
SMMS-00297,S&T,Guntur-SEC-04,EQ-7567,Cable fault,High,2026-07-12 06:22,2026-07-17,45,2.4,12,Open
SMMS-00298,S&T,Secunderabad-SEC-08,EQ-6301,Cable fault,High,2026-08-27 10:14,2026-09-01,0,4.8,41,Scheduled
SMMS-00299,S&T,Vijayawada-SEC-04,EQ-4018,Axle counter fault,High,2026-05-12 06:36,2026-05-17,106,5.6,9,Scheduled
SMMS-00300,S&T,Guntakal-SEC-03,EQ-8202,Signal lamp failure,High,2026-07-20 15:24,2026-07-25,37,4.0,18,Open
SMMS-00301,S&T,Guntakal-SEC-05,EQ-7100,Data logger fault,High,2026-07-01 09:50,2026-07-06,56,2.1,16,Scheduled
SMMS-00302,S&T,Vijayawada-SEC-07,EQ-9755,Track circuit failure,Critical,2026-07-21 17:47,2026-07-22,40,5.0,22,Open
SMMS-00303,S&T,Guntakal-SEC-07,EQ-4574,Point machine malfunction,Low,2026-05-17 21:01,2026-06-16,76,2.1,12,Scheduled
SMMS-00304,S&T,Guntur-SEC-02,EQ-3092,Block proving failure,Critical,2026-05-13 02:18,2026-05-14,109,4.6,13,Completed
SMMS-00305,S&T,Vijayawada-SEC-08,EQ-3345,Block proving failure,Low,2026-05-04 21:31,2026-06-03,89,4.8,31,Open
SMMS-00306,S&T,Vijayawada-SEC-08,EQ-6677,Relay degradation,Medium,2026-07-08 14:08,2026-07-23,39,3.5,22,Scheduled
SMMS-00307,S&T,Guntakal-SEC-04,EQ-3790,Block proving failure,High,2026-07-21 03:49,2026-07-26,36,1.5,24,Open
SMMS-00308,S&T,Hyderabad-SEC-01,EQ-6368,Block instrument fault,High,2026-05-14 12:37,2026-05-19,104,1.1,25,Scheduled
SMMS-00309,S&T,Hyderabad-SEC-02,EQ-1772,Cable fault,Critical,2026-07-05 21:34,2026-07-06,56,5.5,21,Scheduled
SMMS-00310,S&T,Vijayawada-SEC-07,EQ-6998,Block proving failure,Medium,2026-07-29 07:40,2026-08-13,18,2.0,15,Open
SMMS-00311,S&T,Guntakal-SEC-03,EQ-2837,Block instrument fault,Medium,2026-08-13 13:09,2026-08-28,3,3.4,9,Open
SMMS-00312,S&T,Hyderabad-SEC-07,EQ-4328,Signal lamp failure,Medium,2026-07-24 03:12,2026-08-08,23,1.9,23,Open
SMMS-00313,S&T,Hyderabad-SEC-02,EQ-4567,Level crossing gate interlock fault,Critical,2026-06-27 04:32,2026-06-28,64,1.6,7,Completed
SMMS-00314,S&T,Hyderabad-SEC-07,EQ-3985,Level crossing gate interlock fault,High,2026-08-23 16:40,2026-08-28,3,4.0,4,Open
SMMS-00315,S&T,Hyderabad-SEC-04,EQ-2119,Cable fault,Low,2026-06-28 04:31,2026-07-28,34,5.0,13,Open
SMMS-00316,S&T,Guntur-SEC-04,EQ-4013,Cable fault,Critical,2026-07-02 16:51,2026-07-03,59,5.0,45,Open
SMMS-00317,S&T,Guntakal-SEC-05,EQ-4484,Cable fault,Medium,2026-08-08 19:33,2026-08-23,8,2.2,48,Open
SMMS-00318,S&T,Secunderabad-SEC-07,EQ-6836,Level crossing gate interlock fault,Critical,2026-05-20 05:21,2026-05-21,102,3.3,45,Open
SMMS-00319,S&T,Guntur-SEC-07,EQ-8253,Level crossing gate interlock fault,Low,2026-07-25 13:50,2026-08-24,7,3.2,12,Scheduled
SMMS-00320,S&T,Vijayawada-SEC-07,EQ-4439,Level crossing gate interlock fault,Low,2026-07-12 02:33,2026-08-11,20,5.9,10,Scheduled
SMMS-00321,S&T,Guntur-SEC-04,EQ-5292,Cable fault,Low,2026-06-19 14:38,2026-07-19,43,4.0,5,Scheduled
SMMS-00322,S&T,Secunderabad-SEC-08,EQ-1790,Relay degradation,Low,2026-06-19 02:40,2026-07-19,43,4.3,40,Scheduled
SMMS-00323,S&T,Vijayawada-SEC-07,EQ-6576,Axle counter fault,Medium,2026-07-01 15:42,2026-07-16,46,3.4,8,Scheduled
SMMS-00324,S&T,Guntakal-SEC-03,EQ-3788,Block proving failure,Medium,2026-06-23 02:21,2026-07-08,54,3.4,20,Open
SMMS-00325,S&T,Hyderabad-SEC-08,EQ-8500,Data logger fault,Low,2026-05-29 05:15,2026-06-28,64,2.1,25,Open
SMMS-00326,S&T,Guntakal-SEC-06,EQ-6710,Relay degradation,Low,2026-06-21 10:29,2026-07-21,41,5.4,10,Completed
SMMS-00327,S&T,Vijayawada-SEC-02,EQ-2170,Block instrument fault,Low,2026-05-29 19:57,2026-06-28,64,0.8,49,Scheduled
SMMS-00328,S&T,Secunderabad-SEC-05,EQ-3255,Interlocking software fault,Medium,2026-05-30 04:22,2026-06-14,78,5.4,35,Open
SMMS-00329,S&T,Secunderabad-SEC-06,EQ-8571,Signal lamp failure,Low,2026-06-11 01:50,2026-07-11,51,3.0,23,Scheduled
SMMS-00330,S&T,Guntakal-SEC-06,EQ-2620,Interlocking software fault,Low,2026-06-25 13:06,2026-07-25,37,1.9,15,Open
SMMS-00331,S&T,Hyderabad-SEC-02,EQ-2717,Point machine malfunction,Medium,2026-05-26 18:10,2026-06-10,82,2.7,13,Scheduled
SMMS-00332,S&T,Guntur-SEC-04,EQ-9787,Point machine malfunction,High,2026-06-11 22:55,2026-06-16,76,3.3,7,Scheduled
SMMS-00333,S&T,Guntakal-SEC-06,EQ-1186,Signal lamp failure,Low,2026-06-14 06:05,2026-07-14,48,0.9,49,Scheduled
SMMS-00334,S&T,Secunderabad-SEC-07,EQ-8295,Block instrument fault,Medium,2026-06-08 03:08,2026-06-23,69,1.4,38,Open
SMMS-00335,S&T,Guntur-SEC-04,EQ-4403,Track circuit failure,Medium,2026-07-22 18:37,2026-08-06,25,2.8,25,Open
SMMS-00336,S&T,Secunderabad-SEC-02,EQ-8613,Signal lamp failure,High,2026-05-17 00:04,2026-05-22,101,3.3,44,Open
SMMS-00337,S&T,Secunderabad-SEC-08,EQ-4950,Data logger fault,Critical,2026-08-15 09:38,2026-08-16,15,4.6,7,Open
SMMS-00338,S&T,Guntur-SEC-07,EQ-6036,Axle counter fault,High,2026-05-14 04:36,2026-05-19,104,3.7,43,Completed
SMMS-00339,S&T,Hyderabad-SEC-05,EQ-1967,Relay degradation,High,2026-07-18 19:35,2026-07-23,39,2.8,22,Completed
SMMS-00340,S&T,Secunderabad-SEC-03,EQ-5643,Cable fault,Low,2026-05-21 20:19,2026-06-20,72,4.4,5,Completed
SMMS-00341,S&T,Secunderabad-SEC-05,EQ-6623,Relay degradation,Medium,2026-07-24 16:16,2026-08-08,23,1.6,33,Open
SMMS-00342,S&T,Vijayawada-SEC-06,EQ-6712,Relay degradation,High,2026-05-27 09:21,2026-06-01,91,2.9,48,Scheduled
SMMS-00343,S&T,Hyderabad-SEC-08,EQ-1988,Signal lamp failure,High,2026-06-20 15:04,2026-06-25,67,1.8,42,Open
SMMS-00344,S&T,Guntakal-SEC-03,EQ-8378,Block proving failure,Critical,2026-07-21 08:20,2026-07-22,40,4.0,17,Open
SMMS-00345,S&T,Guntur-SEC-08,EQ-4046,Cable fault,Low,2026-07-20 09:57,2026-08-19,12,1.8,24,Scheduled
SMMS-00346,S&T,Hyderabad-SEC-08,EQ-1697,Block proving failure,Medium,2026-08-17 20:18,2026-09-01,0,1.9,10,Completed
SMMS-00347,S&T,Secunderabad-SEC-02,EQ-3595,Relay degradation,Medium,2026-05-07 15:15,2026-05-22,101,1.5,40,Open
SMMS-00348,S&T,Vijayawada-SEC-08,EQ-5833,Axle counter fault,Medium,2026-05-25 00:19,2026-06-09,83,0.5,35,Open
SMMS-00349,S&T,Guntur-SEC-03,EQ-2254,Signal lamp failure,High,2026-05-20 14:43,2026-05-25,98,5.0,8,Scheduled
SMMS-00350,S&T,Vijayawada-SEC-06,EQ-6484,Relay degradation,Low,2026-06-03 07:11,2026-07-03,59,2.3,42,Completed
SMMS-00351,S&T,Secunderabad-SEC-08,EQ-1613,Track circuit failure,Critical,2026-07-10 14:19,2026-07-11,51,2.6,44,Scheduled
SMMS-00352,S&T,Guntakal-SEC-01,EQ-3338,Block instrument fault,Medium,2026-08-31 19:04,2026-09-15,0,1.7,28,Open
SMMS-00353,S&T,Guntakal-SEC-01,EQ-5433,Block instrument fault,Low,2026-08-14 05:27,2026-09-13,0,1.9,9,Open
SMMS-00354,S&T,Secunderabad-SEC-02,EQ-7746,Data logger fault,Medium,2026-06-18 15:37,2026-07-03,59,4.9,4,Open
SMMS-00355,S&T,Hyderabad-SEC-07,EQ-1058,Data logger fault,Medium,2026-07-11 14:31,2026-07-26,36,5.2,13,Open
SMMS-00356,S&T,Guntakal-SEC-02,EQ-6241,Cable fault,Low,2026-06-24 13:52,2026-07-24,38,3.3,9,Completed
SMMS-00357,S&T,Vijayawada-SEC-01,EQ-9043,Point machine malfunction,Medium,2026-08-01 12:02,2026-08-16,15,5.4,31,Open
SMMS-00358,S&T,Hyderabad-SEC-04,EQ-2963,Point machine malfunction,Medium,2026-08-06 23:13,2026-08-21,10,2.8,50,Open
SMMS-00359,S&T,Secunderabad-SEC-03,EQ-4327,Interlocking software fault,Low,2026-05-17 14:08,2026-06-16,76,4.7,15,Scheduled
SMMS-00360,S&T,Vijayawada-SEC-06,EQ-9984,Block instrument fault,Low,2026-05-26 04:58,2026-06-25,67,3.3,30,Scheduled
SMMS-00361,S&T,Guntur-SEC-02,EQ-5652,Block instrument fault,High,2026-07-17 05:21,2026-07-22,40,1.8,30,Open
SMMS-00362,S&T,Secunderabad-SEC-01,EQ-2846,Cable fault,High,2026-07-30 20:34,2026-08-04,27,0.5,14,Open
SMMS-00363,S&T,Vijayawada-SEC-01,EQ-7486,Axle counter fault,Low,2026-06-11 08:44,2026-07-11,51,1.5,24,Open
SMMS-00364,S&T,Vijayawada-SEC-03,EQ-4811,Point machine malfunction,Low,2026-08-10 22:33,2026-09-09,0,0.9,41,Open
SMMS-00365,S&T,Guntakal-SEC-02,EQ-5579,Point machine malfunction,Medium,2026-06-09 11:02,2026-06-24,68,1.2,3,Open
SMMS-00366,S&T,Guntakal-SEC-02,EQ-2633,Data logger fault,Medium,2026-06-04 05:59,2026-06-19,73,5.1,15,Open
SMMS-00367,S&T,Secunderabad-SEC-04,EQ-8908,Data logger fault,Low,2026-07-15 15:15,2026-08-14,17,4.0,21,Open
SMMS-00368,S&T,Guntur-SEC-06,EQ-1461,Data logger fault,High,2026-06-11 18:44,2026-06-16,76,2.0,48,Scheduled
SMMS-00369,S&T,Hyderabad-SEC-05,EQ-7666,Track circuit failure,Medium,2026-07-02 18:30,2026-07-17,45,5.9,13,Open
SMMS-00370,S&T,Vijayawada-SEC-04,EQ-5745,Signal lamp failure,Low,2026-08-21 05:56,2026-09-20,0,4.9,18,Completed
SMMS-00371,S&T,Secunderabad-SEC-07,EQ-2767,Relay degradation,Medium,2026-06-04 00:29,2026-06-19,73,1.4,41,Open
SMMS-00372,S&T,Guntur-SEC-01,EQ-4524,Signal lamp failure,Medium,2026-08-07 12:52,2026-08-22,9,2.9,32,Open
SMMS-00373,S&T,Secunderabad-SEC-04,EQ-3481,Signal lamp failure,Medium,2026-06-23 09:27,2026-07-08,54,4.1,4,Scheduled
SMMS-00374,S&T,Vijayawada-SEC-01,EQ-2148,Data logger fault,Medium,2026-05-24 15:23,2026-06-08,84,4.9,25,Open
SMMS-00375,S&T,Guntur-SEC-07,EQ-6128,Signal lamp failure,Critical,2026-06-23 02:45,2026-06-24,68,2.4,5,Open
SMMS-00376,S&T,Secunderabad-SEC-01,EQ-1425,Block instrument fault,High,2026-07-31 19:01,2026-08-05,26,4.9,15,Scheduled
SMMS-00377,S&T,Guntur-SEC-05,EQ-3812,Axle counter fault,Low,2026-08-20 17:06,2026-09-19,0,0.7,7,Open
SMMS-00378,S&T,Guntur-SEC-07,EQ-2238,Block proving failure,Medium,2026-06-23 10:08,2026-07-08,54,4.6,26,Open
SMMS-00379,S&T,Guntakal-SEC-05,EQ-5576,Level crossing gate interlock fault,Critical,2026-08-08 19:37,2026-08-09,22,5.0,9,Completed
SMMS-00380,S&T,Secunderabad-SEC-05,EQ-8765,Signal lamp failure,High,2026-08-17 03:15,2026-08-22,9,4.9,31,Open
SMMS-00381,S&T,Vijayawada-SEC-07,EQ-5940,Interlocking software fault,Critical,2026-07-31 09:10,2026-08-01,30,5.9,10,Open
SMMS-00382,S&T,Guntakal-SEC-06,EQ-3966,Track circuit failure,Medium,2026-08-13 20:37,2026-08-28,3,0.6,39,Open
SMMS-00383,S&T,Secunderabad-SEC-02,EQ-5449,Interlocking software fault,Low,2026-08-21 18:49,2026-09-20,0,5.5,49,Completed
SMMS-00384,S&T,Secunderabad-SEC-02,EQ-4411,Block proving failure,Low,2026-05-21 06:43,2026-06-20,72,2.6,13,Open
SMMS-00385,S&T,Vijayawada-SEC-01,EQ-8705,Level crossing gate interlock fault,High,2026-06-12 11:08,2026-06-17,75,1.7,7,Scheduled
SMMS-00386,S&T,Vijayawada-SEC-01,EQ-5429,Cable fault,Medium,2026-06-15 13:04,2026-06-30,62,0.6,46,Open
SMMS-00387,S&T,Secunderabad-SEC-07,EQ-2741,Data logger fault,High,2026-06-23 11:13,2026-06-28,64,0.7,44,Open
SMMS-00388,S&T,Vijayawada-SEC-03,EQ-8042,Relay degradation,Medium,2026-05-04 04:26,2026-05-19,104,5.1,27,Completed
SMMS-00389,S&T,Guntur-SEC-03,EQ-5182,Block instrument fault,Medium,2026-06-03 13:36,2026-06-18,74,4.9,37,Open
SMMS-00390,S&T,Guntur-SEC-06,EQ-7215,Signal lamp failure,Medium,2026-05-11 05:17,2026-05-26,97,1.2,2,Open
SMMS-00391,S&T,Vijayawada-SEC-07,EQ-8181,Block proving failure,Medium,2026-07-28 12:38,2026-08-12,19,0.6,37,Completed
SMMS-00392,S&T,Hyderabad-SEC-08,EQ-3140,Point machine malfunction,Medium,2026-06-20 20:00,2026-07-05,57,3.2,29,Open
SMMS-00393,S&T,Hyderabad-SEC-02,EQ-4303,Level crossing gate interlock fault,Medium,2026-08-25 09:18,2026-09-09,0,4.5,40,Completed
SMMS-00394,S&T,Vijayawada-SEC-07,EQ-5564,Relay degradation,Low,2026-06-12 19:20,2026-07-12,50,4.8,19,Open
SMMS-00395,S&T,Vijayawada-SEC-03,EQ-2921,Track circuit failure,Low,2026-07-28 07:39,2026-08-27,4,0.7,38,Completed
SMMS-00396,S&T,Secunderabad-SEC-01,EQ-3755,Point machine malfunction,High,2026-07-10 12:24,2026-07-15,47,1.5,12,Open
SMMS-00397,S&T,Secunderabad-SEC-01,EQ-6886,Cable fault,Medium,2026-05-30 06:05,2026-06-14,78,4.6,2,Completed
SMMS-00398,S&T,Hyderabad-SEC-04,EQ-9503,Level crossing gate interlock fault,Critical,2026-05-26 16:04,2026-05-27,96,0.6,17,Scheduled
SMMS-00399,S&T,Hyderabad-SEC-08,EQ-1079,Signal lamp failure,Medium,2026-05-28 09:18,2026-06-12,80,3.8,35,Open
SMMS-00400,S&T,Secunderabad-SEC-08,EQ-7655,Signal lamp failure,Low,2026-05-25 03:18,2026-06-24,68,1.2,3,Scheduled
SMMS-00401,S&T,Vijayawada-SEC-02,EQ-4851,Axle counter fault,Medium,2026-05-14 20:38,2026-05-29,94,4.6,45,Open
SMMS-00402,S&T,Hyderabad-SEC-03,EQ-8533,Data logger fault,Medium,2026-05-04 07:22,2026-05-19,104,3.7,4,Open
SMMS-00403,S&T,Secunderabad-SEC-06,EQ-9972,Level crossing gate interlock fault,High,2026-06-23 11:44,2026-06-28,64,5.9,32,Completed
SMMS-00404,S&T,Hyderabad-SEC-07,EQ-9438,Interlocking software fault,Critical,2026-07-13 15:04,2026-07-14,48,0.6,45,Open
SMMS-00405,S&T,Vijayawada-SEC-08,EQ-8301,Point machine malfunction,Low,2026-07-07 19:40,2026-08-06,25,4.5,8,Open
SMMS-00406,S&T,Guntakal-SEC-08,EQ-5245,Cable fault,Critical,2026-08-21 12:24,2026-08-22,9,3.8,34,Open
SMMS-00407,S&T,Guntakal-SEC-01,EQ-1197,Point machine malfunction,High,2026-06-19 12:44,2026-06-24,68,0.6,25,Open
SMMS-00408,S&T,Guntur-SEC-05,EQ-6269,Level crossing gate interlock fault,High,2026-05-26 15:17,2026-05-31,92,2.8,38,Scheduled
SMMS-00409,S&T,Guntur-SEC-02,EQ-8076,Block instrument fault,Medium,2026-07-30 13:40,2026-08-14,17,4.4,11,Scheduled
SMMS-00410,S&T,Secunderabad-SEC-02,EQ-3281,Relay degradation,Medium,2026-08-19 21:52,2026-09-03,0,2.0,7,Scheduled
SMMS-00411,S&T,Hyderabad-SEC-07,EQ-5734,Signal lamp failure,Medium,2026-08-12 18:59,2026-08-27,4,3.3,11,Completed
SMMS-00412,S&T,Secunderabad-SEC-05,EQ-9140,Interlocking software fault,Critical,2026-07-12 18:52,2026-07-13,49,2.4,46,Open
SMMS-00413,S&T,Vijayawada-SEC-05,EQ-7743,Interlocking software fault,High,2026-08-14 06:58,2026-08-19,12,5.5,12,Completed
SMMS-00414,S&T,Guntakal-SEC-03,EQ-2428,Axle counter fault,Low,2026-08-03 11:27,2026-09-02,0,0.6,41,Open
SMMS-00415,S&T,Guntakal-SEC-06,EQ-2756,Relay degradation,Low,2026-05-25 03:36,2026-06-24,68,3.5,9,Scheduled
SMMS-00416,S&T,Guntakal-SEC-05,EQ-6668,Data logger fault,Medium,2026-05-03 21:28,2026-05-18,105,4.8,3,Open
SMMS-00417,S&T,Guntur-SEC-06,EQ-3832,Track circuit failure,High,2026-05-13 09:31,2026-05-18,105,0.7,5,Open
SMMS-00418,S&T,Vijayawada-SEC-08,EQ-9558,Axle counter fault,Critical,2026-07-10 23:08,2026-07-11,51,1.2,31,Open
SMMS-00419,S&T,Hyderabad-SEC-05,EQ-7999,Point machine malfunction,High,2026-08-20 17:36,2026-08-25,6,5.5,24,Open
SMMS-00420,S&T,Guntakal-SEC-08,EQ-1188,Block instrument fault,Low,2026-08-28 00:09,2026-09-27,0,5.7,49,Open
SMMS-00421,S&T,Guntakal-SEC-01,EQ-6112,Level crossing gate interlock fault,High,2026-05-27 12:09,2026-06-01,91,5.0,48,Open
SMMS-00422,S&T,Guntur-SEC-05,EQ-7864,Track circuit failure,Medium,2026-05-11 12:52,2026-05-26,97,5.4,42,Open
SMMS-00423,S&T,Vijayawada-SEC-08,EQ-1112,Cable fault,High,2026-05-18 23:05,2026-05-23,100,1.0,33,Scheduled
SMMS-00424,S&T,Guntakal-SEC-04,EQ-9057,Axle counter fault,Low,2026-05-21 01:12,2026-06-20,72,5.8,18,Open
SMMS-00425,S&T,Hyderabad-SEC-03,EQ-3770,Axle counter fault,Critical,2026-06-21 08:38,2026-06-22,70,6.0,22,Scheduled
SMMS-00426,S&T,Vijayawada-SEC-04,EQ-7459,Block instrument fault,Low,2026-05-28 19:24,2026-06-27,65,4.2,2,Open
SMMS-00427,S&T,Guntakal-SEC-07,EQ-7556,Axle counter fault,Medium,2026-05-15 08:46,2026-05-30,93,2.6,10,Open
SMMS-00428,S&T,Guntur-SEC-03,EQ-9942,Block instrument fault,Low,2026-08-22 01:22,2026-09-21,0,5.4,34,Completed
SMMS-00429,S&T,Secunderabad-SEC-06,EQ-3615,Data logger fault,High,2026-07-28 01:17,2026-08-02,29,3.1,5,Scheduled
SMMS-00430,S&T,Secunderabad-SEC-07,EQ-9360,Interlocking software fault,Critical,2026-07-16 23:27,2026-07-17,45,5.9,34,Scheduled
SMMS-00431,S&T,Guntakal-SEC-02,EQ-4432,Interlocking software fault,High,2026-07-24 18:42,2026-07-29,33,2.2,5,Open
SMMS-00432,S&T,Vijayawada-SEC-02,EQ-2423,Cable fault,Medium,2026-07-09 10:13,2026-07-24,38,5.7,42,Open
SMMS-00433,S&T,Guntakal-SEC-07,EQ-5207,Data logger fault,Medium,2026-07-30 01:59,2026-08-14,17,2.5,13,Open
SMMS-00434,S&T,Secunderabad-SEC-06,EQ-3027,Point machine malfunction,Low,2026-07-11 13:56,2026-08-10,21,4.0,44,Scheduled
SMMS-00435,S&T,Vijayawada-SEC-02,EQ-8595,Track circuit failure,Medium,2026-06-29 16:52,2026-07-14,48,0.9,2,Completed
SMMS-00436,S&T,Hyderabad-SEC-06,EQ-5710,Relay degradation,High,2026-07-08 15:29,2026-07-13,49,2.4,34,Completed
SMMS-00437,S&T,Guntur-SEC-03,EQ-9795,Signal lamp failure,Medium,2026-05-31 21:38,2026-06-15,77,2.0,27,Open
SMMS-00438,S&T,Secunderabad-SEC-07,EQ-1716,Axle counter fault,High,2026-05-13 23:20,2026-05-18,105,1.0,7,Open
SMMS-00439,S&T,Guntakal-SEC-02,EQ-2347,Axle counter fault,High,2026-05-11 10:29,2026-05-16,107,4.1,17,Completed
SMMS-00440,S&T,Hyderabad-SEC-02,EQ-7944,Signal lamp failure,Critical,2026-08-16 09:23,2026-08-17,14,3.9,17,Open
SMMS-00441,S&T,Secunderabad-SEC-04,EQ-4319,Axle counter fault,Low,2026-08-19 00:37,2026-09-18,0,2.6,5,Completed
SMMS-00442,S&T,Hyderabad-SEC-06,EQ-1810,Point machine malfunction,Medium,2026-08-06 20:10,2026-08-21,10,3.5,7,Completed
SMMS-00443,S&T,Guntur-SEC-07,EQ-2913,Track circuit failure,High,2026-08-27 23:31,2026-09-01,0,5.6,8,Scheduled
SMMS-00444,S&T,Hyderabad-SEC-04,EQ-7798,Signal lamp failure,Medium,2026-06-29 20:23,2026-07-14,48,3.1,49,Open
SMMS-00445,S&T,Guntakal-SEC-07,EQ-1834,Relay degradation,Low,2026-06-12 09:52,2026-07-12,50,1.4,18,Open
SMMS-00446,S&T,Hyderabad-SEC-02,EQ-6384,Cable fault,Low,2026-06-10 13:37,2026-07-10,52,4.0,2,Scheduled
SMMS-00447,S&T,Guntakal-SEC-06,EQ-9685,Axle counter fault,Low,2026-08-22 16:29,2026-09-21,0,2.4,47,Open
SMMS-00448,S&T,Guntur-SEC-05,EQ-9562,Signal lamp failure,Medium,2026-07-02 17:56,2026-07-17,45,4.2,32,Open
SMMS-00449,S&T,Guntur-SEC-06,EQ-2834,Level crossing gate interlock fault,Low,2026-07-03 02:12,2026-08-02,29,4.4,8,Open
SMMS-00450,S&T,Vijayawada-SEC-02,EQ-3126,Track circuit failure,High,2026-06-22 05:21,2026-06-27,65,3.9,45,Scheduled
SMMS-00451,S&T,Guntur-SEC-07,EQ-9034,Point machine malfunction,Medium,2026-05-26 02:35,2026-06-10,82,2.6,36,Open
SMMS-00452,S&T,Hyderabad-SEC-04,EQ-2737,Signal lamp failure,Critical,2026-07-19 15:44,2026-07-20,42,5.3,13,Scheduled
SMMS-00453,S&T,Guntakal-SEC-08,EQ-6765,Block instrument fault,Medium,2026-06-22 23:27,2026-07-07,55,4.4,34,Open
SMMS-00454,S&T,Vijayawada-SEC-05,EQ-3211,Track circuit failure,High,2026-08-10 00:17,2026-08-15,16,5.3,27,Completed
SMMS-00455,S&T,Guntur-SEC-01,EQ-7265,Relay degradation,Medium,2026-08-11 19:34,2026-08-26,5,0.7,24,Completed
SMMS-00456,S&T,Guntur-SEC-05,EQ-6841,Point machine malfunction,Medium,2026-07-29 09:29,2026-08-13,18,0.6,29,Scheduled
SMMS-00457,S&T,Guntakal-SEC-08,EQ-3327,Point machine malfunction,Medium,2026-08-16 15:02,2026-08-31,0,5.9,22,Open
SMMS-00458,S&T,Guntur-SEC-01,EQ-2191,Signal lamp failure,Low,2026-08-17 09:11,2026-09-16,0,5.0,32,Completed
SMMS-00459,S&T,Hyderabad-SEC-02,EQ-5227,Axle counter fault,Medium,2026-08-04 16:48,2026-08-19,12,5.9,20,Completed
SMMS-00460,S&T,Hyderabad-SEC-05,EQ-3243,Interlocking software fault,Medium,2026-06-03 19:54,2026-06-18,74,5.3,36,Completed
SMMS-00461,S&T,Secunderabad-SEC-07,EQ-7964,Data logger fault,High,2026-06-28 21:35,2026-07-03,59,0.6,6,Completed
SMMS-00462,S&T,Secunderabad-SEC-05,EQ-7177,Block instrument fault,Critical,2026-07-22 15:40,2026-07-23,39,1.1,48,Open
SMMS-00463,S&T,Guntur-SEC-02,EQ-5015,Track circuit failure,Low,2026-05-20 03:58,2026-06-19,73,4.3,44,Completed
SMMS-00464,S&T,Secunderabad-SEC-06,EQ-1051,Cable fault,High,2026-06-14 11:59,2026-06-19,73,3.5,3,Completed
SMMS-00465,S&T,Vijayawada-SEC-02,EQ-9037,Relay degradation,Low,2026-05-11 13:56,2026-06-10,82,2.8,39,Scheduled
SMMS-00466,S&T,Guntakal-SEC-06,EQ-6258,Point machine malfunction,High,2026-05-14 19:32,2026-05-19,104,1.9,10,Open
SMMS-00467,S&T,Secunderabad-SEC-07,EQ-3195,Track circuit failure,Low,2026-08-22 07:39,2026-09-21,0,2.3,39,Open
SMMS-00468,S&T,Guntakal-SEC-01,EQ-3535,Level crossing gate interlock fault,Medium,2026-06-20 05:52,2026-07-05,57,2.4,42,Open
SMMS-00469,S&T,Guntur-SEC-01,EQ-1309,Axle counter fault,Medium,2026-06-07 02:12,2026-06-22,70,1.7,20,Scheduled
SMMS-00470,S&T,Guntur-SEC-06,EQ-8676,Axle counter fault,Low,2026-07-07 10:32,2026-08-06,25,2.8,4,Open
SMMS-00471,S&T,Hyderabad-SEC-01,EQ-8599,Point machine malfunction,Critical,2026-07-06 20:17,2026-07-07,55,1.6,25,Open
SMMS-00472,S&T,Vijayawada-SEC-07,EQ-8883,Block proving failure,Medium,2026-07-29 00:14,2026-08-13,18,6.0,48,Open
SMMS-00473,S&T,Hyderabad-SEC-02,EQ-1261,Axle counter fault,High,2026-08-19 06:16,2026-08-24,7,5.9,30,Open
SMMS-00474,S&T,Guntur-SEC-06,EQ-3966,Level crossing gate interlock fault,Medium,2026-08-22 13:00,2026-09-06,0,2.3,5,Open
SMMS-00475,S&T,Hyderabad-SEC-02,EQ-7599,Axle counter fault,High,2026-08-09 11:54,2026-08-14,17,4.6,30,Open
SMMS-00476,S&T,Guntur-SEC-04,EQ-5107,Axle counter fault,Low,2026-06-26 13:04,2026-07-26,36,3.0,2,Open
SMMS-00477,S&T,Secunderabad-SEC-05,EQ-4383,Cable fault,Medium,2026-05-09 10:15,2026-05-24,99,1.3,15,Scheduled
SMMS-00478,S&T,Guntakal-SEC-07,EQ-3054,Track circuit failure,Medium,2026-05-06 09:24,2026-05-21,102,4.3,35,Open
SMMS-00479,S&T,Secunderabad-SEC-02,EQ-5313,Relay degradation,Medium,2026-06-28 06:41,2026-07-13,49,2.7,35,Completed
SMMS-00480,S&T,Guntakal-SEC-08,EQ-4855,Interlocking software fault,High,2026-06-17 15:29,2026-06-22,70,4.3,2,Open
SMMS-00481,S&T,Vijayawada-SEC-02,EQ-8770,Track circuit failure,Low,2026-08-28 04:53,2026-09-27,0,3.8,38,Open
SMMS-00482,S&T,Guntakal-SEC-01,EQ-1144,Cable fault,Medium,2026-08-21 12:04,2026-09-05,0,3.0,14,Scheduled
SMMS-00483,S&T,Guntur-SEC-07,EQ-9195,Data logger fault,Medium,2026-05-29 12:17,2026-06-13,79,0.8,31,Open
SMMS-00484,S&T,Secunderabad-SEC-05,EQ-1452,Track circuit failure,High,2026-07-19 11:27,2026-07-24,38,2.9,35,Open
SMMS-00485,S&T,Vijayawada-SEC-01,EQ-8461,Track circuit failure,Medium,2026-05-15 17:24,2026-05-30,93,5.2,13,Open
SMMS-00486,S&T,Secunderabad-SEC-07,EQ-2743,Point machine malfunction,Low,2026-08-09 17:36,2026-09-08,0,1.3,31,Completed
SMMS-00487,S&T,Guntur-SEC-08,EQ-2746,Level crossing gate interlock fault,Medium,2026-06-09 06:09,2026-06-24,68,1.2,12,Open
SMMS-00488,S&T,Secunderabad-SEC-08,EQ-5734,Interlocking software fault,Medium,2026-07-25 18:15,2026-08-09,22,3.5,37,Open
SMMS-00489,S&T,Secunderabad-SEC-07,EQ-7960,Data logger fault,Critical,2026-06-22 15:31,2026-06-23,69,1.5,2,Open
SMMS-00490,S&T,Guntur-SEC-03,EQ-1227,Point machine malfunction,High,2026-05-14 17:28,2026-05-19,104,5.4,19,Open
SMMS-00491,S&T,Guntur-SEC-04,EQ-9951,Signal lamp failure,Medium,2026-07-12 14:13,2026-07-27,35,0.9,6,Open
SMMS-00492,S&T,Secunderabad-SEC-06,EQ-7554,Track circuit failure,Low,2026-05-10 23:17,2026-06-09,83,4.9,30,Completed
SMMS-00493,S&T,Guntakal-SEC-03,EQ-4248,Track circuit failure,Medium,2026-08-26 11:31,2026-09-10,0,5.7,13,Open
SMMS-00494,S&T,Hyderabad-SEC-05,EQ-4667,Point machine malfunction,High,2026-07-04 17:19,2026-07-09,53,2.0,30,Open
SMMS-00495,S&T,Hyderabad-SEC-04,EQ-1087,Relay degradation,Medium,2026-07-27 07:50,2026-08-11,20,1.8,16,Completed
SMMS-00496,S&T,Secunderabad-SEC-04,EQ-3560,Cable fault,Low,2026-08-27 09:31,2026-09-26,0,2.3,41,Scheduled
SMMS-00497,S&T,Vijayawada-SEC-07,EQ-4684,Axle counter fault,High,2026-05-19 03:58,2026-05-24,99,4.3,31,Scheduled
SMMS-00498,S&T,Vijayawada-SEC-03,EQ-2931,Level crossing gate interlock fault,High,2026-05-26 06:02,2026-05-31,92,5.2,16,Open
SMMS-00499,S&T,Guntur-SEC-04,EQ-1974,Axle counter fault,Low,2026-08-25 13:08,2026-09-24,0,3.6,29,Scheduled
SMMS-00500,S&T,Guntur-SEC-06,EQ-3723,Relay degradation,Medium,2026-07-05 09:36,2026-07-20,42,5.0,43,Open
SMMS-00501,S&T,Hyderabad-SEC-06,EQ-7121,Signal lamp failure,Medium,2026-08-05 02:35,2026-08-20,11,3.9,30,Scheduled
SMMS-00502,S&T,Guntur-SEC-03,EQ-9112,Cable fault,Medium,2026-06-28 04:06,2026-07-13,49,5.0,50,Open
SMMS-00503,S&T,Secunderabad-SEC-07,EQ-3814,Data logger fault,High,2026-05-12 23:12,2026-05-17,106,3.5,4,Open
SMMS-00504,S&T,Guntakal-SEC-04,EQ-4902,Data logger fault,Low,2026-05-25 21:10,2026-06-24,68,4.8,4,Open
SMMS-00505,S&T,Vijayawada-SEC-04,EQ-3570,Cable fault,Low,2026-06-23 03:09,2026-07-23,39,3.7,14,Open
SMMS-00506,S&T,Secunderabad-SEC-05,EQ-1667,Axle counter fault,Low,2026-08-09 23:45,2026-09-08,0,1.8,25,Completed
SMMS-00507,S&T,Secunderabad-SEC-08,EQ-4706,Cable fault,High,2026-05-20 11:56,2026-05-25,98,5.9,20,Open
SMMS-00508,S&T,Hyderabad-SEC-01,EQ-5666,Track circuit failure,High,2026-06-01 22:47,2026-06-06,86,2.7,41,Open
SMMS-00509,S&T,Vijayawada-SEC-08,EQ-7457,Axle counter fault,High,2026-05-24 15:03,2026-05-29,94,1.4,39,Open
SMMS-00510,S&T,Hyderabad-SEC-03,EQ-4776,Point machine malfunction,Critical,2026-08-31 04:26,2026-09-01,0,3.6,10,Completed
SMMS-00511,S&T,Hyderabad-SEC-06,EQ-1942,Block instrument fault,Low,2026-05-23 14:11,2026-06-22,70,1.0,23,Scheduled
SMMS-00512,S&T,Hyderabad-SEC-08,EQ-3193,Signal lamp failure,Low,2026-07-12 12:36,2026-08-11,20,3.9,9,Open
SMMS-00513,S&T,Guntakal-SEC-04,EQ-7089,Interlocking software fault,High,2026-06-29 09:22,2026-07-04,58,3.1,12,Open
SMMS-00514,S&T,Guntakal-SEC-02,EQ-2522,Data logger fault,High,2026-08-30 10:01,2026-09-04,0,4.8,15,Completed
SMMS-00515,S&T,Vijayawada-SEC-01,EQ-3962,Level crossing gate interlock fault,Low,2026-07-19 01:20,2026-08-18,13,1.0,30,Open
SMMS-00516,S&T,Guntur-SEC-02,EQ-3098,Level crossing gate interlock fault,Medium,2026-08-02 20:21,2026-08-17,14,1.8,19,Open
SMMS-00517,S&T,Guntur-SEC-01,EQ-2685,Axle counter fault,Medium,2026-08-12 05:28,2026-08-27,4,2.7,46,Open
SMMS-00518,S&T,Vijayawada-SEC-07,EQ-1433,Signal lamp failure,High,2026-06-13 08:30,2026-06-18,74,4.9,38,Scheduled
SMMS-00519,S&T,Vijayawada-SEC-01,EQ-5431,Signal lamp failure,Low,2026-06-08 04:35,2026-07-08,54,2.2,14,Open
SMMS-00520,S&T,Guntakal-SEC-06,EQ-6810,Signal lamp failure,Medium,2026-08-18 21:42,2026-09-02,0,1.8,22,Open
SMMS-00521,S&T,Guntakal-SEC-04,EQ-4895,Block proving failure,High,2026-08-05 18:55,2026-08-10,21,4.0,5,Open
SMMS-00522,S&T,Vijayawada-SEC-01,EQ-5275,Block instrument fault,Low,2026-07-06 06:20,2026-08-05,26,3.0,40,Completed
SMMS-00523,S&T,Secunderabad-SEC-06,EQ-9220,Relay degradation,Low,2026-07-15 14:50,2026-08-14,17,1.3,17,Scheduled
SMMS-00524,S&T,Hyderabad-SEC-03,EQ-2793,Data logger fault,Low,2026-07-30 01:07,2026-08-29,2,2.3,13,Scheduled
SMMS-00525,S&T,Secunderabad-SEC-03,EQ-8068,Block instrument fault,Low,2026-08-31 12:59,2026-09-30,0,3.2,42,Open
SMMS-00526,S&T,Vijayawada-SEC-03,EQ-8045,Cable fault,Low,2026-06-19 16:46,2026-07-19,43,5.3,8,Open
SMMS-00527,S&T,Hyderabad-SEC-03,EQ-5748,Level crossing gate interlock fault,High,2026-06-13 21:55,2026-06-18,74,3.1,19,Open
SMMS-00528,S&T,Guntakal-SEC-07,EQ-9639,Relay degradation,Medium,2026-06-26 11:51,2026-07-11,51,4.8,14,Completed
SMMS-00529,S&T,Guntur-SEC-04,EQ-8828,Axle counter fault,Low,2026-06-23 17:44,2026-07-23,39,2.3,27,Scheduled
SMMS-00530,S&T,Hyderabad-SEC-06,EQ-3757,Cable fault,High,2026-08-29 05:30,2026-09-03,0,3.2,21,Completed
SMMS-00531,S&T,Secunderabad-SEC-06,EQ-7419,Axle counter fault,Low,2026-05-13 00:47,2026-06-12,80,4.6,37,Open
SMMS-00532,S&T,Vijayawada-SEC-04,EQ-6778,Block proving failure,Critical,2026-08-08 11:14,2026-08-09,22,1.1,42,Open
SMMS-00533,S&T,Vijayawada-SEC-05,EQ-5127,Axle counter fault,Medium,2026-05-27 13:04,2026-06-11,81,3.5,43,Open
SMMS-00534,S&T,Guntakal-SEC-02,EQ-2428,Interlocking software fault,Low,2026-05-15 17:49,2026-06-14,78,1.9,38,Scheduled
SMMS-00535,S&T,Guntur-SEC-03,EQ-7462,Axle counter fault,Low,2026-06-16 23:35,2026-07-16,46,3.8,46,Open
SMMS-00536,S&T,Guntakal-SEC-06,EQ-1862,Data logger fault,Medium,2026-08-14 09:04,2026-08-29,2,1.9,25,Open
SMMS-00537,S&T,Secunderabad-SEC-03,EQ-1307,Track circuit failure,Medium,2026-08-08 21:34,2026-08-23,8,2.1,41,Open
SMMS-00538,S&T,Vijayawada-SEC-05,EQ-9826,Data logger fault,Medium,2026-05-29 20:55,2026-06-13,79,1.9,13,Open
SMMS-00539,S&T,Vijayawada-SEC-07,EQ-7263,Signal lamp failure,Critical,2026-07-24 07:07,2026-07-25,37,5.7,46,Open
SMMS-00540,S&T,Secunderabad-SEC-03,EQ-6248,Level crossing gate interlock fault,High,2026-08-29 04:44,2026-09-03,0,3.2,19,Open
SMMS-00541,S&T,Guntur-SEC-04,EQ-3126,Level crossing gate interlock fault,Low,2026-05-05 08:46,2026-06-04,88,0.8,20,Open
SMMS-00542,S&T,Vijayawada-SEC-07,EQ-8586,Axle counter fault,Critical,2026-06-25 11:06,2026-06-26,66,3.6,14,Open
SMMS-00543,S&T,Vijayawada-SEC-07,EQ-2823,Track circuit failure,Low,2026-08-20 07:48,2026-09-19,0,4.1,14,Scheduled
SMMS-00544,S&T,Guntakal-SEC-01,EQ-5638,Point machine malfunction,Medium,2026-08-17 23:32,2026-09-01,0,4.9,29,Open
SMMS-00545,S&T,Guntakal-SEC-02,EQ-5713,Point machine malfunction,Medium,2026-05-03 16:43,2026-05-18,105,2.6,49,Open
SMMS-00546,S&T,Hyderabad-SEC-02,EQ-6931,Block instrument fault,Medium,2026-08-09 07:06,2026-08-24,7,5.4,28,Completed
SMMS-00547,S&T,Guntakal-SEC-01,EQ-5789,Axle counter fault,Medium,2026-05-27 22:50,2026-06-11,81,4.3,41,Completed
SMMS-00548,S&T,Guntur-SEC-07,EQ-6370,Cable fault,Low,2026-05-19 13:53,2026-06-18,74,4.9,8,Open
SMMS-00549,S&T,Guntur-SEC-08,EQ-4093,Axle counter fault,Low,2026-07-06 23:16,2026-08-05,26,5.1,21,Scheduled
SMMS-00550,S&T,Guntakal-SEC-04,EQ-5368,Interlocking software fault,High,2026-08-26 17:51,2026-08-31,0,1.7,6,Scheduled
SMMS-00551,S&T,Guntakal-SEC-06,EQ-4217,Relay degradation,High,2026-08-10 16:01,2026-08-15,16,2.9,26,Scheduled
SMMS-00552,S&T,Guntakal-SEC-07,EQ-5807,Relay degradation,Low,2026-07-05 03:14,2026-08-04,27,0.6,25,Scheduled
SMMS-00553,S&T,Guntakal-SEC-02,EQ-8661,Axle counter fault,Medium,2026-07-14 19:01,2026-07-29,33,3.6,14,Open
SMMS-00554,S&T,Secunderabad-SEC-01,EQ-6552,Track circuit failure,Critical,2026-05-30 14:18,2026-05-31,92,0.6,34,Completed
SMMS-00555,S&T,Vijayawada-SEC-04,EQ-2497,Level crossing gate interlock fault,Medium,2026-06-12 12:36,2026-06-27,65,5.7,48,Open
SMMS-00556,S&T,Secunderabad-SEC-03,EQ-4610,Block instrument fault,Medium,2026-07-21 02:31,2026-08-05,26,5.1,36,Open
SMMS-00557,S&T,Guntur-SEC-03,EQ-2537,Interlocking software fault,Critical,2026-06-06 08:26,2026-06-07,85,3.2,16,Open
SMMS-00558,S&T,Secunderabad-SEC-04,EQ-7491,Level crossing gate interlock fault,High,2026-05-07 04:58,2026-05-12,111,1.7,7,Open
SMMS-00559,S&T,Guntur-SEC-03,EQ-5200,Level crossing gate interlock fault,Low,2026-07-05 00:16,2026-08-04,27,2.4,31,Open
SMMS-00560,S&T,Secunderabad-SEC-05,EQ-7025,Block proving failure,Low,2026-05-11 09:53,2026-06-10,82,2.7,21,Completed
SMMS-00561,S&T,Hyderabad-SEC-07,EQ-1549,Signal lamp failure,Medium,2026-08-20 05:05,2026-09-04,0,3.3,11,Open
SMMS-00562,S&T,Hyderabad-SEC-02,EQ-6047,Cable fault,Medium,2026-05-05 17:55,2026-05-20,103,1.1,4,Scheduled
SMMS-00563,S&T,Vijayawada-SEC-08,EQ-6952,Level crossing gate interlock fault,Medium,2026-06-09 03:32,2026-06-24,68,2.1,50,Completed
SMMS-00564,S&T,Vijayawada-SEC-08,EQ-8277,Interlocking software fault,Low,2026-08-27 11:42,2026-09-26,0,1.8,29,Scheduled
SMMS-00565,S&T,Guntur-SEC-05,EQ-4456,Signal lamp failure,Critical,2026-07-31 16:18,2026-08-01,30,3.2,27,Open
SMMS-00566,S&T,Vijayawada-SEC-04,EQ-7891,Level crossing gate interlock fault,Medium,2026-05-22 19:37,2026-06-06,86,1.2,32,Completed
SMMS-00567,S&T,Hyderabad-SEC-01,EQ-8407,Relay degradation,Low,2026-06-10 13:45,2026-07-10,52,3.9,43,Open
SMMS-00568,S&T,Hyderabad-SEC-07,EQ-1764,Level crossing gate interlock fault,Medium,2026-07-20 16:03,2026-08-04,27,2.3,32,Scheduled
SMMS-00569,S&T,Vijayawada-SEC-03,EQ-9438,Data logger fault,High,2026-06-19 08:54,2026-06-24,68,4.2,34,Scheduled
SMMS-00570,S&T,Guntakal-SEC-05,EQ-1358,Block proving failure,Medium,2026-07-11 23:07,2026-07-26,36,2.2,42,Open
SMMS-00571,S&T,Secunderabad-SEC-04,EQ-5298,Block proving failure,Low,2026-08-14 18:56,2026-09-13,0,4.3,37,Open
SMMS-00572,S&T,Guntur-SEC-05,EQ-1487,Level crossing gate interlock fault,Medium,2026-06-03 21:10,2026-06-18,74,2.7,27,Open
SMMS-00573,S&T,Vijayawada-SEC-03,EQ-1242,Block instrument fault,Low,2026-05-16 21:46,2026-06-15,77,2.7,14,Completed
SMMS-00574,S&T,Hyderabad-SEC-08,EQ-2312,Block proving failure,High,2026-06-18 02:50,2026-06-23,69,5.1,38,Completed
SMMS-00575,S&T,Guntur-SEC-03,EQ-6289,Track circuit failure,Medium,2026-05-04 18:11,2026-05-19,104,3.6,16,Open
SMMS-00576,S&T,Guntakal-SEC-04,EQ-5299,Axle counter fault,Medium,2026-07-04 23:46,2026-07-19,43,5.0,27,Scheduled
SMMS-00577,S&T,Hyderabad-SEC-03,EQ-4840,Point machine malfunction,High,2026-08-11 22:54,2026-08-16,15,4.3,45,Scheduled
SMMS-00578,S&T,Secunderabad-SEC-02,EQ-2850,Interlocking software fault,Medium,2026-07-21 12:59,2026-08-05,26,4.0,24,Scheduled
SMMS-00579,S&T,Hyderabad-SEC-07,EQ-3943,Point machine malfunction,Medium,2026-06-14 08:45,2026-06-29,63,6.0,41,Open
SMMS-00580,S&T,Hyderabad-SEC-07,EQ-9691,Axle counter fault,High,2026-06-24 08:00,2026-06-29,63,2.5,19,Open
SMMS-00581,S&T,Vijayawada-SEC-08,EQ-1889,Axle counter fault,Medium,2026-05-07 05:20,2026-05-22,101,2.0,46,Scheduled
SMMS-00582,S&T,Guntur-SEC-03,EQ-8724,Relay degradation,Medium,2026-05-29 21:15,2026-06-13,79,3.5,2,Open
SMMS-00583,S&T,Secunderabad-SEC-08,EQ-6631,Block proving failure,High,2026-07-14 00:39,2026-07-19,43,1.7,35,Scheduled
SMMS-00584,S&T,Guntakal-SEC-01,EQ-3325,Block proving failure,High,2026-05-27 22:06,2026-06-01,91,4.1,34,Open
SMMS-00585,S&T,Secunderabad-SEC-08,EQ-8798,Signal lamp failure,Low,2026-08-31 16:43,2026-09-30,0,4.8,40,Completed
SMMS-00586,S&T,Secunderabad-SEC-04,EQ-4335,Signal lamp failure,High,2026-07-10 01:01,2026-07-15,47,3.0,34,Scheduled
SMMS-00587,S&T,Secunderabad-SEC-05,EQ-8442,Axle counter fault,Medium,2026-08-27 05:09,2026-09-11,0,5.3,27,Open
SMMS-00588,S&T,Guntakal-SEC-03,EQ-5901,Relay degradation,Low,2026-08-10 02:07,2026-09-09,0,3.5,22,Scheduled
SMMS-00589,S&T,Hyderabad-SEC-06,EQ-6552,Data logger fault,Medium,2026-08-28 23:17,2026-09-12,0,3.3,13,Scheduled
SMMS-00590,S&T,Hyderabad-SEC-03,EQ-1035,Level crossing gate interlock fault,High,2026-07-03 01:00,2026-07-08,54,0.9,39,Scheduled
SMMS-00591,S&T,Secunderabad-SEC-08,EQ-3809,Block instrument fault,Low,2026-05-31 02:09,2026-06-30,62,2.6,27,Open
SMMS-00592,S&T,Secunderabad-SEC-02,EQ-4933,Data logger fault,Critical,2026-08-30 03:42,2026-08-31,0,1.2,9,Open
SMMS-00593,S&T,Guntakal-SEC-01,EQ-5597,Interlocking software fault,Low,2026-06-11 17:37,2026-07-11,51,2.8,15,Open
SMMS-00594,S&T,Guntakal-SEC-01,EQ-6472,Relay degradation,Medium,2026-06-16 10:06,2026-07-01,61,1.5,45,Completed
SMMS-00595,S&T,Guntakal-SEC-03,EQ-3336,Interlocking software fault,Critical,2026-06-30 23:47,2026-07-01,61,0.6,12,Scheduled
SMMS-00596,S&T,Secunderabad-SEC-06,EQ-3559,Track circuit failure,Medium,2026-07-15 16:10,2026-07-30,32,0.6,31,Open
SMMS-00597,S&T,Guntur-SEC-05,EQ-7636,Signal lamp failure,Medium,2026-08-30 17:21,2026-09-14,0,2.0,17,Scheduled
SMMS-00598,S&T,Guntakal-SEC-03,EQ-4969,Level crossing gate interlock fault,Critical,2026-06-09 07:39,2026-06-10,82,5.6,22,Open
SMMS-00599,S&T,Guntur-SEC-04,EQ-5191,Relay degradation,Critical,2026-05-26 12:46,2026-05-27,96,2.5,50,Open
SMMS-00600,S&T,Guntakal-SEC-02,EQ-1266,Track circuit failure,Low,2026-06-24 07:59,2026-07-24,38,4.8,27,Completed
SMMS-00601,S&T,Hyderabad-SEC-05,EQ-8401,Block instrument fault,Medium,2026-07-28 05:25,2026-08-12,19,1.2,17,Open
SMMS-00602,S&T,Vijayawada-SEC-01,EQ-4781,Level crossing gate interlock fault,Medium,2026-07-27 09:26,2026-08-11,20,6.0,4,Open
SMMS-00603,S&T,Hyderabad-SEC-02,EQ-7680,Interlocking software fault,Medium,2026-05-20 07:07,2026-06-04,88,3.9,39,Open
SMMS-00604,S&T,Vijayawada-SEC-04,EQ-3210,Signal lamp failure,High,2026-07-15 02:49,2026-07-20,42,5.0,18,Open
SMMS-00605,S&T,Hyderabad-SEC-05,EQ-3110,Signal lamp failure,High,2026-06-25 09:54,2026-06-30,62,5.8,26,Open
SMMS-00606,S&T,Guntur-SEC-03,EQ-3898,Track circuit failure,Low,2026-08-22 07:28,2026-09-21,0,3.6,24,Open
SMMS-00607,S&T,Hyderabad-SEC-07,EQ-9981,Track circuit failure,Medium,2026-06-17 02:07,2026-07-02,60,1.3,15,Open
SMMS-00608,S&T,Hyderabad-SEC-01,EQ-8602,Block instrument fault,Low,2026-06-22 06:36,2026-07-22,40,2.7,30,Scheduled
SMMS-00609,S&T,Guntakal-SEC-01,EQ-9604,Axle counter fault,Critical,2026-07-15 08:12,2026-07-16,46,1.2,5,Open
SMMS-00610,S&T,Secunderabad-SEC-07,EQ-6363,Track circuit failure,Low,2026-05-13 14:50,2026-06-12,80,5.0,40,Open
SMMS-00611,S&T,Guntur-SEC-02,EQ-1161,Signal lamp failure,Critical,2026-08-07 02:10,2026-08-08,23,6.0,2,Completed
SMMS-00612,S&T,Guntur-SEC-06,EQ-7535,Axle counter fault,Critical,2026-07-25 13:10,2026-07-26,36,5.9,41,Scheduled
SMMS-00613,S&T,Vijayawada-SEC-07,EQ-1553,Interlocking software fault,Low,2026-05-03 21:32,2026-06-02,90,2.2,48,Completed
SMMS-00614,S&T,Hyderabad-SEC-02,EQ-9121,Cable fault,High,2026-08-22 16:04,2026-08-27,4,0.6,11,Completed
SMMS-00615,S&T,Hyderabad-SEC-08,EQ-9849,Level crossing gate interlock fault,Medium,2026-05-16 04:12,2026-05-31,92,0.7,43,Open
SMMS-00616,S&T,Vijayawada-SEC-01,EQ-5863,Signal lamp failure,High,2026-06-07 10:01,2026-06-12,80,4.6,23,Scheduled
SMMS-00617,S&T,Vijayawada-SEC-07,EQ-6518,Track circuit failure,High,2026-06-02 00:22,2026-06-07,85,3.4,3,Scheduled
SMMS-00618,S&T,Secunderabad-SEC-07,EQ-5276,Relay degradation,Medium,2026-06-30 08:28,2026-07-15,47,5.7,41,Open
SMMS-00619,S&T,Hyderabad-SEC-03,EQ-1556,Block proving failure,Low,2026-05-06 03:18,2026-06-05,87,5.1,25,Open
SMMS-00620,S&T,Vijayawada-SEC-08,EQ-1045,Block instrument fault,Critical,2026-08-15 23:50,2026-08-16,15,4.1,41,Open
SMMS-00621,S&T,Guntur-SEC-07,EQ-3505,Block proving failure,Medium,2026-08-19 04:50,2026-09-03,0,2.3,48,Scheduled
SMMS-00622,S&T,Vijayawada-SEC-08,EQ-6035,Block instrument fault,Low,2026-05-25 13:25,2026-06-24,68,0.5,18,Open
SMMS-00623,S&T,Vijayawada-SEC-05,EQ-8899,Block proving failure,High,2026-08-11 12:25,2026-08-16,15,0.9,41,Open
SMMS-00624,S&T,Guntur-SEC-08,EQ-4218,Block proving failure,Critical,2026-07-11 20:28,2026-07-12,50,3.2,12,Open
SMMS-00625,S&T,Hyderabad-SEC-05,EQ-3938,Signal lamp failure,High,2026-07-18 21:44,2026-07-23,39,1.0,11,Scheduled
SMMS-00626,S&T,Secunderabad-SEC-05,EQ-4248,Relay degradation,Medium,2026-05-17 01:21,2026-06-01,91,3.7,32,Open
SMMS-00627,S&T,Guntakal-SEC-03,EQ-6087,Interlocking software fault,High,2026-07-04 22:31,2026-07-09,53,4.5,30,Open
SMMS-00628,S&T,Secunderabad-SEC-02,EQ-8273,Relay degradation,Low,2026-06-15 23:59,2026-07-15,47,3.2,28,Completed
SMMS-00629,S&T,Secunderabad-SEC-01,EQ-8707,Level crossing gate interlock fault,High,2026-05-24 15:47,2026-05-29,94,0.9,22,Open
SMMS-00630,S&T,Secunderabad-SEC-03,EQ-6853,Point machine malfunction,Critical,2026-05-27 01:51,2026-05-28,95,3.1,32,Scheduled
SMMS-00631,S&T,Secunderabad-SEC-06,EQ-5390,Cable fault,Low,2026-06-08 17:56,2026-07-08,54,3.8,26,Open
SMMS-00632,S&T,Guntakal-SEC-07,EQ-9337,Signal lamp failure,Medium,2026-07-30 22:39,2026-08-14,17,0.9,24,Open
SMMS-00633,S&T,Guntakal-SEC-05,EQ-8403,Interlocking software fault,Medium,2026-05-29 21:07,2026-06-13,79,4.9,19,Scheduled
SMMS-00634,S&T,Secunderabad-SEC-08,EQ-7526,Signal lamp failure,Medium,2026-06-13 09:42,2026-06-28,64,1.9,43,Open
SMMS-00635,S&T,Vijayawada-SEC-08,EQ-1206,Interlocking software fault,Critical,2026-07-02 23:54,2026-07-03,59,0.6,22,Completed
SMMS-00636,S&T,Vijayawada-SEC-08,EQ-9944,Axle counter fault,High,2026-08-16 04:21,2026-08-21,10,0.6,13,Open
SMMS-00637,S&T,Guntur-SEC-02,EQ-3626,Signal lamp failure,Medium,2026-06-23 23:07,2026-07-08,54,3.7,17,Open
SMMS-00638,S&T,Guntakal-SEC-02,EQ-1344,Block proving failure,Medium,2026-05-06 04:11,2026-05-21,102,4.3,30,Open
SMMS-00639,S&T,Guntakal-SEC-06,EQ-2483,Level crossing gate interlock fault,Medium,2026-08-30 18:28,2026-09-14,0,1.4,20,Scheduled
SMMS-00640,S&T,Vijayawada-SEC-08,EQ-6612,Level crossing gate interlock fault,High,2026-06-02 02:08,2026-06-07,85,1.6,10,Open
SMMS-00641,S&T,Guntakal-SEC-01,EQ-1338,Relay degradation,Medium,2026-05-04 17:05,2026-05-19,104,3.1,34,Completed
SMMS-00642,S&T,Hyderabad-SEC-07,EQ-8912,Signal lamp failure,Medium,2026-05-26 08:16,2026-06-10,82,3.3,40,Open
SMMS-00643,S&T,Hyderabad-SEC-03,EQ-5622,Track circuit failure,Medium,2026-06-06 19:43,2026-06-21,71,3.9,7,Open
SMMS-00644,S&T,Secunderabad-SEC-07,EQ-6493,Relay degradation,Low,2026-06-05 18:42,2026-07-05,57,2.6,19,Scheduled
SMMS-00645,S&T,Vijayawada-SEC-08,EQ-4055,Block proving failure,High,2026-06-21 22:17,2026-06-26,66,4.9,9,Open
SMMS-00646,S&T,Vijayawada-SEC-03,EQ-3404,Signal lamp failure,Critical,2026-06-09 09:19,2026-06-10,82,6.0,22,Open
SMMS-00647,S&T,Guntakal-SEC-02,EQ-6953,Interlocking software fault,Medium,2026-05-08 06:52,2026-05-23,100,3.1,20,Open
SMMS-00648,S&T,Vijayawada-SEC-01,EQ-4222,Point machine malfunction,Low,2026-06-03 21:56,2026-07-03,59,4.2,30,Scheduled
SMMS-00649,S&T,Hyderabad-SEC-05,EQ-6553,Track circuit failure,Medium,2026-07-25 09:47,2026-08-09,22,5.0,38,Open
SMMS-00650,S&T,Vijayawada-SEC-01,EQ-7675,Axle counter fault,Low,2026-05-11 06:18,2026-06-10,82,6.0,17,Open
SMMS-00651,S&T,Vijayawada-SEC-07,EQ-1222,Axle counter fault,Medium,2026-05-26 03:01,2026-06-10,82,0.5,49,Open
SMMS-00652,S&T,Guntur-SEC-08,EQ-8346,Signal lamp failure,High,2026-05-29 04:32,2026-06-03,89,1.2,15,Completed
SMMS-00653,S&T,Secunderabad-SEC-04,EQ-7444,Track circuit failure,Critical,2026-06-26 09:23,2026-06-27,65,5.6,4,Open
SMMS-00654,S&T,Vijayawada-SEC-01,EQ-9698,Block proving failure,Low,2026-08-01 08:11,2026-08-31,0,2.5,7,Scheduled
SMMS-00655,S&T,Hyderabad-SEC-06,EQ-2977,Signal lamp failure,Low,2026-07-08 14:18,2026-08-07,24,3.9,15,Scheduled
SMMS-00656,S&T,Vijayawada-SEC-08,EQ-1472,Axle counter fault,Low,2026-06-17 19:41,2026-07-17,45,0.8,25,Open
SMMS-00657,S&T,Guntur-SEC-06,EQ-7078,Data logger fault,High,2026-06-15 14:27,2026-06-20,72,4.3,31,Scheduled
SMMS-00658,S&T,Vijayawada-SEC-04,EQ-7429,Signal lamp failure,Low,2026-07-16 15:34,2026-08-15,16,3.7,5,Scheduled
SMMS-00659,S&T,Guntur-SEC-06,EQ-6715,Block instrument fault,Critical,2026-06-24 08:19,2026-06-25,67,5.2,20,Scheduled
SMMS-00660,S&T,Vijayawada-SEC-01,EQ-1718,Cable fault,Low,2026-07-30 14:02,2026-08-29,2,3.7,20,Scheduled
SMMS-00661,S&T,Vijayawada-SEC-07,EQ-9418,Point machine malfunction,Medium,2026-06-15 13:45,2026-06-30,62,5.6,9,Scheduled
SMMS-00662,S&T,Guntur-SEC-01,EQ-6699,Block proving failure,High,2026-06-12 03:34,2026-06-17,75,3.5,24,Open
SMMS-00663,S&T,Guntur-SEC-02,EQ-3570,Axle counter fault,Low,2026-07-26 13:41,2026-08-25,6,2.7,40,Scheduled
SMMS-00664,S&T,Secunderabad-SEC-04,EQ-6159,Level crossing gate interlock fault,High,2026-07-15 18:33,2026-07-20,42,3.9,26,Open
SMMS-00665,S&T,Vijayawada-SEC-01,EQ-6072,Relay degradation,High,2026-05-20 09:07,2026-05-25,98,2.8,29,Open
SMMS-00666,S&T,Guntur-SEC-03,EQ-7653,Signal lamp failure,Medium,2026-08-30 13:12,2026-09-14,0,4.0,10,Open
SMMS-00667,S&T,Secunderabad-SEC-05,EQ-7135,Track circuit failure,Medium,2026-05-21 21:42,2026-06-05,87,2.5,45,Open
SMMS-00668,S&T,Secunderabad-SEC-06,EQ-7933,Block instrument fault,Medium,2026-07-06 15:36,2026-07-21,41,4.0,8,Open
SMMS-00669,S&T,Guntakal-SEC-08,EQ-3112,Axle counter fault,Medium,2026-08-25 11:22,2026-09-09,0,3.6,18,Open
SMMS-00670,S&T,Hyderabad-SEC-05,EQ-5347,Signal lamp failure,Medium,2026-08-05 15:04,2026-08-20,11,2.2,47,Open
SMMS-00671,S&T,Guntakal-SEC-05,EQ-8660,Data logger fault,High,2026-07-29 10:41,2026-08-03,28,4.2,5,Open
SMMS-00672,S&T,Hyderabad-SEC-02,EQ-9708,Level crossing gate interlock fault,Medium,2026-07-04 19:31,2026-07-19,43,4.5,29,Completed
SMMS-00673,S&T,Vijayawada-SEC-06,EQ-8039,Cable fault,Low,2026-05-04 13:03,2026-06-03,89,2.7,26,Completed
SMMS-00674,S&T,Hyderabad-SEC-07,EQ-9108,Interlocking software fault,High,2026-06-22 15:26,2026-06-27,65,2.3,42,Scheduled
SMMS-00675,S&T,Guntur-SEC-06,EQ-1805,Axle counter fault,Medium,2026-07-04 09:34,2026-07-19,43,0.5,17,Completed
SMMS-00676,S&T,Secunderabad-SEC-06,EQ-9881,Interlocking software fault,Low,2026-06-04 06:35,2026-07-04,58,4.9,17,Completed
SMMS-00677,S&T,Secunderabad-SEC-02,EQ-6896,Level crossing gate interlock fault,High,2026-05-20 00:36,2026-05-25,98,1.5,33,Open
SMMS-00678,S&T,Guntur-SEC-07,EQ-4484,Block proving failure,Medium,2026-08-07 18:46,2026-08-22,9,3.8,10,Open
SMMS-00679,S&T,Hyderabad-SEC-04,EQ-3185,Cable fault,High,2026-05-13 09:15,2026-05-18,105,0.7,17,Scheduled
SMMS-00680,S&T,Guntur-SEC-06,EQ-7161,Data logger fault,Low,2026-05-19 09:37,2026-06-18,74,5.4,39,Scheduled
SMMS-00681,S&T,Hyderabad-SEC-08,EQ-3612,Track circuit failure,Medium,2026-07-29 17:58,2026-08-13,18,5.6,48,Open
SMMS-00682,S&T,Vijayawada-SEC-04,EQ-1355,Data logger fault,High,2026-07-19 00:16,2026-07-24,38,1.3,8,Open
SMMS-00683,S&T,Vijayawada-SEC-04,EQ-9458,Interlocking software fault,Medium,2026-08-31 21:37,2026-09-15,0,1.5,20,Open
SMMS-00684,S&T,Hyderabad-SEC-02,EQ-3446,Data logger fault,Medium,2026-07-24 05:59,2026-08-08,23,3.8,2,Scheduled
SMMS-00685,S&T,Guntakal-SEC-06,EQ-5402,Cable fault,Low,2026-07-01 11:56,2026-07-31,31,5.2,10,Completed
SMMS-00686,S&T,Hyderabad-SEC-07,EQ-2137,Track circuit failure,High,2026-08-24 07:53,2026-08-29,2,3.6,37,Completed
SMMS-00687,S&T,Guntakal-SEC-03,EQ-5028,Track circuit failure,Critical,2026-08-16 22:55,2026-08-17,14,5.1,45,Open
SMMS-00688,S&T,Vijayawada-SEC-02,EQ-3101,Block instrument fault,Low,2026-05-24 08:15,2026-06-23,69,4.5,30,Open
SMMS-00689,S&T,Hyderabad-SEC-01,EQ-1553,Level crossing gate interlock fault,Low,2026-08-04 16:34,2026-09-03,0,2.8,27,Completed
SMMS-00690,S&T,Secunderabad-SEC-01,EQ-4396,Relay degradation,Critical,2026-05-30 06:35,2026-05-31,92,4.9,25,Open
SMMS-00691,S&T,Hyderabad-SEC-08,EQ-9248,Interlocking software fault,High,2026-07-14 22:44,2026-07-19,43,2.2,10,Scheduled
SMMS-00692,S&T,Guntakal-SEC-04,EQ-1878,Axle counter fault,Medium,2026-08-21 22:37,2026-09-05,0,4.9,33,Open
SMMS-00693,S&T,Guntakal-SEC-08,EQ-9295,Axle counter fault,Low,2026-06-06 00:24,2026-07-06,56,3.1,29,Open
SMMS-00694,S&T,Guntur-SEC-04,EQ-3619,Signal lamp failure,Medium,2026-08-14 10:29,2026-08-29,2,0.5,4,Open
SMMS-00695,S&T,Guntakal-SEC-07,EQ-7611,Interlocking software fault,Low,2026-07-11 17:02,2026-08-10,21,4.1,28,Scheduled
SMMS-00696,S&T,Guntur-SEC-08,EQ-4422,Point machine malfunction,Medium,2026-07-26 03:06,2026-08-10,21,2.2,35,Completed
SMMS-00697,S&T,Hyderabad-SEC-03,EQ-5551,Data logger fault,Medium,2026-06-17 03:13,2026-07-02,60,4.6,6,Open
SMMS-00698,S&T,Hyderabad-SEC-08,EQ-6160,Cable fault,Medium,2026-05-07 05:34,2026-05-22,101,3.7,2,Completed
SMMS-00699,S&T,Guntur-SEC-04,EQ-5859,Track circuit failure,High,2026-06-16 16:26,2026-06-21,71,2.8,10,Open
SMMS-00700,S&T,Vijayawada-SEC-01,EQ-2652,Axle counter fault,High,2026-08-03 02:30,2026-08-08,23,2.6,47,Open
SMMS-00701,S&T,Secunderabad-SEC-07,EQ-6399,Data logger fault,Low,2026-06-02 04:34,2026-07-02,60,0.9,20,Scheduled
SMMS-00702,S&T,Secunderabad-SEC-05,EQ-3989,Block proving failure,High,2026-07-19 15:41,2026-07-24,38,0.5,30,Open
SMMS-00703,S&T,Hyderabad-SEC-06,EQ-9700,Interlocking software fault,High,2026-06-03 18:03,2026-06-08,84,1.6,33,Open
SMMS-00704,S&T,Guntur-SEC-06,EQ-9257,Block instrument fault,High,2026-05-18 00:48,2026-05-23,100,2.7,6,Completed
SMMS-00705,S&T,Vijayawada-SEC-01,EQ-4359,Block instrument fault,Medium,2026-05-24 05:45,2026-06-08,84,5.5,35,Scheduled
SMMS-00706,S&T,Guntakal-SEC-03,EQ-2104,Level crossing gate interlock fault,Critical,2026-06-09 06:24,2026-06-10,82,4.1,35,Open
SMMS-00707,S&T,Guntakal-SEC-01,EQ-7063,Level crossing gate interlock fault,Low,2026-06-03 21:11,2026-07-03,59,1.6,21,Open
SMMS-00708,S&T,Guntakal-SEC-02,EQ-7412,Signal lamp failure,Medium,2026-06-19 02:10,2026-07-04,58,5.3,50,Scheduled
SMMS-00709,S&T,Hyderabad-SEC-05,EQ-7337,Track circuit failure,Medium,2026-06-27 08:24,2026-07-12,50,3.9,45,Open
SMMS-00710,S&T,Vijayawada-SEC-05,EQ-7471,Point machine malfunction,Low,2026-08-31 01:23,2026-09-30,0,2.9,5,Completed
SMMS-00711,S&T,Guntur-SEC-01,EQ-7566,Axle counter fault,Low,2026-08-24 03:06,2026-09-23,0,2.8,2,Open
SMMS-00712,S&T,Hyderabad-SEC-01,EQ-7657,Interlocking software fault,Low,2026-07-21 11:01,2026-08-20,11,4.5,23,Open
SMMS-00713,S&T,Guntakal-SEC-07,EQ-9086,Cable fault,Low,2026-05-05 04:58,2026-06-04,88,2.3,8,Completed
SMMS-00714,S&T,Secunderabad-SEC-01,EQ-1856,Level crossing gate interlock fault,Medium,2026-08-09 14:43,2026-08-24,7,2.0,35,Open
SMMS-00715,S&T,Guntakal-SEC-03,EQ-1941,Cable fault,Low,2026-06-26 08:53,2026-07-26,36,5.2,6,Open
SMMS-00716,S&T,Guntakal-SEC-01,EQ-5956,Interlocking software fault,High,2026-07-17 14:42,2026-07-22,40,1.3,6,Scheduled
SMMS-00717,S&T,Vijayawada-SEC-02,EQ-4304,Track circuit failure,Medium,2026-06-17 01:43,2026-07-02,60,2.1,35,Open
SMMS-00718,S&T,Guntakal-SEC-05,EQ-8699,Signal lamp failure,Critical,2026-06-24 08:29,2026-06-25,67,4.8,48,Open
SMMS-00719,S&T,Hyderabad-SEC-08,EQ-5887,Interlocking software fault,Medium,2026-08-29 15:04,2026-09-13,0,0.8,11,Completed
SMMS-00720,S&T,Guntakal-SEC-06,EQ-1794,Relay degradation,Medium,2026-06-27 00:35,2026-07-12,50,1.5,41,Scheduled
SMMS-00721,S&T,Guntakal-SEC-02,EQ-2133,Track circuit failure,Low,2026-08-03 22:53,2026-09-02,0,4.8,19,Scheduled
SMMS-00722,S&T,Hyderabad-SEC-07,EQ-8792,Data logger fault,Low,2026-08-30 02:44,2026-09-29,0,4.0,33,Completed
SMMS-00723,S&T,Guntakal-SEC-02,EQ-6515,Axle counter fault,Low,2026-05-06 03:02,2026-06-05,87,1.2,37,Open
SMMS-00724,S&T,Secunderabad-SEC-01,EQ-5895,Cable fault,Medium,2026-08-05 10:47,2026-08-20,11,2.0,4,Open
SMMS-00725,S&T,Hyderabad-SEC-01,EQ-1232,Data logger fault,Low,2026-07-17 10:15,2026-08-16,15,3.2,22,Open
SMMS-00726,S&T,Guntakal-SEC-06,EQ-9986,Signal lamp failure,Medium,2026-06-11 15:53,2026-06-26,66,4.2,10,Scheduled
SMMS-00727,S&T,Guntakal-SEC-02,EQ-3410,Block proving failure,High,2026-07-07 23:57,2026-07-12,50,3.9,4,Completed
SMMS-00728,S&T,Vijayawada-SEC-01,EQ-6441,Relay degradation,Low,2026-08-20 11:07,2026-09-19,0,3.8,19,Scheduled
SMMS-00729,S&T,Vijayawada-SEC-02,EQ-1669,Track circuit failure,Medium,2026-05-12 23:21,2026-05-27,96,5.1,8,Scheduled
SMMS-00730,S&T,Guntur-SEC-06,EQ-6940,Data logger fault,Medium,2026-07-06 07:15,2026-07-21,41,3.4,25,Completed
SMMS-00731,S&T,Guntur-SEC-04,EQ-5379,Block proving failure,High,2026-08-17 00:06,2026-08-22,9,3.3,35,Scheduled
SMMS-00732,S&T,Vijayawada-SEC-01,EQ-6242,Block proving failure,Medium,2026-08-06 23:51,2026-08-21,10,4.7,35,Completed
SMMS-00733,S&T,Hyderabad-SEC-05,EQ-7885,Axle counter fault,Low,2026-06-03 05:16,2026-07-03,59,2.0,17,Scheduled
SMMS-00734,S&T,Guntakal-SEC-08,EQ-9988,Level crossing gate interlock fault,Low,2026-08-03 17:52,2026-09-02,0,2.9,47,Scheduled
SMMS-00735,S&T,Guntakal-SEC-03,EQ-9459,Track circuit failure,Medium,2026-07-27 17:57,2026-08-11,20,5.1,8,Completed
SMMS-00736,S&T,Vijayawada-SEC-04,EQ-4500,Block proving failure,Medium,2026-07-06 16:59,2026-07-21,41,2.6,43,Completed
SMMS-00737,S&T,Secunderabad-SEC-06,EQ-8679,Relay degradation,Critical,2026-08-20 10:28,2026-08-21,10,5.0,34,Open
SMMS-00738,S&T,Guntakal-SEC-06,EQ-6118,Level crossing gate interlock fault,Low,2026-05-24 18:39,2026-06-23,69,5.0,41,Open
SMMS-00739,S&T,Vijayawada-SEC-08,EQ-3187,Block instrument fault,Low,2026-05-16 23:08,2026-06-15,77,5.6,48,Open
SMMS-00740,S&T,Hyderabad-SEC-06,EQ-1441,Axle counter fault,High,2026-06-09 06:45,2026-06-14,78,3.9,12,Open
SMMS-00741,S&T,Guntur-SEC-04,EQ-6183,Interlocking software fault,Critical,2026-06-06 03:07,2026-06-07,85,4.4,47,Open
SMMS-00742,S&T,Guntakal-SEC-02,EQ-8635,Block instrument fault,Critical,2026-06-11 07:41,2026-06-12,80,5.4,39,Open
SMMS-00743,S&T,Guntur-SEC-08,EQ-6143,Cable fault,Medium,2026-07-29 21:25,2026-08-13,18,2.9,14,Scheduled
SMMS-00744,S&T,Guntur-SEC-05,EQ-4442,Block instrument fault,Medium,2026-08-22 04:10,2026-09-06,0,4.3,34,Open
SMMS-00745,S&T,Hyderabad-SEC-04,EQ-5956,Cable fault,High,2026-06-18 21:38,2026-06-23,69,3.8,34,Completed
SMMS-00746,S&T,Hyderabad-SEC-04,EQ-4442,Relay degradation,Medium,2026-05-26 01:09,2026-06-10,82,2.7,18,Scheduled
SMMS-00747,S&T,Vijayawada-SEC-02,EQ-1276,Block proving failure,High,2026-07-06 09:02,2026-07-11,51,0.6,32,Open
SMMS-00748,S&T,Vijayawada-SEC-04,EQ-2876,Block proving failure,Medium,2026-08-12 15:20,2026-08-27,4,4.2,44,Scheduled
SMMS-00749,S&T,Hyderabad-SEC-03,EQ-2634,Axle counter fault,Medium,2026-06-12 11:50,2026-06-27,65,3.5,38,Scheduled
SMMS-00750,S&T,Secunderabad-SEC-07,EQ-9368,Axle counter fault,Medium,2026-06-23 04:57,2026-07-08,54,5.2,3,Scheduled
SMMS-00751,S&T,Hyderabad-SEC-07,EQ-1600,Point machine malfunction,Low,2026-06-30 23:44,2026-07-30,32,2.6,5,Open
SMMS-00752,S&T,Hyderabad-SEC-04,EQ-3358,Level crossing gate interlock fault,Medium,2026-08-15 16:00,2026-08-30,1,1.3,37,Scheduled
SMMS-00753,S&T,Guntur-SEC-04,EQ-5977,Data logger fault,High,2026-08-02 15:50,2026-08-07,24,4.4,31,Completed
SMMS-00754,S&T,Guntur-SEC-06,EQ-9372,Data logger fault,Critical,2026-07-31 12:29,2026-08-01,30,3.2,28,Completed
SMMS-00755,S&T,Guntakal-SEC-07,EQ-8308,Signal lamp failure,Low,2026-05-23 15:47,2026-06-22,70,1.6,33,Open
SMMS-00756,S&T,Vijayawada-SEC-06,EQ-2640,Cable fault,Low,2026-05-29 20:18,2026-06-28,64,5.1,23,Open
SMMS-00757,S&T,Guntakal-SEC-07,EQ-3080,Block proving failure,Medium,2026-08-26 12:24,2026-09-10,0,5.5,7,Open
SMMS-00758,S&T,Hyderabad-SEC-02,EQ-5486,Interlocking software fault,Medium,2026-06-13 02:01,2026-06-28,64,4.6,18,Open
SMMS-00759,S&T,Secunderabad-SEC-05,EQ-6101,Point machine malfunction,Medium,2026-07-15 05:27,2026-07-30,32,1.1,21,Completed
SMMS-00760,S&T,Vijayawada-SEC-02,EQ-4716,Block proving failure,Low,2026-08-25 00:17,2026-09-24,0,1.1,22,Completed
SMMS-00761,S&T,Guntakal-SEC-05,EQ-7447,Relay degradation,Medium,2026-08-06 09:24,2026-08-21,10,2.9,40,Open
SMMS-00762,S&T,Guntur-SEC-05,EQ-8313,Relay degradation,Medium,2026-08-27 02:46,2026-09-11,0,5.3,5,Completed
SMMS-00763,S&T,Guntakal-SEC-02,EQ-6851,Level crossing gate interlock fault,Medium,2026-08-13 15:32,2026-08-28,3,2.2,34,Open
SMMS-00764,S&T,Vijayawada-SEC-07,EQ-7934,Level crossing gate interlock fault,Medium,2026-07-10 06:46,2026-07-25,37,2.1,21,Completed
SMMS-00765,S&T,Guntakal-SEC-05,EQ-8860,Track circuit failure,High,2026-08-23 08:16,2026-08-28,3,1.2,50,Open
SMMS-00766,S&T,Guntur-SEC-08,EQ-6997,Block instrument fault,Low,2026-06-08 16:24,2026-07-08,54,2.5,47,Completed
SMMS-00767,S&T,Hyderabad-SEC-01,EQ-7447,Relay degradation,Medium,2026-06-16 18:38,2026-07-01,61,1.8,49,Open
SMMS-00768,S&T,Hyderabad-SEC-04,EQ-7034,Block proving failure,Medium,2026-08-27 19:01,2026-09-11,0,1.0,21,Scheduled
SMMS-00769,S&T,Guntur-SEC-01,EQ-7108,Point machine malfunction,High,2026-05-18 15:44,2026-05-23,100,2.2,37,Open
SMMS-00770,S&T,Guntur-SEC-01,EQ-1392,Block instrument fault,Medium,2026-05-29 14:44,2026-06-13,79,3.7,15,Open
SMMS-00771,S&T,Guntur-SEC-01,EQ-3894,Point machine malfunction,Low,2026-05-22 10:00,2026-06-21,71,4.4,24,Scheduled
SMMS-00772,S&T,Guntur-SEC-08,EQ-5386,Data logger fault,Medium,2026-06-19 11:00,2026-07-04,58,4.1,9,Open
SMMS-00773,S&T,Vijayawada-SEC-03,EQ-2260,Relay degradation,High,2026-07-06 23:53,2026-07-11,51,5.7,44,Open
SMMS-00774,S&T,Guntakal-SEC-03,EQ-2620,Track circuit failure,Critical,2026-06-20 03:54,2026-06-21,71,5.1,50,Open
SMMS-00775,S&T,Hyderabad-SEC-06,EQ-5180,Relay degradation,Medium,2026-07-27 06:32,2026-08-11,20,5.4,15,Scheduled
SMMS-00776,S&T,Vijayawada-SEC-01,EQ-3054,Relay degradation,High,2026-05-20 07:37,2026-05-25,98,4.5,27,Open
SMMS-00777,S&T,Secunderabad-SEC-02,EQ-3483,Level crossing gate interlock fault,Low,2026-06-11 15:12,2026-07-11,51,4.7,42,Open
SMMS-00778,S&T,Guntur-SEC-01,EQ-4066,Point machine malfunction,Medium,2026-05-04 22:55,2026-05-19,104,4.1,37,Completed
SMMS-00779,S&T,Guntur-SEC-01,EQ-7807,Level crossing gate interlock fault,Medium,2026-07-09 10:16,2026-07-24,38,1.2,29,Completed
SMMS-00780,S&T,Vijayawada-SEC-08,EQ-5552,Axle counter fault,Low,2026-08-31 18:55,2026-09-30,0,4.6,4,Open
SMMS-00781,S&T,Vijayawada-SEC-07,EQ-5401,Data logger fault,High,2026-05-15 19:20,2026-05-20,103,4.3,39,Open
SMMS-00782,S&T,Hyderabad-SEC-04,EQ-4616,Level crossing gate interlock fault,Medium,2026-08-22 16:23,2026-09-06,0,5.8,33,Open
SMMS-00783,S&T,Hyderabad-SEC-08,EQ-2182,Cable fault,Critical,2026-05-29 23:24,2026-05-30,93,5.3,11,Scheduled
SMMS-00784,S&T,Hyderabad-SEC-08,EQ-3690,Track circuit failure,High,2026-07-27 09:18,2026-08-01,30,2.1,17,Scheduled
SMMS-00785,S&T,Guntakal-SEC-08,EQ-8115,Interlocking software fault,Medium,2026-07-18 21:43,2026-08-02,29,5.2,10,Completed
SMMS-00786,S&T,Guntur-SEC-08,EQ-3101,Level crossing gate interlock fault,High,2026-07-14 22:05,2026-07-19,43,2.6,15,Open
SMMS-00787,S&T,Hyderabad-SEC-08,EQ-6486,Cable fault,Medium,2026-06-18 11:00,2026-07-03,59,4.0,39,Scheduled
SMMS-00788,S&T,Guntakal-SEC-01,EQ-2518,Interlocking software fault,Medium,2026-06-11 17:20,2026-06-26,66,2.9,40,Open
SMMS-00789,S&T,Guntakal-SEC-06,EQ-6624,Point machine malfunction,High,2026-08-04 04:03,2026-08-09,22,5.9,48,Scheduled
SMMS-00790,S&T,Guntakal-SEC-01,EQ-7542,Block instrument fault,Low,2026-08-05 14:07,2026-09-04,0,5.6,11,Open
SMMS-00791,S&T,Guntur-SEC-07,EQ-4951,Track circuit failure,High,2026-05-07 04:29,2026-05-12,111,0.5,6,Open
SMMS-00792,S&T,Secunderabad-SEC-06,EQ-7124,Block proving failure,Medium,2026-07-16 13:57,2026-07-31,31,4.6,32,Open
SMMS-00793,S&T,Guntakal-SEC-01,EQ-8503,Relay degradation,High,2026-05-17 16:47,2026-05-22,101,1.0,35,Open
SMMS-00794,S&T,Secunderabad-SEC-01,EQ-5743,Signal lamp failure,High,2026-05-18 12:27,2026-05-23,100,1.2,39,Open
SMMS-00795,S&T,Secunderabad-SEC-07,EQ-9418,Track circuit failure,Medium,2026-07-31 07:57,2026-08-15,16,2.9,5,Scheduled
SMMS-00796,S&T,Hyderabad-SEC-03,EQ-8871,Track circuit failure,Medium,2026-05-21 10:23,2026-06-05,87,0.8,7,Open
SMMS-00797,S&T,Guntakal-SEC-01,EQ-4749,Level crossing gate interlock fault,High,2026-06-18 20:55,2026-06-23,69,5.7,32,Open
SMMS-00798,S&T,Guntur-SEC-08,EQ-9986,Point machine malfunction,High,2026-08-10 01:00,2026-08-15,16,4.9,37,Open
SMMS-00799,S&T,Guntakal-SEC-05,EQ-7934,Interlocking software fault,Medium,2026-08-26 01:36,2026-09-10,0,4.0,10,Open
SMMS-00800,S&T,Secunderabad-SEC-01,EQ-3339,Level crossing gate interlock fault,Medium,2026-07-04 22:04,2026-07-19,43,3.5,39,Scheduled
SMMS-00801,S&T,Vijayawada-SEC-05,EQ-1200,Level crossing gate interlock fault,Medium,2026-07-31 21:22,2026-08-15,16,1.9,4,Open
SMMS-00802,S&T,Guntakal-SEC-06,EQ-6490,Signal lamp failure,High,2026-08-07 22:01,2026-08-12,19,3.3,45,Open
SMMS-00803,S&T,Secunderabad-SEC-07,EQ-5739,Axle counter fault,High,2026-05-17 18:58,2026-05-22,101,4.6,3,Open
SMMS-00804,S&T,Guntakal-SEC-05,EQ-3321,Signal lamp failure,High,2026-07-01 22:39,2026-07-06,56,0.9,8,Completed
SMMS-00805,S&T,Hyderabad-SEC-02,EQ-3304,Axle counter fault,Low,2026-07-11 08:32,2026-08-10,21,1.6,10,Completed
SMMS-00806,S&T,Hyderabad-SEC-06,EQ-3137,Axle counter fault,Critical,2026-07-27 22:38,2026-07-28,34,2.3,44,Open
SMMS-00807,S&T,Hyderabad-SEC-08,EQ-1759,Point machine malfunction,High,2026-07-15 10:14,2026-07-20,42,0.7,9,Scheduled
SMMS-00808,S&T,Secunderabad-SEC-07,EQ-4152,Track circuit failure,High,2026-07-30 04:33,2026-08-04,27,1.7,43,Open
SMMS-00809,S&T,Vijayawada-SEC-06,EQ-3593,Track circuit failure,Medium,2026-08-08 05:10,2026-08-23,8,5.9,48,Scheduled
SMMS-00810,S&T,Vijayawada-SEC-06,EQ-5985,Axle counter fault,Medium,2026-07-20 09:00,2026-08-04,27,2.3,34,Open
SMMS-00811,S&T,Secunderabad-SEC-01,EQ-3838,Interlocking software fault,Medium,2026-05-25 13:09,2026-06-09,83,2.9,39,Open
SMMS-00812,S&T,Hyderabad-SEC-06,EQ-6842,Track circuit failure,High,2026-07-08 16:57,2026-07-13,49,4.6,29,Scheduled
SMMS-00813,S&T,Vijayawada-SEC-08,EQ-5533,Block proving failure,Medium,2026-06-11 06:45,2026-06-26,66,5.3,38,Scheduled
SMMS-00814,S&T,Vijayawada-SEC-07,EQ-6836,Level crossing gate interlock fault,High,2026-06-12 10:52,2026-06-17,75,3.1,7,Open
SMMS-00815,S&T,Guntakal-SEC-06,EQ-2086,Interlocking software fault,Low,2026-08-09 10:01,2026-09-08,0,2.7,33,Scheduled
SMMS-00816,S&T,Hyderabad-SEC-01,EQ-1992,Data logger fault,Medium,2026-07-13 18:15,2026-07-28,34,1.9,28,Open
SMMS-00817,S&T,Vijayawada-SEC-07,EQ-5083,Level crossing gate interlock fault,Medium,2026-08-18 14:17,2026-09-02,0,6.0,39,Scheduled
SMMS-00818,S&T,Guntakal-SEC-02,EQ-7452,Level crossing gate interlock fault,Low,2026-08-11 13:29,2026-09-10,0,4.8,48,Open
SMMS-00819,S&T,Guntur-SEC-03,EQ-3085,Block proving failure,High,2026-08-02 11:41,2026-08-07,24,3.7,38,Scheduled
SMMS-00820,S&T,Guntur-SEC-01,EQ-9091,Data logger fault,High,2026-07-19 14:54,2026-07-24,38,1.6,11,Open
SMMS-00821,S&T,Guntur-SEC-03,EQ-4219,Block proving failure,Critical,2026-07-19 06:42,2026-07-20,42,4.0,37,Completed
SMMS-00822,S&T,Guntur-SEC-03,EQ-9987,Cable fault,High,2026-07-21 14:07,2026-07-26,36,4.1,34,Scheduled
SMMS-00823,S&T,Guntur-SEC-02,EQ-9821,Axle counter fault,Critical,2026-07-31 02:57,2026-08-01,30,4.8,20,Scheduled
SMMS-00824,S&T,Hyderabad-SEC-03,EQ-2264,Level crossing gate interlock fault,High,2026-06-17 00:44,2026-06-22,70,3.8,8,Open
SMMS-00825,S&T,Hyderabad-SEC-01,EQ-4223,Block instrument fault,Critical,2026-08-03 05:47,2026-08-04,27,2.7,7,Open
SMMS-00826,S&T,Guntur-SEC-01,EQ-1965,Block instrument fault,Low,2026-08-29 05:54,2026-09-28,0,3.1,46,Open
SMMS-00827,S&T,Hyderabad-SEC-08,EQ-7940,Block instrument fault,Low,2026-05-17 23:51,2026-06-16,76,2.0,37,Completed
SMMS-00828,S&T,Guntakal-SEC-02,EQ-4407,Point machine malfunction,Low,2026-08-29 03:45,2026-09-28,0,2.6,10,Completed
SMMS-00829,S&T,Guntakal-SEC-04,EQ-8242,Level crossing gate interlock fault,Low,2026-07-26 09:30,2026-08-25,6,3.8,13,Open
SMMS-00830,S&T,Vijayawada-SEC-03,EQ-7366,Interlocking software fault,Medium,2026-07-27 18:45,2026-08-11,20,6.0,24,Scheduled
SMMS-00831,S&T,Hyderabad-SEC-06,EQ-5924,Signal lamp failure,Medium,2026-08-05 17:02,2026-08-20,11,3.0,15,Open
SMMS-00832,S&T,Secunderabad-SEC-08,EQ-3974,Block proving failure,Medium,2026-06-19 14:27,2026-07-04,58,4.2,28,Scheduled
SMMS-00833,S&T,Guntur-SEC-03,EQ-8397,Block proving failure,Medium,2026-07-13 13:21,2026-07-28,34,1.0,3,Open
SMMS-00834,S&T,Hyderabad-SEC-07,EQ-2817,Signal lamp failure,High,2026-05-10 03:56,2026-05-15,108,2.3,8,Completed
SMMS-00835,S&T,Secunderabad-SEC-02,EQ-2861,Level crossing gate interlock fault,High,2026-08-18 17:49,2026-08-23,8,4.8,47,Open
SMMS-00836,S&T,Secunderabad-SEC-06,EQ-4189,Track circuit failure,Medium,2026-06-15 14:05,2026-06-30,62,0.7,16,Open
SMMS-00837,S&T,Guntur-SEC-07,EQ-4360,Block proving failure,Medium,2026-07-28 16:09,2026-08-12,19,4.2,19,Open
SMMS-00838,S&T,Guntakal-SEC-01,EQ-2451,Signal lamp failure,Critical,2026-08-19 13:45,2026-08-20,11,3.6,6,Completed
SMMS-00839,S&T,Guntakal-SEC-01,EQ-9919,Point machine malfunction,High,2026-06-29 02:08,2026-07-04,58,0.9,8,Open
SMMS-00840,S&T,Secunderabad-SEC-06,EQ-1408,Signal lamp failure,Medium,2026-07-26 02:56,2026-08-10,21,3.7,21,Scheduled
SMMS-00841,S&T,Hyderabad-SEC-02,EQ-7835,Level crossing gate interlock fault,Low,2026-05-05 18:07,2026-06-04,88,0.7,9,Open
SMMS-00842,S&T,Hyderabad-SEC-08,EQ-1648,Track circuit failure,Medium,2026-06-23 22:47,2026-07-08,54,0.9,20,Open
SMMS-00843,S&T,Guntakal-SEC-06,EQ-5953,Relay degradation,High,2026-05-15 16:41,2026-05-20,103,5.4,18,Completed
SMMS-00844,S&T,Secunderabad-SEC-04,EQ-8832,Data logger fault,High,2026-08-24 16:22,2026-08-29,2,0.9,44,Open
SMMS-00845,S&T,Guntur-SEC-01,EQ-1962,Point machine malfunction,Critical,2026-05-16 02:27,2026-05-17,106,5.6,22,Scheduled
SMMS-00846,S&T,Vijayawada-SEC-01,EQ-2601,Data logger fault,Low,2026-08-19 20:51,2026-09-18,0,1.1,45,Open
SMMS-00847,S&T,Guntur-SEC-06,EQ-1070,Axle counter fault,Low,2026-05-15 23:24,2026-06-14,78,2.2,35,Scheduled
SMMS-00848,S&T,Hyderabad-SEC-03,EQ-8526,Block proving failure,High,2026-06-09 20:47,2026-06-14,78,1.2,21,Open
SMMS-00849,S&T,Hyderabad-SEC-07,EQ-4491,Level crossing gate interlock fault,Low,2026-05-07 06:21,2026-06-06,86,0.9,32,Completed
SMMS-00850,S&T,Vijayawada-SEC-05,EQ-2175,Track circuit failure,Medium,2026-07-15 06:07,2026-07-30,32,5.2,37,Scheduled
SMMS-00851,S&T,Hyderabad-SEC-08,EQ-2821,Block proving failure,Low,2026-08-21 22:38,2026-09-20,0,3.2,26,Open
SMMS-00852,S&T,Secunderabad-SEC-08,EQ-6707,Interlocking software fault,High,2026-06-19 13:34,2026-06-24,68,4.0,5,Open
SMMS-00853,S&T,Secunderabad-SEC-04,EQ-7733,Data logger fault,Low,2026-08-01 21:00,2026-08-31,0,1.7,44,Open
SMMS-00854,S&T,Guntakal-SEC-01,EQ-6642,Cable fault,Medium,2026-06-08 17:14,2026-06-23,69,2.7,12,Completed
SMMS-00855,S&T,Secunderabad-SEC-05,EQ-1033,Axle counter fault,Medium,2026-08-09 00:06,2026-08-24,7,2.2,42,Open
SMMS-00856,S&T,Hyderabad-SEC-03,EQ-5520,Relay degradation,Low,2026-06-30 21:38,2026-07-30,32,3.1,35,Completed
SMMS-00857,S&T,Hyderabad-SEC-05,EQ-4619,Signal lamp failure,Medium,2026-07-17 08:29,2026-08-01,30,2.1,3,Open
SMMS-00858,S&T,Guntur-SEC-05,EQ-6699,Block proving failure,Medium,2026-06-17 01:06,2026-07-02,60,2.4,27,Open
SMMS-00859,S&T,Vijayawada-SEC-04,EQ-8344,Block proving failure,High,2026-07-16 05:37,2026-07-21,41,1.3,48,Open
SMMS-00860,S&T,Guntakal-SEC-08,EQ-7637,Cable fault,Medium,2026-08-12 09:48,2026-08-27,4,4.7,3,Open
SMMS-00861,S&T,Secunderabad-SEC-06,EQ-5817,Block proving failure,Medium,2026-05-12 23:42,2026-05-27,96,4.1,19,Open
SMMS-00862,S&T,Guntur-SEC-03,EQ-3949,Interlocking software fault,Low,2026-08-03 23:48,2026-09-02,0,2.6,4,Scheduled
SMMS-00863,S&T,Secunderabad-SEC-01,EQ-1056,Block proving failure,Low,2026-06-27 07:47,2026-07-27,35,1.1,28,Open
SMMS-00864,S&T,Secunderabad-SEC-07,EQ-8960,Axle counter fault,Medium,2026-06-16 21:51,2026-07-01,61,5.9,36,Open
SMMS-00865,S&T,Secunderabad-SEC-08,EQ-2994,Cable fault,High,2026-07-02 09:09,2026-07-07,55,3.3,44,Open
SMMS-00866,S&T,Hyderabad-SEC-04,EQ-3539,Interlocking software fault,Medium,2026-08-02 18:48,2026-08-17,14,1.5,2,Open
SMMS-00867,S&T,Guntakal-SEC-07,EQ-5868,Signal lamp failure,Low,2026-07-02 12:06,2026-08-01,30,3.4,2,Open
SMMS-00868,S&T,Secunderabad-SEC-08,EQ-4738,Cable fault,High,2026-08-27 03:49,2026-09-01,0,3.8,8,Scheduled
SMMS-00869,S&T,Guntakal-SEC-05,EQ-4182,Cable fault,High,2026-05-04 15:02,2026-05-09,114,0.7,30,Completed
SMMS-00870,S&T,Secunderabad-SEC-01,EQ-8154,Interlocking software fault,Medium,2026-08-10 00:35,2026-08-25,6,1.2,9,Scheduled
SMMS-00871,S&T,Secunderabad-SEC-03,EQ-8608,Relay degradation,Low,2026-05-04 10:54,2026-06-03,89,3.6,17,Open
SMMS-00872,S&T,Guntakal-SEC-04,EQ-2676,Data logger fault,Critical,2026-05-05 04:19,2026-05-06,117,0.9,20,Completed
SMMS-00873,S&T,Guntakal-SEC-06,EQ-3068,Relay degradation,High,2026-06-01 12:00,2026-06-06,86,0.9,50,Completed
SMMS-00874,S&T,Guntur-SEC-03,EQ-8440,Interlocking software fault,High,2026-05-04 00:07,2026-05-09,114,3.1,48,Completed
SMMS-00875,S&T,Hyderabad-SEC-01,EQ-4658,Signal lamp failure,Critical,2026-08-15 03:57,2026-08-16,15,1.0,26,Open
SMMS-00876,S&T,Secunderabad-SEC-02,EQ-4724,Block instrument fault,Low,2026-07-18 05:52,2026-08-17,14,3.6,37,Scheduled
SMMS-00877,S&T,Hyderabad-SEC-08,EQ-8284,Interlocking software fault,Critical,2026-08-17 18:41,2026-08-18,13,5.0,17,Completed
SMMS-00878,S&T,Guntakal-SEC-06,EQ-6294,Cable fault,Medium,2026-07-11 02:17,2026-07-26,36,2.3,33,Scheduled
SMMS-00879,S&T,Hyderabad-SEC-03,EQ-5558,Axle counter fault,High,2026-06-17 03:10,2026-06-22,70,4.7,38,Completed
SMMS-00880,S&T,Secunderabad-SEC-04,EQ-5883,Cable fault,Medium,2026-08-31 08:44,2026-09-15,0,2.9,11,Open
SMMS-00881,S&T,Secunderabad-SEC-04,EQ-7365,Cable fault,Medium,2026-05-21 04:13,2026-06-05,87,2.6,28,Open
SMMS-00882,S&T,Secunderabad-SEC-03,EQ-2359,Level crossing gate interlock fault,Low,2026-08-02 07:31,2026-09-01,0,2.5,22,Open
SMMS-00883,S&T,Hyderabad-SEC-04,EQ-2132,Interlocking software fault,Low,2026-07-09 20:36,2026-08-08,23,2.8,39,Completed
SMMS-00884,S&T,Hyderabad-SEC-01,EQ-5593,Track circuit failure,Medium,2026-08-24 18:54,2026-09-08,0,4.0,32,Scheduled
SMMS-00885,S&T,Guntur-SEC-02,EQ-5845,Interlocking software fault,High,2026-06-14 01:39,2026-06-19,73,3.9,21,Open
SMMS-00886,S&T,Secunderabad-SEC-01,EQ-9708,Interlocking software fault,Low,2026-05-16 05:50,2026-06-15,77,1.5,45,Open
SMMS-00887,S&T,Guntakal-SEC-04,EQ-9393,Signal lamp failure,Low,2026-05-28 18:52,2026-06-27,65,1.5,4,Open
SMMS-00888,S&T,Guntakal-SEC-06,EQ-5040,Level crossing gate interlock fault,High,2026-07-04 19:24,2026-07-09,53,4.5,40,Open
SMMS-00889,S&T,Hyderabad-SEC-06,EQ-1471,Level crossing gate interlock fault,High,2026-06-24 11:41,2026-06-29,63,2.0,13,Completed
SMMS-00890,S&T,Guntakal-SEC-08,EQ-8408,Signal lamp failure,Critical,2026-06-20 10:12,2026-06-21,71,2.0,17,Completed
SMMS-00891,S&T,Guntakal-SEC-06,EQ-5769,Cable fault,Medium,2026-08-04 15:55,2026-08-19,12,3.9,13,Completed
SMMS-00892,S&T,Vijayawada-SEC-01,EQ-9607,Level crossing gate interlock fault,High,2026-05-15 20:59,2026-05-20,103,3.5,16,Open
SMMS-00893,S&T,Hyderabad-SEC-08,EQ-2485,Block instrument fault,Medium,2026-08-29 18:54,2026-09-13,0,2.7,12,Open
SMMS-00894,S&T,Secunderabad-SEC-02,EQ-5948,Point machine malfunction,Medium,2026-07-25 18:17,2026-08-09,22,5.1,28,Open
SMMS-00895,S&T,Vijayawada-SEC-08,EQ-3885,Level crossing gate interlock fault,Low,2026-05-05 17:33,2026-06-04,88,2.5,26,Scheduled
SMMS-00896,S&T,Guntakal-SEC-07,EQ-1540,Track circuit failure,Medium,2026-07-02 23:49,2026-07-17,45,5.9,9,Completed
SMMS-00897,S&T,Guntakal-SEC-07,EQ-1124,Axle counter fault,Medium,2026-06-17 18:17,2026-07-02,60,2.2,11,Open
SMMS-00898,S&T,Vijayawada-SEC-08,EQ-4467,Cable fault,Critical,2026-08-19 02:41,2026-08-20,11,3.7,41,Open
SMMS-00899,S&T,Secunderabad-SEC-04,EQ-1355,Axle counter fault,Critical,2026-06-15 06:15,2026-06-16,76,0.8,47,Scheduled
SMMS-00900,S&T,Guntakal-SEC-06,EQ-7169,Block proving failure,Critical,2026-07-19 08:20,2026-07-20,42,1.3,19,Scheduled
SMMS-00901,S&T,Hyderabad-SEC-07,EQ-6064,Signal lamp failure,Medium,2026-08-23 05:16,2026-09-07,0,2.4,48,Open
SMMS-00902,S&T,Guntakal-SEC-07,EQ-4558,Axle counter fault,High,2026-06-13 18:48,2026-06-18,74,2.1,49,Open
SMMS-00903,S&T,Hyderabad-SEC-03,EQ-2236,Interlocking software fault,Medium,2026-07-13 00:18,2026-07-28,34,3.1,23,Open
SMMS-00904,S&T,Secunderabad-SEC-08,EQ-5844,Cable fault,Low,2026-07-06 13:31,2026-08-05,26,2.9,14,Scheduled
SMMS-00905,S&T,Guntur-SEC-08,EQ-8010,Level crossing gate interlock fault,Low,2026-06-03 20:11,2026-07-03,59,4.2,47,Open
SMMS-00906,S&T,Guntur-SEC-03,EQ-2096,Axle counter fault,High,2026-08-24 11:27,2026-08-29,2,3.1,3,Scheduled
SMMS-00907,S&T,Guntakal-SEC-05,EQ-8811,Relay degradation,Critical,2026-08-11 03:50,2026-08-12,19,4.4,5,Open
SMMS-00908,S&T,Secunderabad-SEC-05,EQ-2865,Level crossing gate interlock fault,Critical,2026-08-22 01:14,2026-08-23,8,1.2,32,Scheduled
SMMS-00909,S&T,Guntur-SEC-07,EQ-8005,Track circuit failure,Critical,2026-06-05 07:54,2026-06-06,86,4.0,23,Open
SMMS-00910,S&T,Guntakal-SEC-07,EQ-3544,Point machine malfunction,Medium,2026-08-12 16:46,2026-08-27,4,1.2,10,Open
SMMS-00911,S&T,Guntakal-SEC-08,EQ-7784,Track circuit failure,Medium,2026-06-11 05:11,2026-06-26,66,4.1,33,Open
SMMS-00912,S&T,Secunderabad-SEC-03,EQ-1473,Track circuit failure,Medium,2026-07-26 18:27,2026-08-10,21,1.6,31,Completed
SMMS-00913,S&T,Vijayawada-SEC-02,EQ-4986,Point machine malfunction,Medium,2026-05-25 15:03,2026-06-09,83,3.5,15,Open
SMMS-00914,S&T,Guntur-SEC-01,EQ-7225,Data logger fault,Medium,2026-07-07 11:27,2026-07-22,40,3.9,15,Open
SMMS-00915,S&T,Hyderabad-SEC-04,EQ-4304,Block proving failure,Medium,2026-07-01 04:30,2026-07-16,46,1.1,33,Open
SMMS-00916,S&T,Vijayawada-SEC-06,EQ-9581,Axle counter fault,Low,2026-06-20 21:23,2026-07-20,42,2.4,4,Open
SMMS-00917,S&T,Guntur-SEC-01,EQ-6785,Axle counter fault,Medium,2026-05-24 13:59,2026-06-08,84,0.7,46,Open
SMMS-00918,S&T,Vijayawada-SEC-07,EQ-7042,Point machine malfunction,Medium,2026-07-25 17:18,2026-08-09,22,5.3,11,Open
SMMS-00919,S&T,Vijayawada-SEC-08,EQ-9011,Cable fault,Low,2026-07-27 12:29,2026-08-26,5,1.7,45,Open
SMMS-00920,S&T,Guntakal-SEC-01,EQ-9666,Block instrument fault,Medium,2026-05-04 09:56,2026-05-19,104,5.9,34,Open
SMMS-00921,S&T,Hyderabad-SEC-05,EQ-5718,Cable fault,High,2026-07-08 18:11,2026-07-13,49,5.0,9,Open
SMMS-00922,S&T,Guntur-SEC-03,EQ-3123,Data logger fault,High,2026-07-10 01:13,2026-07-15,47,0.5,28,Open
SMMS-00923,S&T,Secunderabad-SEC-04,EQ-7909,Axle counter fault,Low,2026-06-24 11:50,2026-07-24,38,1.3,50,Open
SMMS-00924,S&T,Guntakal-SEC-05,EQ-1356,Data logger fault,High,2026-07-09 06:04,2026-07-14,48,5.7,30,Scheduled
SMMS-00925,S&T,Vijayawada-SEC-01,EQ-2195,Axle counter fault,Medium,2026-08-04 14:37,2026-08-19,12,2.0,38,Open
SMMS-00926,S&T,Vijayawada-SEC-02,EQ-4209,Interlocking software fault,Medium,2026-07-07 00:05,2026-07-22,40,0.5,33,Open
SMMS-00927,S&T,Guntur-SEC-08,EQ-8596,Axle counter fault,High,2026-05-14 23:46,2026-05-19,104,2.4,25,Open
SMMS-00928,S&T,Secunderabad-SEC-02,EQ-4335,Track circuit failure,Medium,2026-06-26 13:23,2026-07-11,51,0.8,43,Scheduled
SMMS-00929,S&T,Vijayawada-SEC-02,EQ-4981,Track circuit failure,High,2026-08-14 20:35,2026-08-19,12,3.6,30,Scheduled
SMMS-00930,S&T,Guntakal-SEC-02,EQ-6188,Point machine malfunction,Medium,2026-05-11 18:19,2026-05-26,97,5.6,47,Completed
SMMS-00931,S&T,Guntur-SEC-02,EQ-4229,Level crossing gate interlock fault,Low,2026-06-30 09:25,2026-07-30,32,2.9,42,Open
SMMS-00932,S&T,Secunderabad-SEC-05,EQ-3266,Axle counter fault,Medium,2026-08-14 05:03,2026-08-29,2,0.5,3,Completed
SMMS-00933,S&T,Hyderabad-SEC-02,EQ-5787,Relay degradation,Low,2026-05-16 22:12,2026-06-15,77,4.5,19,Open
SMMS-00934,S&T,Vijayawada-SEC-06,EQ-4352,Track circuit failure,Low,2026-05-19 14:47,2026-06-18,74,5.3,29,Completed
SMMS-00935,S&T,Hyderabad-SEC-01,EQ-3726,Relay degradation,Medium,2026-06-06 03:01,2026-06-21,71,5.7,40,Open
SMMS-00936,S&T,Secunderabad-SEC-01,EQ-6497,Block proving failure,Critical,2026-05-31 00:45,2026-06-01,91,1.6,45,Open
SMMS-00937,S&T,Hyderabad-SEC-07,EQ-3180,Signal lamp failure,Low,2026-05-06 13:35,2026-06-05,87,5.3,37,Completed
SMMS-00938,S&T,Secunderabad-SEC-04,EQ-2863,Track circuit failure,High,2026-05-06 08:44,2026-05-11,112,4.4,11,Open
SMMS-00939,S&T,Guntakal-SEC-08,EQ-1817,Block proving failure,Low,2026-07-15 20:35,2026-08-14,17,5.6,2,Open
SMMS-00940,S&T,Guntakal-SEC-07,EQ-9693,Block proving failure,High,2026-05-08 11:55,2026-05-13,110,1.1,5,Open
SMMS-00941,S&T,Hyderabad-SEC-05,EQ-1585,Interlocking software fault,Low,2026-08-25 16:06,2026-09-24,0,4.5,18,Scheduled
SMMS-00942,S&T,Guntakal-SEC-07,EQ-7646,Level crossing gate interlock fault,Critical,2026-08-24 13:44,2026-08-25,6,1.8,34,Open
SMMS-00943,S&T,Secunderabad-SEC-07,EQ-5496,Relay degradation,Low,2026-06-05 16:13,2026-07-05,57,1.6,43,Open
SMMS-00944,S&T,Vijayawada-SEC-05,EQ-1689,Data logger fault,High,2026-07-23 07:19,2026-07-28,34,3.3,42,Open
SMMS-00945,S&T,Guntakal-SEC-03,EQ-8329,Point machine malfunction,Medium,2026-05-05 09:18,2026-05-20,103,2.2,33,Completed
SMMS-00946,S&T,Hyderabad-SEC-07,EQ-1609,Axle counter fault,High,2026-07-05 04:00,2026-07-10,52,1.0,31,Scheduled
SMMS-00947,S&T,Hyderabad-SEC-04,EQ-4345,Block instrument fault,Medium,2026-06-08 20:15,2026-06-23,69,3.8,46,Open
SMMS-00948,S&T,Guntur-SEC-04,EQ-9476,Level crossing gate interlock fault,Medium,2026-08-20 20:06,2026-09-04,0,5.6,9,Open
SMMS-00949,S&T,Guntakal-SEC-07,EQ-9541,Track circuit failure,Low,2026-06-19 06:53,2026-07-19,43,2.6,44,Open
SMMS-00950,S&T,Guntakal-SEC-05,EQ-1460,Cable fault,Medium,2026-07-10 21:36,2026-07-25,37,0.7,36,Open
SMMS-00951,S&T,Hyderabad-SEC-06,EQ-6697,Level crossing gate interlock fault,Medium,2026-08-07 14:41,2026-08-22,9,3.5,22,Open
SMMS-00952,S&T,Vijayawada-SEC-08,EQ-5054,Data logger fault,Medium,2026-08-12 04:08,2026-08-27,4,2.5,43,Scheduled
SMMS-00953,S&T,Guntur-SEC-02,EQ-3326,Point machine malfunction,High,2026-05-26 05:27,2026-05-31,92,1.4,31,Completed
SMMS-00954,S&T,Guntakal-SEC-06,EQ-9837,Interlocking software fault,High,2026-06-03 06:27,2026-06-08,84,0.7,29,Open
SMMS-00955,S&T,Vijayawada-SEC-05,EQ-1105,Axle counter fault,Low,2026-06-30 01:58,2026-07-30,32,0.5,34,Open
SMMS-00956,S&T,Guntur-SEC-04,EQ-4636,Interlocking software fault,High,2026-08-11 07:10,2026-08-16,15,4.6,22,Open
SMMS-00957,S&T,Hyderabad-SEC-02,EQ-7072,Interlocking software fault,High,2026-07-15 21:46,2026-07-20,42,1.2,29,Open
SMMS-00958,S&T,Vijayawada-SEC-05,EQ-1125,Relay degradation,Low,2026-08-01 23:50,2026-08-31,0,3.1,38,Completed
SMMS-00959,S&T,Vijayawada-SEC-07,EQ-3734,Block instrument fault,Medium,2026-08-15 23:42,2026-08-30,1,4.7,32,Open
SMMS-00960,S&T,Guntakal-SEC-03,EQ-3297,Cable fault,High,2026-05-06 19:46,2026-05-11,112,4.7,10,Scheduled
SMMS-00961,S&T,Secunderabad-SEC-01,EQ-2007,Signal lamp failure,Medium,2026-07-01 00:14,2026-07-16,46,2.6,30,Completed
SMMS-00962,S&T,Guntakal-SEC-02,EQ-3307,Track circuit failure,Critical,2026-08-13 21:20,2026-08-14,17,1.3,20,Scheduled
SMMS-00963,S&T,Guntakal-SEC-07,EQ-8920,Block proving failure,Low,2026-06-30 16:06,2026-07-30,32,5.8,30,Completed
SMMS-00964,S&T,Guntur-SEC-04,EQ-2971,Block proving failure,Low,2026-08-19 01:27,2026-09-18,0,4.8,39,Scheduled
SMMS-00965,S&T,Guntur-SEC-04,EQ-6732,Level crossing gate interlock fault,Medium,2026-07-02 20:03,2026-07-17,45,4.4,27,Scheduled
SMMS-00966,S&T,Guntur-SEC-01,EQ-9585,Track circuit failure,Critical,2026-07-10 13:13,2026-07-11,51,3.9,14,Open
SMMS-00967,S&T,Vijayawada-SEC-02,EQ-3645,Interlocking software fault,Critical,2026-07-28 23:24,2026-07-29,33,4.4,10,Completed
SMMS-00968,S&T,Vijayawada-SEC-05,EQ-3986,Axle counter fault,High,2026-07-14 10:43,2026-07-19,43,3.0,7,Scheduled
SMMS-00969,S&T,Secunderabad-SEC-01,EQ-8514,Signal lamp failure,High,2026-05-26 14:35,2026-05-31,92,3.9,25,Scheduled
SMMS-00970,S&T,Guntakal-SEC-06,EQ-9074,Block proving failure,Medium,2026-07-01 15:08,2026-07-16,46,4.7,39,Open
SMMS-00971,S&T,Secunderabad-SEC-03,EQ-2134,Level crossing gate interlock fault,Critical,2026-05-07 12:01,2026-05-08,115,4.4,47,Completed
SMMS-00972,S&T,Vijayawada-SEC-01,EQ-7575,Cable fault,Critical,2026-08-12 08:44,2026-08-13,18,3.3,37,Scheduled
SMMS-00973,S&T,Hyderabad-SEC-07,EQ-8466,Relay degradation,Low,2026-08-05 14:28,2026-09-04,0,5.5,15,Open
SMMS-00974,S&T,Guntur-SEC-08,EQ-2462,Data logger fault,Medium,2026-07-26 05:31,2026-08-10,21,1.6,13,Open
SMMS-00975,S&T,Guntakal-SEC-01,EQ-7298,Track circuit failure,Medium,2026-06-19 09:19,2026-07-04,58,1.0,47,Open
SMMS-00976,S&T,Vijayawada-SEC-08,EQ-3552,Signal lamp failure,Medium,2026-07-10 00:55,2026-07-25,37,2.1,15,Open
SMMS-00977,S&T,Guntakal-SEC-08,EQ-3396,Relay degradation,Low,2026-06-29 18:57,2026-07-29,33,2.7,11,Open
SMMS-00978,S&T,Vijayawada-SEC-03,EQ-9160,Block proving failure,High,2026-06-24 11:52,2026-06-29,63,5.4,10,Open
SMMS-00979,S&T,Vijayawada-SEC-02,EQ-1340,Relay degradation,Medium,2026-08-26 22:44,2026-09-10,0,4.5,27,Scheduled
SMMS-00980,S&T,Secunderabad-SEC-02,EQ-6236,Point machine malfunction,Medium,2026-08-20 12:55,2026-09-04,0,2.6,39,Open
SMMS-00981,S&T,Guntur-SEC-08,EQ-2876,Level crossing gate interlock fault,High,2026-05-25 11:41,2026-05-30,93,5.0,43,Open
SMMS-00982,S&T,Vijayawada-SEC-08,EQ-6247,Level crossing gate interlock fault,Medium,2026-08-24 00:31,2026-09-08,0,1.6,43,Completed
SMMS-00983,S&T,Vijayawada-SEC-05,EQ-1210,Point machine malfunction,Medium,2026-07-14 02:13,2026-07-29,33,5.1,5,Open
SMMS-00984,S&T,Hyderabad-SEC-06,EQ-4846,Point machine malfunction,Critical,2026-08-27 02:32,2026-08-28,3,5.0,37,Open
SMMS-00985,S&T,Hyderabad-SEC-03,EQ-1734,Axle counter fault,Low,2026-08-17 23:52,2026-09-16,0,2.2,35,Scheduled
SMMS-00986,S&T,Guntakal-SEC-06,EQ-9908,Data logger fault,Medium,2026-08-02 11:46,2026-08-17,14,2.0,50,Open
SMMS-00987,S&T,Guntakal-SEC-01,EQ-4614,Block proving failure,Medium,2026-06-05 22:09,2026-06-20,72,1.8,30,Open
SMMS-00988,S&T,Hyderabad-SEC-03,EQ-1405,Relay degradation,Low,2026-08-20 15:10,2026-09-19,0,2.7,7,Open
SMMS-00989,S&T,Hyderabad-SEC-05,EQ-5965,Block instrument fault,Medium,2026-08-14 00:52,2026-08-29,2,0.9,46,Completed
SMMS-00990,S&T,Vijayawada-SEC-07,EQ-2206,Point machine malfunction,Low,2026-05-25 07:19,2026-06-24,68,5.3,4,Completed
SMMS-00991,S&T,Vijayawada-SEC-08,EQ-1137,Data logger fault,Low,2026-06-05 04:01,2026-07-05,57,4.2,29,Open
SMMS-00992,S&T,Vijayawada-SEC-01,EQ-2550,Relay degradation,Medium,2026-08-06 01:59,2026-08-21,10,3.3,39,Completed
SMMS-00993,S&T,Vijayawada-SEC-07,EQ-8772,Level crossing gate interlock fault,High,2026-05-28 12:46,2026-06-02,90,2.8,48,Completed
SMMS-00994,S&T,Guntur-SEC-08,EQ-7998,Block instrument fault,Low,2026-06-10 22:57,2026-07-10,52,1.1,46,Completed
SMMS-00995,S&T,Vijayawada-SEC-01,EQ-9696,Relay degradation,Medium,2026-06-27 05:58,2026-07-12,50,5.3,15,Open
SMMS-00996,S&T,Guntakal-SEC-07,EQ-1402,Point machine malfunction,Medium,2026-08-01 08:15,2026-08-16,15,5.5,48,Scheduled
SMMS-00997,S&T,Vijayawada-SEC-04,EQ-3603,Axle counter fault,High,2026-05-11 00:42,2026-05-16,107,5.6,29,Open
SMMS-00998,S&T,Hyderabad-SEC-05,EQ-4190,Block instrument fault,Low,2026-07-06 05:15,2026-08-05,26,3.3,43,Open
SMMS-00999,S&T,Hyderabad-SEC-07,EQ-9810,Data logger fault,High,2026-07-12 12:10,2026-07-17,45,3.5,2,Open
SMMS-01000,S&T,Hyderabad-SEC-03,EQ-2739,Axle counter fault,High,2026-06-18 02:44,2026-06-23,69,2.2,22,Open
SMMS-01001,S&T,Hyderabad-SEC-07,EQ-9126,Level crossing gate interlock fault,Medium,2026-07-01 06:30,2026-07-16,46,2.9,20,Open
SMMS-01002,S&T,Hyderabad-SEC-03,EQ-1403,Cable fault,Low,2026-05-16 17:09,2026-06-15,77,2.5,3,Completed
SMMS-01003,S&T,Guntur-SEC-01,EQ-6401,Block instrument fault,High,2026-05-06 13:24,2026-05-11,112,2.9,37,Scheduled
SMMS-01004,S&T,Guntakal-SEC-07,EQ-7495,Cable fault,Low,2026-06-19 21:27,2026-07-19,43,1.3,7,Open
SMMS-01005,S&T,Guntakal-SEC-04,EQ-9611,Level crossing gate interlock fault,Medium,2026-07-06 21:04,2026-07-21,41,5.1,4,Open
SMMS-01006,S&T,Hyderabad-SEC-07,EQ-4008,Interlocking software fault,Low,2026-06-09 10:51,2026-07-09,53,0.5,19,Scheduled
SMMS-01007,S&T,Guntur-SEC-08,EQ-6727,Block proving failure,Medium,2026-06-11 17:24,2026-06-26,66,3.0,31,Completed
SMMS-01008,S&T,Hyderabad-SEC-06,EQ-4214,Signal lamp failure,Medium,2026-06-12 15:31,2026-06-27,65,4.8,9,Open
SMMS-01009,S&T,Hyderabad-SEC-01,EQ-7413,Block proving failure,High,2026-05-11 18:32,2026-05-16,107,0.6,4,Open
SMMS-01010,S&T,Hyderabad-SEC-07,EQ-6646,Axle counter fault,Low,2026-08-10 03:11,2026-09-09,0,0.6,13,Open
SMMS-01011,S&T,Secunderabad-SEC-08,EQ-1256,Level crossing gate interlock fault,Medium,2026-05-15 17:07,2026-05-30,93,1.7,12,Completed
SMMS-01012,S&T,Vijayawada-SEC-01,EQ-5287,Axle counter fault,Medium,2026-08-30 05:51,2026-09-14,0,0.6,26,Scheduled
SMMS-01013,S&T,Guntur-SEC-05,EQ-6955,Track circuit failure,High,2026-07-08 18:56,2026-07-13,49,4.9,32,Completed
SMMS-01014,S&T,Guntakal-SEC-05,EQ-9107,Point machine malfunction,High,2026-05-29 00:52,2026-06-03,89,0.6,43,Scheduled
SMMS-01015,S&T,Guntakal-SEC-08,EQ-7684,Block proving failure,Low,2026-07-23 09:45,2026-08-22,9,5.8,33,Open
SMMS-01016,S&T,Vijayawada-SEC-06,EQ-6929,Block proving failure,Medium,2026-05-31 10:08,2026-06-15,77,3.2,21,Open
SMMS-01017,S&T,Guntakal-SEC-02,EQ-7239,Block proving failure,High,2026-07-15 16:01,2026-07-20,42,4.5,29,Completed
SMMS-01018,S&T,Vijayawada-SEC-05,EQ-5385,Relay degradation,Medium,2026-06-24 08:45,2026-07-09,53,5.3,14,Scheduled
SMMS-01019,S&T,Hyderabad-SEC-04,EQ-8028,Block proving failure,Medium,2026-06-21 15:40,2026-07-06,56,5.6,12,Completed
SMMS-01020,S&T,Guntakal-SEC-04,EQ-9480,Cable fault,High,2026-05-17 05:59,2026-05-22,101,5.9,17,Open
SMMS-01021,S&T,Secunderabad-SEC-01,EQ-9321,Data logger fault,Medium,2026-05-13 07:13,2026-05-28,95,3.4,20,Open
SMMS-01022,S&T,Hyderabad-SEC-04,EQ-4578,Block proving failure,Medium,2026-05-25 00:19,2026-06-09,83,4.9,43,Open
SMMS-01023,S&T,Hyderabad-SEC-03,EQ-1518,Cable fault,Low,2026-07-31 08:19,2026-08-30,1,4.3,3,Scheduled
SMMS-01024,S&T,Secunderabad-SEC-03,EQ-3865,Relay degradation,High,2026-05-22 12:52,2026-05-27,96,0.8,19,Open
SMMS-01025,S&T,Vijayawada-SEC-04,EQ-4213,Data logger fault,Critical,2026-08-10 23:42,2026-08-11,20,1.6,4,Scheduled
SMMS-01026,S&T,Vijayawada-SEC-02,EQ-6156,Interlocking software fault,Low,2026-07-05 15:43,2026-08-04,27,3.2,42,Scheduled
SMMS-01027,S&T,Hyderabad-SEC-04,EQ-1468,Point machine malfunction,Low,2026-07-18 01:06,2026-08-17,14,0.5,28,Open
SMMS-01028,S&T,Vijayawada-SEC-01,EQ-1079,Interlocking software fault,High,2026-06-21 11:12,2026-06-26,66,0.7,23,Open
SMMS-01029,S&T,Vijayawada-SEC-07,EQ-2060,Axle counter fault,Critical,2026-08-08 03:31,2026-08-09,22,1.7,31,Scheduled
SMMS-01030,S&T,Hyderabad-SEC-08,EQ-6416,Track circuit failure,Low,2026-05-25 15:32,2026-06-24,68,4.6,7,Scheduled
SMMS-01031,S&T,Guntakal-SEC-07,EQ-1478,Interlocking software fault,High,2026-05-31 20:20,2026-06-05,87,1.8,12,Open
SMMS-01032,S&T,Guntur-SEC-04,EQ-7230,Axle counter fault,Low,2026-08-08 07:13,2026-09-07,0,1.3,44,Open
SMMS-01033,S&T,Hyderabad-SEC-02,EQ-4152,Relay degradation,Medium,2026-06-04 22:08,2026-06-19,73,3.2,47,Scheduled
SMMS-01034,S&T,Guntur-SEC-04,EQ-1671,Data logger fault,High,2026-07-18 13:20,2026-07-23,39,0.9,42,Open
SMMS-01035,S&T,Guntakal-SEC-04,EQ-6636,Cable fault,Critical,2026-08-02 12:11,2026-08-03,28,3.1,22,Scheduled
SMMS-01036,S&T,Guntur-SEC-03,EQ-3223,Block instrument fault,Medium,2026-08-03 07:28,2026-08-18,13,5.6,13,Open
SMMS-01037,S&T,Guntakal-SEC-01,EQ-7312,Point machine malfunction,Medium,2026-08-18 08:51,2026-09-02,0,1.9,10,Completed
SMMS-01038,S&T,Guntur-SEC-04,EQ-3732,Level crossing gate interlock fault,Low,2026-06-07 12:26,2026-07-07,55,2.6,18,Completed
SMMS-01039,S&T,Secunderabad-SEC-08,EQ-9374,Block proving failure,Critical,2026-08-09 08:33,2026-08-10,21,1.9,30,Open
SMMS-01040,S&T,Hyderabad-SEC-05,EQ-4834,Point machine malfunction,Medium,2026-08-30 02:32,2026-09-14,0,0.8,40,Completed
SMMS-01041,S&T,Hyderabad-SEC-08,EQ-6505,Point machine malfunction,Low,2026-08-01 23:15,2026-08-31,0,1.8,29,Scheduled
SMMS-01042,S&T,Guntakal-SEC-06,EQ-9844,Axle counter fault,High,2026-05-03 21:50,2026-05-08,115,0.7,10,Completed
SMMS-01043,S&T,Secunderabad-SEC-07,EQ-3838,Track circuit failure,Medium,2026-06-02 08:45,2026-06-17,75,4.2,19,Scheduled
SMMS-01044,S&T,Secunderabad-SEC-03,EQ-6055,Relay degradation,Low,2026-05-18 04:39,2026-06-17,75,3.4,24,Completed
SMMS-01045,S&T,Vijayawada-SEC-02,EQ-7050,Data logger fault,High,2026-08-20 00:03,2026-08-25,6,1.3,17,Open
SMMS-01046,S&T,Vijayawada-SEC-04,EQ-4891,Point machine malfunction,Low,2026-07-16 22:19,2026-08-15,16,1.3,17,Open
SMMS-01047,S&T,Guntur-SEC-06,EQ-4027,Data logger fault,Low,2026-07-02 10:49,2026-08-01,30,2.9,41,Open
SMMS-01048,S&T,Guntakal-SEC-03,EQ-5239,Track circuit failure,High,2026-06-01 11:56,2026-06-06,86,0.6,7,Open
SMMS-01049,S&T,Hyderabad-SEC-08,EQ-7103,Track circuit failure,Medium,2026-06-02 16:36,2026-06-17,75,1.9,7,Completed
SMMS-01050,S&T,Hyderabad-SEC-06,EQ-8926,Block instrument fault,Low,2026-06-05 00:13,2026-07-05,57,4.2,9,Scheduled
SMMS-01051,S&T,Hyderabad-SEC-06,EQ-2879,Block proving failure,Critical,2026-08-18 12:19,2026-08-19,12,1.3,31,Scheduled
SMMS-01052,S&T,Vijayawada-SEC-06,EQ-3649,Relay degradation,Low,2026-07-13 11:37,2026-08-12,19,5.5,9,Completed
SMMS-01053,S&T,Hyderabad-SEC-01,EQ-9014,Track circuit failure,Critical,2026-08-13 01:37,2026-08-14,17,0.8,41,Open
SMMS-01054,S&T,Secunderabad-SEC-05,EQ-6279,Block instrument fault,Medium,2026-08-19 02:23,2026-09-03,0,2.7,15,Scheduled
SMMS-01055,S&T,Vijayawada-SEC-01,EQ-9418,Block proving failure,High,2026-07-07 06:22,2026-07-12,50,0.6,30,Open
SMMS-01056,S&T,Hyderabad-SEC-08,EQ-2326,Cable fault,High,2026-07-06 00:34,2026-07-11,51,5.2,14,Open
SMMS-01057,S&T,Vijayawada-SEC-04,EQ-1096,Axle counter fault,Critical,2026-07-27 12:25,2026-07-28,34,4.9,43,Open
SMMS-01058,S&T,Hyderabad-SEC-08,EQ-1560,Track circuit failure,High,2026-05-20 05:02,2026-05-25,98,3.2,49,Completed
SMMS-01059,S&T,Guntakal-SEC-05,EQ-9241,Level crossing gate interlock fault,Low,2026-06-11 11:23,2026-07-11,51,1.4,30,Scheduled
SMMS-01060,S&T,Secunderabad-SEC-01,EQ-4370,Interlocking software fault,Medium,2026-08-25 15:20,2026-09-09,0,0.8,28,Scheduled
SMMS-01061,S&T,Vijayawada-SEC-02,EQ-4933,Level crossing gate interlock fault,High,2026-07-04 11:19,2026-07-09,53,0.9,36,Open
SMMS-01062,S&T,Vijayawada-SEC-01,EQ-8313,Axle counter fault,Low,2026-08-26 21:15,2026-09-25,0,5.1,6,Open
SMMS-01063,S&T,Guntur-SEC-01,EQ-1984,Point machine malfunction,High,2026-05-27 12:35,2026-06-01,91,1.8,36,Open
SMMS-01064,S&T,Hyderabad-SEC-04,EQ-3769,Cable fault,Critical,2026-08-12 23:53,2026-08-13,18,3.4,17,Open
SMMS-01065,S&T,Secunderabad-SEC-05,EQ-7336,Relay degradation,Medium,2026-05-25 03:58,2026-06-09,83,4.3,9,Scheduled
SMMS-01066,S&T,Vijayawada-SEC-08,EQ-9805,Data logger fault,High,2026-06-11 09:02,2026-06-16,76,5.1,45,Scheduled
SMMS-01067,S&T,Vijayawada-SEC-08,EQ-7232,Data logger fault,Low,2026-08-20 00:23,2026-09-19,0,3.1,2,Open
SMMS-01068,S&T,Guntur-SEC-04,EQ-8899,Axle counter fault,Medium,2026-06-27 02:25,2026-07-12,50,4.1,4,Open
SMMS-01069,S&T,Secunderabad-SEC-07,EQ-1825,Block instrument fault,Critical,2026-07-17 19:17,2026-07-18,44,4.3,2,Open
SMMS-01070,S&T,Secunderabad-SEC-02,EQ-9734,Data logger fault,High,2026-07-07 15:12,2026-07-12,50,2.5,22,Open
SMMS-01071,S&T,Secunderabad-SEC-08,EQ-2318,Data logger fault,Critical,2026-08-04 07:17,2026-08-05,26,2.5,18,Scheduled
SMMS-01072,S&T,Hyderabad-SEC-07,EQ-8743,Axle counter fault,High,2026-07-24 10:49,2026-07-29,33,2.5,41,Open
SMMS-01073,S&T,Guntur-SEC-06,EQ-8008,Block instrument fault,Low,2026-07-19 09:49,2026-08-18,13,3.8,7,Open
SMMS-01074,S&T,Hyderabad-SEC-01,EQ-7803,Axle counter fault,Medium,2026-07-05 19:45,2026-07-20,42,4.2,29,Open
SMMS-01075,S&T,Guntur-SEC-01,EQ-8219,Relay degradation,High,2026-07-17 09:24,2026-07-22,40,4.6,16,Completed
SMMS-01076,S&T,Vijayawada-SEC-05,EQ-9920,Relay degradation,Medium,2026-07-15 10:46,2026-07-30,32,3.0,32,Scheduled
SMMS-01077,S&T,Guntakal-SEC-03,EQ-7238,Point machine malfunction,High,2026-05-18 22:18,2026-05-23,100,1.3,21,Open
SMMS-01078,S&T,Vijayawada-SEC-06,EQ-1013,Interlocking software fault,High,2026-07-12 10:07,2026-07-17,45,2.8,45,Open
SMMS-01079,S&T,Guntakal-SEC-04,EQ-3852,Block proving failure,Medium,2026-05-20 07:21,2026-06-04,88,1.0,44,Open
SMMS-01080,S&T,Guntur-SEC-02,EQ-9714,Level crossing gate interlock fault,Medium,2026-08-08 13:14,2026-08-23,8,1.1,15,Completed
SMMS-01081,S&T,Guntur-SEC-01,EQ-6131,Level crossing gate interlock fault,Medium,2026-07-09 14:27,2026-07-24,38,5.1,36,Completed
SMMS-01082,S&T,Secunderabad-SEC-02,EQ-4546,Level crossing gate interlock fault,Medium,2026-07-13 02:24,2026-07-28,34,3.2,37,Scheduled
SMMS-01083,S&T,Guntur-SEC-08,EQ-4732,Level crossing gate interlock fault,Critical,2026-08-02 23:53,2026-08-03,28,3.5,48,Open
SMMS-01084,S&T,Vijayawada-SEC-04,EQ-3375,Data logger fault,Low,2026-05-16 21:07,2026-06-15,77,3.7,9,Scheduled
SMMS-01085,S&T,Hyderabad-SEC-07,EQ-4654,Interlocking software fault,Low,2026-08-10 06:25,2026-09-09,0,2.6,6,Open
SMMS-01086,S&T,Vijayawada-SEC-02,EQ-2543,Point machine malfunction,Medium,2026-07-29 22:11,2026-08-13,18,5.7,36,Open
SMMS-01087,S&T,Hyderabad-SEC-02,EQ-4155,Signal lamp failure,High,2026-08-15 05:18,2026-08-20,11,3.1,7,Open
SMMS-01088,S&T,Secunderabad-SEC-04,EQ-8871,Cable fault,Low,2026-07-05 02:45,2026-08-04,27,5.7,45,Open
SMMS-01089,S&T,Guntur-SEC-07,EQ-5667,Data logger fault,Medium,2026-06-14 05:02,2026-06-29,63,5.1,41,Open
SMMS-01090,S&T,Vijayawada-SEC-01,EQ-2744,Block instrument fault,High,2026-06-16 21:55,2026-06-21,71,5.6,9,Open
SMMS-01091,S&T,Guntakal-SEC-07,EQ-9466,Point machine malfunction,Low,2026-06-23 09:06,2026-07-23,39,5.9,37,Scheduled
SMMS-01092,S&T,Secunderabad-SEC-01,EQ-8088,Point machine malfunction,Low,2026-06-08 20:17,2026-07-08,54,5.4,33,Open
SMMS-01093,S&T,Guntur-SEC-03,EQ-4278,Point machine malfunction,Medium,2026-05-21 12:35,2026-06-05,87,1.8,12,Scheduled
SMMS-01094,S&T,Guntur-SEC-03,EQ-2693,Level crossing gate interlock fault,Medium,2026-07-16 11:10,2026-07-31,31,1.5,40,Open
SMMS-01095,S&T,Secunderabad-SEC-05,EQ-2452,Data logger fault,Medium,2026-07-10 16:03,2026-07-25,37,3.6,15,Open
SMMS-01096,S&T,Secunderabad-SEC-04,EQ-7421,Relay degradation,Medium,2026-06-04 02:31,2026-06-19,73,5.4,12,Scheduled
SMMS-01097,S&T,Secunderabad-SEC-05,EQ-7979,Block instrument fault,Medium,2026-08-17 16:27,2026-09-01,0,0.6,24,Open
SMMS-01098,S&T,Vijayawada-SEC-05,EQ-7907,Point machine malfunction,High,2026-06-05 17:44,2026-06-10,82,1.7,17,Open
SMMS-01099,S&T,Secunderabad-SEC-03,EQ-6086,Data logger fault,High,2026-06-14 04:49,2026-06-19,73,3.7,5,Open
SMMS-01100,S&T,Guntakal-SEC-08,EQ-9452,Cable fault,Medium,2026-06-06 18:03,2026-06-21,71,4.6,34,Open
SMMS-01101,S&T,Vijayawada-SEC-08,EQ-9981,Point machine malfunction,Low,2026-06-04 08:40,2026-07-04,58,5.0,11,Open
SMMS-01102,S&T,Guntakal-SEC-05,EQ-6603,Point machine malfunction,Medium,2026-07-27 16:04,2026-08-11,20,1.3,30,Completed
SMMS-01103,S&T,Hyderabad-SEC-04,EQ-2093,Block proving failure,Medium,2026-08-23 02:08,2026-09-07,0,1.5,49,Completed
SMMS-01104,S&T,Vijayawada-SEC-04,EQ-2741,Axle counter fault,Low,2026-05-08 14:45,2026-06-07,85,5.3,47,Open
SMMS-01105,S&T,Vijayawada-SEC-07,EQ-5278,Cable fault,High,2026-05-20 22:38,2026-05-25,98,3.5,18,Open
SMMS-01106,S&T,Guntakal-SEC-05,EQ-7383,Track circuit failure,High,2026-08-05 03:47,2026-08-10,21,1.8,5,Scheduled
SMMS-01107,S&T,Guntakal-SEC-06,EQ-1755,Block proving failure,Medium,2026-08-30 06:52,2026-09-14,0,3.4,39,Open
SMMS-01108,S&T,Hyderabad-SEC-03,EQ-8615,Axle counter fault,Medium,2026-06-08 12:51,2026-06-23,69,4.8,42,Open
SMMS-01109,S&T,Hyderabad-SEC-07,EQ-3880,Point machine malfunction,Medium,2026-05-30 22:49,2026-06-14,78,4.6,31,Open
SMMS-01110,S&T,Secunderabad-SEC-06,EQ-7857,Level crossing gate interlock fault,High,2026-05-24 17:08,2026-05-29,94,5.7,34,Open
SMMS-01111,S&T,Vijayawada-SEC-05,EQ-8025,Block instrument fault,High,2026-05-11 16:29,2026-05-16,107,3.9,3,Open
SMMS-01112,S&T,Guntakal-SEC-03,EQ-1183,Axle counter fault,Medium,2026-08-14 19:35,2026-08-29,2,1.7,21,Open
SMMS-01113,S&T,Guntakal-SEC-02,EQ-2541,Data logger fault,High,2026-08-10 00:28,2026-08-15,16,5.2,35,Completed
SMMS-01114,S&T,Vijayawada-SEC-08,EQ-4028,Track circuit failure,Low,2026-05-16 15:38,2026-06-15,77,0.8,29,Open
SMMS-01115,S&T,Guntakal-SEC-04,EQ-5754,Interlocking software fault,Critical,2026-05-08 23:28,2026-05-09,114,3.5,12,Open
SMMS-01116,S&T,Secunderabad-SEC-02,EQ-3577,Interlocking software fault,High,2026-06-22 14:08,2026-06-27,65,5.9,17,Completed
SMMS-01117,S&T,Guntur-SEC-05,EQ-7739,Cable fault,Critical,2026-05-27 10:36,2026-05-28,95,3.8,46,Completed
SMMS-01118,S&T,Secunderabad-SEC-05,EQ-6510,Level crossing gate interlock fault,Medium,2026-08-20 19:42,2026-09-04,0,3.3,19,Open
SMMS-01119,S&T,Guntakal-SEC-07,EQ-4152,Data logger fault,High,2026-05-21 03:01,2026-05-26,97,2.2,36,Scheduled
SMMS-01120,S&T,Vijayawada-SEC-01,EQ-5916,Cable fault,Medium,2026-08-23 16:59,2026-09-07,0,2.3,7,Scheduled
SMMS-01121,S&T,Guntur-SEC-01,EQ-2246,Block proving failure,Medium,2026-06-13 21:58,2026-06-28,64,5.0,6,Open
SMMS-01122,S&T,Vijayawada-SEC-04,EQ-3874,Signal lamp failure,Medium,2026-08-06 12:24,2026-08-21,10,3.9,42,Completed
SMMS-01123,S&T,Hyderabad-SEC-06,EQ-7937,Data logger fault,Medium,2026-08-01 06:30,2026-08-16,15,2.6,13,Scheduled
SMMS-01124,S&T,Secunderabad-SEC-06,EQ-5096,Point machine malfunction,High,2026-06-20 11:22,2026-06-25,67,3.5,6,Scheduled
SMMS-01125,S&T,Hyderabad-SEC-08,EQ-4776,Interlocking software fault,Medium,2026-06-23 17:00,2026-07-08,54,0.6,10,Open
SMMS-01126,S&T,Vijayawada-SEC-04,EQ-9394,Track circuit failure,High,2026-06-12 18:34,2026-06-17,75,2.6,19,Open
SMMS-01127,S&T,Vijayawada-SEC-07,EQ-4901,Interlocking software fault,Medium,2026-08-06 13:04,2026-08-21,10,3.5,15,Open
SMMS-01128,S&T,Guntakal-SEC-01,EQ-1610,Relay degradation,Medium,2026-08-18 04:49,2026-09-02,0,5.5,29,Scheduled
SMMS-01129,S&T,Hyderabad-SEC-04,EQ-3893,Level crossing gate interlock fault,High,2026-07-16 13:30,2026-07-21,41,1.9,41,Completed
SMMS-01130,S&T,Vijayawada-SEC-06,EQ-6570,Signal lamp failure,High,2026-06-22 11:59,2026-06-27,65,3.0,38,Completed
SMMS-01131,S&T,Hyderabad-SEC-08,EQ-7114,Data logger fault,Medium,2026-08-11 03:37,2026-08-26,5,5.6,19,Completed
SMMS-01132,S&T,Vijayawada-SEC-08,EQ-7994,Data logger fault,Low,2026-05-06 06:32,2026-06-05,87,5.3,29,Open
SMMS-01133,S&T,Guntur-SEC-07,EQ-7633,Cable fault,Medium,2026-08-05 12:15,2026-08-20,11,5.1,4,Open
SMMS-01134,S&T,Hyderabad-SEC-06,EQ-6574,Interlocking software fault,Medium,2026-08-16 03:59,2026-08-31,0,0.5,10,Scheduled
SMMS-01135,S&T,Hyderabad-SEC-08,EQ-7585,Block proving failure,Low,2026-07-04 16:16,2026-08-03,28,5.9,26,Open
SMMS-01136,S&T,Hyderabad-SEC-06,EQ-5230,Block instrument fault,Medium,2026-07-07 08:21,2026-07-22,40,3.5,3,Open
SMMS-01137,S&T,Secunderabad-SEC-02,EQ-8098,Data logger fault,Medium,2026-08-18 07:20,2026-09-02,0,5.2,5,Open
SMMS-01138,S&T,Secunderabad-SEC-02,EQ-4520,Relay degradation,Medium,2026-07-29 01:22,2026-08-13,18,1.0,18,Scheduled
SMMS-01139,S&T,Guntakal-SEC-07,EQ-7862,Level crossing gate interlock fault,High,2026-06-01 07:41,2026-06-06,86,2.7,48,Open
SMMS-01140,S&T,Guntur-SEC-04,EQ-1327,Block proving failure,Critical,2026-06-09 11:40,2026-06-10,82,4.5,8,Open
SMMS-01141,S&T,Vijayawada-SEC-04,EQ-4349,Interlocking software fault,High,2026-06-08 13:20,2026-06-13,79,5.4,46,Open
SMMS-01142,S&T,Hyderabad-SEC-05,EQ-9472,Cable fault,Low,2026-07-15 01:45,2026-08-14,17,5.9,3,Completed
SMMS-01143,S&T,Guntakal-SEC-06,EQ-7700,Level crossing gate interlock fault,High,2026-05-05 13:52,2026-05-10,113,5.5,47,Scheduled
SMMS-01144,S&T,Guntakal-SEC-01,EQ-3915,Relay degradation,High,2026-08-02 06:21,2026-08-07,24,0.8,29,Open
SMMS-01145,S&T,Guntur-SEC-05,EQ-3037,Interlocking software fault,Medium,2026-05-17 04:26,2026-06-01,91,5.4,4,Completed
SMMS-01146,S&T,Vijayawada-SEC-08,EQ-9829,Cable fault,Low,2026-07-20 21:58,2026-08-19,12,4.3,47,Completed
SMMS-01147,S&T,Guntakal-SEC-04,EQ-9424,Point machine malfunction,Low,2026-07-08 17:43,2026-08-07,24,5.3,42,Open
SMMS-01148,S&T,Vijayawada-SEC-08,EQ-7671,Relay degradation,Medium,2026-05-27 14:55,2026-06-11,81,2.1,5,Scheduled
SMMS-01149,S&T,Secunderabad-SEC-06,EQ-1356,Point machine malfunction,Medium,2026-08-06 12:14,2026-08-21,10,1.7,50,Open
SMMS-01150,S&T,Hyderabad-SEC-08,EQ-4414,Signal lamp failure,Medium,2026-06-22 02:57,2026-07-07,55,2.3,50,Open
SMMS-01151,S&T,Guntur-SEC-08,EQ-8531,Cable fault,Low,2026-05-06 05:39,2026-06-05,87,1.3,35,Open
SMMS-01152,S&T,Guntur-SEC-03,EQ-3403,Signal lamp failure,Low,2026-07-02 22:13,2026-08-01,30,2.6,14,Scheduled
SMMS-01153,S&T,Hyderabad-SEC-07,EQ-5229,Level crossing gate interlock fault,High,2026-08-04 14:45,2026-08-09,22,2.0,34,Scheduled
SMMS-01154,S&T,Vijayawada-SEC-02,EQ-4214,Track circuit failure,High,2026-07-14 15:05,2026-07-19,43,3.5,25,Open
SMMS-01155,S&T,Secunderabad-SEC-04,EQ-8348,Track circuit failure,Medium,2026-07-09 20:46,2026-07-24,38,5.1,9,Completed
SMMS-01156,S&T,Guntur-SEC-04,EQ-3835,Block proving failure,Low,2026-07-24 13:48,2026-08-23,8,3.0,28,Completed
SMMS-01157,S&T,Guntakal-SEC-05,EQ-1674,Relay degradation,Low,2026-07-13 15:04,2026-08-12,19,2.9,41,Completed
SMMS-01158,S&T,Guntur-SEC-08,EQ-7133,Data logger fault,Medium,2026-06-22 01:57,2026-07-07,55,3.2,19,Scheduled
SMMS-01159,S&T,Guntakal-SEC-06,EQ-3266,Data logger fault,Low,2026-06-09 15:16,2026-07-09,53,5.1,24,Completed
SMMS-01160,S&T,Secunderabad-SEC-02,EQ-4932,Block instrument fault,Low,2026-07-05 07:15,2026-08-04,27,5.3,26,Open
SMMS-01161,S&T,Vijayawada-SEC-02,EQ-1369,Block instrument fault,High,2026-06-21 06:41,2026-06-26,66,2.0,28,Open
SMMS-01162,S&T,Guntakal-SEC-04,EQ-2446,Point machine malfunction,Medium,2026-08-21 12:46,2026-09-05,0,2.4,22,Scheduled
SMMS-01163,S&T,Hyderabad-SEC-08,EQ-1953,Signal lamp failure,Medium,2026-05-25 16:26,2026-06-09,83,1.6,43,Scheduled
SMMS-01164,S&T,Guntakal-SEC-08,EQ-7527,Cable fault,Medium,2026-06-19 13:53,2026-07-04,58,4.9,48,Open
SMMS-01165,S&T,Hyderabad-SEC-02,EQ-6464,Block proving failure,Medium,2026-08-01 13:25,2026-08-16,15,2.4,44,Open
SMMS-01166,S&T,Vijayawada-SEC-01,EQ-7743,Level crossing gate interlock fault,Low,2026-07-31 11:33,2026-08-30,1,5.5,4,Scheduled
SMMS-01167,S&T,Guntur-SEC-06,EQ-1473,Data logger fault,Low,2026-05-06 23:30,2026-06-05,87,0.7,49,Open
SMMS-01168,S&T,Guntakal-SEC-08,EQ-7904,Point machine malfunction,Low,2026-08-24 15:03,2026-09-23,0,3.7,7,Scheduled
SMMS-01169,S&T,Guntur-SEC-02,EQ-6150,Point machine malfunction,Medium,2026-05-26 02:13,2026-06-10,82,3.8,7,Open
SMMS-01170,S&T,Guntur-SEC-05,EQ-5533,Level crossing gate interlock fault,Medium,2026-06-05 12:24,2026-06-20,72,4.6,29,Open
SMMS-01171,S&T,Secunderabad-SEC-06,EQ-9367,Block proving failure,Medium,2026-05-30 12:50,2026-06-14,78,2.8,50,Scheduled
SMMS-01172,S&T,Guntur-SEC-06,EQ-7743,Level crossing gate interlock fault,Medium,2026-06-27 06:16,2026-07-12,50,2.0,44,Scheduled
SMMS-01173,S&T,Hyderabad-SEC-08,EQ-1259,Cable fault,Medium,2026-05-23 10:02,2026-06-07,85,1.3,47,Open
SMMS-01174,S&T,Secunderabad-SEC-02,EQ-9630,Block proving failure,Low,2026-07-11 11:30,2026-08-10,21,3.7,41,Open
SMMS-01175,S&T,Secunderabad-SEC-01,EQ-3956,Data logger fault,Medium,2026-06-01 18:01,2026-06-16,76,4.3,47,Open
SMMS-01176,S&T,Guntur-SEC-07,EQ-4964,Data logger fault,Low,2026-07-08 13:35,2026-08-07,24,2.2,36,Open
SMMS-01177,S&T,Secunderabad-SEC-05,EQ-4543,Point machine malfunction,Critical,2026-05-06 18:20,2026-05-07,116,0.8,36,Open
SMMS-01178,S&T,Vijayawada-SEC-08,EQ-4493,Relay degradation,Medium,2026-08-27 12:46,2026-09-11,0,3.0,39,Completed
SMMS-01179,S&T,Vijayawada-SEC-03,EQ-5278,Block instrument fault,Medium,2026-07-30 07:28,2026-08-14,17,3.3,21,Completed
SMMS-01180,S&T,Guntakal-SEC-01,EQ-5620,Point machine malfunction,Critical,2026-05-18 19:19,2026-05-19,104,2.3,3,Completed
SMMS-01181,S&T,Hyderabad-SEC-01,EQ-8878,Block proving failure,Low,2026-05-28 17:56,2026-06-27,65,1.7,16,Completed
SMMS-01182,S&T,Guntur-SEC-03,EQ-7776,Interlocking software fault,Low,2026-08-21 04:26,2026-09-20,0,4.3,33,Open
SMMS-01183,S&T,Guntakal-SEC-08,EQ-2250,Relay degradation,Critical,2026-08-19 16:34,2026-08-20,11,1.6,45,Open
SMMS-01184,S&T,Guntur-SEC-03,EQ-6214,Relay degradation,Medium,2026-08-13 11:03,2026-08-28,3,1.6,7,Open
SMMS-01185,S&T,Vijayawada-SEC-03,EQ-2948,Block instrument fault,Low,2026-06-13 04:48,2026-07-13,49,2.5,37,Scheduled
SMMS-01186,S&T,Hyderabad-SEC-05,EQ-9560,Interlocking software fault,Low,2026-07-19 01:19,2026-08-18,13,0.8,47,Completed
SMMS-01187,S&T,Hyderabad-SEC-04,EQ-7145,Cable fault,Low,2026-05-22 21:14,2026-06-21,71,5.8,25,Completed
SMMS-01188,S&T,Hyderabad-SEC-08,EQ-3913,Track circuit failure,Medium,2026-05-16 19:58,2026-05-31,92,2.4,36,Open
SMMS-01189,S&T,Hyderabad-SEC-05,EQ-2502,Relay degradation,Medium,2026-05-14 20:27,2026-05-29,94,2.2,47,Scheduled
SMMS-01190,S&T,Secunderabad-SEC-05,EQ-5230,Level crossing gate interlock fault,Low,2026-05-30 21:58,2026-06-29,63,5.8,14,Open
SMMS-01191,S&T,Vijayawada-SEC-03,EQ-2684,Data logger fault,Low,2026-06-02 01:54,2026-07-02,60,1.5,25,Scheduled
SMMS-01192,S&T,Hyderabad-SEC-06,EQ-2664,Axle counter fault,Low,2026-05-28 15:11,2026-06-27,65,5.2,6,Open
SMMS-01193,S&T,Secunderabad-SEC-06,EQ-5845,Level crossing gate interlock fault,Low,2026-08-12 06:48,2026-09-11,0,2.1,7,Open
SMMS-01194,S&T,Vijayawada-SEC-05,EQ-1884,Point machine malfunction,Low,2026-08-21 11:54,2026-09-20,0,2.5,22,Open
SMMS-01195,S&T,Guntur-SEC-05,EQ-8224,Relay degradation,Low,2026-08-07 21:51,2026-09-06,0,2.1,7,Scheduled
SMMS-01196,S&T,Guntur-SEC-03,EQ-6907,Data logger fault,Medium,2026-08-19 22:16,2026-09-03,0,5.4,37,Open
SMMS-01197,S&T,Guntur-SEC-04,EQ-4889,Interlocking software fault,High,2026-05-25 12:36,2026-05-30,93,2.7,22,Completed
SMMS-01198,S&T,Vijayawada-SEC-04,EQ-2610,Axle counter fault,Low,2026-07-24 19:38,2026-08-23,8,4.6,28,Completed
SMMS-01199,S&T,Guntur-SEC-03,EQ-6026,Block proving failure,High,2026-05-14 02:13,2026-05-19,104,1.3,7,Completed
SMMS-01200,S&T,Guntur-SEC-01,EQ-7234,Data logger fault,Critical,2026-05-06 20:15,2026-05-07,116,5.8,7,Open
SMMS-01201,S&T,Guntakal-SEC-01,EQ-3195,Point machine malfunction,Medium,2026-05-09 04:49,2026-05-24,99,1.4,27,Open
SMMS-01202,S&T,Secunderabad-SEC-06,EQ-9179,Cable fault,Low,2026-07-09 05:40,2026-08-08,23,1.3,42,Open
SMMS-01203,S&T,Guntur-SEC-01,EQ-3392,Signal lamp failure,Low,2026-06-09 10:07,2026-07-09,53,3.6,35,Open
SMMS-01204,S&T,Secunderabad-SEC-06,EQ-1063,Signal lamp failure,Medium,2026-07-28 05:55,2026-08-12,19,5.6,24,Scheduled
SMMS-01205,S&T,Guntakal-SEC-07,EQ-9065,Axle counter fault,Medium,2026-08-14 00:54,2026-08-29,2,5.7,50,Open
SMMS-01206,S&T,Vijayawada-SEC-02,EQ-1499,Signal lamp failure,Critical,2026-06-12 07:24,2026-06-13,79,1.6,43,Scheduled
SMMS-01207,S&T,Vijayawada-SEC-01,EQ-5162,Track circuit failure,Medium,2026-05-07 14:16,2026-05-22,101,3.9,37,Open
SMMS-01208,S&T,Guntakal-SEC-06,EQ-4051,Signal lamp failure,Medium,2026-08-16 18:43,2026-08-31,0,1.0,23,Scheduled
SMMS-01209,S&T,Hyderabad-SEC-02,EQ-7544,Signal lamp failure,Critical,2026-06-27 00:36,2026-06-28,64,5.6,26,Open
SMMS-01210,S&T,Vijayawada-SEC-04,EQ-5295,Signal lamp failure,High,2026-06-22 22:57,2026-06-27,65,5.6,28,Scheduled
SMMS-01211,S&T,Guntur-SEC-02,EQ-6588,Signal lamp failure,Low,2026-05-15 13:03,2026-06-14,78,1.9,47,Scheduled
SMMS-01212,S&T,Hyderabad-SEC-06,EQ-9274,Cable fault,Medium,2026-07-30 20:57,2026-08-14,17,5.8,29,Open
SMMS-01213,S&T,Guntur-SEC-01,EQ-6394,Block proving failure,High,2026-06-04 14:32,2026-06-09,83,1.0,24,Open
SMMS-01214,S&T,Hyderabad-SEC-01,EQ-9363,Block instrument fault,Medium,2026-08-14 15:58,2026-08-29,2,3.2,48,Completed
SMMS-01215,S&T,Hyderabad-SEC-08,EQ-4893,Point machine malfunction,Medium,2026-07-18 08:30,2026-08-02,29,5.5,15,Open
SMMS-01216,S&T,Vijayawada-SEC-01,EQ-1377,Point machine malfunction,Medium,2026-08-25 08:49,2026-09-09,0,5.4,8,Scheduled
SMMS-01217,S&T,Guntakal-SEC-02,EQ-8896,Data logger fault,Medium,2026-05-12 16:57,2026-05-27,96,0.6,19,Scheduled
SMMS-01218,S&T,Vijayawada-SEC-06,EQ-9338,Signal lamp failure,Low,2026-07-05 21:06,2026-08-04,27,3.9,15,Open
SMMS-01219,S&T,Guntakal-SEC-05,EQ-5028,Relay degradation,Low,2026-05-26 14:40,2026-06-25,67,3.4,12,Completed
SMMS-01220,S&T,Secunderabad-SEC-08,EQ-5253,Block instrument fault,High,2026-06-20 13:26,2026-06-25,67,3.7,38,Scheduled
SMMS-01221,S&T,Vijayawada-SEC-08,EQ-6872,Point machine malfunction,High,2026-07-16 15:30,2026-07-21,41,1.2,49,Open
SMMS-01222,S&T,Vijayawada-SEC-07,EQ-3065,Block proving failure,Critical,2026-08-04 00:42,2026-08-05,26,3.6,48,Open
SMMS-01223,S&T,Hyderabad-SEC-02,EQ-7619,Block proving failure,High,2026-08-30 03:44,2026-09-04,0,3.3,35,Scheduled
SMMS-01224,S&T,Hyderabad-SEC-06,EQ-3732,Cable fault,Medium,2026-07-10 11:55,2026-07-25,37,4.1,44,Completed
SMMS-01225,S&T,Vijayawada-SEC-03,EQ-9790,Signal lamp failure,Low,2026-06-24 17:14,2026-07-24,38,1.4,50,Scheduled
SMMS-01226,S&T,Secunderabad-SEC-03,EQ-8156,Relay degradation,High,2026-06-25 16:03,2026-06-30,62,2.6,34,Open
SMMS-01227,S&T,Guntur-SEC-08,EQ-7709,Block proving failure,Medium,2026-06-24 13:08,2026-07-09,53,5.1,33,Open
SMMS-01228,S&T,Vijayawada-SEC-07,EQ-8858,Interlocking software fault,High,2026-06-14 09:27,2026-06-19,73,4.9,48,Open
SMMS-01229,S&T,Vijayawada-SEC-07,EQ-6855,Block proving failure,Medium,2026-07-21 03:04,2026-08-05,26,1.3,14,Open
SMMS-01230,S&T,Guntakal-SEC-06,EQ-3599,Relay degradation,Low,2026-07-01 12:15,2026-07-31,31,4.3,46,Scheduled
SMMS-01231,S&T,Secunderabad-SEC-06,EQ-2054,Block proving failure,Medium,2026-07-27 04:25,2026-08-11,20,5.8,20,Completed
SMMS-01232,S&T,Secunderabad-SEC-08,EQ-2930,Data logger fault,Medium,2026-07-13 18:18,2026-07-28,34,2.3,41,Open
SMMS-01233,S&T,Guntakal-SEC-07,EQ-6214,Point machine malfunction,High,2026-07-30 11:48,2026-08-04,27,3.9,24,Scheduled
SMMS-01234,S&T,Guntur-SEC-05,EQ-9673,Data logger fault,Low,2026-07-07 12:41,2026-08-06,25,3.9,29,Open
SMMS-01235,S&T,Vijayawada-SEC-06,EQ-6750,Relay degradation,Low,2026-05-31 23:42,2026-06-30,62,0.8,13,Open
SMMS-01236,S&T,Secunderabad-SEC-06,EQ-6362,Data logger fault,Low,2026-08-17 09:34,2026-09-16,0,5.1,32,Scheduled
SMMS-01237,S&T,Hyderabad-SEC-02,EQ-5600,Relay degradation,Low,2026-08-12 17:43,2026-09-11,0,1.3,49,Open
SMMS-01238,S&T,Hyderabad-SEC-04,EQ-1799,Data logger fault,High,2026-05-25 02:08,2026-05-30,93,2.6,42,Open
SMMS-01239,S&T,Secunderabad-SEC-06,EQ-9292,Signal lamp failure,Medium,2026-07-30 08:07,2026-08-14,17,0.8,19,Open
SMMS-01240,S&T,Secunderabad-SEC-05,EQ-6466,Track circuit failure,Low,2026-08-05 16:50,2026-09-04,0,3.5,30,Scheduled
SMMS-01241,S&T,Guntur-SEC-08,EQ-2709,Cable fault,Medium,2026-07-15 04:48,2026-07-30,32,5.9,22,Open
SMMS-01242,S&T,Guntur-SEC-02,EQ-1670,Data logger fault,High,2026-07-09 23:25,2026-07-14,48,3.7,29,Open
SMMS-01243,S&T,Vijayawada-SEC-01,EQ-1787,Block proving failure,Medium,2026-07-28 09:19,2026-08-12,19,1.3,23,Scheduled
SMMS-01244,S&T,Hyderabad-SEC-07,EQ-3509,Relay degradation,Medium,2026-07-12 13:07,2026-07-27,35,0.8,24,Open
SMMS-01245,S&T,Hyderabad-SEC-01,EQ-6970,Signal lamp failure,Low,2026-05-29 01:11,2026-06-28,64,1.3,12,Completed
SMMS-01246,S&T,Vijayawada-SEC-06,EQ-5028,Signal lamp failure,Low,2026-05-11 10:59,2026-06-10,82,4.5,45,Open
SMMS-01247,S&T,Vijayawada-SEC-03,EQ-7328,Axle counter fault,Medium,2026-07-19 12:20,2026-08-03,28,1.0,28,Open
SMMS-01248,S&T,Hyderabad-SEC-01,EQ-5374,Interlocking software fault,Medium,2026-05-03 01:53,2026-05-18,105,3.1,49,Open
SMMS-01249,S&T,Guntur-SEC-07,EQ-6626,Point machine malfunction,Medium,2026-07-05 03:34,2026-07-20,42,5.1,44,Scheduled
SMMS-01250,S&T,Secunderabad-SEC-05,EQ-8472,Block instrument fault,Low,2026-06-20 03:15,2026-07-20,42,3.8,25,Open
SMMS-01251,S&T,Secunderabad-SEC-07,EQ-6026,Data logger fault,Medium,2026-08-12 03:09,2026-08-27,4,2.0,12,Open
SMMS-01252,S&T,Hyderabad-SEC-03,EQ-3913,Relay degradation,Medium,2026-06-06 20:20,2026-06-21,71,2.0,50,Scheduled
SMMS-01253,S&T,Hyderabad-SEC-05,EQ-8796,Interlocking software fault,Low,2026-07-31 05:09,2026-08-30,1,2.3,30,Open
SMMS-01254,S&T,Secunderabad-SEC-03,EQ-8887,Signal lamp failure,Low,2026-07-18 10:11,2026-08-17,14,3.7,25,Open
SMMS-01255,S&T,Vijayawada-SEC-06,EQ-6012,Track circuit failure,High,2026-05-31 01:41,2026-06-05,87,4.9,29,Open
SMMS-01256,S&T,Hyderabad-SEC-05,EQ-3862,Axle counter fault,High,2026-06-08 06:03,2026-06-13,79,5.2,48,Open
SMMS-01257,S&T,Secunderabad-SEC-04,EQ-8976,Level crossing gate interlock fault,Low,2026-06-18 14:19,2026-07-18,44,5.2,46,Open
SMMS-01258,S&T,Guntur-SEC-06,EQ-8645,Point machine malfunction,High,2026-05-13 19:54,2026-05-18,105,2.5,5,Scheduled
SMMS-01259,S&T,Guntur-SEC-06,EQ-8452,Track circuit failure,Low,2026-08-17 19:31,2026-09-16,0,4.0,20,Scheduled
SMMS-01260,S&T,Guntakal-SEC-01,EQ-9790,Block instrument fault,Medium,2026-07-29 15:14,2026-08-13,18,5.0,10,Open
SMMS-01261,S&T,Guntur-SEC-02,EQ-5170,Point machine malfunction,Medium,2026-05-03 10:42,2026-05-18,105,3.3,16,Open
SMMS-01262,S&T,Hyderabad-SEC-03,EQ-6387,Block proving failure,Medium,2026-06-10 00:55,2026-06-25,67,1.0,25,Open
SMMS-01263,S&T,Hyderabad-SEC-03,EQ-7008,Cable fault,High,2026-06-13 12:33,2026-06-18,74,5.2,24,Scheduled
SMMS-01264,S&T,Guntur-SEC-08,EQ-5938,Block instrument fault,Low,2026-05-17 02:48,2026-06-16,76,5.1,25,Completed
SMMS-01265,S&T,Hyderabad-SEC-02,EQ-5300,Block proving failure,Medium,2026-08-19 00:12,2026-09-03,0,0.7,42,Open
SMMS-01266,S&T,Guntakal-SEC-04,EQ-8275,Signal lamp failure,High,2026-08-07 09:03,2026-08-12,19,1.7,21,Open
SMMS-01267,S&T,Guntur-SEC-05,EQ-2573,Interlocking software fault,Medium,2026-08-18 14:50,2026-09-02,0,3.8,48,Completed
SMMS-01268,S&T,Vijayawada-SEC-08,EQ-5765,Point machine malfunction,Medium,2026-06-07 02:31,2026-06-22,70,5.0,37,Open
SMMS-01269,S&T,Vijayawada-SEC-06,EQ-9180,Interlocking software fault,High,2026-07-22 03:10,2026-07-27,35,0.7,25,Scheduled
SMMS-01270,S&T,Hyderabad-SEC-07,EQ-7361,Point machine malfunction,High,2026-07-11 22:39,2026-07-16,46,0.6,3,Open
SMMS-01271,S&T,Secunderabad-SEC-03,EQ-2718,Block instrument fault,Medium,2026-07-18 01:34,2026-08-02,29,4.1,49,Open
SMMS-01272,S&T,Hyderabad-SEC-05,EQ-1547,Block instrument fault,Medium,2026-07-13 07:15,2026-07-28,34,4.1,36,Open
SMMS-01273,S&T,Secunderabad-SEC-07,EQ-7518,Axle counter fault,Low,2026-06-16 17:30,2026-07-16,46,2.2,9,Scheduled
SMMS-01274,S&T,Hyderabad-SEC-04,EQ-7950,Block instrument fault,Low,2026-07-16 02:56,2026-08-15,16,1.8,27,Scheduled
SMMS-01275,S&T,Vijayawada-SEC-08,EQ-7029,Block proving failure,Low,2026-07-17 16:47,2026-08-16,15,3.2,24,Scheduled
SMMS-01276,S&T,Vijayawada-SEC-01,EQ-3176,Relay degradation,Critical,2026-06-16 09:09,2026-06-17,75,0.8,36,Open
SMMS-01277,S&T,Guntakal-SEC-07,EQ-2744,Track circuit failure,Low,2026-05-24 20:53,2026-06-23,69,1.8,41,Open
SMMS-01278,S&T,Guntakal-SEC-04,EQ-3702,Block instrument fault,Critical,2026-07-28 17:05,2026-07-29,33,3.1,42,Open
SMMS-01279,S&T,Vijayawada-SEC-07,EQ-6138,Block instrument fault,Medium,2026-06-14 15:44,2026-06-29,63,5.2,47,Scheduled
SMMS-01280,S&T,Secunderabad-SEC-05,EQ-5391,Relay degradation,Medium,2026-06-20 08:55,2026-07-05,57,5.0,3,Open
SMMS-01281,S&T,Vijayawada-SEC-07,EQ-6967,Block proving failure,Medium,2026-05-25 23:35,2026-06-09,83,5.5,29,Completed
SMMS-01282,S&T,Vijayawada-SEC-04,EQ-6614,Axle counter fault,Medium,2026-06-21 18:24,2026-07-06,56,0.6,44,Open
SMMS-01283,S&T,Secunderabad-SEC-05,EQ-3318,Relay degradation,Low,2026-05-09 06:51,2026-06-08,84,5.7,50,Open
SMMS-01284,S&T,Vijayawada-SEC-01,EQ-4213,Axle counter fault,High,2026-07-08 02:45,2026-07-13,49,5.0,6,Open
SMMS-01285,S&T,Guntur-SEC-01,EQ-2353,Point machine malfunction,High,2026-06-08 17:56,2026-06-13,79,1.4,39,Open
SMMS-01286,S&T,Guntakal-SEC-06,EQ-6015,Level crossing gate interlock fault,Medium,2026-06-10 04:06,2026-06-25,67,5.9,50,Scheduled
SMMS-01287,S&T,Guntakal-SEC-08,EQ-4518,Axle counter fault,Medium,2026-07-05 14:23,2026-07-20,42,2.0,25,Scheduled
SMMS-01288,S&T,Hyderabad-SEC-02,EQ-2598,Relay degradation,High,2026-07-22 13:47,2026-07-27,35,0.9,44,Completed
SMMS-01289,S&T,Guntur-SEC-05,EQ-4073,Relay degradation,Critical,2026-05-08 11:31,2026-05-09,114,2.6,3,Scheduled
SMMS-01290,S&T,Hyderabad-SEC-03,EQ-2642,Data logger fault,High,2026-08-13 21:53,2026-08-18,13,5.0,15,Open
SMMS-01291,S&T,Hyderabad-SEC-03,EQ-5578,Block instrument fault,Medium,2026-05-31 08:23,2026-06-15,77,4.8,7,Open
SMMS-01292,S&T,Guntakal-SEC-01,EQ-9556,Track circuit failure,High,2026-06-07 19:06,2026-06-12,80,5.7,14,Open
SMMS-01293,S&T,Guntur-SEC-05,EQ-3768,Relay degradation,Low,2026-07-28 21:49,2026-08-27,4,1.1,15,Completed
SMMS-01294,S&T,Guntur-SEC-02,EQ-5769,Block instrument fault,Critical,2026-08-30 16:52,2026-08-31,0,3.1,32,Open
SMMS-01295,S&T,Guntur-SEC-07,EQ-8135,Point machine malfunction,Low,2026-06-19 23:36,2026-07-19,43,4.1,36,Open
SMMS-01296,S&T,Secunderabad-SEC-01,EQ-8916,Level crossing gate interlock fault,High,2026-07-03 10:15,2026-07-08,54,3.8,43,Open
SMMS-01297,S&T,Secunderabad-SEC-07,EQ-9175,Axle counter fault,Medium,2026-05-16 21:36,2026-05-31,92,1.5,4,Open
SMMS-01298,S&T,Guntakal-SEC-04,EQ-2687,Relay degradation,Medium,2026-06-25 05:12,2026-07-10,52,0.8,26,Completed
SMMS-01299,S&T,Vijayawada-SEC-03,EQ-7342,Interlocking software fault,High,2026-08-03 22:22,2026-08-08,23,5.0,43,Open
SMMS-01300,S&T,Secunderabad-SEC-07,EQ-2365,Level crossing gate interlock fault,Medium,2026-07-11 14:39,2026-07-26,36,3.1,4,Open
SMMS-01301,S&T,Guntakal-SEC-01,EQ-1543,Data logger fault,Medium,2026-05-08 15:36,2026-05-23,100,0.6,48,Scheduled
SMMS-01302,S&T,Guntakal-SEC-06,EQ-2875,Data logger fault,Critical,2026-06-30 00:30,2026-07-01,61,2.1,30,Scheduled
SMMS-01303,S&T,Hyderabad-SEC-04,EQ-2635,Track circuit failure,Critical,2026-08-16 03:53,2026-08-17,14,5.2,27,Completed
SMMS-01304,S&T,Guntur-SEC-06,EQ-5542,Axle counter fault,Medium,2026-08-13 02:53,2026-08-28,3,5.7,9,Completed
SMMS-01305,S&T,Guntur-SEC-02,EQ-3269,Cable fault,Critical,2026-05-05 15:01,2026-05-06,117,1.9,12,Open
SMMS-01306,S&T,Secunderabad-SEC-02,EQ-9356,Block instrument fault,High,2026-08-31 18:52,2026-09-05,0,2.8,25,Scheduled
SMMS-01307,S&T,Hyderabad-SEC-07,EQ-4799,Track circuit failure,High,2026-06-27 23:37,2026-07-02,60,5.1,25,Open
SMMS-01308,S&T,Hyderabad-SEC-08,EQ-2354,Signal lamp failure,Low,2026-05-27 05:40,2026-06-26,66,1.6,28,Open
SMMS-01309,S&T,Guntakal-SEC-06,EQ-5156,Level crossing gate interlock fault,Low,2026-08-01 12:07,2026-08-31,0,3.1,38,Open
SMMS-01310,S&T,Secunderabad-SEC-06,EQ-5984,Signal lamp failure,High,2026-06-04 11:26,2026-06-09,83,5.3,50,Open
SMMS-01311,S&T,Guntakal-SEC-06,EQ-7023,Relay degradation,High,2026-05-07 04:13,2026-05-12,111,1.0,42,Scheduled
SMMS-01312,S&T,Guntakal-SEC-06,EQ-8434,Point machine malfunction,Medium,2026-07-01 03:22,2026-07-16,46,5.6,33,Completed
SMMS-01313,S&T,Guntakal-SEC-07,EQ-7730,Relay degradation,Medium,2026-08-21 06:18,2026-09-05,0,1.6,30,Completed
SMMS-01314,S&T,Guntur-SEC-01,EQ-1078,Cable fault,High,2026-05-09 03:07,2026-05-14,109,1.2,7,Completed
SMMS-01315,S&T,Hyderabad-SEC-04,EQ-6255,Track circuit failure,Low,2026-07-30 04:18,2026-08-29,2,4.7,17,Open
SMMS-01316,S&T,Guntur-SEC-02,EQ-8495,Block instrument fault,High,2026-06-21 14:34,2026-06-26,66,3.6,44,Open
SMMS-01317,S&T,Guntakal-SEC-05,EQ-8455,Block proving failure,Medium,2026-08-24 23:39,2026-09-08,0,1.7,42,Scheduled
SMMS-01318,S&T,Vijayawada-SEC-08,EQ-1730,Track circuit failure,Medium,2026-08-02 21:05,2026-08-17,14,3.1,16,Open
SMMS-01319,S&T,Guntur-SEC-05,EQ-6461,Block instrument fault,Medium,2026-06-18 08:42,2026-07-03,59,4.5,18,Completed
SMMS-01320,S&T,Guntakal-SEC-02,EQ-9738,Signal lamp failure,Low,2026-07-19 19:45,2026-08-18,13,2.2,39,Open
SMMS-01321,S&T,Secunderabad-SEC-08,EQ-9870,Point machine malfunction,Medium,2026-05-12 08:01,2026-05-27,96,1.7,24,Open
SMMS-01322,S&T,Secunderabad-SEC-04,EQ-8454,Data logger fault,Low,2026-05-14 11:35,2026-06-13,79,1.4,39,Completed
SMMS-01323,S&T,Guntur-SEC-07,EQ-7775,Point machine malfunction,Medium,2026-07-16 02:53,2026-07-31,31,2.1,8,Open
SMMS-01324,S&T,Guntur-SEC-05,EQ-6931,Interlocking software fault,Medium,2026-07-01 03:01,2026-07-16,46,2.2,45,Scheduled
SMMS-01325,S&T,Guntur-SEC-06,EQ-3485,Axle counter fault,Medium,2026-07-09 11:34,2026-07-24,38,3.3,26,Scheduled
SMMS-01326,S&T,Secunderabad-SEC-02,EQ-4329,Data logger fault,Medium,2026-08-05 13:13,2026-08-20,11,2.0,2,Scheduled
SMMS-01327,S&T,Guntur-SEC-03,EQ-1186,Level crossing gate interlock fault,Medium,2026-07-29 10:09,2026-08-13,18,2.4,26,Scheduled
SMMS-01328,S&T,Guntur-SEC-03,EQ-2108,Track circuit failure,High,2026-05-30 02:14,2026-06-04,88,5.3,35,Open
SMMS-01329,S&T,Guntur-SEC-05,EQ-8220,Block instrument fault,Medium,2026-07-10 04:03,2026-07-25,37,3.9,30,Scheduled
SMMS-01330,S&T,Hyderabad-SEC-05,EQ-7656,Axle counter fault,Low,2026-07-03 22:30,2026-08-02,29,1.6,26,Open
SMMS-01331,S&T,Guntur-SEC-05,EQ-2142,Block proving failure,High,2026-07-03 02:32,2026-07-08,54,4.6,7,Open
SMMS-01332,S&T,Hyderabad-SEC-04,EQ-7872,Axle counter fault,Low,2026-07-06 15:19,2026-08-05,26,1.2,13,Scheduled
SMMS-01333,S&T,Vijayawada-SEC-03,EQ-5709,Track circuit failure,Medium,2026-08-27 09:11,2026-09-11,0,5.5,12,Open
SMMS-01334,S&T,Hyderabad-SEC-08,EQ-4764,Interlocking software fault,Critical,2026-06-05 15:11,2026-06-06,86,1.3,19,Open
SMMS-01335,S&T,Guntur-SEC-01,EQ-5236,Track circuit failure,Low,2026-05-23 09:23,2026-06-22,70,5.4,45,Completed
SMMS-01336,S&T,Guntakal-SEC-06,EQ-8170,Relay degradation,High,2026-07-11 01:43,2026-07-16,46,1.2,27,Open
SMMS-01337,S&T,Guntakal-SEC-06,EQ-4972,Block instrument fault,High,2026-08-14 02:11,2026-08-19,12,1.3,47,Completed
SMMS-01338,S&T,Hyderabad-SEC-02,EQ-6510,Interlocking software fault,Low,2026-08-27 10:04,2026-09-26,0,2.0,36,Open
SMMS-01339,S&T,Hyderabad-SEC-02,EQ-1160,Interlocking software fault,High,2026-07-19 15:03,2026-07-24,38,5.8,12,Open
SMMS-01340,S&T,Vijayawada-SEC-08,EQ-8275,Level crossing gate interlock fault,Medium,2026-07-23 18:47,2026-08-07,24,0.5,50,Completed
SMMS-01341,S&T,Hyderabad-SEC-04,EQ-7951,Relay degradation,High,2026-08-15 10:42,2026-08-20,11,0.7,35,Scheduled
SMMS-01342,S&T,Secunderabad-SEC-03,EQ-4746,Data logger fault,Medium,2026-07-05 04:10,2026-07-20,42,4.2,10,Open
SMMS-01343,S&T,Secunderabad-SEC-06,EQ-6341,Relay degradation,Low,2026-07-31 21:15,2026-08-30,1,0.7,27,Completed
SMMS-01344,S&T,Vijayawada-SEC-01,EQ-9846,Block instrument fault,Low,2026-05-05 16:23,2026-06-04,88,4.8,38,Open
SMMS-01345,S&T,Vijayawada-SEC-05,EQ-2249,Interlocking software fault,Low,2026-07-01 18:11,2026-07-31,31,3.4,12,Completed
SMMS-01346,S&T,Secunderabad-SEC-08,EQ-8764,Block proving failure,Low,2026-06-20 10:48,2026-07-20,42,1.5,38,Open
SMMS-01347,S&T,Vijayawada-SEC-04,EQ-9878,Relay degradation,Medium,2026-07-24 19:49,2026-08-08,23,1.8,34,Open
SMMS-01348,S&T,Vijayawada-SEC-04,EQ-9635,Block instrument fault,High,2026-08-31 23:17,2026-09-05,0,4.4,21,Open
SMMS-01349,S&T,Vijayawada-SEC-03,EQ-1059,Point machine malfunction,Low,2026-08-21 18:32,2026-09-20,0,1.3,48,Completed
SMMS-01350,S&T,Guntur-SEC-02,EQ-5512,Relay degradation,Medium,2026-07-16 13:09,2026-07-31,31,2.0,33,Scheduled
SMMS-01351,S&T,Guntur-SEC-02,EQ-7800,Axle counter fault,Critical,2026-06-08 21:31,2026-06-09,83,5.4,31,Open
SMMS-01352,S&T,Guntur-SEC-02,EQ-8328,Interlocking software fault,Low,2026-05-29 23:20,2026-06-28,64,2.5,19,Open
SMMS-01353,S&T,Guntur-SEC-07,EQ-9758,Cable fault,Low,2026-08-25 15:37,2026-09-24,0,2.7,20,Scheduled
SMMS-01354,S&T,Guntakal-SEC-08,EQ-9317,Block instrument fault,High,2026-05-04 17:07,2026-05-09,114,3.7,11,Completed
SMMS-01355,S&T,Secunderabad-SEC-01,EQ-7983,Signal lamp failure,High,2026-06-04 03:46,2026-06-09,83,3.4,7,Completed
SMMS-01356,S&T,Vijayawada-SEC-01,EQ-7575,Block instrument fault,Low,2026-07-20 07:46,2026-08-19,12,1.3,6,Open
SMMS-01357,S&T,Hyderabad-SEC-08,EQ-8541,Signal lamp failure,High,2026-06-08 04:38,2026-06-13,79,4.4,8,Open
SMMS-01358,S&T,Guntur-SEC-07,EQ-3166,Signal lamp failure,Medium,2026-05-31 20:06,2026-06-15,77,3.2,41,Open
SMMS-01359,S&T,Hyderabad-SEC-04,EQ-3535,Relay degradation,High,2026-08-22 03:11,2026-08-27,4,1.2,48,Scheduled
SMMS-01360,S&T,Hyderabad-SEC-05,EQ-8372,Signal lamp failure,High,2026-08-15 15:19,2026-08-20,11,1.3,19,Scheduled
SMMS-01361,S&T,Hyderabad-SEC-01,EQ-3646,Data logger fault,Low,2026-05-15 16:48,2026-06-14,78,3.7,8,Open
SMMS-01362,S&T,Secunderabad-SEC-08,EQ-2266,Level crossing gate interlock fault,Low,2026-05-03 01:00,2026-06-02,90,5.5,15,Completed
SMMS-01363,S&T,Secunderabad-SEC-02,EQ-8645,Cable fault,Critical,2026-06-10 07:50,2026-06-11,81,3.8,31,Open
SMMS-01364,S&T,Vijayawada-SEC-04,EQ-5899,Relay degradation,Low,2026-05-14 19:58,2026-06-13,79,5.8,31,Completed
SMMS-01365,S&T,Hyderabad-SEC-07,EQ-2306,Relay degradation,High,2026-06-18 08:59,2026-06-23,69,1.2,36,Open
SMMS-01366,S&T,Guntur-SEC-07,EQ-8365,Track circuit failure,High,2026-08-23 17:31,2026-08-28,3,3.7,50,Completed
SMMS-01367,S&T,Guntakal-SEC-01,EQ-5867,Track circuit failure,Medium,2026-07-07 07:12,2026-07-22,40,5.4,42,Open
SMMS-01368,S&T,Guntur-SEC-06,EQ-9501,Block instrument fault,Low,2026-06-12 11:31,2026-07-12,50,3.9,12,Scheduled
SMMS-01369,S&T,Guntur-SEC-02,EQ-6036,Track circuit failure,Medium,2026-05-13 10:17,2026-05-28,95,1.1,35,Completed
SMMS-01370,S&T,Hyderabad-SEC-05,EQ-1768,Track circuit failure,Low,2026-06-10 22:26,2026-07-10,52,3.9,19,Completed
SMMS-01371,S&T,Guntur-SEC-07,EQ-7860,Signal lamp failure,Medium,2026-06-10 23:19,2026-06-25,67,1.2,42,Open
SMMS-01372,S&T,Guntur-SEC-03,EQ-6805,Block instrument fault,High,2026-08-25 03:20,2026-08-30,1,3.8,16,Open
SMMS-01373,S&T,Vijayawada-SEC-01,EQ-3062,Cable fault,Low,2026-08-15 13:30,2026-09-14,0,2.7,18,Scheduled
SMMS-01374,S&T,Vijayawada-SEC-07,EQ-1869,Data logger fault,High,2026-05-05 22:47,2026-05-10,113,4.8,50,Open
SMMS-01375,S&T,Guntakal-SEC-06,EQ-3429,Block instrument fault,Low,2026-07-28 01:04,2026-08-27,4,5.5,17,Open
SMMS-01376,S&T,Vijayawada-SEC-04,EQ-7488,Interlocking software fault,Low,2026-06-02 19:51,2026-07-02,60,1.5,6,Open
SMMS-01377,S&T,Secunderabad-SEC-01,EQ-1188,Block proving failure,Medium,2026-05-13 12:02,2026-05-28,95,5.8,6,Open
SMMS-01378,S&T,Guntakal-SEC-06,EQ-9642,Interlocking software fault,Low,2026-08-15 01:46,2026-09-14,0,1.7,30,Completed
SMMS-01379,S&T,Guntakal-SEC-05,EQ-7836,Block proving failure,Medium,2026-08-11 18:15,2026-08-26,5,4.0,28,Completed
SMMS-01380,S&T,Guntakal-SEC-07,EQ-5082,Data logger fault,Low,2026-07-01 06:38,2026-07-31,31,1.0,3,Scheduled
SMMS-01381,S&T,Guntakal-SEC-04,EQ-8618,Track circuit failure,Low,2026-08-10 08:17,2026-09-09,0,1.4,27,Open
SMMS-01382,S&T,Hyderabad-SEC-05,EQ-1621,Block proving failure,High,2026-08-26 16:37,2026-08-31,0,3.6,5,Open
SMMS-01383,S&T,Guntakal-SEC-04,EQ-5933,Axle counter fault,Medium,2026-05-16 07:29,2026-05-31,92,5.3,30,Open
SMMS-01384,S&T,Secunderabad-SEC-04,EQ-5655,Axle counter fault,High,2026-07-31 12:10,2026-08-05,26,4.1,43,Open
SMMS-01385,S&T,Secunderabad-SEC-04,EQ-8092,Block instrument fault,Medium,2026-07-11 01:27,2026-07-26,36,1.3,25,Completed
SMMS-01386,S&T,Vijayawada-SEC-07,EQ-7557,Data logger fault,High,2026-07-28 03:12,2026-08-02,29,1.6,3,Open
SMMS-01387,S&T,Vijayawada-SEC-04,EQ-6681,Axle counter fault,Medium,2026-05-14 16:16,2026-05-29,94,4.2,34,Open
SMMS-01388,S&T,Hyderabad-SEC-01,EQ-2615,Track circuit failure,High,2026-06-04 15:54,2026-06-09,83,1.6,17,Open
SMMS-01389,S&T,Vijayawada-SEC-06,EQ-1826,Axle counter fault,High,2026-07-01 15:32,2026-07-06,56,1.9,16,Open
SMMS-01390,S&T,Guntakal-SEC-01,EQ-1354,Block proving failure,High,2026-08-19 17:29,2026-08-24,7,4.7,38,Open
SMMS-01391,S&T,Guntakal-SEC-07,EQ-1734,Cable fault,High,2026-08-07 07:18,2026-08-12,19,1.8,6,Open
SMMS-01392,S&T,Secunderabad-SEC-02,EQ-8986,Point machine malfunction,Low,2026-08-15 14:57,2026-09-14,0,2.3,25,Completed
SMMS-01393,S&T,Hyderabad-SEC-06,EQ-5370,Block proving failure,Low,2026-07-21 04:32,2026-08-20,11,0.8,46,Open
SMMS-01394,S&T,Guntakal-SEC-04,EQ-6585,Level crossing gate interlock fault,Low,2026-08-12 18:27,2026-09-11,0,5.0,21,Open
SMMS-01395,S&T,Secunderabad-SEC-06,EQ-3156,Cable fault,High,2026-06-17 01:24,2026-06-22,70,5.0,16,Open
SMMS-01396,S&T,Secunderabad-SEC-05,EQ-2493,Track circuit failure,Low,2026-05-19 22:42,2026-06-18,74,4.7,48,Completed
SMMS-01397,S&T,Guntakal-SEC-04,EQ-5160,Point machine malfunction,High,2026-07-18 23:13,2026-07-23,39,4.6,41,Scheduled
SMMS-01398,S&T,Guntakal-SEC-05,EQ-6864,Block instrument fault,High,2026-07-02 19:59,2026-07-07,55,3.2,9,Completed
SMMS-01399,S&T,Hyderabad-SEC-01,EQ-3153,Interlocking software fault,Low,2026-07-12 08:15,2026-08-11,20,1.5,28,Open
SMMS-01400,S&T,Secunderabad-SEC-05,EQ-9789,Block proving failure,High,2026-05-16 08:19,2026-05-21,102,2.8,25,Completed
SMMS-01401,S&T,Secunderabad-SEC-01,EQ-8507,Level crossing gate interlock fault,High,2026-06-01 08:15,2026-06-06,86,1.2,6,Open
SMMS-01402,S&T,Guntur-SEC-01,EQ-9207,Cable fault,Critical,2026-07-25 18:23,2026-07-26,36,3.8,44,Scheduled
SMMS-01403,S&T,Vijayawada-SEC-05,EQ-4535,Level crossing gate interlock fault,Medium,2026-06-16 07:47,2026-07-01,61,0.9,3,Completed
SMMS-01404,S&T,Secunderabad-SEC-07,EQ-1723,Point machine malfunction,Medium,2026-06-28 22:28,2026-07-13,49,3.8,20,Scheduled
SMMS-01405,S&T,Hyderabad-SEC-07,EQ-3437,Block instrument fault,Low,2026-07-09 20:30,2026-08-08,23,4.5,34,Open
SMMS-01406,S&T,Guntakal-SEC-02,EQ-7401,Block proving failure,Medium,2026-06-21 20:25,2026-07-06,56,1.6,9,Open
SMMS-01407,S&T,Hyderabad-SEC-01,EQ-8751,Relay degradation,Medium,2026-07-31 03:47,2026-08-15,16,2.7,48,Open
SMMS-01408,S&T,Secunderabad-SEC-03,EQ-6742,Block proving failure,Low,2026-06-25 11:08,2026-07-25,37,5.6,4,Scheduled
SMMS-01409,S&T,Hyderabad-SEC-03,EQ-3626,Level crossing gate interlock fault,Low,2026-07-14 11:50,2026-08-13,18,4.7,32,Open
SMMS-01410,S&T,Guntur-SEC-08,EQ-3565,Signal lamp failure,Medium,2026-08-27 23:33,2026-09-11,0,1.4,48,Scheduled
SMMS-01411,S&T,Guntakal-SEC-03,EQ-8330,Axle counter fault,Medium,2026-06-22 19:54,2026-07-07,55,5.7,42,Open
SMMS-01412,S&T,Hyderabad-SEC-02,EQ-4658,Signal lamp failure,Medium,2026-08-05 11:11,2026-08-20,11,0.6,36,Open
SMMS-01413,S&T,Hyderabad-SEC-02,EQ-7082,Point machine malfunction,Medium,2026-05-25 09:25,2026-06-09,83,5.7,43,Open
SMMS-01414,S&T,Secunderabad-SEC-06,EQ-5263,Level crossing gate interlock fault,Medium,2026-07-26 01:52,2026-08-10,21,2.8,32,Open
SMMS-01415,S&T,Guntur-SEC-03,EQ-8363,Cable fault,Medium,2026-08-27 08:10,2026-09-11,0,3.3,6,Completed
SMMS-01416,S&T,Guntakal-SEC-04,EQ-6805,Level crossing gate interlock fault,Low,2026-07-19 06:06,2026-08-18,13,1.0,4,Open
SMMS-01417,S&T,Guntakal-SEC-04,EQ-5078,Point machine malfunction,Low,2026-06-15 10:41,2026-07-15,47,1.6,34,Open
SMMS-01418,S&T,Vijayawada-SEC-02,EQ-1266,Signal lamp failure,Medium,2026-06-12 00:07,2026-06-27,65,3.7,10,Open
SMMS-01419,S&T,Vijayawada-SEC-06,EQ-4935,Block instrument fault,Medium,2026-05-17 11:23,2026-06-01,91,4.7,47,Open
SMMS-01420,S&T,Guntur-SEC-01,EQ-9112,Relay degradation,Critical,2026-05-22 15:11,2026-05-23,100,1.6,32,Open
SMMS-01421,S&T,Guntakal-SEC-03,EQ-9970,Block instrument fault,Low,2026-05-23 18:08,2026-06-22,70,1.1,45,Open
SMMS-01422,S&T,Vijayawada-SEC-01,EQ-7143,Interlocking software fault,High,2026-05-14 20:13,2026-05-19,104,4.2,23,Open
SMMS-01423,S&T,Secunderabad-SEC-03,EQ-9311,Signal lamp failure,Low,2026-06-08 21:53,2026-07-08,54,2.1,44,Scheduled
SMMS-01424,S&T,Guntur-SEC-08,EQ-7577,Block proving failure,Low,2026-05-06 03:57,2026-06-05,87,3.6,31,Open
SMMS-01425,S&T,Guntur-SEC-02,EQ-4515,Signal lamp failure,High,2026-06-27 06:35,2026-07-02,60,2.6,14,Scheduled
SMMS-01426,S&T,Secunderabad-SEC-04,EQ-1450,Signal lamp failure,High,2026-05-25 13:43,2026-05-30,93,1.7,39,Open
SMMS-01427,S&T,Vijayawada-SEC-07,EQ-1290,Block instrument fault,High,2026-08-03 12:36,2026-08-08,23,2.2,46,Completed
SMMS-01428,S&T,Guntur-SEC-03,EQ-6146,Interlocking software fault,Medium,2026-07-27 20:07,2026-08-11,20,3.6,28,Scheduled
SMMS-01429,S&T,Guntakal-SEC-07,EQ-2634,Relay degradation,Medium,2026-08-12 05:21,2026-08-27,4,4.3,40,Scheduled
SMMS-01430,S&T,Guntakal-SEC-05,EQ-7622,Signal lamp failure,High,2026-08-11 18:42,2026-08-16,15,3.0,2,Open
SMMS-01431,S&T,Guntakal-SEC-03,EQ-1638,Cable fault,High,2026-07-31 22:38,2026-08-05,26,5.4,26,Scheduled
SMMS-01432,S&T,Guntakal-SEC-08,EQ-9497,Data logger fault,High,2026-07-05 20:17,2026-07-10,52,0.9,49,Open
SMMS-01433,S&T,Vijayawada-SEC-03,EQ-9304,Signal lamp failure,Low,2026-07-29 20:16,2026-08-28,3,5.2,23,Open
SMMS-01434,S&T,Secunderabad-SEC-08,EQ-3944,Track circuit failure,Critical,2026-07-11 08:17,2026-07-12,50,3.5,39,Open
SMMS-01435,S&T,Hyderabad-SEC-08,EQ-1551,Data logger fault,High,2026-06-25 03:51,2026-06-30,62,2.0,37,Open
SMMS-01436,S&T,Guntur-SEC-02,EQ-6291,Relay degradation,Critical,2026-08-07 08:50,2026-08-08,23,1.3,20,Open
SMMS-01437,S&T,Guntakal-SEC-01,EQ-3444,Interlocking software fault,High,2026-08-12 23:27,2026-08-17,14,4.9,36,Open
SMMS-01438,S&T,Guntur-SEC-06,EQ-4845,Block instrument fault,Medium,2026-07-12 17:01,2026-07-27,35,1.8,6,Open
SMMS-01439,S&T,Secunderabad-SEC-08,EQ-9732,Signal lamp failure,Low,2026-08-26 15:45,2026-09-25,0,5.1,46,Open
SMMS-01440,S&T,Guntakal-SEC-01,EQ-2991,Data logger fault,Medium,2026-06-06 10:08,2026-06-21,71,5.0,50,Open
SMMS-01441,S&T,Guntakal-SEC-01,EQ-8441,Point machine malfunction,Critical,2026-06-19 09:07,2026-06-20,72,1.0,34,Scheduled
SMMS-01442,S&T,Hyderabad-SEC-08,EQ-3051,Cable fault,Low,2026-05-28 19:28,2026-06-27,65,5.0,26,Completed
SMMS-01443,S&T,Guntur-SEC-08,EQ-7704,Relay degradation,High,2026-06-06 02:10,2026-06-11,81,2.2,37,Scheduled
SMMS-01444,S&T,Guntakal-SEC-01,EQ-2286,Interlocking software fault,Critical,2026-08-04 13:27,2026-08-05,26,0.7,7,Open
SMMS-01445,S&T,Hyderabad-SEC-04,EQ-2696,Interlocking software fault,High,2026-08-23 05:13,2026-08-28,3,5.7,2,Completed
SMMS-01446,S&T,Guntakal-SEC-05,EQ-2897,Block instrument fault,Medium,2026-07-19 20:52,2026-08-03,28,1.8,39,Scheduled
SMMS-01447,S&T,Guntur-SEC-03,EQ-1022,Data logger fault,Medium,2026-07-23 12:38,2026-08-07,24,3.3,49,Open
SMMS-01448,S&T,Hyderabad-SEC-01,EQ-8516,Relay degradation,Medium,2026-08-25 09:55,2026-09-09,0,2.1,15,Open
SMMS-01449,S&T,Guntur-SEC-01,EQ-5452,Cable fault,High,2026-08-06 20:11,2026-08-11,20,4.9,32,Open
SMMS-01450,S&T,Guntur-SEC-07,EQ-5403,Signal lamp failure,Medium,2026-05-26 18:26,2026-06-10,82,4.1,31,Scheduled
SMMS-01451,S&T,Guntur-SEC-05,EQ-5350,Interlocking software fault,High,2026-08-28 15:53,2026-09-02,0,6.0,41,Scheduled
SMMS-01452,S&T,Vijayawada-SEC-07,EQ-5045,Data logger fault,Medium,2026-06-14 04:52,2026-06-29,63,3.8,8,Scheduled
SMMS-01453,S&T,Guntur-SEC-02,EQ-5922,Point machine malfunction,High,2026-07-12 01:36,2026-07-17,45,1.5,2,Completed
SMMS-01454,S&T,Guntur-SEC-05,EQ-6744,Track circuit failure,High,2026-08-29 15:50,2026-09-03,0,4.7,6,Scheduled
SMMS-01455,S&T,Guntur-SEC-02,EQ-4955,Point machine malfunction,High,2026-06-21 22:20,2026-06-26,66,5.6,45,Completed
SMMS-01456,S&T,Guntakal-SEC-06,EQ-5838,Level crossing gate interlock fault,Low,2026-08-21 23:01,2026-09-20,0,3.8,8,Open
SMMS-01457,S&T,Secunderabad-SEC-02,EQ-2006,Interlocking software fault,Critical,2026-08-03 09:34,2026-08-04,27,5.6,30,Open
SMMS-01458,S&T,Hyderabad-SEC-04,EQ-7202,Block proving failure,Medium,2026-06-26 09:26,2026-07-11,51,2.2,42,Scheduled
SMMS-01459,S&T,Secunderabad-SEC-05,EQ-8656,Signal lamp failure,High,2026-06-26 02:29,2026-07-01,61,1.9,43,Open
SMMS-01460,S&T,Guntur-SEC-06,EQ-8676,Signal lamp failure,Critical,2026-05-20 20:07,2026-05-21,102,0.8,50,Open
SMMS-01461,S&T,Guntakal-SEC-04,EQ-4232,Track circuit failure,Medium,2026-06-30 15:55,2026-07-15,47,2.2,4,Open
SMMS-01462,S&T,Secunderabad-SEC-07,EQ-7932,Signal lamp failure,Low,2026-08-18 19:58,2026-09-17,0,0.9,4,Open
SMMS-01463,S&T,Guntakal-SEC-03,EQ-2411,Cable fault,Low,2026-08-28 17:48,2026-09-27,0,2.0,23,Completed
SMMS-01464,S&T,Hyderabad-SEC-02,EQ-5964,Block proving failure,High,2026-07-08 07:41,2026-07-13,49,1.8,38,Scheduled
SMMS-01465,S&T,Hyderabad-SEC-05,EQ-2784,Block instrument fault,Medium,2026-06-03 11:31,2026-06-18,74,1.4,45,Open
SMMS-01466,S&T,Secunderabad-SEC-04,EQ-6097,Data logger fault,Medium,2026-08-04 15:28,2026-08-19,12,5.5,46,Scheduled
SMMS-01467,S&T,Guntakal-SEC-07,EQ-4513,Level crossing gate interlock fault,Medium,2026-06-18 17:26,2026-07-03,59,2.7,47,Open
SMMS-01468,S&T,Vijayawada-SEC-08,EQ-2700,Block instrument fault,Medium,2026-05-29 01:39,2026-06-13,79,5.1,15,Completed
SMMS-01469,S&T,Vijayawada-SEC-02,EQ-5473,Relay degradation,Low,2026-05-12 12:57,2026-06-11,81,4.3,33,Scheduled
SMMS-01470,S&T,Guntakal-SEC-07,EQ-9618,Level crossing gate interlock fault,Low,2026-08-12 16:51,2026-09-11,0,5.0,23,Completed
SMMS-01471,S&T,Guntur-SEC-01,EQ-8425,Block proving failure,High,2026-07-31 01:21,2026-08-05,26,3.1,7,Open
SMMS-01472,S&T,Secunderabad-SEC-08,EQ-8890,Data logger fault,High,2026-08-21 15:12,2026-08-26,5,1.6,26,Open
SMMS-01473,S&T,Secunderabad-SEC-07,EQ-8826,Track circuit failure,Critical,2026-08-27 08:19,2026-08-28,3,2.5,22,Open
SMMS-01474,S&T,Vijayawada-SEC-01,EQ-6554,Signal lamp failure,Low,2026-08-15 19:41,2026-09-14,0,1.2,27,Scheduled
SMMS-01475,S&T,Guntakal-SEC-08,EQ-5308,Level crossing gate interlock fault,Medium,2026-06-17 03:42,2026-07-02,60,5.6,21,Open
SMMS-01476,S&T,Secunderabad-SEC-01,EQ-2665,Interlocking software fault,Medium,2026-05-19 02:25,2026-06-03,89,3.8,44,Completed
SMMS-01477,S&T,Vijayawada-SEC-07,EQ-4888,Interlocking software fault,Medium,2026-06-10 12:04,2026-06-25,67,0.5,44,Open
SMMS-01478,S&T,Guntur-SEC-02,EQ-3472,Cable fault,Medium,2026-06-03 20:23,2026-06-18,74,5.9,22,Open
SMMS-01479,S&T,Vijayawada-SEC-04,EQ-7380,Signal lamp failure,Critical,2026-05-17 00:23,2026-05-18,105,0.6,2,Open
SMMS-01480,S&T,Secunderabad-SEC-06,EQ-6352,Level crossing gate interlock fault,Medium,2026-08-21 19:57,2026-09-05,0,4.6,6,Open
SMMS-01481,S&T,Guntakal-SEC-01,EQ-9425,Point machine malfunction,Medium,2026-05-15 02:41,2026-05-30,93,3.6,10,Completed
SMMS-01482,S&T,Hyderabad-SEC-04,EQ-9388,Axle counter fault,Critical,2026-05-14 15:35,2026-05-15,108,4.2,43,Scheduled
SMMS-01483,S&T,Hyderabad-SEC-05,EQ-1839,Block proving failure,Medium,2026-06-25 12:58,2026-07-10,52,2.6,45,Completed
SMMS-01484,S&T,Vijayawada-SEC-05,EQ-4572,Point machine malfunction,Low,2026-05-07 03:35,2026-06-06,86,3.1,5,Open
SMMS-01485,S&T,Guntur-SEC-06,EQ-5014,Block proving failure,High,2026-07-29 04:43,2026-08-03,28,4.2,28,Completed
SMMS-01486,S&T,Secunderabad-SEC-05,EQ-3269,Axle counter fault,Low,2026-05-03 10:47,2026-06-02,90,4.5,6,Scheduled
SMMS-01487,S&T,Guntur-SEC-03,EQ-4495,Point machine malfunction,High,2026-06-25 04:05,2026-06-30,62,1.3,35,Scheduled
SMMS-01488,S&T,Vijayawada-SEC-07,EQ-1476,Axle counter fault,High,2026-07-12 13:32,2026-07-17,45,2.6,14,Open
SMMS-01489,S&T,Vijayawada-SEC-08,EQ-7939,Relay degradation,Medium,2026-05-26 19:45,2026-06-10,82,2.9,14,Open
SMMS-01490,S&T,Guntur-SEC-06,EQ-8119,Interlocking software fault,Medium,2026-06-12 01:48,2026-06-27,65,2.8,2,Completed
SMMS-01491,S&T,Hyderabad-SEC-05,EQ-4737,Block proving failure,Low,2026-08-13 15:47,2026-09-12,0,4.2,13,Completed
SMMS-01492,S&T,Guntur-SEC-02,EQ-8441,Point machine malfunction,High,2026-08-14 04:34,2026-08-19,12,5.4,13,Open
SMMS-01493,S&T,Hyderabad-SEC-08,EQ-6257,Axle counter fault,Medium,2026-06-15 15:14,2026-06-30,62,1.9,13,Open
SMMS-01494,S&T,Guntakal-SEC-04,EQ-9523,Interlocking software fault,Medium,2026-05-07 01:36,2026-05-22,101,1.9,50,Completed
SMMS-01495,S&T,Hyderabad-SEC-03,EQ-8127,Relay degradation,Medium,2026-05-21 01:04,2026-06-05,87,4.4,9,Completed
SMMS-01496,S&T,Vijayawada-SEC-07,EQ-4617,Signal lamp failure,Critical,2026-05-10 19:46,2026-05-11,112,4.8,29,Open
SMMS-01497,S&T,Guntur-SEC-07,EQ-2395,Cable fault,Critical,2026-06-15 05:04,2026-06-16,76,3.6,22,Scheduled
SMMS-01498,S&T,Vijayawada-SEC-03,EQ-8888,Relay degradation,Low,2026-06-16 21:58,2026-07-16,46,5.5,32,Completed
SMMS-01499,S&T,Vijayawada-SEC-02,EQ-1259,Interlocking software fault,Low,2026-08-25 17:44,2026-09-24,0,3.7,26,Completed
SMMS-01500,S&T,Guntur-SEC-02,EQ-7476,Signal lamp failure,High,2026-07-03 17:52,2026-07-08,54,1.5,15,Open
SMMS-01501,S&T,Secunderabad-SEC-01,EQ-3870,Data logger fault,High,2026-07-21 05:28,2026-07-26,36,3.4,22,Open
SMMS-01502,S&T,Vijayawada-SEC-07,EQ-8460,Data logger fault,Medium,2026-06-13 02:32,2026-06-28,64,3.2,14,Scheduled
SMMS-01503,S&T,Guntakal-SEC-07,EQ-2105,Data logger fault,Low,2026-07-17 06:12,2026-08-16,15,2.2,43,Completed
SMMS-01504,S&T,Secunderabad-SEC-05,EQ-8855,Block proving failure,High,2026-07-30 07:33,2026-08-04,27,1.0,15,Completed
SMMS-01505,S&T,Guntur-SEC-04,EQ-3431,Cable fault,Critical,2026-05-05 07:23,2026-05-06,117,4.4,27,Completed
SMMS-01506,S&T,Hyderabad-SEC-04,EQ-5778,Axle counter fault,High,2026-07-03 08:18,2026-07-08,54,1.4,15,Open
SMMS-01507,S&T,Vijayawada-SEC-08,EQ-1525,Relay degradation,Medium,2026-05-22 23:28,2026-06-06,86,2.5,46,Open
SMMS-01508,S&T,Vijayawada-SEC-01,EQ-9376,Block instrument fault,High,2026-08-10 01:07,2026-08-15,16,4.0,16,Completed
SMMS-01509,S&T,Guntur-SEC-07,EQ-9547,Relay degradation,Low,2026-05-16 17:45,2026-06-15,77,0.7,14,Open
SMMS-01510,S&T,Guntakal-SEC-07,EQ-5761,Relay degradation,High,2026-06-11 07:55,2026-06-16,76,2.8,24,Open
SMMS-01511,S&T,Guntur-SEC-05,EQ-1368,Relay degradation,High,2026-08-31 06:49,2026-09-05,0,0.9,20,Open
SMMS-01512,S&T,Vijayawada-SEC-03,EQ-9029,Data logger fault,Low,2026-07-02 14:46,2026-08-01,30,0.9,46,Open
SMMS-01513,S&T,Vijayawada-SEC-03,EQ-6361,Cable fault,Medium,2026-05-10 16:22,2026-05-25,98,2.3,23,Open
SMMS-01514,S&T,Secunderabad-SEC-06,EQ-1530,Relay degradation,Critical,2026-06-02 23:17,2026-06-03,89,2.5,9,Scheduled
SMMS-01515,S&T,Vijayawada-SEC-01,EQ-8033,Axle counter fault,Low,2026-06-04 04:25,2026-07-04,58,4.4,15,Scheduled
SMMS-01516,S&T,Vijayawada-SEC-01,EQ-3113,Track circuit failure,Medium,2026-08-30 16:21,2026-09-14,0,6.0,22,Open
SMMS-01517,S&T,Vijayawada-SEC-05,EQ-5451,Block proving failure,Medium,2026-05-28 00:10,2026-06-12,80,0.5,11,Completed
SMMS-01518,S&T,Vijayawada-SEC-06,EQ-2879,Level crossing gate interlock fault,High,2026-06-11 14:00,2026-06-16,76,3.0,38,Open
SMMS-01519,S&T,Guntur-SEC-03,EQ-7494,Track circuit failure,Low,2026-06-21 22:54,2026-07-21,41,1.1,9,Open
SMMS-01520,S&T,Guntur-SEC-07,EQ-6006,Signal lamp failure,Medium,2026-05-08 08:28,2026-05-23,100,5.1,17,Open
SMMS-01521,S&T,Secunderabad-SEC-05,EQ-1309,Level crossing gate interlock fault,Medium,2026-08-31 14:44,2026-09-15,0,5.5,8,Open
SMMS-01522,S&T,Hyderabad-SEC-03,EQ-5708,Interlocking software fault,Medium,2026-07-29 02:52,2026-08-13,18,0.7,49,Open
SMMS-01523,S&T,Guntur-SEC-08,EQ-7671,Interlocking software fault,High,2026-08-28 20:21,2026-09-02,0,4.1,11,Scheduled
SMMS-01524,S&T,Guntakal-SEC-03,EQ-2571,Point machine malfunction,Medium,2026-07-10 17:48,2026-07-25,37,3.7,24,Open
SMMS-01525,S&T,Guntur-SEC-03,EQ-7810,Point machine malfunction,Medium,2026-05-19 23:20,2026-06-03,89,5.8,48,Scheduled
SMMS-01526,S&T,Guntakal-SEC-06,EQ-7102,Axle counter fault,High,2026-08-07 19:33,2026-08-12,19,1.4,46,Open
SMMS-01527,S&T,Secunderabad-SEC-04,EQ-6314,Relay degradation,Medium,2026-08-11 19:09,2026-08-26,5,5.9,37,Open
SMMS-01528,S&T,Guntakal-SEC-07,EQ-5440,Signal lamp failure,Medium,2026-07-04 00:24,2026-07-19,43,2.2,46,Completed
SMMS-01529,S&T,Guntakal-SEC-06,EQ-4251,Data logger fault,Low,2026-07-23 05:54,2026-08-22,9,1.5,25,Open
SMMS-01530,S&T,Vijayawada-SEC-03,EQ-6318,Cable fault,High,2026-08-18 20:50,2026-08-23,8,2.3,34,Scheduled
SMMS-01531,S&T,Hyderabad-SEC-04,EQ-9819,Axle counter fault,Medium,2026-05-17 17:23,2026-06-01,91,4.4,27,Open
SMMS-01532,S&T,Vijayawada-SEC-08,EQ-1325,Interlocking software fault,High,2026-08-21 07:47,2026-08-26,5,3.7,24,Completed
SMMS-01533,S&T,Guntur-SEC-07,EQ-2928,Relay degradation,Critical,2026-06-24 05:31,2026-06-25,67,4.7,29,Open
SMMS-01534,S&T,Hyderabad-SEC-07,EQ-4607,Cable fault,Low,2026-05-10 12:43,2026-06-09,83,1.2,46,Open
SMMS-01535,S&T,Vijayawada-SEC-04,EQ-1740,Cable fault,Medium,2026-06-04 13:15,2026-06-19,73,2.5,49,Scheduled
SMMS-01536,S&T,Hyderabad-SEC-07,EQ-2446,Point machine malfunction,Medium,2026-06-20 09:11,2026-07-05,57,2.9,45,Open
SMMS-01537,S&T,Guntakal-SEC-04,EQ-6428,Block instrument fault,Low,2026-07-05 02:25,2026-08-04,27,1.7,28,Completed
SMMS-01538,S&T,Secunderabad-SEC-07,EQ-2437,Level crossing gate interlock fault,High,2026-07-06 14:53,2026-07-11,51,5.3,2,Open
SMMS-01539,S&T,Secunderabad-SEC-03,EQ-2786,Cable fault,Low,2026-05-09 11:00,2026-06-08,84,3.6,44,Completed
SMMS-01540,S&T,Guntur-SEC-01,EQ-9547,Data logger fault,High,2026-08-10 17:23,2026-08-15,16,1.6,26,Open
SMMS-01541,S&T,Secunderabad-SEC-05,EQ-3128,Block proving failure,High,2026-05-06 05:17,2026-05-11,112,3.0,34,Scheduled
SMMS-01542,S&T,Secunderabad-SEC-01,EQ-9123,Interlocking software fault,Medium,2026-05-10 05:12,2026-05-25,98,4.5,26,Completed
SMMS-01543,S&T,Hyderabad-SEC-05,EQ-8850,Data logger fault,Medium,2026-05-29 19:44,2026-06-13,79,4.5,40,Open
SMMS-01544,S&T,Guntur-SEC-02,EQ-1796,Track circuit failure,Low,2026-08-18 00:56,2026-09-17,0,2.3,15,Open
SMMS-01545,S&T,Vijayawada-SEC-02,EQ-9410,Cable fault,Low,2026-06-30 04:18,2026-07-30,32,4.2,48,Scheduled
SMMS-01546,S&T,Hyderabad-SEC-01,EQ-2718,Relay degradation,Low,2026-05-03 03:34,2026-06-02,90,3.3,18,Scheduled
SMMS-01547,S&T,Hyderabad-SEC-05,EQ-1140,Block proving failure,Medium,2026-06-19 06:58,2026-07-04,58,1.8,2,Open
SMMS-01548,S&T,Hyderabad-SEC-08,EQ-5869,Interlocking software fault,High,2026-06-29 02:36,2026-07-04,58,3.7,22,Open
SMMS-01549,S&T,Guntakal-SEC-04,EQ-5540,Point machine malfunction,Medium,2026-05-08 00:36,2026-05-23,100,5.3,4,Open
SMMS-01550,S&T,Guntakal-SEC-06,EQ-5666,Block proving failure,Medium,2026-06-18 17:47,2026-07-03,59,1.2,16,Open
SMMS-01551,S&T,Guntur-SEC-02,EQ-1507,Interlocking software fault,Low,2026-07-05 11:05,2026-08-04,27,1.1,17,Open
SMMS-01552,S&T,Guntakal-SEC-06,EQ-1887,Block instrument fault,High,2026-06-09 05:14,2026-06-14,78,3.9,40,Scheduled
SMMS-01553,S&T,Guntur-SEC-05,EQ-9312,Track circuit failure,Medium,2026-06-19 08:22,2026-07-04,58,5.2,45,Open
SMMS-01554,S&T,Guntakal-SEC-04,EQ-4573,Interlocking software fault,Critical,2026-07-09 03:53,2026-07-10,52,3.1,45,Open
SMMS-01555,S&T,Secunderabad-SEC-07,EQ-8634,Block instrument fault,Critical,2026-05-16 16:20,2026-05-17,106,2.9,26,Open
SMMS-01556,S&T,Secunderabad-SEC-02,EQ-1042,Block instrument fault,Low,2026-05-06 00:48,2026-06-05,87,2.2,34,Open
SMMS-01557,S&T,Hyderabad-SEC-01,EQ-6268,Interlocking software fault,High,2026-07-13 02:44,2026-07-18,44,1.5,2,Open
SMMS-01558,S&T,Vijayawada-SEC-01,EQ-6456,Block proving failure,Medium,2026-08-07 09:06,2026-08-22,9,3.8,4,Scheduled
SMMS-01559,S&T,Guntur-SEC-02,EQ-6161,Track circuit failure,Low,2026-08-03 20:49,2026-09-02,0,5.8,12,Open
SMMS-01560,S&T,Guntur-SEC-05,EQ-3553,Interlocking software fault,Low,2026-07-22 11:56,2026-08-21,10,2.1,40,Scheduled
SMMS-01561,S&T,Guntur-SEC-07,EQ-8983,Point machine malfunction,Low,2026-08-07 18:54,2026-09-06,0,1.9,20,Open
SMMS-01562,S&T,Guntakal-SEC-07,EQ-6143,Cable fault,Low,2026-06-14 11:59,2026-07-14,48,3.7,24,Scheduled
SMMS-01563,S&T,Guntur-SEC-07,EQ-5120,Point machine malfunction,Critical,2026-08-26 18:34,2026-08-27,4,2.8,14,Open
SMMS-01564,S&T,Hyderabad-SEC-05,EQ-5490,Block instrument fault,Low,2026-07-23 14:20,2026-08-22,9,4.9,27,Open
SMMS-01565,S&T,Hyderabad-SEC-07,EQ-2527,Block proving failure,Medium,2026-08-11 20:04,2026-08-26,5,1.9,11,Open
SMMS-01566,S&T,Guntur-SEC-05,EQ-7639,Point machine malfunction,Low,2026-05-30 23:28,2026-06-29,63,2.3,11,Open
SMMS-01567,S&T,Secunderabad-SEC-02,EQ-6974,Level crossing gate interlock fault,Medium,2026-08-12 04:18,2026-08-27,4,4.1,20,Open
SMMS-01568,S&T,Guntakal-SEC-01,EQ-7078,Cable fault,High,2026-06-21 11:09,2026-06-26,66,0.5,22,Completed
SMMS-01569,S&T,Guntur-SEC-03,EQ-4477,Cable fault,High,2026-07-19 02:51,2026-07-24,38,1.2,29,Open
SMMS-01570,S&T,Guntakal-SEC-04,EQ-4545,Track circuit failure,Low,2026-06-29 06:15,2026-07-29,33,3.8,43,Open
SMMS-01571,S&T,Guntakal-SEC-01,EQ-7734,Signal lamp failure,Medium,2026-07-10 17:01,2026-07-25,37,3.8,3,Open
SMMS-01572,S&T,Vijayawada-SEC-02,EQ-7948,Data logger fault,Medium,2026-06-04 15:06,2026-06-19,73,2.6,3,Open
SMMS-01573,S&T,Guntakal-SEC-08,EQ-6524,Block proving failure,High,2026-06-05 17:18,2026-06-10,82,3.6,3,Open
SMMS-01574,S&T,Guntur-SEC-06,EQ-1389,Point machine malfunction,Critical,2026-07-04 01:57,2026-07-05,57,4.0,23,Scheduled
SMMS-01575,S&T,Vijayawada-SEC-06,EQ-5142,Interlocking software fault,Critical,2026-08-09 22:35,2026-08-10,21,3.7,41,Open
SMMS-01576,S&T,Secunderabad-SEC-08,EQ-7265,Axle counter fault,Medium,2026-07-07 02:11,2026-07-22,40,1.4,48,Open
SMMS-01577,S&T,Vijayawada-SEC-07,EQ-2188,Data logger fault,Medium,2026-06-09 16:57,2026-06-24,68,4.7,12,Scheduled
SMMS-01578,S&T,Guntakal-SEC-06,EQ-4675,Signal lamp failure,Medium,2026-07-14 00:22,2026-07-29,33,1.1,32,Open
SMMS-01579,S&T,Hyderabad-SEC-04,EQ-3063,Axle counter fault,Critical,2026-08-09 08:47,2026-08-10,21,0.8,34,Open
SMMS-01580,S&T,Secunderabad-SEC-04,EQ-6170,Interlocking software fault,Medium,2026-07-03 07:49,2026-07-18,44,1.5,41,Scheduled
SMMS-01581,S&T,Vijayawada-SEC-03,EQ-9970,Axle counter fault,Medium,2026-06-30 04:17,2026-07-15,47,2.9,5,Open
SMMS-01582,S&T,Secunderabad-SEC-02,EQ-2296,Axle counter fault,Medium,2026-08-12 18:13,2026-08-27,4,3.4,28,Completed
SMMS-01583,S&T,Guntur-SEC-03,EQ-6991,Relay degradation,Low,2026-06-22 22:04,2026-07-22,40,1.9,39,Open
SMMS-01584,S&T,Hyderabad-SEC-05,EQ-7831,Signal lamp failure,Medium,2026-05-29 14:08,2026-06-13,79,0.6,43,Open
SMMS-01585,S&T,Guntakal-SEC-01,EQ-6613,Axle counter fault,Medium,2026-05-17 14:20,2026-06-01,91,4.3,25,Open
SMMS-01586,S&T,Guntur-SEC-08,EQ-9969,Relay degradation,Medium,2026-07-05 03:58,2026-07-20,42,1.9,18,Open
SMMS-01587,S&T,Guntur-SEC-06,EQ-8506,Signal lamp failure,High,2026-08-31 01:56,2026-09-05,0,2.2,29,Open
SMMS-01588,S&T,Vijayawada-SEC-02,EQ-9941,Interlocking software fault,Medium,2026-05-08 01:36,2026-05-23,100,3.8,11,Open
SMMS-01589,S&T,Vijayawada-SEC-02,EQ-7570,Block proving failure,High,2026-08-24 02:12,2026-08-29,2,4.9,48,Open
SMMS-01590,S&T,Secunderabad-SEC-01,EQ-6596,Track circuit failure,High,2026-06-10 10:15,2026-06-15,77,2.9,33,Open
SMMS-01591,S&T,Guntur-SEC-02,EQ-9892,Relay degradation,Critical,2026-06-26 08:33,2026-06-27,65,2.6,2,Scheduled
SMMS-01592,S&T,Guntur-SEC-07,EQ-7024,Block proving failure,Medium,2026-08-22 00:39,2026-09-06,0,2.2,6,Open
SMMS-01593,S&T,Vijayawada-SEC-04,EQ-5300,Axle counter fault,High,2026-06-18 04:55,2026-06-23,69,1.2,37,Scheduled
SMMS-01594,S&T,Guntur-SEC-02,EQ-1295,Point machine malfunction,Medium,2026-08-01 10:25,2026-08-16,15,2.0,38,Scheduled
SMMS-01595,S&T,Hyderabad-SEC-02,EQ-8208,Signal lamp failure,Medium,2026-06-14 03:44,2026-06-29,63,3.6,46,Open
SMMS-01596,S&T,Guntur-SEC-08,EQ-2683,Cable fault,Low,2026-08-31 05:16,2026-09-30,0,4.3,12,Open
SMMS-01597,S&T,Guntur-SEC-07,EQ-5673,Signal lamp failure,High,2026-07-03 00:22,2026-07-08,54,5.7,20,Open
SMMS-01598,S&T,Hyderabad-SEC-07,EQ-7214,Block instrument fault,Medium,2026-07-08 04:02,2026-07-23,39,4.5,46,Open
SMMS-01599,S&T,Guntakal-SEC-05,EQ-2103,Point machine malfunction,Medium,2026-05-07 13:18,2026-05-22,101,4.2,4,Completed
SMMS-01600,S&T,Secunderabad-SEC-07,EQ-9132,Relay degradation,Critical,2026-06-19 23:58,2026-06-20,72,3.1,49,Open
SMMS-01601,S&T,Guntakal-SEC-07,EQ-5735,Data logger fault,Critical,2026-05-31 17:34,2026-06-01,91,0.8,32,Open
SMMS-01602,S&T,Vijayawada-SEC-04,EQ-1536,Point machine malfunction,High,2026-05-26 01:10,2026-05-31,92,4.3,2,Completed
SMMS-01603,S&T,Hyderabad-SEC-08,EQ-8755,Interlocking software fault,Low,2026-08-09 01:25,2026-09-08,0,3.1,43,Open
SMMS-01604,S&T,Vijayawada-SEC-07,EQ-7918,Cable fault,Medium,2026-06-04 00:11,2026-06-19,73,5.7,40,Completed
SMMS-01605,S&T,Guntakal-SEC-07,EQ-3479,Level crossing gate interlock fault,High,2026-07-05 12:44,2026-07-10,52,4.7,44,Scheduled
SMMS-01606,S&T,Guntakal-SEC-03,EQ-2366,Level crossing gate interlock fault,Medium,2026-06-14 14:36,2026-06-29,63,1.4,20,Open
SMMS-01607,S&T,Guntakal-SEC-08,EQ-2522,Track circuit failure,Medium,2026-05-24 16:18,2026-06-08,84,0.7,17,Open
SMMS-01608,S&T,Guntur-SEC-04,EQ-7479,Data logger fault,Low,2026-05-24 01:41,2026-06-23,69,5.3,45,Scheduled
SMMS-01609,S&T,Guntur-SEC-01,EQ-1078,Relay degradation,High,2026-07-14 04:34,2026-07-19,43,4.2,22,Open
SMMS-01610,S&T,Hyderabad-SEC-07,EQ-1760,Cable fault,Low,2026-05-25 20:46,2026-06-24,68,3.0,35,Open
SMMS-01611,S&T,Guntakal-SEC-02,EQ-1571,Relay degradation,Medium,2026-05-31 09:45,2026-06-15,77,0.9,5,Open
SMMS-01612,S&T,Secunderabad-SEC-03,EQ-6824,Block instrument fault,Medium,2026-05-19 11:42,2026-06-03,89,1.4,18,Open
SMMS-01613,S&T,Vijayawada-SEC-06,EQ-3992,Interlocking software fault,Medium,2026-08-28 03:25,2026-09-12,0,3.6,25,Scheduled
SMMS-01614,S&T,Secunderabad-SEC-07,EQ-2592,Point machine malfunction,Low,2026-07-22 18:42,2026-08-21,10,4.6,7,Scheduled
SMMS-01615,S&T,Secunderabad-SEC-05,EQ-9752,Interlocking software fault,Medium,2026-08-24 05:08,2026-09-08,0,4.3,28,Scheduled
SMMS-01616,S&T,Guntakal-SEC-05,EQ-4643,Axle counter fault,Medium,2026-05-09 05:22,2026-05-24,99,4.2,6,Open
SMMS-01617,S&T,Vijayawada-SEC-06,EQ-1857,Block proving failure,Medium,2026-05-18 02:59,2026-06-02,90,3.3,31,Scheduled
SMMS-01618,S&T,Hyderabad-SEC-03,EQ-1136,Signal lamp failure,High,2026-08-06 00:18,2026-08-11,20,5.7,11,Open
SMMS-01619,S&T,Guntur-SEC-08,EQ-3199,Signal lamp failure,High,2026-05-14 08:45,2026-05-19,104,2.4,23,Completed
SMMS-01620,S&T,Hyderabad-SEC-02,EQ-8934,Relay degradation,Low,2026-07-25 04:05,2026-08-24,7,5.0,8,Scheduled
SMMS-01621,S&T,Guntur-SEC-07,EQ-5184,Data logger fault,Low,2026-08-13 21:39,2026-09-12,0,4.9,48,Open
SMMS-01622,S&T,Hyderabad-SEC-06,EQ-5061,Block instrument fault,Medium,2026-07-05 12:53,2026-07-20,42,2.1,8,Open
SMMS-01623,S&T,Vijayawada-SEC-04,EQ-2320,Interlocking software fault,Medium,2026-06-22 14:49,2026-07-07,55,5.9,29,Open
SMMS-01624,S&T,Guntakal-SEC-02,EQ-6638,Axle counter fault,High,2026-08-08 05:49,2026-08-13,18,0.8,41,Completed
SMMS-01625,S&T,Guntur-SEC-04,EQ-9248,Relay degradation,Medium,2026-08-08 08:34,2026-08-23,8,5.7,43,Scheduled
SMMS-01626,S&T,Guntakal-SEC-06,EQ-5803,Interlocking software fault,Medium,2026-06-17 04:16,2026-07-02,60,5.7,23,Open
SMMS-01627,S&T,Vijayawada-SEC-08,EQ-5548,Signal lamp failure,Low,2026-05-10 07:32,2026-06-09,83,5.8,9,Completed
SMMS-01628,S&T,Vijayawada-SEC-06,EQ-7814,Signal lamp failure,Medium,2026-05-05 19:02,2026-05-20,103,3.7,46,Open
SMMS-01629,S&T,Secunderabad-SEC-05,EQ-4420,Interlocking software fault,High,2026-06-15 08:09,2026-06-20,72,3.0,26,Completed
SMMS-01630,S&T,Guntakal-SEC-02,EQ-9650,Interlocking software fault,Critical,2026-06-26 02:03,2026-06-27,65,1.3,20,Open
SMMS-01631,S&T,Guntur-SEC-03,EQ-2946,Point machine malfunction,Medium,2026-07-31 08:38,2026-08-15,16,4.2,25,Open
SMMS-01632,S&T,Vijayawada-SEC-08,EQ-2017,Block instrument fault,High,2026-05-21 09:21,2026-05-26,97,1.2,3,Scheduled
SMMS-01633,S&T,Guntakal-SEC-05,EQ-4802,Point machine malfunction,High,2026-07-20 01:40,2026-07-25,37,0.7,26,Open
SMMS-01634,S&T,Vijayawada-SEC-08,EQ-5064,Signal lamp failure,Medium,2026-06-02 19:14,2026-06-17,75,5.6,15,Completed
SMMS-01635,S&T,Guntur-SEC-08,EQ-2104,Relay degradation,Low,2026-06-06 17:34,2026-07-06,56,5.5,28,Scheduled
SMMS-01636,S&T,Guntakal-SEC-07,EQ-7854,Track circuit failure,High,2026-08-11 13:39,2026-08-16,15,5.3,6,Scheduled
SMMS-01637,S&T,Secunderabad-SEC-01,EQ-9053,Relay degradation,Medium,2026-08-18 19:15,2026-09-02,0,1.7,13,Scheduled
SMMS-01638,S&T,Guntur-SEC-02,EQ-7818,Point machine malfunction,Low,2026-06-30 04:21,2026-07-30,32,0.8,22,Scheduled
SMMS-01639,S&T,Hyderabad-SEC-01,EQ-7575,Level crossing gate interlock fault,Medium,2026-07-24 11:22,2026-08-08,23,3.3,16,Open
SMMS-01640,S&T,Vijayawada-SEC-03,EQ-9556,Axle counter fault,Critical,2026-07-21 13:12,2026-07-22,40,5.6,23,Open
SMMS-01641,S&T,Hyderabad-SEC-03,EQ-7246,Level crossing gate interlock fault,Low,2026-05-03 17:45,2026-06-02,90,3.4,39,Open
SMMS-01642,S&T,Guntur-SEC-01,EQ-9617,Interlocking software fault,Low,2026-05-05 12:29,2026-06-04,88,3.9,13,Open
SMMS-01643,S&T,Guntakal-SEC-03,EQ-8356,Signal lamp failure,Low,2026-05-10 18:18,2026-06-09,83,5.1,23,Open
SMMS-01644,S&T,Vijayawada-SEC-03,EQ-9853,Relay degradation,Medium,2026-07-31 21:06,2026-08-15,16,5.1,31,Open
SMMS-01645,S&T,Secunderabad-SEC-02,EQ-4407,Level crossing gate interlock fault,High,2026-05-30 17:53,2026-06-04,88,1.4,26,Open
SMMS-01646,S&T,Guntur-SEC-07,EQ-9931,Level crossing gate interlock fault,Low,2026-07-25 19:23,2026-08-24,7,5.6,10,Open
SMMS-01647,S&T,Guntur-SEC-06,EQ-7204,Signal lamp failure,High,2026-06-23 11:41,2026-06-28,64,1.3,48,Open
SMMS-01648,S&T,Hyderabad-SEC-04,EQ-4710,Interlocking software fault,Low,2026-08-31 05:35,2026-09-30,0,3.2,30,Completed
SMMS-01649,S&T,Vijayawada-SEC-07,EQ-4635,Interlocking software fault,Medium,2026-05-28 23:44,2026-06-12,80,4.2,42,Scheduled
SMMS-01650,S&T,Guntakal-SEC-06,EQ-7967,Axle counter fault,Medium,2026-05-19 00:49,2026-06-03,89,3.1,14,Completed
SMMS-01651,S&T,Secunderabad-SEC-03,EQ-1916,Interlocking software fault,Medium,2026-08-15 07:30,2026-08-30,1,4.4,23,Open
SMMS-01652,S&T,Secunderabad-SEC-04,EQ-3061,Block instrument fault,Medium,2026-06-25 11:01,2026-07-10,52,3.1,16,Scheduled
SMMS-01653,S&T,Guntur-SEC-05,EQ-1371,Interlocking software fault,High,2026-06-07 19:23,2026-06-12,80,2.4,47,Open
SMMS-01654,S&T,Guntakal-SEC-06,EQ-6606,Cable fault,Low,2026-07-30 22:28,2026-08-29,2,5.8,20,Completed
SMMS-01655,S&T,Vijayawada-SEC-07,EQ-8370,Block instrument fault,Medium,2026-06-26 02:01,2026-07-11,51,4.4,43,Open
SMMS-01656,S&T,Hyderabad-SEC-03,EQ-2132,Cable fault,Medium,2026-08-18 20:12,2026-09-02,0,5.8,39,Open
SMMS-01657,S&T,Vijayawada-SEC-07,EQ-9644,Level crossing gate interlock fault,Medium,2026-05-23 13:36,2026-06-07,85,4.0,23,Open
SMMS-01658,S&T,Guntakal-SEC-01,EQ-8065,Block instrument fault,Low,2026-08-30 13:11,2026-09-29,0,2.0,49,Open
SMMS-01659,S&T,Vijayawada-SEC-03,EQ-5643,Relay degradation,Medium,2026-08-08 17:30,2026-08-23,8,0.9,40,Open
SMMS-01660,S&T,Secunderabad-SEC-01,EQ-7934,Axle counter fault,Low,2026-06-24 07:03,2026-07-24,38,2.9,17,Scheduled
SMMS-01661,S&T,Guntakal-SEC-02,EQ-3615,Level crossing gate interlock fault,Medium,2026-07-29 12:36,2026-08-13,18,3.8,19,Open
SMMS-01662,S&T,Vijayawada-SEC-06,EQ-1969,Point machine malfunction,Medium,2026-07-10 23:07,2026-07-25,37,3.8,10,Completed
SMMS-01663,S&T,Hyderabad-SEC-01,EQ-1474,Point machine malfunction,Low,2026-08-25 15:47,2026-09-24,0,1.8,17,Scheduled
SMMS-01664,S&T,Vijayawada-SEC-02,EQ-9917,Track circuit failure,Critical,2026-06-28 05:50,2026-06-29,63,4.7,17,Open
SMMS-01665,S&T,Hyderabad-SEC-04,EQ-2240,Signal lamp failure,Critical,2026-06-22 01:15,2026-06-23,69,5.4,36,Scheduled
SMMS-01666,S&T,Guntakal-SEC-02,EQ-4239,Cable fault,Low,2026-08-17 10:40,2026-09-16,0,1.6,27,Open
SMMS-01667,S&T,Hyderabad-SEC-01,EQ-8549,Point machine malfunction,Medium,2026-08-15 00:50,2026-08-30,1,3.2,22,Completed
SMMS-01668,S&T,Guntur-SEC-06,EQ-5846,Cable fault,Medium,2026-07-16 01:51,2026-07-31,31,3.9,33,Open
SMMS-01669,S&T,Secunderabad-SEC-02,EQ-6613,Cable fault,Medium,2026-07-19 01:43,2026-08-03,28,5.9,43,Open
SMMS-01670,S&T,Secunderabad-SEC-06,EQ-8259,Point machine malfunction,High,2026-06-12 09:55,2026-06-17,75,4.4,21,Open
SMMS-01671,S&T,Hyderabad-SEC-08,EQ-6652,Axle counter fault,Low,2026-05-11 13:34,2026-06-10,82,3.6,46,Open
SMMS-01672,S&T,Guntur-SEC-06,EQ-9676,Block proving failure,High,2026-05-29 10:38,2026-06-03,89,5.6,34,Open
SMMS-01673,S&T,Secunderabad-SEC-05,EQ-4030,Point machine malfunction,Medium,2026-05-26 21:17,2026-06-10,82,2.2,21,Completed
SMMS-01674,S&T,Vijayawada-SEC-02,EQ-1983,Track circuit failure,High,2026-07-15 06:06,2026-07-20,42,2.1,4,Scheduled
SMMS-01675,S&T,Hyderabad-SEC-08,EQ-5293,Block instrument fault,Medium,2026-06-07 19:03,2026-06-22,70,2.6,14,Open
SMMS-01676,S&T,Vijayawada-SEC-05,EQ-6937,Block proving failure,High,2026-05-30 04:05,2026-06-04,88,5.7,17,Open
SMMS-01677,S&T,Guntakal-SEC-03,EQ-5681,Signal lamp failure,Low,2026-05-04 20:39,2026-06-03,89,4.6,49,Scheduled
SMMS-01678,S&T,Guntakal-SEC-03,EQ-1361,Data logger fault,Low,2026-06-18 16:42,2026-07-18,44,2.9,18,Open
SMMS-01679,S&T,Guntakal-SEC-08,EQ-3699,Cable fault,Low,2026-05-21 20:46,2026-06-20,72,5.5,32,Scheduled
SMMS-01680,S&T,Guntur-SEC-07,EQ-5143,Point machine malfunction,Critical,2026-06-18 03:18,2026-06-19,73,0.6,10,Completed
SMMS-01681,S&T,Guntur-SEC-03,EQ-1133,Point machine malfunction,Low,2026-06-09 15:23,2026-07-09,53,2.3,37,Completed
SMMS-01682,S&T,Vijayawada-SEC-07,EQ-5292,Relay degradation,High,2026-08-20 19:51,2026-08-25,6,2.2,47,Open
SMMS-01683,S&T,Hyderabad-SEC-08,EQ-8084,Axle counter fault,High,2026-08-23 16:38,2026-08-28,3,4.7,31,Open
SMMS-01684,S&T,Vijayawada-SEC-01,EQ-2900,Point machine malfunction,High,2026-07-09 20:49,2026-07-14,48,1.8,11,Open
SMMS-01685,S&T,Vijayawada-SEC-06,EQ-9232,Point machine malfunction,Critical,2026-08-10 01:27,2026-08-11,20,4.3,16,Open
SMMS-01686,S&T,Vijayawada-SEC-03,EQ-9612,Data logger fault,Low,2026-07-25 02:26,2026-08-24,7,3.6,5,Scheduled
SMMS-01687,S&T,Guntur-SEC-03,EQ-5948,Cable fault,Medium,2026-06-10 04:45,2026-06-25,67,3.7,12,Open
SMMS-01688,S&T,Hyderabad-SEC-06,EQ-1591,Relay degradation,High,2026-05-18 03:09,2026-05-23,100,3.7,11,Open
SMMS-01689,S&T,Vijayawada-SEC-06,EQ-2541,Block instrument fault,High,2026-08-04 17:00,2026-08-09,22,5.8,11,Open
SMMS-01690,S&T,Guntakal-SEC-04,EQ-2133,Block instrument fault,Medium,2026-07-07 01:12,2026-07-22,40,0.8,7,Open
SMMS-01691,S&T,Secunderabad-SEC-06,EQ-2886,Relay degradation,Medium,2026-06-09 16:04,2026-06-24,68,5.5,50,Open
SMMS-01692,S&T,Vijayawada-SEC-08,EQ-4374,Axle counter fault,Low,2026-08-27 12:18,2026-09-26,0,0.7,3,Scheduled
SMMS-01693,S&T,Guntakal-SEC-08,EQ-8042,Signal lamp failure,Low,2026-07-31 14:04,2026-08-30,1,1.9,33,Open
SMMS-01694,S&T,Secunderabad-SEC-04,EQ-9125,Block instrument fault,Medium,2026-05-09 05:05,2026-05-24,99,2.6,24,Scheduled
SMMS-01695,S&T,Vijayawada-SEC-02,EQ-4704,Point machine malfunction,Medium,2026-08-12 10:57,2026-08-27,4,4.1,26,Scheduled
SMMS-01696,S&T,Guntur-SEC-08,EQ-9254,Point machine malfunction,Medium,2026-08-05 19:42,2026-08-20,11,5.1,7,Scheduled
SMMS-01697,S&T,Guntur-SEC-05,EQ-1507,Track circuit failure,High,2026-05-14 22:00,2026-05-19,104,5.4,50,Completed
SMMS-01698,S&T,Guntur-SEC-04,EQ-7536,Block instrument fault,Low,2026-06-14 10:11,2026-07-14,48,1.6,3,Open
SMMS-01699,S&T,Guntur-SEC-02,EQ-7507,Block proving failure,High,2026-06-16 01:52,2026-06-21,71,5.5,40,Open
SMMS-01700,S&T,Guntur-SEC-06,EQ-1971,Signal lamp failure,Low,2026-06-01 19:00,2026-07-01,61,1.9,33,Open
SMMS-01701,S&T,Secunderabad-SEC-02,EQ-9117,Point machine malfunction,Medium,2026-06-05 12:24,2026-06-20,72,0.5,19,Scheduled
SMMS-01702,S&T,Guntakal-SEC-04,EQ-4530,Signal lamp failure,High,2026-06-21 08:40,2026-06-26,66,1.5,50,Open
SMMS-01703,S&T,Hyderabad-SEC-03,EQ-9620,Relay degradation,Low,2026-05-10 04:32,2026-06-09,83,2.1,14,Scheduled
SMMS-01704,S&T,Secunderabad-SEC-01,EQ-9075,Axle counter fault,High,2026-06-09 17:46,2026-06-14,78,2.3,11,Open
SMMS-01705,S&T,Vijayawada-SEC-02,EQ-7124,Relay degradation,Low,2026-05-10 12:09,2026-06-09,83,5.1,23,Scheduled
SMMS-01706,S&T,Hyderabad-SEC-08,EQ-2873,Data logger fault,Low,2026-07-17 12:28,2026-08-16,15,1.1,28,Scheduled
SMMS-01707,S&T,Vijayawada-SEC-08,EQ-8018,Block instrument fault,Medium,2026-08-04 12:41,2026-08-19,12,1.4,36,Scheduled
SMMS-01708,S&T,Hyderabad-SEC-05,EQ-4154,Axle counter fault,Medium,2026-08-05 04:03,2026-08-20,11,1.6,17,Open
SMMS-01709,S&T,Guntur-SEC-05,EQ-6965,Relay degradation,Medium,2026-08-27 14:36,2026-09-11,0,2.8,21,Open
SMMS-01710,S&T,Guntakal-SEC-02,EQ-2609,Level crossing gate interlock fault,Medium,2026-05-08 14:02,2026-05-23,100,4.6,16,Open
SMMS-01711,S&T,Guntur-SEC-06,EQ-6454,Cable fault,Critical,2026-08-20 19:15,2026-08-21,10,1.8,12,Scheduled
SMMS-01712,S&T,Hyderabad-SEC-01,EQ-5946,Signal lamp failure,Critical,2026-07-01 09:26,2026-07-02,60,1.9,34,Open
SMMS-01713,S&T,Guntur-SEC-05,EQ-3920,Relay degradation,High,2026-05-28 14:11,2026-06-02,90,0.9,9,Scheduled
SMMS-01714,S&T,Secunderabad-SEC-05,EQ-7784,Relay degradation,Medium,2026-06-01 16:12,2026-06-16,76,5.4,26,Open
SMMS-01715,S&T,Guntur-SEC-01,EQ-2247,Point machine malfunction,Low,2026-07-23 09:55,2026-08-22,9,5.2,35,Scheduled
SMMS-01716,S&T,Guntakal-SEC-02,EQ-7210,Cable fault,Low,2026-07-11 23:11,2026-08-10,21,2.4,18,Open
SMMS-01717,S&T,Guntakal-SEC-01,EQ-4792,Block instrument fault,Low,2026-07-12 05:46,2026-08-11,20,2.6,30,Open
SMMS-01718,S&T,Guntakal-SEC-02,EQ-6157,Interlocking software fault,High,2026-07-28 23:00,2026-08-02,29,5.3,23,Completed
SMMS-01719,S&T,Vijayawada-SEC-07,EQ-1113,Point machine malfunction,Low,2026-07-17 09:03,2026-08-16,15,0.7,7,Scheduled
SMMS-01720,S&T,Vijayawada-SEC-02,EQ-4613,Relay degradation,Low,2026-07-10 00:34,2026-08-09,22,1.3,26,Scheduled
SMMS-01721,S&T,Guntur-SEC-05,EQ-4402,Level crossing gate interlock fault,Medium,2026-07-02 14:16,2026-07-17,45,4.3,35,Open
SMMS-01722,S&T,Hyderabad-SEC-06,EQ-6322,Block proving failure,Low,2026-07-15 00:02,2026-08-14,17,0.8,42,Open
SMMS-01723,S&T,Hyderabad-SEC-07,EQ-2393,Level crossing gate interlock fault,High,2026-05-22 02:41,2026-05-27,96,0.7,45,Completed
SMMS-01724,S&T,Guntur-SEC-03,EQ-5253,Signal lamp failure,Medium,2026-07-16 22:47,2026-07-31,31,0.9,17,Open
SMMS-01725,S&T,Guntur-SEC-07,EQ-8592,Signal lamp failure,High,2026-06-25 01:07,2026-06-30,62,2.0,2,Scheduled
SMMS-01726,S&T,Hyderabad-SEC-05,EQ-6494,Point machine malfunction,Low,2026-08-09 06:16,2026-09-08,0,2.3,21,Completed
SMMS-01727,S&T,Guntur-SEC-01,EQ-8008,Data logger fault,High,2026-06-16 11:03,2026-06-21,71,3.9,23,Open
SMMS-01728,S&T,Guntur-SEC-07,EQ-6795,Level crossing gate interlock fault,Low,2026-05-17 20:55,2026-06-16,76,4.6,10,Open
SMMS-01729,S&T,Guntur-SEC-03,EQ-2095,Block proving failure,Critical,2026-08-10 05:46,2026-08-11,20,0.6,30,Open
SMMS-01730,S&T,Guntakal-SEC-05,EQ-4016,Track circuit failure,Medium,2026-07-23 07:13,2026-08-07,24,4.8,22,Scheduled
SMMS-01731,S&T,Vijayawada-SEC-03,EQ-7923,Interlocking software fault,Medium,2026-05-19 09:05,2026-06-03,89,3.5,48,Open
SMMS-01732,S&T,Secunderabad-SEC-03,EQ-1868,Point machine malfunction,Medium,2026-06-30 20:41,2026-07-15,47,4.3,30,Open
SMMS-01733,S&T,Guntakal-SEC-03,EQ-6535,Block instrument fault,High,2026-06-21 20:14,2026-06-26,66,4.4,27,Completed
SMMS-01734,S&T,Hyderabad-SEC-05,EQ-5943,Relay degradation,Critical,2026-05-29 15:17,2026-05-30,93,2.0,20,Open
SMMS-01735,S&T,Vijayawada-SEC-08,EQ-6134,Cable fault,High,2026-05-06 13:29,2026-05-11,112,4.4,11,Scheduled
SMMS-01736,S&T,Vijayawada-SEC-03,EQ-9763,Block instrument fault,High,2026-05-10 04:16,2026-05-15,108,1.7,47,Open
SMMS-01737,S&T,Secunderabad-SEC-08,EQ-4409,Signal lamp failure,Medium,2026-07-11 00:01,2026-07-26,36,6.0,10,Open
SMMS-01738,S&T,Guntur-SEC-07,EQ-2570,Point machine malfunction,High,2026-07-21 10:13,2026-07-26,36,3.0,23,Open
SMMS-01739,S&T,Guntur-SEC-06,EQ-1614,Block proving failure,Low,2026-08-15 21:38,2026-09-14,0,5.3,35,Scheduled
SMMS-01740,S&T,Guntur-SEC-08,EQ-2979,Point machine malfunction,Low,2026-07-27 21:20,2026-08-26,5,5.6,28,Open
SMMS-01741,S&T,Secunderabad-SEC-06,EQ-2688,Data logger fault,High,2026-07-24 09:23,2026-07-29,33,2.6,34,Open
SMMS-01742,S&T,Vijayawada-SEC-04,EQ-5947,Block instrument fault,Medium,2026-05-26 03:00,2026-06-10,82,4.9,15,Completed
SMMS-01743,S&T,Guntakal-SEC-06,EQ-4026,Track circuit failure,Low,2026-05-19 05:12,2026-06-18,74,5.2,33,Completed
SMMS-01744,S&T,Guntur-SEC-08,EQ-8511,Signal lamp failure,Low,2026-06-07 06:25,2026-07-07,55,3.6,5,Open
SMMS-01745,S&T,Vijayawada-SEC-04,EQ-6477,Point machine malfunction,Medium,2026-06-21 19:35,2026-07-06,56,2.4,12,Open
SMMS-01746,S&T,Vijayawada-SEC-03,EQ-3719,Level crossing gate interlock fault,Low,2026-06-09 03:47,2026-07-09,53,3.5,32,Scheduled
SMMS-01747,S&T,Guntur-SEC-03,EQ-1319,Axle counter fault,Medium,2026-06-18 21:48,2026-07-03,59,4.2,36,Open
SMMS-01748,S&T,Hyderabad-SEC-05,EQ-6914,Block instrument fault,Medium,2026-05-07 16:35,2026-05-22,101,1.7,6,Open
SMMS-01749,S&T,Secunderabad-SEC-01,EQ-1227,Track circuit failure,High,2026-07-11 04:43,2026-07-16,46,1.1,45,Completed
SMMS-01750,S&T,Secunderabad-SEC-02,EQ-8323,Signal lamp failure,Low,2026-07-02 23:38,2026-08-01,30,4.6,17,Open
SMMS-01751,S&T,Guntur-SEC-03,EQ-8121,Data logger fault,Medium,2026-05-24 21:47,2026-06-08,84,3.3,16,Open
SMMS-01752,S&T,Hyderabad-SEC-01,EQ-4843,Interlocking software fault,Medium,2026-06-29 22:43,2026-07-14,48,5.4,34,Open
SMMS-01753,S&T,Guntur-SEC-05,EQ-7707,Block proving failure,Medium,2026-08-12 08:09,2026-08-27,4,2.2,13,Scheduled
SMMS-01754,S&T,Guntakal-SEC-02,EQ-6575,Level crossing gate interlock fault,Low,2026-07-18 21:50,2026-08-17,14,4.9,22,Open
SMMS-01755,S&T,Secunderabad-SEC-06,EQ-9353,Axle counter fault,Medium,2026-07-08 06:51,2026-07-23,39,4.2,34,Open
SMMS-01756,S&T,Secunderabad-SEC-01,EQ-1661,Track circuit failure,Medium,2026-06-17 14:07,2026-07-02,60,3.7,21,Open
SMMS-01757,S&T,Vijayawada-SEC-04,EQ-7507,Data logger fault,Critical,2026-08-15 18:34,2026-08-16,15,2.9,16,Open
SMMS-01758,S&T,Guntakal-SEC-07,EQ-3815,Cable fault,Medium,2026-08-15 09:50,2026-08-30,1,5.5,30,Open
SMMS-01759,S&T,Guntur-SEC-06,EQ-5225,Signal lamp failure,Low,2026-08-30 01:43,2026-09-29,0,4.7,48,Open
SMMS-01760,S&T,Vijayawada-SEC-02,EQ-5452,Block instrument fault,Medium,2026-07-20 20:50,2026-08-04,27,2.4,27,Scheduled
SMMS-01761,S&T,Vijayawada-SEC-05,EQ-8900,Block proving failure,High,2026-07-15 19:33,2026-07-20,42,4.4,38,Scheduled
SMMS-01762,S&T,Vijayawada-SEC-06,EQ-7544,Level crossing gate interlock fault,Medium,2026-08-28 21:44,2026-09-12,0,2.5,40,Completed
SMMS-01763,S&T,Guntakal-SEC-01,EQ-3122,Axle counter fault,Medium,2026-08-07 19:02,2026-08-22,9,1.8,36,Completed
SMMS-01764,S&T,Hyderabad-SEC-02,EQ-4782,Block instrument fault,High,2026-06-03 09:25,2026-06-08,84,5.7,10,Completed
SMMS-01765,S&T,Guntakal-SEC-06,EQ-4406,Point machine malfunction,Medium,2026-05-17 16:01,2026-06-01,91,1.5,4,Open
SMMS-01766,S&T,Secunderabad-SEC-04,EQ-1113,Relay degradation,Low,2026-08-02 06:49,2026-09-01,0,4.5,46,Scheduled
SMMS-01767,S&T,Secunderabad-SEC-03,EQ-4349,Block instrument fault,High,2026-08-13 00:09,2026-08-18,13,5.6,2,Open
SMMS-01768,S&T,Secunderabad-SEC-08,EQ-9804,Relay degradation,Low,2026-08-07 15:30,2026-09-06,0,1.6,15,Open
SMMS-01769,S&T,Vijayawada-SEC-01,EQ-6899,Block proving failure,Medium,2026-07-16 09:29,2026-07-31,31,5.8,33,Completed
SMMS-01770,S&T,Secunderabad-SEC-07,EQ-9581,Block proving failure,High,2026-06-12 23:32,2026-06-17,75,1.7,42,Open
SMMS-01771,S&T,Guntur-SEC-01,EQ-9853,Signal lamp failure,Medium,2026-05-04 19:51,2026-05-19,104,2.8,43,Scheduled
SMMS-01772,S&T,Guntakal-SEC-04,EQ-3360,Point machine malfunction,Low,2026-07-25 10:32,2026-08-24,7,2.5,25,Open
SMMS-01773,S&T,Vijayawada-SEC-03,EQ-8128,Interlocking software fault,Low,2026-06-03 04:21,2026-07-03,59,3.0,3,Open
SMMS-01774,S&T,Hyderabad-SEC-07,EQ-8023,Relay degradation,Medium,2026-06-01 18:42,2026-06-16,76,3.0,35,Open
SMMS-01775,S&T,Hyderabad-SEC-04,EQ-4496,Block proving failure,Medium,2026-08-05 14:25,2026-08-20,11,1.2,38,Open
SMMS-01776,S&T,Hyderabad-SEC-02,EQ-4566,Block proving failure,Medium,2026-06-15 07:22,2026-06-30,62,3.8,15,Open
SMMS-01777,S&T,Hyderabad-SEC-01,EQ-7129,Data logger fault,High,2026-07-15 23:10,2026-07-20,42,1.0,45,Open
SMMS-01778,S&T,Secunderabad-SEC-02,EQ-3093,Cable fault,Low,2026-07-18 10:47,2026-08-17,14,4.2,2,Open
SMMS-01779,S&T,Secunderabad-SEC-03,EQ-7607,Block proving failure,Medium,2026-07-07 00:21,2026-07-22,40,4.0,31,Open
SMMS-01780,S&T,Guntakal-SEC-04,EQ-9714,Level crossing gate interlock fault,Medium,2026-07-24 06:00,2026-08-08,23,1.0,17,Open
SMMS-01781,S&T,Secunderabad-SEC-01,EQ-4786,Relay degradation,Medium,2026-06-18 10:57,2026-07-03,59,1.0,23,Open
SMMS-01782,S&T,Guntakal-SEC-05,EQ-6774,Data logger fault,Medium,2026-08-13 06:53,2026-08-28,3,1.3,50,Open
SMMS-01783,S&T,Guntur-SEC-03,EQ-4733,Data logger fault,High,2026-05-07 07:54,2026-05-12,111,3.7,40,Open
SMMS-01784,S&T,Hyderabad-SEC-05,EQ-6699,Cable fault,High,2026-07-19 02:16,2026-07-24,38,1.6,49,Open
SMMS-01785,S&T,Vijayawada-SEC-05,EQ-2220,Block instrument fault,Low,2026-07-16 08:08,2026-08-15,16,4.1,5,Open
SMMS-01786,S&T,Secunderabad-SEC-06,EQ-1257,Block proving failure,Critical,2026-08-04 22:51,2026-08-05,26,4.6,11,Scheduled
SMMS-01787,S&T,Guntur-SEC-01,EQ-4628,Block proving failure,Low,2026-05-03 06:58,2026-06-02,90,2.6,49,Completed
SMMS-01788,S&T,Vijayawada-SEC-04,EQ-3785,Track circuit failure,Medium,2026-07-18 09:46,2026-08-02,29,3.0,20,Completed
SMMS-01789,S&T,Secunderabad-SEC-05,EQ-7980,Block proving failure,Medium,2026-07-05 14:14,2026-07-20,42,3.8,27,Open
SMMS-01790,S&T,Guntakal-SEC-04,EQ-9990,Relay degradation,High,2026-08-19 02:52,2026-08-24,7,3.8,29,Open
SMMS-01791,S&T,Vijayawada-SEC-02,EQ-7772,Interlocking software fault,Medium,2026-05-30 23:09,2026-06-14,78,1.6,21,Completed
SMMS-01792,S&T,Vijayawada-SEC-05,EQ-8684,Relay degradation,Low,2026-07-05 03:41,2026-08-04,27,4.0,24,Scheduled
SMMS-01793,S&T,Secunderabad-SEC-04,EQ-1380,Data logger fault,Critical,2026-06-12 13:49,2026-06-13,79,6.0,14,Open
SMMS-01794,S&T,Guntakal-SEC-08,EQ-2760,Signal lamp failure,High,2026-05-06 08:53,2026-05-11,112,5.7,20,Open
SMMS-01795,S&T,Hyderabad-SEC-05,EQ-5917,Interlocking software fault,Medium,2026-06-30 15:00,2026-07-15,47,2.8,33,Scheduled
SMMS-01796,S&T,Secunderabad-SEC-04,EQ-6334,Axle counter fault,Medium,2026-06-04 15:29,2026-06-19,73,4.7,34,Completed
SMMS-01797,S&T,Secunderabad-SEC-06,EQ-4135,Block instrument fault,Medium,2026-08-28 11:55,2026-09-12,0,2.4,36,Scheduled
SMMS-01798,S&T,Hyderabad-SEC-03,EQ-9232,Track circuit failure,Medium,2026-07-24 07:38,2026-08-08,23,3.8,30,Open
SMMS-01799,S&T,Guntur-SEC-02,EQ-9324,Cable fault,Medium,2026-05-19 14:23,2026-06-03,89,3.8,41,Open
SMMS-01800,S&T,Vijayawada-SEC-02,EQ-4927,Signal lamp failure,High,2026-08-26 09:36,2026-08-31,0,2.3,34,Completed
SMMS-01801,S&T,Guntur-SEC-02,EQ-3709,Interlocking software fault,Low,2026-06-10 02:27,2026-07-10,52,2.6,16,Open
SMMS-01802,S&T,Hyderabad-SEC-07,EQ-6406,Axle counter fault,Medium,2026-05-12 15:32,2026-05-27,96,3.4,9,Open
SMMS-01803,S&T,Hyderabad-SEC-01,EQ-8403,Point machine malfunction,Medium,2026-08-18 11:03,2026-09-02,0,5.0,2,Open
SMMS-01804,S&T,Hyderabad-SEC-08,EQ-5763,Level crossing gate interlock fault,High,2026-08-26 16:22,2026-08-31,0,2.2,29,Open
SMMS-01805,S&T,Guntur-SEC-02,EQ-5252,Block instrument fault,Low,2026-07-24 02:36,2026-08-23,8,1.7,19,Open
SMMS-01806,S&T,Secunderabad-SEC-06,EQ-7980,Point machine malfunction,High,2026-05-29 02:46,2026-06-03,89,4.6,13,Open
SMMS-01807,S&T,Hyderabad-SEC-05,EQ-7636,Cable fault,Critical,2026-05-20 11:41,2026-05-21,102,4.7,24,Scheduled
SMMS-01808,S&T,Hyderabad-SEC-05,EQ-1727,Signal lamp failure,Medium,2026-07-10 05:41,2026-07-25,37,4.4,21,Open
SMMS-01809,S&T,Vijayawada-SEC-01,EQ-9909,Level crossing gate interlock fault,High,2026-06-26 02:04,2026-07-01,61,1.7,47,Scheduled
SMMS-01810,S&T,Guntakal-SEC-05,EQ-6171,Signal lamp failure,High,2026-07-11 23:57,2026-07-16,46,1.7,3,Open
SMMS-01811,S&T,Secunderabad-SEC-07,EQ-1510,Point machine malfunction,High,2026-07-19 06:27,2026-07-24,38,3.4,13,Completed
SMMS-01812,S&T,Hyderabad-SEC-03,EQ-2517,Cable fault,Low,2026-05-20 11:07,2026-06-19,73,1.0,37,Open
SMMS-01813,S&T,Hyderabad-SEC-07,EQ-2899,Track circuit failure,Low,2026-05-28 00:11,2026-06-27,65,3.8,27,Scheduled
SMMS-01814,S&T,Secunderabad-SEC-08,EQ-2554,Block proving failure,Critical,2026-05-31 10:23,2026-06-01,91,2.5,49,Completed
SMMS-01815,S&T,Hyderabad-SEC-01,EQ-8095,Block proving failure,Medium,2026-08-03 03:00,2026-08-18,13,2.9,33,Open
SMMS-01816,S&T,Vijayawada-SEC-02,EQ-4342,Axle counter fault,Critical,2026-08-31 04:28,2026-09-01,0,2.2,50,Completed
SMMS-01817,S&T,Guntakal-SEC-08,EQ-1282,Block instrument fault,Low,2026-05-15 03:39,2026-06-14,78,5.7,46,Open
SMMS-01818,S&T,Vijayawada-SEC-06,EQ-3301,Point machine malfunction,High,2026-07-08 20:57,2026-07-13,49,3.8,50,Open
SMMS-01819,S&T,Hyderabad-SEC-05,EQ-5344,Signal lamp failure,High,2026-06-19 11:08,2026-06-24,68,1.2,44,Open
SMMS-01820,S&T,Guntur-SEC-07,EQ-9126,Cable fault,Medium,2026-05-18 16:14,2026-06-02,90,4.2,35,Scheduled
SMMS-01821,S&T,Secunderabad-SEC-01,EQ-7367,Level crossing gate interlock fault,Medium,2026-07-13 18:22,2026-07-28,34,1.9,8,Open
SMMS-01822,S&T,Vijayawada-SEC-01,EQ-1537,Block proving failure,Low,2026-05-06 17:23,2026-06-05,87,4.8,16,Completed
SMMS-01823,S&T,Secunderabad-SEC-05,EQ-8034,Cable fault,Low,2026-07-13 02:26,2026-08-12,19,2.5,33,Scheduled
SMMS-01824,S&T,Secunderabad-SEC-05,EQ-9880,Point machine malfunction,High,2026-08-10 19:59,2026-08-15,16,2.9,9,Scheduled
SMMS-01825,S&T,Hyderabad-SEC-08,EQ-4631,Track circuit failure,Low,2026-08-15 00:30,2026-09-14,0,5.3,5,Open
SMMS-01826,S&T,Guntur-SEC-08,EQ-3222,Signal lamp failure,Low,2026-07-17 02:44,2026-08-16,15,3.3,29,Scheduled
SMMS-01827,S&T,Guntakal-SEC-06,EQ-8052,Relay degradation,Low,2026-08-03 19:48,2026-09-02,0,5.0,44,Scheduled
SMMS-01828,S&T,Secunderabad-SEC-02,EQ-7339,Block proving failure,Low,2026-06-03 01:57,2026-07-03,59,5.0,8,Scheduled
SMMS-01829,S&T,Secunderabad-SEC-02,EQ-6632,Axle counter fault,Critical,2026-07-11 04:03,2026-07-12,50,2.1,7,Open
SMMS-01830,S&T,Secunderabad-SEC-01,EQ-9501,Point machine malfunction,Low,2026-05-27 22:13,2026-06-26,66,4.9,27,Scheduled
SMMS-01831,S&T,Secunderabad-SEC-01,EQ-5147,Interlocking software fault,Low,2026-05-24 20:14,2026-06-23,69,5.4,49,Scheduled
SMMS-01832,S&T,Hyderabad-SEC-08,EQ-9184,Point machine malfunction,Low,2026-07-10 22:27,2026-08-09,22,4.4,18,Open
SMMS-01833,S&T,Hyderabad-SEC-05,EQ-6335,Interlocking software fault,Low,2026-05-24 03:54,2026-06-23,69,2.0,19,Scheduled
SMMS-01834,S&T,Guntakal-SEC-06,EQ-9216,Signal lamp failure,Low,2026-07-17 22:54,2026-08-16,15,0.6,28,Completed
SMMS-01835,S&T,Hyderabad-SEC-07,EQ-4611,Block proving failure,High,2026-06-04 07:22,2026-06-09,83,2.7,41,Scheduled
SMMS-01836,S&T,Guntakal-SEC-01,EQ-3320,Data logger fault,Medium,2026-05-06 11:18,2026-05-21,102,0.7,19,Open
SMMS-01837,S&T,Guntakal-SEC-07,EQ-8443,Block proving failure,Medium,2026-08-13 01:28,2026-08-28,3,2.1,30,Completed
SMMS-01838,S&T,Hyderabad-SEC-03,EQ-5712,Block instrument fault,Low,2026-08-09 12:29,2026-09-08,0,4.2,27,Scheduled
SMMS-01839,S&T,Vijayawada-SEC-05,EQ-1735,Point machine malfunction,Low,2026-06-15 20:53,2026-07-15,47,4.9,27,Completed
SMMS-01840,S&T,Guntur-SEC-02,EQ-3022,Block instrument fault,High,2026-07-26 05:57,2026-07-31,31,5.9,20,Scheduled
SMMS-01841,S&T,Vijayawada-SEC-01,EQ-7347,Axle counter fault,High,2026-07-14 05:06,2026-07-19,43,5.5,40,Completed
SMMS-01842,S&T,Vijayawada-SEC-01,EQ-9849,Level crossing gate interlock fault,High,2026-07-13 20:54,2026-07-18,44,2.6,29,Open
SMMS-01843,S&T,Guntur-SEC-02,EQ-9984,Data logger fault,Medium,2026-08-07 12:46,2026-08-22,9,1.2,42,Completed
SMMS-01844,S&T,Guntur-SEC-02,EQ-7055,Level crossing gate interlock fault,Medium,2026-06-06 08:57,2026-06-21,71,0.8,12,Completed
SMMS-01845,S&T,Vijayawada-SEC-03,EQ-2030,Cable fault,Low,2026-05-28 06:07,2026-06-27,65,2.1,33,Completed
SMMS-01846,S&T,Vijayawada-SEC-02,EQ-5481,Axle counter fault,Medium,2026-08-05 20:50,2026-08-20,11,1.3,14,Open
SMMS-01847,S&T,Guntakal-SEC-05,EQ-9560,Data logger fault,Low,2026-07-19 09:47,2026-08-18,13,0.5,21,Scheduled
SMMS-01848,S&T,Secunderabad-SEC-04,EQ-6562,Axle counter fault,Medium,2026-05-11 21:43,2026-05-26,97,1.1,2,Scheduled
SMMS-01849,S&T,Vijayawada-SEC-05,EQ-2950,Relay degradation,High,2026-05-07 15:42,2026-05-12,111,4.7,19,Open
SMMS-01850,S&T,Hyderabad-SEC-08,EQ-4767,Interlocking software fault,High,2026-07-10 23:23,2026-07-15,47,5.8,44,Open
SMMS-01851,S&T,Secunderabad-SEC-01,EQ-2395,Axle counter fault,Medium,2026-08-12 19:22,2026-08-27,4,4.4,39,Open
SMMS-01852,S&T,Guntakal-SEC-02,EQ-2230,Interlocking software fault,Medium,2026-07-29 15:45,2026-08-13,18,4.9,3,Completed
SMMS-01853,S&T,Vijayawada-SEC-05,EQ-8628,Block instrument fault,Medium,2026-06-24 06:19,2026-07-09,53,2.0,39,Scheduled
SMMS-01854,S&T,Secunderabad-SEC-08,EQ-7997,Relay degradation,Critical,2026-08-12 12:56,2026-08-13,18,1.3,11,Open
SMMS-01855,S&T,Hyderabad-SEC-02,EQ-2323,Relay degradation,Medium,2026-08-04 06:05,2026-08-19,12,3.6,8,Scheduled
SMMS-01856,S&T,Vijayawada-SEC-03,EQ-7691,Cable fault,Medium,2026-08-26 03:21,2026-09-10,0,5.2,31,Open
SMMS-01857,S&T,Guntakal-SEC-08,EQ-9256,Block instrument fault,Low,2026-06-14 08:09,2026-07-14,48,4.2,30,Completed
SMMS-01858,S&T,Guntakal-SEC-04,EQ-9229,Relay degradation,Low,2026-05-24 11:22,2026-06-23,69,2.8,36,Open
SMMS-01859,S&T,Guntakal-SEC-04,EQ-5840,Axle counter fault,Low,2026-05-28 06:00,2026-06-27,65,1.3,10,Scheduled
SMMS-01860,S&T,Hyderabad-SEC-02,EQ-4056,Relay degradation,High,2026-08-06 12:05,2026-08-11,20,5.4,3,Open
SMMS-01861,S&T,Hyderabad-SEC-02,EQ-4058,Relay degradation,High,2026-07-31 14:50,2026-08-05,26,1.8,32,Open
SMMS-01862,S&T,Guntur-SEC-01,EQ-1725,Relay degradation,Medium,2026-07-29 07:55,2026-08-13,18,2.9,10,Open
SMMS-01863,S&T,Hyderabad-SEC-01,EQ-8319,Point machine malfunction,High,2026-06-29 13:06,2026-07-04,58,4.3,48,Scheduled
SMMS-01864,S&T,Vijayawada-SEC-06,EQ-7390,Relay degradation,Medium,2026-08-24 01:13,2026-09-08,0,1.6,25,Scheduled
SMMS-01865,S&T,Guntur-SEC-02,EQ-3103,Point machine malfunction,Low,2026-08-18 10:28,2026-09-17,0,4.4,44,Scheduled
SMMS-01866,S&T,Guntakal-SEC-01,EQ-5314,Track circuit failure,Medium,2026-07-01 13:14,2026-07-16,46,5.7,2,Scheduled
SMMS-01867,S&T,Guntakal-SEC-03,EQ-6824,Axle counter fault,Low,2026-08-16 23:26,2026-09-15,0,0.9,39,Scheduled
SMMS-01868,S&T,Guntur-SEC-06,EQ-6109,Interlocking software fault,Low,2026-06-16 10:05,2026-07-16,46,2.4,15,Open
SMMS-01869,S&T,Secunderabad-SEC-08,EQ-6937,Track circuit failure,Low,2026-06-16 01:42,2026-07-16,46,1.0,16,Completed
SMMS-01870,S&T,Vijayawada-SEC-03,EQ-8080,Data logger fault,Low,2026-05-10 13:55,2026-06-09,83,5.6,31,Open
SMMS-01871,S&T,Guntakal-SEC-04,EQ-4707,Interlocking software fault,Medium,2026-08-28 22:20,2026-09-12,0,4.9,21,Scheduled
SMMS-01872,S&T,Guntakal-SEC-07,EQ-7772,Block proving failure,Medium,2026-06-29 10:44,2026-07-14,48,3.5,6,Scheduled
SMMS-01873,S&T,Hyderabad-SEC-01,EQ-7610,Signal lamp failure,Critical,2026-06-25 05:33,2026-06-26,66,5.6,47,Completed
SMMS-01874,S&T,Vijayawada-SEC-02,EQ-9177,Data logger fault,High,2026-05-20 19:14,2026-05-25,98,3.6,18,Open
SMMS-01875,S&T,Guntakal-SEC-03,EQ-1737,Track circuit failure,Medium,2026-07-07 16:00,2026-07-22,40,3.2,15,Open
SMMS-01876,S&T,Guntakal-SEC-01,EQ-1671,Block instrument fault,High,2026-08-10 17:13,2026-08-15,16,3.8,2,Open
SMMS-01877,S&T,Hyderabad-SEC-02,EQ-4577,Level crossing gate interlock fault,Low,2026-08-05 19:42,2026-09-04,0,4.5,37,Open
SMMS-01878,S&T,Secunderabad-SEC-01,EQ-8520,Signal lamp failure,Medium,2026-07-04 06:49,2026-07-19,43,3.2,16,Open
SMMS-01879,S&T,Guntur-SEC-05,EQ-7187,Axle counter fault,Medium,2026-07-10 11:08,2026-07-25,37,0.5,12,Completed
SMMS-01880,S&T,Hyderabad-SEC-03,EQ-3081,Point machine malfunction,High,2026-06-22 18:22,2026-06-27,65,5.8,39,Completed
SMMS-01881,S&T,Vijayawada-SEC-03,EQ-8876,Relay degradation,Medium,2026-08-04 05:40,2026-08-19,12,5.8,18,Scheduled
SMMS-01882,S&T,Hyderabad-SEC-07,EQ-4374,Track circuit failure,High,2026-08-14 08:27,2026-08-19,12,4.8,2,Completed
SMMS-01883,S&T,Guntur-SEC-04,EQ-3721,Block proving failure,Medium,2026-05-31 10:53,2026-06-15,77,6.0,50,Open
SMMS-01884,S&T,Guntakal-SEC-02,EQ-9897,Cable fault,Medium,2026-07-11 09:24,2026-07-26,36,2.7,16,Open
SMMS-01885,S&T,Guntakal-SEC-06,EQ-9536,Interlocking software fault,Medium,2026-08-06 14:48,2026-08-21,10,2.0,39,Completed
SMMS-01886,S&T,Guntakal-SEC-04,EQ-8094,Cable fault,High,2026-06-21 20:39,2026-06-26,66,3.4,8,Open
SMMS-01887,S&T,Vijayawada-SEC-08,EQ-8662,Relay degradation,High,2026-07-29 17:23,2026-08-03,28,5.3,45,Open
SMMS-01888,S&T,Vijayawada-SEC-07,EQ-7164,Interlocking software fault,High,2026-05-27 23:18,2026-06-01,91,4.4,42,Completed
SMMS-01889,S&T,Hyderabad-SEC-06,EQ-6728,Cable fault,Medium,2026-08-19 20:58,2026-09-03,0,4.5,49,Completed
SMMS-01890,S&T,Guntakal-SEC-01,EQ-3734,Point machine malfunction,Medium,2026-06-22 01:13,2026-07-07,55,3.6,41,Open
SMMS-01891,S&T,Guntur-SEC-03,EQ-4169,Level crossing gate interlock fault,Low,2026-06-19 16:48,2026-07-19,43,1.6,23,Scheduled
SMMS-01892,S&T,Guntur-SEC-08,EQ-8802,Block instrument fault,Medium,2026-08-09 06:12,2026-08-24,7,2.9,25,Scheduled
SMMS-01893,S&T,Guntakal-SEC-04,EQ-2463,Block instrument fault,Medium,2026-07-16 03:38,2026-07-31,31,1.6,18,Completed
SMMS-01894,S&T,Hyderabad-SEC-04,EQ-1384,Relay degradation,High,2026-08-22 02:42,2026-08-27,4,4.8,43,Open
SMMS-01895,S&T,Vijayawada-SEC-01,EQ-4145,Track circuit failure,Medium,2026-07-24 17:28,2026-08-08,23,3.2,40,Scheduled
SMMS-01896,S&T,Secunderabad-SEC-02,EQ-1543,Point machine malfunction,Low,2026-06-06 06:09,2026-07-06,56,1.1,6,Open
SMMS-01897,S&T,Secunderabad-SEC-01,EQ-6043,Interlocking software fault,High,2026-06-14 20:07,2026-06-19,73,3.4,13,Scheduled
SMMS-01898,S&T,Secunderabad-SEC-05,EQ-5285,Data logger fault,Medium,2026-07-10 14:51,2026-07-25,37,1.4,40,Open
SMMS-01899,S&T,Guntur-SEC-01,EQ-5097,Block instrument fault,Low,2026-08-31 04:54,2026-09-30,0,1.0,47,Scheduled
SMMS-01900,S&T,Hyderabad-SEC-05,EQ-2467,Cable fault,Low,2026-07-23 01:06,2026-08-22,9,4.1,32,Open
SMMS-01901,S&T,Hyderabad-SEC-05,EQ-7240,Block instrument fault,Medium,2026-06-08 23:01,2026-06-23,69,3.9,44,Open
SMMS-01902,S&T,Guntur-SEC-02,EQ-2936,Signal lamp failure,Low,2026-07-05 17:23,2026-08-04,27,3.7,13,Scheduled
SMMS-01903,S&T,Vijayawada-SEC-04,EQ-1936,Cable fault,Medium,2026-07-04 17:24,2026-07-19,43,1.7,34,Scheduled
SMMS-01904,S&T,Guntakal-SEC-02,EQ-6948,Data logger fault,Medium,2026-06-20 03:23,2026-07-05,57,1.4,32,Open
SMMS-01905,S&T,Guntur-SEC-05,EQ-4202,Axle counter fault,Medium,2026-05-15 00:29,2026-05-30,93,5.5,33,Open
SMMS-01906,S&T,Hyderabad-SEC-08,EQ-2570,Block instrument fault,Medium,2026-08-16 19:47,2026-08-31,0,2.2,45,Open
SMMS-01907,S&T,Secunderabad-SEC-01,EQ-7946,Relay degradation,Medium,2026-06-12 17:20,2026-06-27,65,5.2,23,Open
SMMS-01908,S&T,Guntur-SEC-03,EQ-2029,Signal lamp failure,Low,2026-06-22 04:29,2026-07-22,40,4.3,50,Open
SMMS-01909,S&T,Hyderabad-SEC-01,EQ-7201,Block instrument fault,Medium,2026-06-06 01:58,2026-06-21,71,5.7,39,Open
SMMS-01910,S&T,Guntakal-SEC-02,EQ-9129,Signal lamp failure,Low,2026-08-04 16:55,2026-09-03,0,2.8,12,Open
SMMS-01911,S&T,Guntur-SEC-04,EQ-6745,Data logger fault,Medium,2026-08-12 06:09,2026-08-27,4,3.2,27,Completed
SMMS-01912,S&T,Guntur-SEC-01,EQ-7308,Data logger fault,Medium,2026-05-21 14:23,2026-06-05,87,3.4,18,Completed
SMMS-01913,S&T,Guntakal-SEC-07,EQ-6793,Block proving failure,Low,2026-06-11 14:20,2026-07-11,51,4.6,49,Open
SMMS-01914,S&T,Secunderabad-SEC-03,EQ-3125,Interlocking software fault,Low,2026-05-14 07:51,2026-06-13,79,5.2,3,Scheduled
SMMS-01915,S&T,Secunderabad-SEC-01,EQ-5471,Block proving failure,Medium,2026-08-01 07:52,2026-08-16,15,3.8,49,Open
SMMS-01916,S&T,Guntakal-SEC-01,EQ-6452,Signal lamp failure,Low,2026-07-12 12:32,2026-08-11,20,4.0,17,Open
SMMS-01917,S&T,Secunderabad-SEC-03,EQ-8897,Relay degradation,High,2026-05-19 11:16,2026-05-24,99,5.3,2,Open
SMMS-01918,S&T,Guntur-SEC-02,EQ-4088,Axle counter fault,High,2026-06-24 16:08,2026-06-29,63,3.4,48,Scheduled
SMMS-01919,S&T,Hyderabad-SEC-02,EQ-1702,Interlocking software fault,Medium,2026-07-31 09:10,2026-08-15,16,2.2,3,Open
SMMS-01920,S&T,Guntakal-SEC-02,EQ-2431,Cable fault,Critical,2026-07-04 16:23,2026-07-05,57,4.9,2,Scheduled
SMMS-01921,S&T,Guntakal-SEC-01,EQ-1480,Cable fault,High,2026-07-13 16:02,2026-07-18,44,5.9,8,Open
SMMS-01922,S&T,Hyderabad-SEC-03,EQ-8404,Block proving failure,Medium,2026-05-29 18:51,2026-06-13,79,3.3,39,Open
SMMS-01923,S&T,Guntur-SEC-04,EQ-5365,Level crossing gate interlock fault,Low,2026-08-06 13:23,2026-09-05,0,3.1,29,Scheduled
SMMS-01924,S&T,Guntur-SEC-08,EQ-4220,Data logger fault,Low,2026-07-31 16:02,2026-08-30,1,5.7,41,Open
SMMS-01925,S&T,Hyderabad-SEC-05,EQ-5647,Point machine malfunction,Medium,2026-08-17 11:46,2026-09-01,0,4.8,5,Completed
SMMS-01926,S&T,Guntur-SEC-07,EQ-9737,Point machine malfunction,Medium,2026-08-29 17:28,2026-09-13,0,2.9,45,Completed
SMMS-01927,S&T,Guntakal-SEC-01,EQ-8560,Block instrument fault,Medium,2026-07-21 19:48,2026-08-05,26,5.9,38,Scheduled
SMMS-01928,S&T,Secunderabad-SEC-02,EQ-7997,Point machine malfunction,High,2026-08-06 05:07,2026-08-11,20,1.8,18,Open
SMMS-01929,S&T,Guntakal-SEC-02,EQ-8750,Relay degradation,Medium,2026-05-10 12:17,2026-05-25,98,4.1,39,Open
SMMS-01930,S&T,Vijayawada-SEC-04,EQ-7715,Signal lamp failure,Low,2026-07-19 23:09,2026-08-18,13,5.5,13,Scheduled
SMMS-01931,S&T,Guntur-SEC-04,EQ-8707,Signal lamp failure,Low,2026-08-28 09:18,2026-09-27,0,3.1,32,Open
SMMS-01932,S&T,Vijayawada-SEC-03,EQ-3987,Track circuit failure,Medium,2026-05-15 04:16,2026-05-30,93,1.2,48,Open
SMMS-01933,S&T,Guntur-SEC-08,EQ-8564,Interlocking software fault,Medium,2026-08-19 16:02,2026-09-03,0,1.2,25,Scheduled
SMMS-01934,S&T,Secunderabad-SEC-07,EQ-4393,Track circuit failure,Low,2026-06-17 05:02,2026-07-17,45,5.8,33,Open
SMMS-01935,S&T,Hyderabad-SEC-01,EQ-1191,Block instrument fault,Critical,2026-06-28 07:45,2026-06-29,63,5.5,39,Open
SMMS-01936,S&T,Guntakal-SEC-08,EQ-2951,Signal lamp failure,Low,2026-08-26 01:08,2026-09-25,0,2.7,29,Open
SMMS-01937,S&T,Hyderabad-SEC-03,EQ-5937,Block instrument fault,Low,2026-06-29 22:41,2026-07-29,33,3.4,35,Scheduled
SMMS-01938,S&T,Hyderabad-SEC-02,EQ-6755,Block instrument fault,Low,2026-06-27 16:51,2026-07-27,35,1.8,15,Open
SMMS-01939,S&T,Secunderabad-SEC-01,EQ-5768,Interlocking software fault,Medium,2026-05-13 12:02,2026-05-28,95,4.3,41,Open
SMMS-01940,S&T,Secunderabad-SEC-08,EQ-8400,Relay degradation,Critical,2026-08-08 05:17,2026-08-09,22,0.6,34,Open
SMMS-01941,S&T,Secunderabad-SEC-06,EQ-8012,Block instrument fault,Low,2026-06-08 09:48,2026-07-08,54,1.9,49,Open
SMMS-01942,S&T,Guntakal-SEC-01,EQ-5377,Signal lamp failure,Medium,2026-05-28 01:16,2026-06-12,80,2.0,37,Scheduled
SMMS-01943,S&T,Secunderabad-SEC-02,EQ-4275,Axle counter fault,Low,2026-06-19 12:30,2026-07-19,43,3.7,42,Open
SMMS-01944,S&T,Guntakal-SEC-06,EQ-3531,Level crossing gate interlock fault,Medium,2026-06-12 10:27,2026-06-27,65,5.1,41,Scheduled
SMMS-01945,S&T,Secunderabad-SEC-03,EQ-3135,Data logger fault,Medium,2026-08-25 19:28,2026-09-09,0,1.4,40,Scheduled
SMMS-01946,S&T,Hyderabad-SEC-07,EQ-3705,Track circuit failure,High,2026-07-11 10:07,2026-07-16,46,0.6,24,Completed
SMMS-01947,S&T,Vijayawada-SEC-08,EQ-1480,Block instrument fault,High,2026-07-11 11:09,2026-07-16,46,0.5,40,Scheduled
SMMS-01948,S&T,Secunderabad-SEC-04,EQ-3949,Block proving failure,High,2026-08-16 11:08,2026-08-21,10,4.9,31,Open
SMMS-01949,S&T,Hyderabad-SEC-07,EQ-6853,Track circuit failure,High,2026-08-11 23:03,2026-08-16,15,5.3,7,Scheduled
SMMS-01950,S&T,Vijayawada-SEC-05,EQ-2284,Block proving failure,Critical,2026-05-06 12:07,2026-05-07,116,2.1,36,Open
SMMS-01951,S&T,Secunderabad-SEC-04,EQ-5930,Relay degradation,Low,2026-08-27 10:00,2026-09-26,0,1.2,9,Scheduled
SMMS-01952,S&T,Guntakal-SEC-07,EQ-5871,Relay degradation,High,2026-08-27 03:22,2026-09-01,0,5.8,20,Scheduled
SMMS-01953,S&T,Guntur-SEC-08,EQ-8324,Track circuit failure,Medium,2026-08-04 05:12,2026-08-19,12,4.7,39,Completed
SMMS-01954,S&T,Guntakal-SEC-05,EQ-4878,Relay degradation,High,2026-05-03 18:31,2026-05-08,115,4.4,8,Open
SMMS-01955,S&T,Vijayawada-SEC-05,EQ-9441,Axle counter fault,High,2026-08-21 04:29,2026-08-26,5,1.3,29,Completed
SMMS-01956,S&T,Secunderabad-SEC-07,EQ-9264,Cable fault,Medium,2026-05-14 19:12,2026-05-29,94,5.3,13,Completed
SMMS-01957,S&T,Hyderabad-SEC-02,EQ-9617,Block proving failure,Medium,2026-07-16 00:27,2026-07-31,31,2.8,48,Open
SMMS-01958,S&T,Hyderabad-SEC-01,EQ-3030,Data logger fault,Medium,2026-05-08 11:40,2026-05-23,100,1.8,29,Scheduled
SMMS-01959,S&T,Hyderabad-SEC-01,EQ-8429,Level crossing gate interlock fault,High,2026-05-14 01:24,2026-05-19,104,2.2,8,Scheduled
SMMS-01960,S&T,Hyderabad-SEC-01,EQ-5615,Data logger fault,Low,2026-07-19 23:27,2026-08-18,13,4.7,49,Open
SMMS-01961,S&T,Vijayawada-SEC-01,EQ-5182,Interlocking software fault,Medium,2026-06-01 12:09,2026-06-16,76,3.3,28,Scheduled
SMMS-01962,S&T,Guntur-SEC-03,EQ-6916,Cable fault,Low,2026-08-26 15:21,2026-09-25,0,0.6,24,Scheduled
SMMS-01963,S&T,Hyderabad-SEC-01,EQ-2274,Signal lamp failure,Medium,2026-05-21 16:20,2026-06-05,87,2.3,34,Scheduled
SMMS-01964,S&T,Guntakal-SEC-04,EQ-8324,Block instrument fault,Medium,2026-08-14 18:26,2026-08-29,2,4.8,42,Open
SMMS-01965,S&T,Guntakal-SEC-08,EQ-5650,Point machine malfunction,Medium,2026-06-29 14:06,2026-07-14,48,5.3,10,Open
SMMS-01966,S&T,Vijayawada-SEC-08,EQ-8905,Data logger fault,Low,2026-07-05 18:35,2026-08-04,27,4.6,32,Scheduled
SMMS-01967,S&T,Guntakal-SEC-06,EQ-6966,Data logger fault,Critical,2026-08-29 06:02,2026-08-30,1,2.1,20,Open
SMMS-01968,S&T,Guntakal-SEC-01,EQ-2728,Level crossing gate interlock fault,Medium,2026-07-23 03:16,2026-08-07,24,2.8,29,Open
SMMS-01969,S&T,Guntur-SEC-08,EQ-2923,Axle counter fault,High,2026-06-06 03:28,2026-06-11,81,2.8,23,Open
SMMS-01970,S&T,Guntur-SEC-05,EQ-8060,Block instrument fault,Low,2026-08-03 11:29,2026-09-02,0,5.6,18,Scheduled
SMMS-01971,S&T,Vijayawada-SEC-02,EQ-3507,Block instrument fault,Medium,2026-05-22 23:14,2026-06-06,86,1.2,11,Scheduled
SMMS-01972,S&T,Guntakal-SEC-03,EQ-7026,Point machine malfunction,High,2026-07-12 10:52,2026-07-17,45,0.8,46,Scheduled
SMMS-01973,S&T,Secunderabad-SEC-04,EQ-1915,Cable fault,Medium,2026-07-27 20:14,2026-08-11,20,5.6,20,Completed
SMMS-01974,S&T,Guntakal-SEC-07,EQ-6508,Cable fault,High,2026-07-19 03:46,2026-07-24,38,2.1,29,Completed
SMMS-01975,S&T,Vijayawada-SEC-06,EQ-4334,Cable fault,Low,2026-08-16 08:33,2026-09-15,0,5.8,44,Open
SMMS-01976,S&T,Hyderabad-SEC-08,EQ-6834,Signal lamp failure,Medium,2026-05-13 08:54,2026-05-28,95,0.8,21,Completed
SMMS-01977,S&T,Secunderabad-SEC-04,EQ-5812,Track circuit failure,Critical,2026-05-28 02:51,2026-05-29,94,3.3,7,Open
SMMS-01978,S&T,Vijayawada-SEC-03,EQ-2531,Block proving failure,Medium,2026-07-15 11:59,2026-07-30,32,3.6,47,Scheduled
SMMS-01979,S&T,Secunderabad-SEC-03,EQ-4974,Point machine malfunction,High,2026-06-18 15:34,2026-06-23,69,3.6,44,Scheduled
SMMS-01980,S&T,Hyderabad-SEC-02,EQ-9293,Relay degradation,Medium,2026-08-27 04:56,2026-09-11,0,5.8,24,Scheduled
SMMS-01981,S&T,Hyderabad-SEC-04,EQ-4226,Data logger fault,Critical,2026-08-28 20:47,2026-08-29,2,2.5,7,Open
SMMS-01982,S&T,Guntakal-SEC-03,EQ-1794,Signal lamp failure,High,2026-07-15 16:33,2026-07-20,42,1.4,41,Scheduled
SMMS-01983,S&T,Guntur-SEC-04,EQ-4981,Block instrument fault,Medium,2026-06-05 15:21,2026-06-20,72,5.7,39,Open
SMMS-01984,S&T,Hyderabad-SEC-03,EQ-8332,Relay degradation,Medium,2026-05-07 23:54,2026-05-22,101,5.4,12,Completed
SMMS-01985,S&T,Guntakal-SEC-04,EQ-5642,Block instrument fault,Medium,2026-08-23 03:37,2026-09-07,0,1.7,35,Open
SMMS-01986,S&T,Vijayawada-SEC-08,EQ-5472,Axle counter fault,Low,2026-05-27 08:59,2026-06-26,66,2.9,49,Open
SMMS-01987,S&T,Guntakal-SEC-03,EQ-4053,Level crossing gate interlock fault,Medium,2026-08-02 13:06,2026-08-17,14,1.0,29,Open
SMMS-01988,S&T,Guntakal-SEC-02,EQ-1491,Interlocking software fault,Medium,2026-07-27 18:34,2026-08-11,20,2.8,31,Scheduled
SMMS-01989,S&T,Guntur-SEC-04,EQ-7659,Track circuit failure,Low,2026-08-07 17:56,2026-09-06,0,3.8,30,Scheduled
SMMS-01990,S&T,Hyderabad-SEC-04,EQ-8772,Block instrument fault,Medium,2026-06-09 12:05,2026-06-24,68,4.3,21,Open
SMMS-01991,S&T,Secunderabad-SEC-06,EQ-6012,Interlocking software fault,High,2026-06-20 17:51,2026-06-25,67,3.4,26,Completed
SMMS-01992,S&T,Secunderabad-SEC-06,EQ-6358,Cable fault,Medium,2026-08-04 03:16,2026-08-19,12,2.3,29,Open
SMMS-01993,S&T,Vijayawada-SEC-02,EQ-7207,Data logger fault,High,2026-06-09 18:45,2026-06-14,78,2.0,50,Open
SMMS-01994,S&T,Hyderabad-SEC-06,EQ-7366,Level crossing gate interlock fault,Low,2026-06-21 03:24,2026-07-21,41,2.0,28,Scheduled
SMMS-01995,S&T,Hyderabad-SEC-03,EQ-3982,Axle counter fault,Critical,2026-05-20 05:05,2026-05-21,102,5.4,38,Scheduled
SMMS-01996,S&T,Vijayawada-SEC-01,EQ-5362,Level crossing gate interlock fault,Medium,2026-08-13 15:09,2026-08-28,3,4.1,37,Open
SMMS-01997,S&T,Guntur-SEC-08,EQ-5421,Signal lamp failure,High,2026-08-08 22:05,2026-08-13,18,1.6,26,Scheduled
SMMS-01998,S&T,Guntakal-SEC-04,EQ-9533,Cable fault,Medium,2026-08-23 16:34,2026-09-07,0,3.2,33,Open
SMMS-01999,S&T,Guntur-SEC-01,EQ-6333,Block proving failure,Low,2026-08-25 14:20,2026-09-24,0,2.3,30,Scheduled
SMMS-02000,S&T,Guntur-SEC-01,EQ-1034,Signal lamp failure,Low,2026-06-09 10:27,2026-07-09,53,3.0,24,Open
SMMS-02001,S&T,Guntur-SEC-07,EQ-7952,Interlocking software fault,Low,2026-05-15 19:12,2026-06-14,78,4.0,42,Open
SMMS-02002,S&T,Vijayawada-SEC-07,EQ-3713,Block instrument fault,High,2026-06-15 14:23,2026-06-20,72,2.8,4,Open
SMMS-02003,S&T,Guntakal-SEC-01,EQ-5148,Axle counter fault,Low,2026-08-18 14:42,2026-09-17,0,2.5,4,Open
SMMS-02004,S&T,Guntur-SEC-05,EQ-5096,Block instrument fault,Low,2026-08-12 20:48,2026-09-11,0,3.3,47,Open
SMMS-02005,S&T,Hyderabad-SEC-05,EQ-2518,Data logger fault,Critical,2026-07-15 19:00,2026-07-16,46,2.3,35,Open
SMMS-02006,S&T,Guntakal-SEC-08,EQ-2659,Track circuit failure,Critical,2026-05-03 00:03,2026-05-04,119,2.4,16,Open
SMMS-02007,S&T,Guntakal-SEC-01,EQ-4072,Axle counter fault,High,2026-05-14 04:04,2026-05-19,104,3.5,13,Scheduled
SMMS-02008,S&T,Vijayawada-SEC-06,EQ-4050,Block instrument fault,Low,2026-06-28 06:40,2026-07-28,34,2.8,44,Scheduled
SMMS-02009,S&T,Vijayawada-SEC-06,EQ-9977,Point machine malfunction,Low,2026-06-01 22:15,2026-07-01,61,1.2,2,Open
SMMS-02010,S&T,Guntur-SEC-08,EQ-1708,Signal lamp failure,Medium,2026-05-06 05:35,2026-05-21,102,0.9,25,Open
SMMS-02011,S&T,Guntakal-SEC-03,EQ-7658,Cable fault,Medium,2026-06-15 21:01,2026-06-30,62,2.4,41,Scheduled
SMMS-02012,S&T,Guntakal-SEC-07,EQ-8032,Point machine malfunction,Medium,2026-07-20 19:10,2026-08-04,27,4.4,9,Completed
SMMS-02013,S&T,Vijayawada-SEC-05,EQ-1733,Interlocking software fault,Low,2026-08-04 12:28,2026-09-03,0,3.3,2,Scheduled
SMMS-02014,S&T,Secunderabad-SEC-05,EQ-1177,Data logger fault,High,2026-07-01 10:39,2026-07-06,56,0.7,50,Open
SMMS-02015,S&T,Guntur-SEC-06,EQ-5710,Cable fault,High,2026-05-10 18:54,2026-05-15,108,3.5,14,Completed
SMMS-02016,S&T,Vijayawada-SEC-02,EQ-1716,Interlocking software fault,Low,2026-08-17 13:42,2026-09-16,0,1.8,17,Open
SMMS-02017,S&T,Vijayawada-SEC-04,EQ-7779,Level crossing gate interlock fault,High,2026-08-15 07:51,2026-08-20,11,4.9,28,Open
SMMS-02018,S&T,Secunderabad-SEC-06,EQ-7780,Cable fault,High,2026-05-14 22:25,2026-05-19,104,1.6,23,Open
SMMS-02019,S&T,Guntakal-SEC-06,EQ-3454,Level crossing gate interlock fault,High,2026-07-09 18:42,2026-07-14,48,2.3,31,Completed
SMMS-02020,S&T,Guntur-SEC-07,EQ-1941,Axle counter fault,Medium,2026-05-09 22:01,2026-05-24,99,2.7,31,Scheduled
SMMS-02021,S&T,Guntur-SEC-04,EQ-8986,Signal lamp failure,Critical,2026-08-17 23:43,2026-08-18,13,5.8,29,Scheduled
SMMS-02022,S&T,Vijayawada-SEC-04,EQ-2363,Relay degradation,Low,2026-07-22 07:09,2026-08-21,10,4.7,7,Completed
SMMS-02023,S&T,Vijayawada-SEC-08,EQ-6979,Track circuit failure,High,2026-07-04 02:11,2026-07-09,53,1.5,38,Completed
SMMS-02024,S&T,Guntakal-SEC-02,EQ-9679,Interlocking software fault,Critical,2026-05-26 15:34,2026-05-27,96,5.3,48,Scheduled
SMMS-02025,S&T,Guntur-SEC-07,EQ-1918,Block instrument fault,Low,2026-07-22 21:01,2026-08-21,10,2.8,39,Open
SMMS-02026,S&T,Vijayawada-SEC-02,EQ-5446,Axle counter fault,Medium,2026-08-13 20:03,2026-08-28,3,1.7,27,Scheduled
SMMS-02027,S&T,Guntakal-SEC-06,EQ-2808,Data logger fault,Low,2026-07-10 04:45,2026-08-09,22,4.0,3,Open
SMMS-02028,S&T,Secunderabad-SEC-05,EQ-6291,Interlocking software fault,Critical,2026-08-27 12:54,2026-08-28,3,4.8,36,Open
SMMS-02029,S&T,Vijayawada-SEC-05,EQ-5660,Level crossing gate interlock fault,Critical,2026-05-24 12:29,2026-05-25,98,3.8,25,Scheduled
SMMS-02030,S&T,Guntakal-SEC-05,EQ-8896,Cable fault,High,2026-08-03 08:49,2026-08-08,23,1.8,46,Open
SMMS-02031,S&T,Guntakal-SEC-03,EQ-2958,Level crossing gate interlock fault,Critical,2026-07-03 22:04,2026-07-04,58,5.0,18,Open
SMMS-02032,S&T,Secunderabad-SEC-07,EQ-8576,Signal lamp failure,Critical,2026-05-05 07:39,2026-05-06,117,4.1,49,Open
SMMS-02033,S&T,Hyderabad-SEC-08,EQ-3779,Relay degradation,Low,2026-08-24 19:56,2026-09-23,0,2.4,45,Completed
SMMS-02034,S&T,Hyderabad-SEC-05,EQ-8711,Point machine malfunction,Low,2026-08-03 16:16,2026-09-02,0,4.0,30,Scheduled
SMMS-02035,S&T,Guntur-SEC-06,EQ-7202,Data logger fault,Medium,2026-05-15 04:22,2026-05-30,93,3.4,30,Open
SMMS-02036,S&T,Vijayawada-SEC-08,EQ-4915,Signal lamp failure,Critical,2026-07-17 01:59,2026-07-18,44,5.7,50,Scheduled
SMMS-02037,S&T,Hyderabad-SEC-06,EQ-2375,Level crossing gate interlock fault,Medium,2026-08-24 11:21,2026-09-08,0,5.4,40,Scheduled
SMMS-02038,S&T,Hyderabad-SEC-06,EQ-4471,Level crossing gate interlock fault,Medium,2026-08-07 14:59,2026-08-22,9,0.9,20,Scheduled
SMMS-02039,S&T,Guntakal-SEC-04,EQ-1707,Level crossing gate interlock fault,Medium,2026-08-28 05:05,2026-09-12,0,5.0,24,Scheduled
SMMS-02040,S&T,Guntakal-SEC-07,EQ-3445,Cable fault,High,2026-05-21 01:04,2026-05-26,97,6.0,38,Open
SMMS-02041,S&T,Guntur-SEC-01,EQ-7040,Signal lamp failure,Medium,2026-05-16 10:34,2026-05-31,92,4.2,38,Open
SMMS-02042,S&T,Guntakal-SEC-05,EQ-7969,Axle counter fault,Medium,2026-08-08 23:33,2026-08-23,8,5.3,43,Completed
SMMS-02043,S&T,Vijayawada-SEC-03,EQ-7728,Signal lamp failure,High,2026-08-08 07:36,2026-08-13,18,4.1,50,Open
SMMS-02044,S&T,Secunderabad-SEC-05,EQ-2987,Relay degradation,Medium,2026-05-04 01:00,2026-05-19,104,4.8,29,Open
SMMS-02045,S&T,Hyderabad-SEC-07,EQ-4609,Level crossing gate interlock fault,Medium,2026-05-13 23:16,2026-05-28,95,0.6,2,Scheduled
SMMS-02046,S&T,Hyderabad-SEC-04,EQ-2101,Block proving failure,High,2026-08-23 02:32,2026-08-28,3,3.6,31,Open
SMMS-02047,S&T,Guntur-SEC-02,EQ-3753,Relay degradation,Low,2026-05-12 16:51,2026-06-11,81,3.2,3,Open
SMMS-02048,S&T,Guntur-SEC-08,EQ-1815,Point machine malfunction,Medium,2026-05-15 04:55,2026-05-30,93,5.0,19,Scheduled
SMMS-02049,S&T,Secunderabad-SEC-07,EQ-2723,Data logger fault,Medium,2026-07-03 19:07,2026-07-18,44,3.3,23,Open
SMMS-02050,S&T,Secunderabad-SEC-02,EQ-9042,Block instrument fault,Low,2026-06-09 02:09,2026-07-09,53,2.2,14,Scheduled
SMMS-02051,S&T,Secunderabad-SEC-08,EQ-3740,Axle counter fault,Medium,2026-06-16 10:49,2026-07-01,61,4.9,4,Open
SMMS-02052,S&T,Vijayawada-SEC-08,EQ-8529,Interlocking software fault,Low,2026-05-19 19:37,2026-06-18,74,2.5,48,Open
SMMS-02053,S&T,Guntur-SEC-08,EQ-6847,Point machine malfunction,High,2026-06-07 01:47,2026-06-12,80,0.7,29,Open
SMMS-02054,S&T,Guntakal-SEC-08,EQ-9869,Point machine malfunction,Medium,2026-07-28 04:53,2026-08-12,19,3.1,37,Open
SMMS-02055,S&T,Guntur-SEC-05,EQ-5622,Block instrument fault,Medium,2026-08-17 06:09,2026-09-01,0,1.9,30,Scheduled
SMMS-02056,S&T,Guntakal-SEC-06,EQ-6028,Track circuit failure,Low,2026-07-15 01:38,2026-08-14,17,4.2,36,Open
SMMS-02057,S&T,Secunderabad-SEC-08,EQ-3907,Cable fault,Medium,2026-07-13 01:59,2026-07-28,34,3.1,11,Scheduled
SMMS-02058,S&T,Guntur-SEC-01,EQ-5164,Level crossing gate interlock fault,Medium,2026-05-16 21:04,2026-05-31,92,0.8,42,Scheduled
SMMS-02059,S&T,Secunderabad-SEC-06,EQ-7885,Data logger fault,Low,2026-08-12 10:06,2026-09-11,0,1.1,38,Open
SMMS-02060,S&T,Secunderabad-SEC-05,EQ-5019,Relay degradation,Medium,2026-07-15 15:17,2026-07-30,32,1.7,32,Scheduled
SMMS-02061,S&T,Hyderabad-SEC-01,EQ-8822,Cable fault,Medium,2026-08-26 12:18,2026-09-10,0,3.4,16,Open
SMMS-02062,S&T,Secunderabad-SEC-04,EQ-3224,Data logger fault,High,2026-05-16 11:55,2026-05-21,102,4.3,45,Open
SMMS-02063,S&T,Secunderabad-SEC-08,EQ-4052,Relay degradation,High,2026-06-22 06:07,2026-06-27,65,3.3,12,Open
SMMS-02064,S&T,Secunderabad-SEC-08,EQ-8406,Track circuit failure,High,2026-05-14 02:32,2026-05-19,104,4.6,38,Completed
SMMS-02065,S&T,Guntur-SEC-05,EQ-8538,Relay degradation,High,2026-05-21 19:21,2026-05-26,97,1.7,29,Open
SMMS-02066,S&T,Guntakal-SEC-02,EQ-8198,Cable fault,Low,2026-05-04 23:42,2026-06-03,89,3.6,50,Scheduled
SMMS-02067,S&T,Guntur-SEC-08,EQ-8905,Data logger fault,High,2026-08-24 12:29,2026-08-29,2,3.2,7,Open
SMMS-02068,S&T,Vijayawada-SEC-06,EQ-5944,Block proving failure,Low,2026-08-05 21:18,2026-09-04,0,4.2,22,Open
SMMS-02069,S&T,Guntakal-SEC-06,EQ-9109,Cable fault,Low,2026-07-31 05:41,2026-08-30,1,0.9,4,Completed
SMMS-02070,S&T,Hyderabad-SEC-01,EQ-1567,Track circuit failure,High,2026-08-13 07:16,2026-08-18,13,3.9,26,Scheduled
SMMS-02071,S&T,Guntur-SEC-03,EQ-4054,Data logger fault,Medium,2026-05-14 10:24,2026-05-29,94,2.4,18,Open
SMMS-02072,S&T,Guntur-SEC-06,EQ-1078,Relay degradation,Medium,2026-06-19 20:20,2026-07-04,58,2.6,36,Open
SMMS-02073,S&T,Hyderabad-SEC-06,EQ-5466,Interlocking software fault,Medium,2026-08-29 09:26,2026-09-13,0,2.0,8,Open
SMMS-02074,S&T,Guntur-SEC-08,EQ-8765,Interlocking software fault,Critical,2026-06-01 21:32,2026-06-02,90,1.3,41,Open
SMMS-02075,S&T,Secunderabad-SEC-01,EQ-2749,Relay degradation,High,2026-07-27 02:43,2026-08-01,30,5.6,6,Open
SMMS-02076,S&T,Hyderabad-SEC-08,EQ-2861,Track circuit failure,Medium,2026-05-11 00:41,2026-05-26,97,3.9,11,Scheduled
SMMS-02077,S&T,Guntakal-SEC-05,EQ-4442,Relay degradation,Medium,2026-05-13 01:08,2026-05-28,95,2.5,21,Scheduled
SMMS-02078,S&T,Guntur-SEC-08,EQ-1615,Track circuit failure,Critical,2026-05-10 00:54,2026-05-11,112,1.0,21,Open
SMMS-02079,S&T,Guntur-SEC-03,EQ-5690,Block proving failure,Medium,2026-07-12 22:03,2026-07-27,35,5.3,12,Open
SMMS-02080,S&T,Vijayawada-SEC-03,EQ-1053,Axle counter fault,Low,2026-07-24 11:49,2026-08-23,8,2.1,9,Completed
SMMS-02081,S&T,Vijayawada-SEC-03,EQ-3360,Block proving failure,Low,2026-07-19 14:52,2026-08-18,13,3.9,17,Scheduled
SMMS-02082,S&T,Guntur-SEC-05,EQ-5032,Block proving failure,Low,2026-08-31 06:09,2026-09-30,0,1.0,20,Open
SMMS-02083,S&T,Hyderabad-SEC-08,EQ-6579,Interlocking software fault,Low,2026-07-13 10:03,2026-08-12,19,5.6,32,Scheduled
SMMS-02084,S&T,Vijayawada-SEC-08,EQ-9609,Point machine malfunction,Medium,2026-05-31 22:09,2026-06-15,77,4.9,5,Open
SMMS-02085,S&T,Vijayawada-SEC-01,EQ-2221,Interlocking software fault,High,2026-05-24 10:59,2026-05-29,94,1.5,42,Scheduled
SMMS-02086,S&T,Guntakal-SEC-03,EQ-2748,Block instrument fault,Critical,2026-08-21 17:32,2026-08-22,9,1.4,23,Open
SMMS-02087,S&T,Guntur-SEC-04,EQ-5146,Block proving failure,Critical,2026-07-13 05:15,2026-07-14,48,3.8,7,Open
SMMS-02088,S&T,Vijayawada-SEC-05,EQ-8122,Level crossing gate interlock fault,High,2026-05-07 11:46,2026-05-12,111,1.6,25,Scheduled
SMMS-02089,S&T,Hyderabad-SEC-07,EQ-2103,Cable fault,Medium,2026-08-30 18:53,2026-09-14,0,5.9,29,Scheduled
SMMS-02090,S&T,Hyderabad-SEC-08,EQ-2620,Block proving failure,Medium,2026-05-11 12:22,2026-05-26,97,2.9,25,Scheduled
SMMS-02091,S&T,Vijayawada-SEC-04,EQ-5981,Data logger fault,Medium,2026-06-22 17:47,2026-07-07,55,4.4,13,Open
SMMS-02092,S&T,Secunderabad-SEC-07,EQ-5638,Axle counter fault,Low,2026-05-19 02:42,2026-06-18,74,4.0,38,Scheduled
SMMS-02093,S&T,Guntakal-SEC-03,EQ-1112,Point machine malfunction,Medium,2026-06-15 14:09,2026-06-30,62,2.1,15,Completed
SMMS-02094,S&T,Hyderabad-SEC-06,EQ-2982,Interlocking software fault,Low,2026-07-16 09:33,2026-08-15,16,3.7,12,Open
SMMS-02095,S&T,Secunderabad-SEC-02,EQ-2770,Block instrument fault,Low,2026-08-12 23:47,2026-09-11,0,5.1,21,Completed
SMMS-02096,S&T,Guntakal-SEC-04,EQ-6033,Level crossing gate interlock fault,Medium,2026-08-12 22:07,2026-08-27,4,3.3,41,Completed
SMMS-02097,S&T,Guntakal-SEC-04,EQ-9908,Point machine malfunction,Medium,2026-06-27 05:02,2026-07-12,50,2.5,46,Open
SMMS-02098,S&T,Vijayawada-SEC-08,EQ-7317,Block instrument fault,Low,2026-07-03 17:12,2026-08-02,29,3.8,44,Open
SMMS-02099,S&T,Guntakal-SEC-02,EQ-3027,Cable fault,Low,2026-06-15 20:17,2026-07-15,47,2.2,14,Scheduled
SMMS-02100,S&T,Secunderabad-SEC-07,EQ-2611,Track circuit failure,Medium,2026-05-31 19:51,2026-06-15,77,0.6,5,Open
