defect_id,department,section_id,feeder_id,defect_type,severity,reported_date,due_date,overdue_days,estimated_duration_hours,trains_affected_per_day,status
TDMS-00001,TRD,Hyderabad-SEC-03,FDR-885,Feeder fault,High,2026-05-11 18:59,2026-05-17,106,3.2,17,Open
TDMS-00002,TRD,Vijayawada-SEC-01,FDR-251,Traction transformer fault,Low,2026-06-23 14:52,2026-07-28,34,6.8,27,Open
TDMS-00003,TRD,Vijayawada-SEC-03,FDR-110,Feeder fault,Low,2026-07-12 06:38,2026-08-16,15,4.8,22,Open
TDMS-00004,TRD,Guntur-SEC-05,FDR-919,OHE wire wear,High,2026-05-17 14:47,2026-05-23,100,4.2,30,Open
TDMS-00005,TRD,Vijayawada-SEC-05,FDR-767,SCADA communication fault,Low,2026-08-28 12:40,2026-10-02,0,4.7,36,Open
TDMS-00006,TRD,Guntakal-SEC-04,FDR-153,Section insulator damage,Medium,2026-06-02 08:28,2026-06-20,72,6.5,33,Open
TDMS-00007,TRD,Vijayawada-SEC-04,FDR-912,Traction transformer fault,Critical,2026-08-14 21:16,2026-08-15,16,4.9,5,Open
TDMS-00008,TRD,Guntakal-SEC-08,FDR-974,Insulator flashover,Medium,2026-05-17 16:02,2026-06-04,88,6.3,3,Scheduled
TDMS-00009,TRD,Vijayawada-SEC-02,FDR-390,Registration arm misalignment,Medium,2026-05-19 02:12,2026-06-06,86,4.0,10,Open
TDMS-00010,TRD,Guntur-SEC-04,FDR-862,Section insulator damage,High,2026-08-08 08:15,2026-08-14,17,6.3,39,Scheduled
TDMS-00011,TRD,Vijayawada-SEC-07,FDR-694,Section insulator damage,Medium,2026-06-17 17:31,2026-07-05,57,6.1,22,Scheduled
TDMS-00012,TRD,Vijayawada-SEC-03,FDR-914,Section insulator damage,Medium,2026-08-03 03:46,2026-08-21,10,5.8,38,Open
TDMS-00013,TRD,Vijayawada-SEC-03,FDR-895,Registration arm misalignment,High,2026-07-14 00:24,2026-07-20,42,5.0,37,Scheduled
TDMS-00014,TRD,Secunderabad-SEC-03,FDR-380,Feeder fault,Medium,2026-06-26 23:13,2026-07-14,48,6.9,16,Open
TDMS-00015,TRD,Hyderabad-SEC-02,FDR-728,SCADA communication fault,Low,2026-05-06 07:22,2026-06-10,82,2.4,25,Scheduled
TDMS-00016,TRD,Hyderabad-SEC-06,FDR-291,Insulator flashover,Medium,2026-08-22 21:03,2026-09-09,0,5.1,14,Open
TDMS-00017,TRD,Guntur-SEC-07,FDR-975,OHE wire wear,Medium,2026-07-23 06:58,2026-08-10,21,3.1,33,Open
TDMS-00018,TRD,Guntakal-SEC-04,FDR-679,Traction transformer fault,Medium,2026-08-31 03:39,2026-09-18,0,5.6,38,Scheduled
TDMS-00019,TRD,Guntur-SEC-01,FDR-616,Dropper damage,High,2026-05-22 09:27,2026-05-28,95,3.1,28,Open
TDMS-00020,TRD,Guntakal-SEC-05,FDR-692,Earthing fault,Medium,2026-08-22 15:20,2026-09-09,0,1.1,6,Scheduled
TDMS-00021,TRD,Guntakal-SEC-02,FDR-866,Feeder fault,Medium,2026-05-18 14:38,2026-06-05,87,5.4,12,Completed
TDMS-00022,TRD,Vijayawada-SEC-05,FDR-824,OHE wire wear,High,2026-06-18 11:52,2026-06-24,68,2.2,22,Scheduled
TDMS-00023,TRD,Guntakal-SEC-07,FDR-212,Insulator flashover,Critical,2026-07-18 13:17,2026-07-19,43,3.5,3,Scheduled
TDMS-00024,TRD,Guntur-SEC-04,FDR-334,Dropper damage,High,2026-06-29 12:45,2026-07-05,57,5.0,24,Scheduled
TDMS-00025,TRD,Guntur-SEC-08,FDR-343,Registration arm misalignment,Medium,2026-08-30 11:47,2026-09-17,0,2.5,11,Open
TDMS-00026,TRD,Hyderabad-SEC-01,FDR-905,Registration arm misalignment,Medium,2026-07-29 19:06,2026-08-16,15,5.2,4,Completed
TDMS-00027,TRD,Secunderabad-SEC-08,FDR-243,Section insulator damage,High,2026-08-06 17:43,2026-08-12,19,6.0,7,Open
TDMS-00028,TRD,Hyderabad-SEC-05,FDR-868,Circuit breaker trip,Low,2026-05-10 04:50,2026-06-14,78,4.9,24,Completed
TDMS-00029,TRD,Guntakal-SEC-05,FDR-998,Feeder fault,Medium,2026-07-23 07:52,2026-08-10,21,6.1,9,Open
TDMS-00030,TRD,Guntur-SEC-04,FDR-350,Registration arm misalignment,Medium,2026-08-11 07:56,2026-08-29,2,6.7,15,Open
TDMS-00031,TRD,Secunderabad-SEC-07,FDR-116,Section insulator damage,Low,2026-07-23 01:55,2026-08-27,4,2.2,34,Open
TDMS-00032,TRD,Guntakal-SEC-06,FDR-900,SCADA communication fault,Low,2026-08-01 22:02,2026-09-05,0,5.4,18,Scheduled
TDMS-00033,TRD,Secunderabad-SEC-07,FDR-621,OHE wire wear,High,2026-08-28 23:01,2026-09-03,0,6.6,17,Scheduled
TDMS-00034,TRD,Secunderabad-SEC-03,FDR-145,Feeder fault,Low,2026-07-24 04:04,2026-08-28,3,5.3,6,Open
TDMS-00035,TRD,Secunderabad-SEC-06,FDR-558,OHE wire wear,Medium,2026-07-24 21:14,2026-08-11,20,1.1,10,Open
TDMS-00036,TRD,Hyderabad-SEC-03,FDR-556,Circuit breaker trip,Medium,2026-07-08 21:43,2026-07-26,36,4.3,13,Scheduled
TDMS-00037,TRD,Secunderabad-SEC-01,FDR-314,Feeder fault,Medium,2026-07-26 03:19,2026-08-13,18,3.9,3,Open
TDMS-00038,TRD,Vijayawada-SEC-06,FDR-414,Traction transformer fault,Medium,2026-06-10 12:39,2026-06-28,64,2.5,10,Open
TDMS-00039,TRD,Secunderabad-SEC-02,FDR-401,Dropper damage,Critical,2026-07-10 10:50,2026-07-11,51,1.3,2,Open
TDMS-00040,TRD,Guntakal-SEC-06,FDR-475,Earthing fault,High,2026-06-12 13:21,2026-06-18,74,1.7,31,Scheduled
TDMS-00041,TRD,Vijayawada-SEC-02,FDR-801,Feeder fault,Medium,2026-08-14 22:16,2026-09-01,0,5.6,16,Scheduled
TDMS-00042,TRD,Guntur-SEC-06,FDR-233,Insulator flashover,Low,2026-07-17 08:35,2026-08-21,10,7.0,33,Open
TDMS-00043,TRD,Hyderabad-SEC-07,FDR-876,Section insulator damage,Medium,2026-05-24 21:12,2026-06-11,81,5.8,39,Scheduled
TDMS-00044,TRD,Guntur-SEC-08,FDR-533,Registration arm misalignment,Low,2026-06-01 03:50,2026-07-06,56,5.9,30,Completed
TDMS-00045,TRD,Secunderabad-SEC-05,FDR-231,Circuit breaker trip,High,2026-05-13 21:41,2026-05-19,104,3.9,40,Open
TDMS-00046,TRD,Vijayawada-SEC-03,FDR-142,Traction transformer fault,High,2026-06-24 03:06,2026-06-30,62,3.7,34,Open
TDMS-00047,TRD,Guntakal-SEC-05,FDR-449,Section insulator damage,Medium,2026-08-27 13:59,2026-09-14,0,4.5,28,Completed
TDMS-00048,TRD,Vijayawada-SEC-07,FDR-387,Insulator flashover,Medium,2026-05-20 20:55,2026-06-07,85,5.7,36,Scheduled
TDMS-00049,TRD,Guntur-SEC-02,FDR-897,Traction transformer fault,Medium,2026-06-05 22:53,2026-06-23,69,6.8,4,Open
TDMS-00050,TRD,Guntakal-SEC-05,FDR-622,Earthing fault,High,2026-06-11 20:06,2026-06-17,75,3.9,14,Completed
TDMS-00051,TRD,Guntur-SEC-02,FDR-837,Feeder fault,Medium,2026-08-18 04:21,2026-09-05,0,2.4,4,Open
TDMS-00052,TRD,Hyderabad-SEC-06,FDR-287,Registration arm misalignment,Medium,2026-07-27 12:52,2026-08-14,17,5.6,7,Scheduled
TDMS-00053,TRD,Hyderabad-SEC-02,FDR-421,Dropper damage,Critical,2026-07-22 14:50,2026-07-23,39,3.5,31,Open
TDMS-00054,TRD,Guntakal-SEC-07,FDR-301,Registration arm misalignment,Low,2026-08-25 06:57,2026-09-29,0,1.4,37,Scheduled
TDMS-00055,TRD,Guntakal-SEC-07,FDR-836,Earthing fault,Medium,2026-08-08 21:59,2026-08-26,5,3.1,16,Scheduled
TDMS-00056,TRD,Guntur-SEC-05,FDR-877,Section insulator damage,Low,2026-07-28 13:43,2026-09-01,0,6.1,39,Scheduled
TDMS-00057,TRD,Hyderabad-SEC-02,FDR-650,SCADA communication fault,Medium,2026-07-04 06:57,2026-07-22,40,4.0,12,Scheduled
TDMS-00058,TRD,Secunderabad-SEC-03,FDR-858,OHE wire wear,Low,2026-05-09 19:04,2026-06-13,79,5.8,31,Scheduled
TDMS-00059,TRD,Hyderabad-SEC-08,FDR-417,Registration arm misalignment,Low,2026-06-06 23:40,2026-07-11,51,1.1,6,Completed
TDMS-00060,TRD,Guntur-SEC-05,FDR-475,Registration arm misalignment,High,2026-05-23 17:40,2026-05-29,94,1.6,36,Scheduled
TDMS-00061,TRD,Guntakal-SEC-04,FDR-665,Dropper damage,Critical,2026-05-09 13:49,2026-05-10,113,6.3,28,Open
TDMS-00062,TRD,Guntur-SEC-04,FDR-229,Traction transformer fault,High,2026-06-26 08:45,2026-07-02,60,2.6,21,Completed
TDMS-00063,TRD,Guntur-SEC-03,FDR-581,Insulator flashover,Medium,2026-06-29 21:50,2026-07-17,45,4.4,9,Completed
TDMS-00064,TRD,Vijayawada-SEC-07,FDR-348,Feeder fault,Medium,2026-08-16 05:43,2026-09-03,0,5.7,22,Open
TDMS-00065,TRD,Secunderabad-SEC-02,FDR-574,Circuit breaker trip,Medium,2026-08-25 13:36,2026-09-12,0,2.3,10,Open
TDMS-00066,TRD,Hyderabad-SEC-08,FDR-995,Registration arm misalignment,Low,2026-07-14 08:35,2026-08-18,13,4.4,18,Scheduled
TDMS-00067,TRD,Secunderabad-SEC-04,FDR-367,Circuit breaker trip,Low,2026-05-20 21:49,2026-06-24,68,4.8,34,Completed
TDMS-00068,TRD,Hyderabad-SEC-01,FDR-704,SCADA communication fault,Medium,2026-05-21 07:06,2026-06-08,84,4.6,11,Open
TDMS-00069,TRD,Guntakal-SEC-03,FDR-975,Section insulator damage,High,2026-05-16 03:06,2026-05-22,101,3.8,9,Open
TDMS-00070,TRD,Guntakal-SEC-03,FDR-350,Feeder fault,Critical,2026-05-04 17:01,2026-05-05,118,4.1,17,Open
TDMS-00071,TRD,Secunderabad-SEC-07,FDR-622,Insulator flashover,Medium,2026-07-29 10:59,2026-08-16,15,5.9,12,Open
TDMS-00072,TRD,Secunderabad-SEC-02,FDR-351,Traction transformer fault,Low,2026-06-16 21:03,2026-07-21,41,3.8,17,Completed
TDMS-00073,TRD,Guntakal-SEC-07,FDR-490,Registration arm misalignment,High,2026-07-04 14:08,2026-07-10,52,6.1,20,Open
TDMS-00074,TRD,Secunderabad-SEC-06,FDR-996,Feeder fault,High,2026-05-19 11:57,2026-05-25,98,1.8,15,Open
TDMS-00075,TRD,Secunderabad-SEC-08,FDR-706,OHE wire wear,High,2026-05-18 11:44,2026-05-24,99,4.8,10,Open
TDMS-00076,TRD,Hyderabad-SEC-06,FDR-308,OHE wire wear,High,2026-08-30 06:12,2026-09-05,0,5.4,4,Open
TDMS-00077,TRD,Guntakal-SEC-01,FDR-267,Dropper damage,Critical,2026-08-15 17:34,2026-08-16,15,5.0,30,Scheduled
TDMS-00078,TRD,Vijayawada-SEC-01,FDR-423,Dropper damage,Low,2026-07-31 10:41,2026-09-04,0,4.4,9,Open
TDMS-00079,TRD,Hyderabad-SEC-08,FDR-684,SCADA communication fault,Low,2026-07-10 20:02,2026-08-14,17,2.9,21,Open
TDMS-00080,TRD,Guntakal-SEC-02,FDR-971,Earthing fault,Low,2026-08-13 08:57,2026-09-17,0,1.5,22,Open
TDMS-00081,TRD,Hyderabad-SEC-02,FDR-230,SCADA communication fault,Medium,2026-05-26 12:28,2026-06-13,79,1.9,25,Open
TDMS-00082,TRD,Guntakal-SEC-04,FDR-132,Feeder fault,Low,2026-08-18 14:10,2026-09-22,0,4.5,14,Open
TDMS-00083,TRD,Guntakal-SEC-07,FDR-623,OHE wire wear,Medium,2026-07-18 03:47,2026-08-05,26,2.4,15,Completed
TDMS-00084,TRD,Hyderabad-SEC-01,FDR-630,OHE wire wear,High,2026-05-29 01:06,2026-06-04,88,4.9,23,Open
TDMS-00085,TRD,Hyderabad-SEC-01,FDR-190,SCADA communication fault,High,2026-05-20 05:56,2026-05-26,97,6.2,30,Completed
TDMS-00086,TRD,Vijayawada-SEC-01,FDR-466,Feeder fault,Low,2026-07-16 14:33,2026-08-20,11,5.9,19,Scheduled
TDMS-00087,TRD,Guntakal-SEC-02,FDR-679,Dropper damage,Medium,2026-07-02 06:04,2026-07-20,42,2.5,18,Scheduled
TDMS-00088,TRD,Secunderabad-SEC-04,FDR-149,Dropper damage,High,2026-07-31 22:45,2026-08-06,25,2.7,2,Open
TDMS-00089,TRD,Hyderabad-SEC-03,FDR-544,Feeder fault,Low,2026-06-24 05:23,2026-07-29,33,3.3,31,Open
TDMS-00090,TRD,Hyderabad-SEC-04,FDR-460,Traction transformer fault,Medium,2026-07-16 16:25,2026-08-03,28,4.6,26,Open
TDMS-00091,TRD,Guntakal-SEC-01,FDR-124,Registration arm misalignment,High,2026-08-19 18:54,2026-08-25,6,6.3,12,Completed
TDMS-00092,TRD,Secunderabad-SEC-03,FDR-194,Dropper damage,Medium,2026-07-30 11:06,2026-08-17,14,4.6,5,Scheduled
TDMS-00093,TRD,Guntakal-SEC-01,FDR-579,OHE wire wear,High,2026-06-14 15:53,2026-06-20,72,4.8,30,Scheduled
TDMS-00094,TRD,Secunderabad-SEC-07,FDR-823,Registration arm misalignment,Medium,2026-07-12 19:02,2026-07-30,32,6.6,20,Open
TDMS-00095,TRD,Guntakal-SEC-08,FDR-160,Circuit breaker trip,Low,2026-06-05 09:38,2026-07-10,52,2.3,39,Open
TDMS-00096,TRD,Guntakal-SEC-01,FDR-373,Feeder fault,Medium,2026-06-06 00:53,2026-06-24,68,6.6,31,Scheduled
TDMS-00097,TRD,Secunderabad-SEC-06,FDR-905,Registration arm misalignment,Medium,2026-07-17 18:20,2026-08-04,27,2.5,39,Completed
TDMS-00098,TRD,Guntakal-SEC-04,FDR-719,Earthing fault,Medium,2026-06-20 08:55,2026-07-08,54,3.0,24,Completed
TDMS-00099,TRD,Vijayawada-SEC-05,FDR-843,Insulator flashover,Low,2026-05-30 05:32,2026-07-04,58,2.0,33,Scheduled
TDMS-00100,TRD,Secunderabad-SEC-07,FDR-641,Circuit breaker trip,Low,2026-07-26 00:00,2026-08-30,1,3.6,10,Completed
TDMS-00101,TRD,Hyderabad-SEC-07,FDR-313,Dropper damage,Low,2026-05-04 13:48,2026-06-08,84,2.0,10,Open
TDMS-00102,TRD,Secunderabad-SEC-02,FDR-884,Traction transformer fault,Medium,2026-08-18 07:11,2026-09-05,0,5.9,4,Open
TDMS-00103,TRD,Secunderabad-SEC-06,FDR-267,Section insulator damage,High,2026-05-05 09:49,2026-05-11,112,3.2,26,Open
TDMS-00104,TRD,Vijayawada-SEC-01,FDR-824,Feeder fault,Low,2026-08-21 19:31,2026-09-25,0,3.1,36,Scheduled
TDMS-00105,TRD,Guntakal-SEC-06,FDR-701,Earthing fault,Medium,2026-08-11 22:37,2026-08-29,2,4.9,12,Scheduled
TDMS-00106,TRD,Guntur-SEC-05,FDR-898,Dropper damage,Low,2026-05-04 04:51,2026-06-08,84,6.7,33,Open
TDMS-00107,TRD,Guntakal-SEC-01,FDR-322,Circuit breaker trip,High,2026-07-28 17:21,2026-08-03,28,2.3,31,Open
TDMS-00108,TRD,Vijayawada-SEC-06,FDR-722,Dropper damage,Medium,2026-05-23 19:09,2026-06-10,82,4.1,39,Open
TDMS-00109,TRD,Guntur-SEC-01,FDR-101,Registration arm misalignment,High,2026-05-18 11:26,2026-05-24,99,1.1,30,Scheduled
TDMS-00110,TRD,Guntakal-SEC-01,FDR-813,Section insulator damage,High,2026-08-23 14:37,2026-08-29,2,4.8,26,Completed
TDMS-00111,TRD,Guntakal-SEC-06,FDR-321,Registration arm misalignment,Low,2026-06-20 10:04,2026-07-25,37,6.6,6,Open
TDMS-00112,TRD,Guntakal-SEC-07,FDR-285,OHE wire wear,High,2026-07-17 06:39,2026-07-23,39,6.8,37,Scheduled
TDMS-00113,TRD,Hyderabad-SEC-05,FDR-470,OHE wire wear,Medium,2026-08-07 21:36,2026-08-25,6,2.3,32,Scheduled
TDMS-00114,TRD,Vijayawada-SEC-07,FDR-207,Feeder fault,Medium,2026-05-16 15:31,2026-06-03,89,6.1,32,Completed
TDMS-00115,TRD,Hyderabad-SEC-02,FDR-448,OHE wire wear,Low,2026-05-10 13:58,2026-06-14,78,5.5,12,Scheduled
TDMS-00116,TRD,Secunderabad-SEC-02,FDR-638,Feeder fault,Medium,2026-07-04 10:24,2026-07-22,40,6.0,28,Open
TDMS-00117,TRD,Vijayawada-SEC-04,FDR-128,Section insulator damage,Medium,2026-08-29 23:59,2026-09-16,0,3.8,32,Open
TDMS-00118,TRD,Guntakal-SEC-02,FDR-455,Feeder fault,Medium,2026-08-11 19:35,2026-08-29,2,6.1,17,Scheduled
TDMS-00119,TRD,Vijayawada-SEC-01,FDR-340,Circuit breaker trip,Medium,2026-06-10 12:13,2026-06-28,64,5.6,6,Completed
TDMS-00120,TRD,Hyderabad-SEC-02,FDR-838,Registration arm misalignment,Low,2026-05-20 01:24,2026-06-24,68,6.4,24,Open
TDMS-00121,TRD,Vijayawada-SEC-03,FDR-301,OHE wire wear,Low,2026-07-16 07:46,2026-08-20,11,1.2,37,Open
TDMS-00122,TRD,Guntakal-SEC-03,FDR-168,Registration arm misalignment,Low,2026-08-24 08:12,2026-09-28,0,6.3,23,Open
TDMS-00123,TRD,Secunderabad-SEC-02,FDR-148,Registration arm misalignment,High,2026-05-22 13:49,2026-05-28,95,2.3,34,Scheduled
TDMS-00124,TRD,Guntur-SEC-08,FDR-432,Earthing fault,Medium,2026-07-08 06:01,2026-07-26,36,4.1,36,Open
TDMS-00125,TRD,Guntakal-SEC-04,FDR-443,OHE wire wear,High,2026-08-31 02:36,2026-09-06,0,5.5,20,Scheduled
TDMS-00126,TRD,Guntur-SEC-03,FDR-736,Traction transformer fault,High,2026-05-07 08:03,2026-05-13,110,2.5,27,Open
TDMS-00127,TRD,Hyderabad-SEC-03,FDR-227,Traction transformer fault,Medium,2026-08-09 05:44,2026-08-27,4,3.0,10,Open
TDMS-00128,TRD,Guntakal-SEC-05,FDR-147,Traction transformer fault,Medium,2026-05-22 15:46,2026-06-09,83,2.6,27,Open
TDMS-00129,TRD,Guntakal-SEC-03,FDR-719,Circuit breaker trip,High,2026-06-30 09:56,2026-07-06,56,2.2,38,Completed
TDMS-00130,TRD,Guntur-SEC-01,FDR-559,Traction transformer fault,Low,2026-08-18 08:29,2026-09-22,0,6.5,4,Open
TDMS-00131,TRD,Hyderabad-SEC-05,FDR-623,Earthing fault,Medium,2026-05-09 03:37,2026-05-27,96,5.2,36,Open
TDMS-00132,TRD,Secunderabad-SEC-04,FDR-504,Dropper damage,Critical,2026-07-28 01:24,2026-07-29,33,5.5,31,Scheduled
TDMS-00133,TRD,Hyderabad-SEC-08,FDR-341,SCADA communication fault,Low,2026-07-08 13:27,2026-08-12,19,4.0,30,Open
TDMS-00134,TRD,Secunderabad-SEC-05,FDR-263,Traction transformer fault,High,2026-05-09 12:27,2026-05-15,108,3.8,38,Open
TDMS-00135,TRD,Hyderabad-SEC-07,FDR-634,Feeder fault,Medium,2026-05-16 20:00,2026-06-03,89,2.6,18,Completed
TDMS-00136,TRD,Secunderabad-SEC-01,FDR-399,OHE wire wear,Medium,2026-05-04 08:02,2026-05-22,101,2.6,32,Scheduled
TDMS-00137,TRD,Guntur-SEC-05,FDR-482,Dropper damage,High,2026-08-06 09:50,2026-08-12,19,5.8,39,Open
TDMS-00138,TRD,Vijayawada-SEC-07,FDR-784,Feeder fault,High,2026-07-07 02:32,2026-07-13,49,1.3,32,Completed
TDMS-00139,TRD,Guntur-SEC-07,FDR-289,Insulator flashover,High,2026-07-19 05:55,2026-07-25,37,3.2,11,Completed
TDMS-00140,TRD,Hyderabad-SEC-01,FDR-983,SCADA communication fault,Medium,2026-08-31 23:01,2026-09-18,0,3.0,24,Scheduled
TDMS-00141,TRD,Vijayawada-SEC-04,FDR-448,Dropper damage,High,2026-08-17 10:37,2026-08-23,8,5.2,26,Open
TDMS-00142,TRD,Guntakal-SEC-06,FDR-602,Section insulator damage,Low,2026-06-18 04:21,2026-07-23,39,6.1,15,Open
TDMS-00143,TRD,Vijayawada-SEC-05,FDR-375,Insulator flashover,Medium,2026-06-15 22:19,2026-07-03,59,2.2,17,Completed
TDMS-00144,TRD,Hyderabad-SEC-01,FDR-430,Dropper damage,Medium,2026-07-11 11:40,2026-07-29,33,1.8,36,Open
TDMS-00145,TRD,Guntur-SEC-05,FDR-935,OHE wire wear,Low,2026-05-10 02:04,2026-06-14,78,3.7,33,Completed
TDMS-00146,TRD,Guntur-SEC-01,FDR-201,Traction transformer fault,Critical,2026-07-08 22:23,2026-07-09,53,2.6,17,Open
TDMS-00147,TRD,Hyderabad-SEC-06,FDR-181,Registration arm misalignment,Low,2026-07-06 22:51,2026-08-10,21,5.7,21,Completed
TDMS-00148,TRD,Guntur-SEC-01,FDR-344,Section insulator damage,Medium,2026-07-26 16:49,2026-08-13,18,3.6,31,Open
TDMS-00149,TRD,Guntur-SEC-08,FDR-919,Traction transformer fault,Low,2026-05-12 21:06,2026-06-16,76,6.4,2,Scheduled
TDMS-00150,TRD,Secunderabad-SEC-08,FDR-636,Feeder fault,Low,2026-07-30 10:21,2026-09-03,0,3.6,20,Scheduled
TDMS-00151,TRD,Guntur-SEC-08,FDR-618,Earthing fault,High,2026-05-31 05:48,2026-06-06,86,2.6,16,Scheduled
TDMS-00152,TRD,Hyderabad-SEC-01,FDR-581,Feeder fault,Medium,2026-07-30 20:02,2026-08-17,14,4.6,28,Open
TDMS-00153,TRD,Vijayawada-SEC-01,FDR-309,Circuit breaker trip,High,2026-07-29 03:10,2026-08-04,27,4.8,38,Completed
TDMS-00154,TRD,Vijayawada-SEC-03,FDR-225,Earthing fault,Low,2026-05-17 04:54,2026-06-21,71,5.9,38,Scheduled
TDMS-00155,TRD,Vijayawada-SEC-01,FDR-777,OHE wire wear,Medium,2026-08-30 07:12,2026-09-17,0,1.7,20,Scheduled
TDMS-00156,TRD,Guntur-SEC-06,FDR-914,Registration arm misalignment,Low,2026-06-27 14:35,2026-08-01,30,3.1,6,Open
TDMS-00157,TRD,Guntur-SEC-01,FDR-499,OHE wire wear,High,2026-05-18 14:19,2026-05-24,99,6.7,20,Open
TDMS-00158,TRD,Secunderabad-SEC-07,FDR-511,Traction transformer fault,Low,2026-06-22 02:33,2026-07-27,35,4.5,25,Open
TDMS-00159,TRD,Guntur-SEC-05,FDR-869,Dropper damage,Low,2026-07-11 06:06,2026-08-15,16,5.9,25,Completed
TDMS-00160,TRD,Guntur-SEC-07,FDR-503,OHE wire wear,Medium,2026-05-31 08:14,2026-06-18,74,6.2,37,Open
TDMS-00161,TRD,Vijayawada-SEC-01,FDR-700,Dropper damage,Medium,2026-08-30 05:47,2026-09-17,0,6.6,21,Open
TDMS-00162,TRD,Guntakal-SEC-03,FDR-686,SCADA communication fault,Critical,2026-07-21 17:15,2026-07-22,40,3.2,36,Open
TDMS-00163,TRD,Vijayawada-SEC-02,FDR-579,Earthing fault,Medium,2026-06-25 19:06,2026-07-13,49,4.0,21,Scheduled
TDMS-00164,TRD,Hyderabad-SEC-04,FDR-470,OHE wire wear,Critical,2026-08-13 17:56,2026-08-14,17,1.5,28,Completed
TDMS-00165,TRD,Vijayawada-SEC-07,FDR-760,Section insulator damage,Low,2026-08-10 02:20,2026-09-14,0,3.8,29,Scheduled
TDMS-00166,TRD,Vijayawada-SEC-01,FDR-412,Dropper damage,Critical,2026-07-27 22:44,2026-07-28,34,5.8,29,Open
TDMS-00167,TRD,Guntakal-SEC-01,FDR-353,OHE wire wear,High,2026-08-27 15:03,2026-09-02,0,6.2,14,Open
TDMS-00168,TRD,Vijayawada-SEC-08,FDR-347,OHE wire wear,Low,2026-06-03 17:05,2026-07-08,54,5.9,7,Open
TDMS-00169,TRD,Guntakal-SEC-07,FDR-357,Section insulator damage,High,2026-08-17 05:29,2026-08-23,8,1.1,36,Open
TDMS-00170,TRD,Guntakal-SEC-03,FDR-464,Feeder fault,High,2026-06-26 05:51,2026-07-02,60,1.8,38,Open
TDMS-00171,TRD,Guntur-SEC-06,FDR-359,Earthing fault,High,2026-07-19 21:16,2026-07-25,37,3.5,31,Scheduled
TDMS-00172,TRD,Hyderabad-SEC-05,FDR-659,Circuit breaker trip,High,2026-06-26 16:18,2026-07-02,60,6.6,34,Open
TDMS-00173,TRD,Guntur-SEC-02,FDR-534,SCADA communication fault,Medium,2026-05-05 20:45,2026-05-23,100,3.0,29,Completed
TDMS-00174,TRD,Hyderabad-SEC-03,FDR-829,SCADA communication fault,Low,2026-07-31 00:04,2026-09-04,0,5.8,24,Scheduled
TDMS-00175,TRD,Guntur-SEC-06,FDR-769,Section insulator damage,Medium,2026-05-28 04:26,2026-06-15,77,2.5,11,Open
TDMS-00176,TRD,Hyderabad-SEC-07,FDR-729,SCADA communication fault,Low,2026-06-05 09:54,2026-07-10,52,5.2,9,Scheduled
TDMS-00177,TRD,Hyderabad-SEC-07,FDR-413,Registration arm misalignment,High,2026-05-06 08:15,2026-05-12,111,6.2,28,Scheduled
TDMS-00178,TRD,Hyderabad-SEC-03,FDR-390,Feeder fault,High,2026-08-10 02:26,2026-08-16,15,5.8,29,Open
TDMS-00179,TRD,Vijayawada-SEC-05,FDR-544,Registration arm misalignment,Medium,2026-07-16 19:44,2026-08-03,28,4.5,38,Scheduled
TDMS-00180,TRD,Vijayawada-SEC-01,FDR-770,Registration arm misalignment,Critical,2026-06-15 22:13,2026-06-16,76,6.3,6,Scheduled
TDMS-00181,TRD,Vijayawada-SEC-01,FDR-956,OHE wire wear,High,2026-08-24 01:25,2026-08-30,1,5.3,14,Open
TDMS-00182,TRD,Secunderabad-SEC-08,FDR-894,Earthing fault,High,2026-06-08 07:27,2026-06-14,78,6.5,6,Scheduled
TDMS-00183,TRD,Guntur-SEC-01,FDR-275,Traction transformer fault,Low,2026-06-11 14:01,2026-07-16,46,5.4,19,Open
TDMS-00184,TRD,Guntur-SEC-04,FDR-517,Circuit breaker trip,Critical,2026-08-08 18:31,2026-08-09,22,3.3,17,Scheduled
TDMS-00185,TRD,Vijayawada-SEC-05,FDR-849,Feeder fault,Critical,2026-06-06 11:09,2026-06-07,85,1.9,26,Open
TDMS-00186,TRD,Vijayawada-SEC-08,FDR-154,Registration arm misalignment,Critical,2026-08-01 04:23,2026-08-02,29,2.7,22,Open
TDMS-00187,TRD,Secunderabad-SEC-05,FDR-788,Traction transformer fault,Low,2026-05-14 02:19,2026-06-18,74,6.0,12,Open
TDMS-00188,TRD,Guntakal-SEC-07,FDR-150,Registration arm misalignment,Medium,2026-05-10 13:41,2026-05-28,95,2.1,19,Open
TDMS-00189,TRD,Vijayawada-SEC-04,FDR-627,OHE wire wear,High,2026-05-26 02:08,2026-06-01,91,6.2,39,Scheduled
TDMS-00190,TRD,Vijayawada-SEC-01,FDR-371,Traction transformer fault,Medium,2026-05-11 03:25,2026-05-29,94,3.8,2,Open
TDMS-00191,TRD,Secunderabad-SEC-01,FDR-579,Registration arm misalignment,Critical,2026-05-23 16:38,2026-05-24,99,6.4,8,Scheduled
TDMS-00192,TRD,Vijayawada-SEC-08,FDR-232,Registration arm misalignment,Medium,2026-08-09 15:25,2026-08-27,4,5.2,32,Scheduled
TDMS-00193,TRD,Guntur-SEC-05,FDR-507,Insulator flashover,Medium,2026-08-03 06:10,2026-08-21,10,3.1,30,Open
TDMS-00194,TRD,Guntakal-SEC-04,FDR-670,Insulator flashover,Low,2026-07-17 06:40,2026-08-21,10,3.0,20,Open
TDMS-00195,TRD,Secunderabad-SEC-07,FDR-447,Circuit breaker trip,Low,2026-08-19 17:27,2026-09-23,0,3.4,39,Open
TDMS-00196,TRD,Guntakal-SEC-02,FDR-283,Registration arm misalignment,Medium,2026-05-25 02:59,2026-06-12,80,1.8,5,Completed
TDMS-00197,TRD,Vijayawada-SEC-06,FDR-360,Circuit breaker trip,Critical,2026-08-23 11:24,2026-08-24,7,4.9,17,Scheduled
TDMS-00198,TRD,Hyderabad-SEC-03,FDR-727,Earthing fault,Medium,2026-07-07 18:15,2026-07-25,37,6.1,34,Open
TDMS-00199,TRD,Hyderabad-SEC-05,FDR-171,Feeder fault,Medium,2026-07-26 07:44,2026-08-13,18,2.3,40,Completed
TDMS-00200,TRD,Hyderabad-SEC-07,FDR-212,Feeder fault,High,2026-05-13 22:25,2026-05-19,104,6.5,30,Open
TDMS-00201,TRD,Guntur-SEC-06,FDR-783,Insulator flashover,Medium,2026-07-31 03:20,2026-08-18,13,3.2,20,Completed
TDMS-00202,TRD,Vijayawada-SEC-04,FDR-134,Dropper damage,Medium,2026-08-21 20:44,2026-09-08,0,5.0,22,Scheduled
TDMS-00203,TRD,Vijayawada-SEC-05,FDR-503,Traction transformer fault,Medium,2026-08-26 23:51,2026-09-13,0,6.0,15,Open
TDMS-00204,TRD,Hyderabad-SEC-05,FDR-927,Dropper damage,High,2026-07-25 14:51,2026-07-31,31,2.0,39,Open
TDMS-00205,TRD,Secunderabad-SEC-01,FDR-746,OHE wire wear,Medium,2026-08-13 18:18,2026-08-31,0,6.9,31,Scheduled
TDMS-00206,TRD,Guntakal-SEC-05,FDR-260,Registration arm misalignment,Medium,2026-08-10 07:55,2026-08-28,3,4.0,34,Open
TDMS-00207,TRD,Hyderabad-SEC-03,FDR-427,Registration arm misalignment,Low,2026-06-12 05:31,2026-07-17,45,6.5,8,Open
TDMS-00208,TRD,Vijayawada-SEC-06,FDR-140,OHE wire wear,High,2026-05-06 16:03,2026-05-12,111,5.5,4,Scheduled
TDMS-00209,TRD,Vijayawada-SEC-01,FDR-450,Section insulator damage,Medium,2026-05-08 21:48,2026-05-26,97,2.3,29,Scheduled
TDMS-00210,TRD,Guntakal-SEC-08,FDR-664,Dropper damage,Low,2026-07-02 07:45,2026-08-06,25,2.7,9,Open
TDMS-00211,TRD,Secunderabad-SEC-02,FDR-347,Traction transformer fault,High,2026-06-22 00:02,2026-06-28,64,3.8,19,Completed
TDMS-00212,TRD,Guntur-SEC-01,FDR-462,Dropper damage,High,2026-06-11 16:06,2026-06-17,75,5.3,35,Open
TDMS-00213,TRD,Vijayawada-SEC-05,FDR-440,Insulator flashover,High,2026-05-18 21:37,2026-05-24,99,5.5,31,Open
TDMS-00214,TRD,Hyderabad-SEC-01,FDR-475,Insulator flashover,Low,2026-08-05 12:34,2026-09-09,0,5.5,33,Open
TDMS-00215,TRD,Guntakal-SEC-08,FDR-693,Dropper damage,Medium,2026-06-06 09:55,2026-06-24,68,5.9,22,Scheduled
TDMS-00216,TRD,Vijayawada-SEC-07,FDR-822,Circuit breaker trip,Low,2026-08-30 22:28,2026-10-04,0,4.8,30,Scheduled
TDMS-00217,TRD,Guntakal-SEC-02,FDR-628,Traction transformer fault,Medium,2026-08-12 17:21,2026-08-30,1,3.4,10,Open
TDMS-00218,TRD,Guntakal-SEC-05,FDR-194,Traction transformer fault,High,2026-06-20 18:11,2026-06-26,66,6.3,23,Open
TDMS-00219,TRD,Vijayawada-SEC-05,FDR-564,Feeder fault,Medium,2026-05-06 02:35,2026-05-24,99,6.0,16,Open
TDMS-00220,TRD,Guntur-SEC-04,FDR-414,Circuit breaker trip,High,2026-07-10 22:21,2026-07-16,46,2.7,5,Open
TDMS-00221,TRD,Guntur-SEC-08,FDR-258,Feeder fault,Critical,2026-05-15 06:49,2026-05-16,107,1.5,39,Scheduled
TDMS-00222,TRD,Vijayawada-SEC-02,FDR-418,Circuit breaker trip,Medium,2026-08-16 23:24,2026-09-03,0,2.2,40,Open
TDMS-00223,TRD,Guntakal-SEC-04,FDR-681,Dropper damage,Medium,2026-06-15 00:46,2026-07-03,59,1.5,10,Scheduled
TDMS-00224,TRD,Hyderabad-SEC-06,FDR-929,Earthing fault,Low,2026-08-28 07:13,2026-10-02,0,5.1,14,Scheduled
TDMS-00225,TRD,Guntakal-SEC-03,FDR-869,Registration arm misalignment,Medium,2026-05-06 04:07,2026-05-24,99,6.6,27,Open
TDMS-00226,TRD,Hyderabad-SEC-01,FDR-259,Traction transformer fault,Critical,2026-06-13 23:07,2026-06-14,78,6.9,21,Open
TDMS-00227,TRD,Vijayawada-SEC-07,FDR-541,OHE wire wear,Medium,2026-07-12 10:15,2026-07-30,32,5.1,38,Scheduled
TDMS-00228,TRD,Guntakal-SEC-07,FDR-846,OHE wire wear,Medium,2026-08-05 05:08,2026-08-23,8,2.0,35,Open
TDMS-00229,TRD,Vijayawada-SEC-03,FDR-684,Registration arm misalignment,High,2026-06-18 17:25,2026-06-24,68,4.8,13,Open
TDMS-00230,TRD,Vijayawada-SEC-02,FDR-435,Registration arm misalignment,High,2026-06-20 18:40,2026-06-26,66,6.5,12,Open
TDMS-00231,TRD,Hyderabad-SEC-03,FDR-939,SCADA communication fault,Medium,2026-06-12 12:55,2026-06-30,62,6.3,12,Open
TDMS-00232,TRD,Vijayawada-SEC-08,FDR-359,Traction transformer fault,Medium,2026-08-24 14:09,2026-09-11,0,2.2,29,Open
TDMS-00233,TRD,Guntakal-SEC-04,FDR-713,Dropper damage,Medium,2026-08-18 22:19,2026-09-05,0,6.6,7,Open
TDMS-00234,TRD,Hyderabad-SEC-04,FDR-495,Section insulator damage,Medium,2026-07-14 05:18,2026-08-01,30,4.0,35,Completed
TDMS-00235,TRD,Guntakal-SEC-01,FDR-718,Traction transformer fault,Low,2026-05-03 01:34,2026-06-07,85,2.6,3,Scheduled
TDMS-00236,TRD,Secunderabad-SEC-06,FDR-632,Dropper damage,Medium,2026-06-05 00:20,2026-06-23,69,4.7,22,Open
TDMS-00237,TRD,Hyderabad-SEC-04,FDR-653,Circuit breaker trip,Medium,2026-08-20 15:38,2026-09-07,0,2.6,17,Completed
TDMS-00238,TRD,Hyderabad-SEC-06,FDR-858,Circuit breaker trip,Medium,2026-06-23 14:59,2026-07-11,51,1.7,19,Open
TDMS-00239,TRD,Vijayawada-SEC-06,FDR-605,Registration arm misalignment,Low,2026-06-18 21:31,2026-07-23,39,4.9,40,Completed
TDMS-00240,TRD,Secunderabad-SEC-01,FDR-193,Feeder fault,Low,2026-07-31 01:00,2026-09-04,0,4.3,12,Completed
TDMS-00241,TRD,Guntakal-SEC-08,FDR-284,OHE wire wear,Medium,2026-08-28 21:12,2026-09-15,0,1.6,2,Scheduled
TDMS-00242,TRD,Secunderabad-SEC-05,FDR-299,Circuit breaker trip,Critical,2026-08-01 02:53,2026-08-02,29,1.9,27,Scheduled
TDMS-00243,TRD,Secunderabad-SEC-01,FDR-707,Section insulator damage,Medium,2026-06-05 16:06,2026-06-23,69,2.7,13,Open
TDMS-00244,TRD,Hyderabad-SEC-07,FDR-536,Registration arm misalignment,High,2026-06-30 22:20,2026-07-06,56,1.7,13,Open
TDMS-00245,TRD,Vijayawada-SEC-08,FDR-200,Registration arm misalignment,Medium,2026-08-17 17:20,2026-09-04,0,4.6,33,Scheduled
TDMS-00246,TRD,Secunderabad-SEC-01,FDR-806,Insulator flashover,Medium,2026-07-11 03:03,2026-07-29,33,1.1,39,Scheduled
TDMS-00247,TRD,Guntakal-SEC-06,FDR-963,Circuit breaker trip,Low,2026-05-27 21:07,2026-07-01,61,3.3,13,Completed
TDMS-00248,TRD,Vijayawada-SEC-06,FDR-902,Section insulator damage,Medium,2026-05-15 12:45,2026-06-02,90,2.5,32,Open
TDMS-00249,TRD,Guntakal-SEC-04,FDR-545,SCADA communication fault,High,2026-05-07 21:21,2026-05-13,110,5.3,9,Open
TDMS-00250,TRD,Guntur-SEC-05,FDR-111,Feeder fault,Low,2026-06-12 21:52,2026-07-17,45,5.1,32,Open
TDMS-00251,TRD,Hyderabad-SEC-08,FDR-343,Section insulator damage,Low,2026-08-08 22:47,2026-09-12,0,1.3,2,Completed
TDMS-00252,TRD,Secunderabad-SEC-08,FDR-283,Circuit breaker trip,High,2026-06-23 16:38,2026-06-29,63,5.3,12,Open
TDMS-00253,TRD,Vijayawada-SEC-06,FDR-282,Traction transformer fault,Critical,2026-06-07 23:32,2026-06-08,84,6.2,6,Open
TDMS-00254,TRD,Vijayawada-SEC-03,FDR-469,Feeder fault,High,2026-08-14 11:14,2026-08-20,11,3.7,4,Completed
TDMS-00255,TRD,Hyderabad-SEC-05,FDR-454,Traction transformer fault,High,2026-08-20 15:58,2026-08-26,5,3.6,12,Open
TDMS-00256,TRD,Secunderabad-SEC-02,FDR-203,Insulator flashover,High,2026-05-08 16:10,2026-05-14,109,3.3,27,Open
TDMS-00257,TRD,Guntur-SEC-06,FDR-913,Section insulator damage,Low,2026-08-17 19:53,2026-09-21,0,6.9,28,Scheduled
TDMS-00258,TRD,Vijayawada-SEC-05,FDR-619,Dropper damage,High,2026-06-16 23:44,2026-06-22,70,1.6,18,Scheduled
TDMS-00259,TRD,Vijayawada-SEC-03,FDR-141,SCADA communication fault,High,2026-07-07 07:53,2026-07-13,49,1.1,38,Open
TDMS-00260,TRD,Guntakal-SEC-03,FDR-789,OHE wire wear,High,2026-07-01 11:41,2026-07-07,55,6.1,25,Scheduled
TDMS-00261,TRD,Secunderabad-SEC-04,FDR-780,Earthing fault,Medium,2026-08-22 01:51,2026-09-09,0,5.7,3,Open
TDMS-00262,TRD,Guntakal-SEC-05,FDR-267,Section insulator damage,Critical,2026-05-22 12:21,2026-05-23,100,2.6,20,Open
TDMS-00263,TRD,Hyderabad-SEC-01,FDR-356,Dropper damage,Critical,2026-06-30 07:44,2026-07-01,61,5.7,30,Scheduled
TDMS-00264,TRD,Secunderabad-SEC-02,FDR-766,Registration arm misalignment,Medium,2026-08-25 23:44,2026-09-12,0,5.4,27,Open
TDMS-00265,TRD,Guntakal-SEC-05,FDR-435,OHE wire wear,High,2026-07-25 22:31,2026-07-31,31,4.1,7,Open
TDMS-00266,TRD,Guntur-SEC-05,FDR-348,Feeder fault,High,2026-08-11 07:54,2026-08-17,14,4.8,37,Open
TDMS-00267,TRD,Vijayawada-SEC-08,FDR-233,OHE wire wear,Low,2026-08-28 19:42,2026-10-02,0,4.3,25,Open
TDMS-00268,TRD,Secunderabad-SEC-02,FDR-537,Circuit breaker trip,Critical,2026-05-27 18:15,2026-05-28,95,2.2,26,Open
TDMS-00269,TRD,Vijayawada-SEC-04,FDR-410,OHE wire wear,Medium,2026-08-22 01:30,2026-09-09,0,3.2,27,Open
TDMS-00270,TRD,Guntur-SEC-07,FDR-921,Insulator flashover,Medium,2026-08-23 06:55,2026-09-10,0,6.0,7,Open
TDMS-00271,TRD,Guntur-SEC-05,FDR-680,Dropper damage,High,2026-06-07 09:41,2026-06-13,79,3.1,34,Scheduled
TDMS-00272,TRD,Guntakal-SEC-01,FDR-949,OHE wire wear,Medium,2026-08-07 01:02,2026-08-25,6,2.0,30,Scheduled
TDMS-00273,TRD,Secunderabad-SEC-06,FDR-352,Section insulator damage,High,2026-06-15 23:04,2026-06-21,71,2.8,35,Open
TDMS-00274,TRD,Guntakal-SEC-02,FDR-940,Earthing fault,Critical,2026-08-24 19:28,2026-08-25,6,5.5,28,Open
TDMS-00275,TRD,Secunderabad-SEC-05,FDR-698,Earthing fault,Medium,2026-06-04 09:21,2026-06-22,70,3.5,10,Open
TDMS-00276,TRD,Vijayawada-SEC-02,FDR-909,Insulator flashover,Critical,2026-07-11 22:56,2026-07-12,50,1.2,30,Open
TDMS-00277,TRD,Guntur-SEC-06,FDR-876,OHE wire wear,Low,2026-07-20 21:15,2026-08-24,7,3.9,10,Completed
TDMS-00278,TRD,Guntakal-SEC-07,FDR-335,Traction transformer fault,Medium,2026-06-07 16:30,2026-06-25,67,2.5,30,Open
TDMS-00279,TRD,Vijayawada-SEC-05,FDR-846,Feeder fault,Medium,2026-08-11 07:57,2026-08-29,2,1.8,5,Scheduled
TDMS-00280,TRD,Hyderabad-SEC-03,FDR-374,Section insulator damage,Medium,2026-07-17 00:50,2026-08-04,27,5.1,38,Scheduled
TDMS-00281,TRD,Vijayawada-SEC-04,FDR-569,Feeder fault,Medium,2026-05-23 15:25,2026-06-10,82,4.0,40,Completed
TDMS-00282,TRD,Guntur-SEC-07,FDR-800,OHE wire wear,Medium,2026-08-07 16:10,2026-08-25,6,3.0,12,Scheduled
TDMS-00283,TRD,Hyderabad-SEC-05,FDR-615,Dropper damage,Low,2026-07-30 22:54,2026-09-03,0,4.7,29,Open
TDMS-00284,TRD,Hyderabad-SEC-03,FDR-392,Traction transformer fault,High,2026-06-15 04:45,2026-06-21,71,3.3,10,Scheduled
TDMS-00285,TRD,Guntur-SEC-02,FDR-915,Earthing fault,Medium,2026-07-31 02:40,2026-08-18,13,2.9,10,Scheduled
TDMS-00286,TRD,Guntur-SEC-06,FDR-514,Feeder fault,Medium,2026-06-15 21:10,2026-07-03,59,4.3,11,Open
TDMS-00287,TRD,Secunderabad-SEC-01,FDR-499,Feeder fault,Low,2026-07-20 15:46,2026-08-24,7,6.1,5,Completed
TDMS-00288,TRD,Secunderabad-SEC-04,FDR-219,Traction transformer fault,High,2026-07-10 08:33,2026-07-16,46,2.6,10,Open
TDMS-00289,TRD,Guntakal-SEC-06,FDR-281,Dropper damage,High,2026-07-12 16:51,2026-07-18,44,5.1,15,Open
TDMS-00290,TRD,Vijayawada-SEC-06,FDR-299,Earthing fault,Medium,2026-05-21 04:46,2026-06-08,84,2.1,31,Open
TDMS-00291,TRD,Secunderabad-SEC-08,FDR-857,Traction transformer fault,Medium,2026-07-27 14:18,2026-08-14,17,5.8,15,Open
TDMS-00292,TRD,Guntakal-SEC-06,FDR-371,SCADA communication fault,Critical,2026-07-25 18:38,2026-07-26,36,1.6,18,Open
TDMS-00293,TRD,Secunderabad-SEC-06,FDR-746,Section insulator damage,Medium,2026-06-20 11:53,2026-07-08,54,2.7,36,Scheduled
TDMS-00294,TRD,Hyderabad-SEC-01,FDR-212,Earthing fault,Low,2026-08-09 01:13,2026-09-13,0,3.3,6,Open
TDMS-00295,TRD,Guntur-SEC-08,FDR-757,SCADA communication fault,Low,2026-08-17 19:31,2026-09-21,0,3.4,13,Completed
TDMS-00296,TRD,Hyderabad-SEC-01,FDR-552,Feeder fault,High,2026-06-08 09:53,2026-06-14,78,4.5,18,Open
TDMS-00297,TRD,Hyderabad-SEC-08,FDR-640,Registration arm misalignment,High,2026-08-05 12:13,2026-08-11,20,6.4,25,Scheduled
TDMS-00298,TRD,Secunderabad-SEC-04,FDR-575,Earthing fault,Medium,2026-06-20 19:41,2026-07-08,54,6.1,9,Open
TDMS-00299,TRD,Guntakal-SEC-02,FDR-591,SCADA communication fault,Critical,2026-05-03 00:18,2026-05-04,119,4.2,13,Completed
TDMS-00300,TRD,Hyderabad-SEC-04,FDR-275,Traction transformer fault,Critical,2026-05-09 15:27,2026-05-10,113,6.7,22,Scheduled
TDMS-00301,TRD,Guntakal-SEC-01,FDR-514,Traction transformer fault,Medium,2026-08-22 23:03,2026-09-09,0,1.6,17,Scheduled
TDMS-00302,TRD,Vijayawada-SEC-03,FDR-415,Circuit breaker trip,Medium,2026-06-24 00:42,2026-07-12,50,6.9,5,Completed
TDMS-00303,TRD,Secunderabad-SEC-01,FDR-535,Dropper damage,Low,2026-06-11 21:24,2026-07-16,46,4.8,39,Open
TDMS-00304,TRD,Guntur-SEC-03,FDR-348,Registration arm misalignment,Medium,2026-05-31 23:02,2026-06-18,74,6.2,21,Scheduled
TDMS-00305,TRD,Hyderabad-SEC-02,FDR-602,SCADA communication fault,Low,2026-05-11 18:38,2026-06-15,77,5.8,4,Open
TDMS-00306,TRD,Guntur-SEC-05,FDR-185,Earthing fault,Critical,2026-08-30 08:32,2026-08-31,0,5.6,39,Open
TDMS-00307,TRD,Vijayawada-SEC-05,FDR-183,Dropper damage,High,2026-08-18 18:00,2026-08-24,7,1.8,4,Open
TDMS-00308,TRD,Vijayawada-SEC-03,FDR-671,SCADA communication fault,High,2026-07-30 22:04,2026-08-05,26,6.9,36,Open
TDMS-00309,TRD,Secunderabad-SEC-08,FDR-276,OHE wire wear,Low,2026-05-13 05:22,2026-06-17,75,4.8,37,Open
TDMS-00310,TRD,Guntakal-SEC-03,FDR-244,Earthing fault,Medium,2026-08-21 14:22,2026-09-08,0,4.7,4,Completed
TDMS-00311,TRD,Guntur-SEC-05,FDR-617,Traction transformer fault,Low,2026-06-13 09:37,2026-07-18,44,4.7,12,Open
TDMS-00312,TRD,Guntakal-SEC-02,FDR-239,Traction transformer fault,Critical,2026-08-24 00:25,2026-08-25,6,1.5,27,Open
TDMS-00313,TRD,Hyderabad-SEC-03,FDR-533,Insulator flashover,Low,2026-07-02 15:53,2026-08-06,25,2.0,24,Scheduled
TDMS-00314,TRD,Hyderabad-SEC-07,FDR-825,SCADA communication fault,Medium,2026-08-10 05:06,2026-08-28,3,6.1,19,Open
TDMS-00315,TRD,Guntur-SEC-08,FDR-819,SCADA communication fault,Medium,2026-07-21 06:52,2026-08-08,23,2.3,34,Open
TDMS-00316,TRD,Hyderabad-SEC-05,FDR-580,SCADA communication fault,High,2026-08-02 22:57,2026-08-08,23,4.0,36,Completed
TDMS-00317,TRD,Guntakal-SEC-04,FDR-837,Insulator flashover,Medium,2026-08-05 09:48,2026-08-23,8,1.1,4,Open
TDMS-00318,TRD,Secunderabad-SEC-07,FDR-424,OHE wire wear,High,2026-08-04 01:57,2026-08-10,21,5.0,19,Completed
TDMS-00319,TRD,Guntur-SEC-04,FDR-859,OHE wire wear,Critical,2026-08-02 03:15,2026-08-03,28,2.4,10,Open
TDMS-00320,TRD,Guntur-SEC-01,FDR-535,OHE wire wear,Medium,2026-05-25 03:55,2026-06-12,80,4.7,28,Open
TDMS-00321,TRD,Guntur-SEC-08,FDR-434,Insulator flashover,Low,2026-07-23 06:57,2026-08-27,4,3.4,12,Open
TDMS-00322,TRD,Vijayawada-SEC-01,FDR-488,Traction transformer fault,High,2026-08-20 05:46,2026-08-26,5,3.3,20,Completed
TDMS-00323,TRD,Guntakal-SEC-02,FDR-453,SCADA communication fault,Low,2026-06-25 23:09,2026-07-30,32,1.8,20,Open
TDMS-00324,TRD,Guntakal-SEC-08,FDR-346,Earthing fault,Medium,2026-07-18 01:55,2026-08-05,26,2.9,12,Completed
TDMS-00325,TRD,Hyderabad-SEC-06,FDR-438,OHE wire wear,Medium,2026-06-10 15:06,2026-06-28,64,3.7,30,Scheduled
TDMS-00326,TRD,Vijayawada-SEC-07,FDR-597,Traction transformer fault,Low,2026-07-09 10:48,2026-08-13,18,2.9,37,Completed
TDMS-00327,TRD,Guntakal-SEC-06,FDR-177,Feeder fault,Medium,2026-05-21 11:09,2026-06-08,84,5.5,12,Completed
TDMS-00328,TRD,Hyderabad-SEC-06,FDR-965,OHE wire wear,Low,2026-05-03 03:56,2026-06-07,85,3.5,7,Scheduled
TDMS-00329,TRD,Guntur-SEC-07,FDR-703,Feeder fault,Low,2026-05-20 12:10,2026-06-24,68,6.1,19,Scheduled
TDMS-00330,TRD,Hyderabad-SEC-08,FDR-506,Registration arm misalignment,High,2026-05-26 08:24,2026-06-01,91,2.0,18,Scheduled
TDMS-00331,TRD,Vijayawada-SEC-07,FDR-780,Section insulator damage,Medium,2026-06-18 03:28,2026-07-06,56,1.9,23,Open
TDMS-00332,TRD,Secunderabad-SEC-06,FDR-450,SCADA communication fault,Critical,2026-07-06 23:58,2026-07-07,55,2.6,7,Completed
TDMS-00333,TRD,Guntur-SEC-07,FDR-427,Circuit breaker trip,Medium,2026-07-26 18:46,2026-08-13,18,5.4,36,Open
TDMS-00334,TRD,Guntur-SEC-07,FDR-484,Circuit breaker trip,Medium,2026-06-02 16:39,2026-06-20,72,4.6,23,Open
TDMS-00335,TRD,Guntur-SEC-04,FDR-865,Feeder fault,Critical,2026-07-26 08:48,2026-07-27,35,1.8,3,Open
TDMS-00336,TRD,Vijayawada-SEC-08,FDR-309,Traction transformer fault,High,2026-06-27 11:06,2026-07-03,59,3.4,28,Open
TDMS-00337,TRD,Guntur-SEC-05,FDR-247,Section insulator damage,Medium,2026-06-25 02:11,2026-07-13,49,4.0,13,Scheduled
TDMS-00338,TRD,Vijayawada-SEC-05,FDR-774,Circuit breaker trip,Low,2026-05-08 11:16,2026-06-12,80,6.4,34,Open
TDMS-00339,TRD,Guntur-SEC-01,FDR-149,Circuit breaker trip,Critical,2026-08-18 01:40,2026-08-19,12,1.5,14,Completed
TDMS-00340,TRD,Guntakal-SEC-03,FDR-388,Insulator flashover,Critical,2026-05-29 15:34,2026-05-30,93,5.9,35,Scheduled
TDMS-00341,TRD,Secunderabad-SEC-04,FDR-780,Feeder fault,Medium,2026-07-31 08:43,2026-08-18,13,6.2,3,Scheduled
TDMS-00342,TRD,Hyderabad-SEC-04,FDR-653,OHE wire wear,Critical,2026-05-06 16:44,2026-05-07,116,3.8,12,Scheduled
TDMS-00343,TRD,Guntur-SEC-08,FDR-842,Dropper damage,Medium,2026-08-23 22:51,2026-09-10,0,6.6,33,Completed
TDMS-00344,TRD,Guntakal-SEC-06,FDR-883,Registration arm misalignment,Medium,2026-05-23 07:06,2026-06-10,82,6.1,26,Open
TDMS-00345,TRD,Vijayawada-SEC-06,FDR-356,Section insulator damage,High,2026-07-18 13:07,2026-07-24,38,6.3,9,Scheduled
TDMS-00346,TRD,Secunderabad-SEC-08,FDR-210,OHE wire wear,High,2026-05-20 14:53,2026-05-26,97,5.6,10,Open
TDMS-00347,TRD,Secunderabad-SEC-04,FDR-650,SCADA communication fault,High,2026-08-05 03:05,2026-08-11,20,2.2,10,Open
TDMS-00348,TRD,Vijayawada-SEC-06,FDR-473,Insulator flashover,Medium,2026-07-31 17:08,2026-08-18,13,6.3,21,Completed
TDMS-00349,TRD,Guntur-SEC-06,FDR-123,Feeder fault,High,2026-06-26 12:32,2026-07-02,60,5.7,26,Open
TDMS-00350,TRD,Guntur-SEC-01,FDR-550,Traction transformer fault,Low,2026-07-07 18:57,2026-08-11,20,3.5,8,Open
TDMS-00351,TRD,Guntur-SEC-04,FDR-260,Insulator flashover,High,2026-08-16 13:11,2026-08-22,9,4.0,28,Completed
TDMS-00352,TRD,Vijayawada-SEC-01,FDR-564,SCADA communication fault,Medium,2026-06-21 15:05,2026-07-09,53,2.5,31,Open
TDMS-00353,TRD,Guntakal-SEC-05,FDR-944,Registration arm misalignment,High,2026-08-09 02:46,2026-08-15,16,3.6,12,Open
TDMS-00354,TRD,Guntakal-SEC-08,FDR-619,SCADA communication fault,High,2026-06-07 22:46,2026-06-13,79,5.4,15,Open
TDMS-00355,TRD,Hyderabad-SEC-03,FDR-370,Section insulator damage,High,2026-05-25 19:56,2026-05-31,92,4.3,37,Scheduled
TDMS-00356,TRD,Hyderabad-SEC-06,FDR-407,SCADA communication fault,Medium,2026-08-21 02:27,2026-09-08,0,6.0,24,Completed
TDMS-00357,TRD,Hyderabad-SEC-06,FDR-382,Earthing fault,Medium,2026-07-13 11:50,2026-07-31,31,1.4,27,Scheduled
TDMS-00358,TRD,Vijayawada-SEC-02,FDR-343,SCADA communication fault,Medium,2026-07-25 13:07,2026-08-12,19,5.6,2,Open
TDMS-00359,TRD,Hyderabad-SEC-02,FDR-484,Registration arm misalignment,High,2026-08-22 10:30,2026-08-28,3,6.2,36,Open
TDMS-00360,TRD,Hyderabad-SEC-01,FDR-702,Registration arm misalignment,Low,2026-07-30 06:01,2026-09-03,0,5.7,33,Scheduled
TDMS-00361,TRD,Guntur-SEC-01,FDR-562,OHE wire wear,High,2026-07-18 22:21,2026-07-24,38,5.1,16,Open
TDMS-00362,TRD,Vijayawada-SEC-01,FDR-615,OHE wire wear,Low,2026-08-13 00:38,2026-09-17,0,6.4,5,Scheduled
TDMS-00363,TRD,Secunderabad-SEC-03,FDR-948,Registration arm misalignment,Medium,2026-07-23 21:12,2026-08-10,21,6.4,17,Open
TDMS-00364,TRD,Guntur-SEC-03,FDR-200,Circuit breaker trip,Critical,2026-05-15 08:35,2026-05-16,107,2.5,21,Open
TDMS-00365,TRD,Secunderabad-SEC-06,FDR-494,Traction transformer fault,Medium,2026-06-30 02:36,2026-07-18,44,5.8,24,Open
TDMS-00366,TRD,Vijayawada-SEC-04,FDR-834,Section insulator damage,Medium,2026-05-16 17:32,2026-06-03,89,2.7,14,Completed
TDMS-00367,TRD,Hyderabad-SEC-01,FDR-446,Insulator flashover,Low,2026-05-26 03:33,2026-06-30,62,3.9,24,Scheduled
TDMS-00368,TRD,Guntakal-SEC-07,FDR-467,Registration arm misalignment,Medium,2026-07-08 09:45,2026-07-26,36,4.0,9,Scheduled
TDMS-00369,TRD,Guntur-SEC-03,FDR-524,Section insulator damage,Medium,2026-07-16 08:51,2026-08-03,28,1.5,39,Completed
TDMS-00370,TRD,Vijayawada-SEC-08,FDR-497,Traction transformer fault,High,2026-08-26 03:24,2026-09-01,0,6.6,28,Scheduled
TDMS-00371,TRD,Guntur-SEC-03,FDR-219,Insulator flashover,Low,2026-07-19 03:17,2026-08-23,8,2.9,16,Open
TDMS-00372,TRD,Guntakal-SEC-01,FDR-480,Insulator flashover,Low,2026-07-20 08:52,2026-08-24,7,2.1,34,Open
TDMS-00373,TRD,Secunderabad-SEC-06,FDR-248,Dropper damage,Medium,2026-07-12 01:54,2026-07-30,32,4.6,38,Open
TDMS-00374,TRD,Guntur-SEC-01,FDR-693,Registration arm misalignment,Medium,2026-05-29 12:38,2026-06-16,76,5.6,37,Open
TDMS-00375,TRD,Hyderabad-SEC-07,FDR-518,Circuit breaker trip,Low,2026-07-01 03:12,2026-08-05,26,4.0,7,Scheduled
TDMS-00376,TRD,Secunderabad-SEC-04,FDR-366,Circuit breaker trip,Critical,2026-05-04 15:49,2026-05-05,118,2.0,26,Scheduled
TDMS-00377,TRD,Hyderabad-SEC-05,FDR-849,Insulator flashover,High,2026-05-17 17:19,2026-05-23,100,3.1,29,Open
TDMS-00378,TRD,Guntakal-SEC-03,FDR-515,SCADA communication fault,Low,2026-08-01 23:50,2026-09-05,0,1.8,2,Open
TDMS-00379,TRD,Secunderabad-SEC-06,FDR-684,Section insulator damage,Low,2026-07-13 16:34,2026-08-17,14,5.5,29,Open
TDMS-00380,TRD,Guntakal-SEC-07,FDR-331,Dropper damage,Critical,2026-06-05 00:16,2026-06-06,86,4.1,2,Open
TDMS-00381,TRD,Guntakal-SEC-07,FDR-527,Registration arm misalignment,High,2026-08-12 17:40,2026-08-18,13,3.5,15,Scheduled
TDMS-00382,TRD,Guntakal-SEC-03,FDR-270,SCADA communication fault,Medium,2026-07-17 06:08,2026-08-04,27,3.3,35,Open
TDMS-00383,TRD,Secunderabad-SEC-03,FDR-322,Feeder fault,Low,2026-08-23 23:55,2026-09-27,0,6.3,32,Open
TDMS-00384,TRD,Guntur-SEC-05,FDR-411,Dropper damage,High,2026-08-04 19:21,2026-08-10,21,4.1,15,Scheduled
TDMS-00385,TRD,Guntakal-SEC-06,FDR-959,Dropper damage,Medium,2026-07-21 19:21,2026-08-08,23,2.4,7,Open
TDMS-00386,TRD,Hyderabad-SEC-03,FDR-103,Dropper damage,Critical,2026-06-27 18:29,2026-06-28,64,2.5,39,Open
TDMS-00387,TRD,Hyderabad-SEC-04,FDR-442,Circuit breaker trip,Low,2026-06-07 08:57,2026-07-12,50,5.0,6,Scheduled
TDMS-00388,TRD,Secunderabad-SEC-06,FDR-577,Registration arm misalignment,Low,2026-08-19 00:07,2026-09-23,0,4.0,40,Open
TDMS-00389,TRD,Guntur-SEC-02,FDR-334,Dropper damage,Medium,2026-05-03 16:23,2026-05-21,102,3.5,21,Open
TDMS-00390,TRD,Guntakal-SEC-05,FDR-695,Section insulator damage,Medium,2026-06-28 21:19,2026-07-16,46,2.0,19,Open
TDMS-00391,TRD,Secunderabad-SEC-04,FDR-834,Feeder fault,Low,2026-08-07 16:40,2026-09-11,0,3.9,40,Open
TDMS-00392,TRD,Vijayawada-SEC-05,FDR-782,Insulator flashover,Medium,2026-08-28 15:48,2026-09-15,0,2.3,14,Open
TDMS-00393,TRD,Guntakal-SEC-06,FDR-524,Registration arm misalignment,High,2026-07-30 11:30,2026-08-05,26,5.1,8,Scheduled
TDMS-00394,TRD,Vijayawada-SEC-08,FDR-155,Earthing fault,Low,2026-07-19 22:16,2026-08-23,8,6.0,27,Open
TDMS-00395,TRD,Guntur-SEC-02,FDR-437,Feeder fault,Medium,2026-06-21 21:45,2026-07-09,53,1.4,20,Completed
TDMS-00396,TRD,Hyderabad-SEC-01,FDR-464,Feeder fault,Low,2026-06-13 13:21,2026-07-18,44,4.6,40,Completed
TDMS-00397,TRD,Secunderabad-SEC-01,FDR-830,Insulator flashover,Medium,2026-08-01 05:30,2026-08-19,12,2.0,22,Open
TDMS-00398,TRD,Hyderabad-SEC-05,FDR-191,Circuit breaker trip,Medium,2026-06-17 07:00,2026-07-05,57,3.5,27,Scheduled
TDMS-00399,TRD,Vijayawada-SEC-01,FDR-620,Feeder fault,Medium,2026-07-10 11:10,2026-07-28,34,6.0,10,Scheduled
TDMS-00400,TRD,Guntakal-SEC-05,FDR-772,Traction transformer fault,High,2026-05-20 09:55,2026-05-26,97,4.4,38,Scheduled
TDMS-00401,TRD,Guntakal-SEC-01,FDR-694,Traction transformer fault,Medium,2026-08-28 19:13,2026-09-15,0,4.4,14,Scheduled
TDMS-00402,TRD,Guntur-SEC-07,FDR-953,Dropper damage,Medium,2026-05-28 14:40,2026-06-15,77,2.9,27,Open
TDMS-00403,TRD,Guntur-SEC-04,FDR-451,Earthing fault,Low,2026-05-11 15:20,2026-06-15,77,4.2,3,Scheduled
TDMS-00404,TRD,Secunderabad-SEC-06,FDR-814,Earthing fault,Medium,2026-05-11 22:45,2026-05-29,94,4.5,40,Open
TDMS-00405,TRD,Vijayawada-SEC-06,FDR-677,Earthing fault,Medium,2026-07-11 07:50,2026-07-29,33,1.8,39,Scheduled
TDMS-00406,TRD,Guntakal-SEC-03,FDR-189,Feeder fault,Low,2026-07-13 23:26,2026-08-17,14,4.5,31,Open
TDMS-00407,TRD,Vijayawada-SEC-07,FDR-519,OHE wire wear,Medium,2026-07-13 20:08,2026-07-31,31,3.0,35,Open
TDMS-00408,TRD,Secunderabad-SEC-02,FDR-978,Circuit breaker trip,High,2026-08-26 08:02,2026-09-01,0,5.0,15,Scheduled
TDMS-00409,TRD,Hyderabad-SEC-05,FDR-732,Dropper damage,Low,2026-06-22 20:21,2026-07-27,35,1.9,27,Completed
TDMS-00410,TRD,Vijayawada-SEC-05,FDR-762,Registration arm misalignment,Medium,2026-07-08 15:59,2026-07-26,36,6.7,16,Open
TDMS-00411,TRD,Guntakal-SEC-08,FDR-530,Registration arm misalignment,High,2026-07-30 05:40,2026-08-05,26,6.4,2,Open
TDMS-00412,TRD,Guntur-SEC-02,FDR-775,Earthing fault,Medium,2026-08-19 02:54,2026-09-06,0,1.0,33,Completed
TDMS-00413,TRD,Secunderabad-SEC-03,FDR-425,Traction transformer fault,Medium,2026-05-16 16:56,2026-06-03,89,3.9,27,Completed
TDMS-00414,TRD,Hyderabad-SEC-07,FDR-105,SCADA communication fault,High,2026-08-06 02:07,2026-08-12,19,3.4,23,Open
TDMS-00415,TRD,Vijayawada-SEC-08,FDR-835,OHE wire wear,Medium,2026-07-08 03:59,2026-07-26,36,4.0,24,Open
TDMS-00416,TRD,Vijayawada-SEC-03,FDR-438,Circuit breaker trip,Medium,2026-06-28 08:23,2026-07-16,46,1.3,8,Open
TDMS-00417,TRD,Vijayawada-SEC-01,FDR-423,Traction transformer fault,Medium,2026-06-17 17:35,2026-07-05,57,6.3,33,Scheduled
TDMS-00418,TRD,Hyderabad-SEC-02,FDR-152,Traction transformer fault,Medium,2026-05-09 22:13,2026-05-27,96,4.4,2,Completed
TDMS-00419,TRD,Hyderabad-SEC-07,FDR-906,Registration arm misalignment,Medium,2026-05-24 13:18,2026-06-11,81,6.0,2,Open
TDMS-00420,TRD,Secunderabad-SEC-03,FDR-561,Circuit breaker trip,Medium,2026-08-22 02:53,2026-09-09,0,6.8,35,Open
TDMS-00421,TRD,Vijayawada-SEC-07,FDR-745,Traction transformer fault,Medium,2026-07-22 14:37,2026-08-09,22,6.5,33,Open
TDMS-00422,TRD,Hyderabad-SEC-05,FDR-751,OHE wire wear,Low,2026-05-15 09:22,2026-06-19,73,2.4,37,Scheduled
TDMS-00423,TRD,Hyderabad-SEC-05,FDR-487,Registration arm misalignment,High,2026-08-18 16:19,2026-08-24,7,4.2,6,Open
TDMS-00424,TRD,Guntakal-SEC-03,FDR-228,Section insulator damage,High,2026-08-13 20:01,2026-08-19,12,1.1,18,Scheduled
TDMS-00425,TRD,Secunderabad-SEC-06,FDR-696,OHE wire wear,Medium,2026-06-02 17:37,2026-06-20,72,1.4,14,Scheduled
TDMS-00426,TRD,Guntakal-SEC-03,FDR-270,SCADA communication fault,Low,2026-06-16 13:04,2026-07-21,41,1.1,20,Open
TDMS-00427,TRD,Hyderabad-SEC-06,FDR-137,Circuit breaker trip,Medium,2026-08-08 12:35,2026-08-26,5,4.7,10,Open
TDMS-00428,TRD,Guntur-SEC-01,FDR-973,Dropper damage,Medium,2026-06-23 07:42,2026-07-11,51,6.9,4,Completed
TDMS-00429,TRD,Guntakal-SEC-05,FDR-957,Insulator flashover,Low,2026-07-13 17:58,2026-08-17,14,4.1,14,Scheduled
TDMS-00430,TRD,Hyderabad-SEC-08,FDR-937,Registration arm misalignment,Critical,2026-05-17 12:43,2026-05-18,105,2.3,37,Open
TDMS-00431,TRD,Vijayawada-SEC-05,FDR-121,Section insulator damage,High,2026-07-03 13:33,2026-07-09,53,5.2,8,Open
TDMS-00432,TRD,Vijayawada-SEC-06,FDR-748,SCADA communication fault,High,2026-07-10 15:18,2026-07-16,46,5.5,30,Scheduled
TDMS-00433,TRD,Vijayawada-SEC-03,FDR-998,OHE wire wear,Low,2026-08-08 09:59,2026-09-12,0,2.5,32,Open
TDMS-00434,TRD,Secunderabad-SEC-08,FDR-327,Circuit breaker trip,Medium,2026-05-04 12:45,2026-05-22,101,4.3,8,Open
TDMS-00435,TRD,Guntur-SEC-05,FDR-515,Registration arm misalignment,Medium,2026-07-02 05:27,2026-07-20,42,3.0,33,Open
TDMS-00436,TRD,Secunderabad-SEC-03,FDR-995,Circuit breaker trip,Medium,2026-08-14 03:39,2026-09-01,0,1.8,5,Completed
TDMS-00437,TRD,Secunderabad-SEC-03,FDR-466,Section insulator damage,High,2026-06-25 07:50,2026-07-01,61,3.6,13,Open
TDMS-00438,TRD,Guntur-SEC-05,FDR-600,Section insulator damage,High,2026-05-16 23:31,2026-05-22,101,1.1,32,Open
TDMS-00439,TRD,Guntur-SEC-07,FDR-778,Feeder fault,High,2026-05-12 00:34,2026-05-18,105,5.6,26,Open
TDMS-00440,TRD,Guntakal-SEC-03,FDR-690,Dropper damage,Critical,2026-05-27 07:03,2026-05-28,95,6.5,32,Completed
TDMS-00441,TRD,Guntakal-SEC-05,FDR-334,Registration arm misalignment,Critical,2026-06-03 10:45,2026-06-04,88,5.5,24,Scheduled
TDMS-00442,TRD,Guntakal-SEC-04,FDR-794,Section insulator damage,Medium,2026-07-17 07:51,2026-08-04,27,6.8,36,Open
TDMS-00443,TRD,Hyderabad-SEC-07,FDR-687,OHE wire wear,High,2026-05-14 12:14,2026-05-20,103,3.5,9,Completed
TDMS-00444,TRD,Secunderabad-SEC-08,FDR-422,Dropper damage,Low,2026-07-16 20:12,2026-08-20,11,1.6,32,Completed
TDMS-00445,TRD,Guntakal-SEC-05,FDR-570,Dropper damage,Medium,2026-05-23 15:32,2026-06-10,82,3.1,20,Scheduled
TDMS-00446,TRD,Guntur-SEC-03,FDR-868,Section insulator damage,Medium,2026-06-29 22:39,2026-07-17,45,1.4,2,Completed
TDMS-00447,TRD,Secunderabad-SEC-05,FDR-980,SCADA communication fault,Medium,2026-06-23 16:38,2026-07-11,51,2.3,16,Open
TDMS-00448,TRD,Hyderabad-SEC-01,FDR-538,OHE wire wear,High,2026-07-21 21:47,2026-07-27,35,3.9,17,Completed
TDMS-00449,TRD,Vijayawada-SEC-06,FDR-896,Section insulator damage,Medium,2026-07-24 11:28,2026-08-11,20,5.1,38,Open
TDMS-00450,TRD,Guntakal-SEC-02,FDR-887,Earthing fault,Low,2026-07-24 01:17,2026-08-28,3,3.2,30,Open
TDMS-00451,TRD,Guntur-SEC-07,FDR-973,Section insulator damage,Low,2026-08-22 12:27,2026-09-26,0,6.2,10,Open
TDMS-00452,TRD,Vijayawada-SEC-03,FDR-375,Feeder fault,Critical,2026-06-24 04:11,2026-06-25,67,4.8,31,Open
TDMS-00453,TRD,Vijayawada-SEC-03,FDR-832,Section insulator damage,Medium,2026-08-17 04:52,2026-09-04,0,3.3,26,Scheduled
TDMS-00454,TRD,Vijayawada-SEC-04,FDR-320,Registration arm misalignment,Medium,2026-07-03 14:51,2026-07-21,41,5.3,3,Open
TDMS-00455,TRD,Hyderabad-SEC-04,FDR-875,Registration arm misalignment,Medium,2026-06-21 11:27,2026-07-09,53,2.7,13,Open
TDMS-00456,TRD,Secunderabad-SEC-08,FDR-915,SCADA communication fault,Low,2026-08-19 03:13,2026-09-23,0,2.1,11,Open
TDMS-00457,TRD,Vijayawada-SEC-04,FDR-818,Circuit breaker trip,Critical,2026-06-19 13:47,2026-06-20,72,5.8,10,Open
TDMS-00458,TRD,Guntur-SEC-02,FDR-289,Earthing fault,Low,2026-06-03 23:57,2026-07-08,54,5.6,17,Scheduled
TDMS-00459,TRD,Guntakal-SEC-06,FDR-476,Traction transformer fault,Low,2026-07-30 20:32,2026-09-03,0,3.2,6,Completed
TDMS-00460,TRD,Vijayawada-SEC-08,FDR-187,Traction transformer fault,High,2026-06-14 18:01,2026-06-20,72,6.4,2,Open
TDMS-00461,TRD,Vijayawada-SEC-03,FDR-617,Feeder fault,Medium,2026-08-02 11:21,2026-08-20,11,1.2,29,Open
TDMS-00462,TRD,Guntur-SEC-05,FDR-693,Section insulator damage,Low,2026-07-21 12:58,2026-08-25,6,1.1,26,Open
TDMS-00463,TRD,Guntur-SEC-04,FDR-769,Feeder fault,Low,2026-08-19 08:28,2026-09-23,0,4.0,7,Open
TDMS-00464,TRD,Hyderabad-SEC-03,FDR-517,Section insulator damage,Critical,2026-05-24 10:38,2026-05-25,98,3.5,22,Open
TDMS-00465,TRD,Hyderabad-SEC-02,FDR-943,Section insulator damage,High,2026-06-12 16:20,2026-06-18,74,3.3,13,Open
TDMS-00466,TRD,Vijayawada-SEC-04,FDR-633,SCADA communication fault,Low,2026-06-19 17:48,2026-07-24,38,4.3,20,Open
TDMS-00467,TRD,Vijayawada-SEC-05,FDR-349,OHE wire wear,Medium,2026-05-04 16:13,2026-05-22,101,1.5,37,Open
TDMS-00468,TRD,Vijayawada-SEC-02,FDR-626,OHE wire wear,Medium,2026-08-26 20:14,2026-09-13,0,5.5,17,Completed
TDMS-00469,TRD,Guntakal-SEC-03,FDR-901,Registration arm misalignment,High,2026-06-03 09:14,2026-06-09,83,1.3,20,Scheduled
TDMS-00470,TRD,Guntakal-SEC-01,FDR-973,Circuit breaker trip,Medium,2026-06-12 20:42,2026-06-30,62,7.0,4,Open
TDMS-00471,TRD,Guntur-SEC-01,FDR-521,Circuit breaker trip,Medium,2026-08-19 21:46,2026-09-06,0,5.1,26,Open
TDMS-00472,TRD,Guntakal-SEC-05,FDR-413,Insulator flashover,Medium,2026-05-27 18:46,2026-06-14,78,3.2,20,Scheduled
TDMS-00473,TRD,Guntur-SEC-01,FDR-255,Feeder fault,High,2026-06-24 00:51,2026-06-30,62,4.7,38,Open
TDMS-00474,TRD,Hyderabad-SEC-02,FDR-537,Insulator flashover,Medium,2026-05-26 20:12,2026-06-13,79,4.1,4,Open
TDMS-00475,TRD,Secunderabad-SEC-04,FDR-287,Dropper damage,Medium,2026-05-24 08:54,2026-06-11,81,5.4,2,Open
TDMS-00476,TRD,Hyderabad-SEC-08,FDR-775,Earthing fault,Medium,2026-06-17 23:21,2026-07-05,57,3.7,14,Open
TDMS-00477,TRD,Guntur-SEC-01,FDR-940,Feeder fault,High,2026-06-11 01:16,2026-06-17,75,5.9,21,Open
TDMS-00478,TRD,Hyderabad-SEC-03,FDR-394,Earthing fault,Medium,2026-08-28 08:50,2026-09-15,0,3.9,32,Completed
TDMS-00479,TRD,Secunderabad-SEC-04,FDR-995,Feeder fault,Low,2026-08-03 18:37,2026-09-07,0,3.6,19,Open
TDMS-00480,TRD,Guntakal-SEC-01,FDR-967,OHE wire wear,Medium,2026-08-04 04:53,2026-08-22,9,3.1,31,Open
TDMS-00481,TRD,Vijayawada-SEC-03,FDR-731,Section insulator damage,Low,2026-08-23 00:37,2026-09-27,0,5.1,25,Open
TDMS-00482,TRD,Secunderabad-SEC-02,FDR-960,Dropper damage,Critical,2026-07-31 00:00,2026-08-01,30,3.1,29,Open
TDMS-00483,TRD,Vijayawada-SEC-05,FDR-894,Insulator flashover,High,2026-07-30 04:18,2026-08-05,26,6.6,33,Scheduled
TDMS-00484,TRD,Guntakal-SEC-01,FDR-853,Insulator flashover,Medium,2026-07-30 07:25,2026-08-17,14,2.9,12,Scheduled
TDMS-00485,TRD,Hyderabad-SEC-06,FDR-282,Feeder fault,Medium,2026-05-21 03:53,2026-06-08,84,2.8,2,Completed
TDMS-00486,TRD,Secunderabad-SEC-05,FDR-465,Feeder fault,Low,2026-08-08 05:31,2026-09-12,0,6.4,5,Open
TDMS-00487,TRD,Guntur-SEC-02,FDR-660,OHE wire wear,High,2026-05-13 11:06,2026-05-19,104,6.1,9,Completed
TDMS-00488,TRD,Secunderabad-SEC-03,FDR-971,Earthing fault,Medium,2026-08-11 08:48,2026-08-29,2,2.0,5,Open
TDMS-00489,TRD,Secunderabad-SEC-05,FDR-337,SCADA communication fault,High,2026-08-02 19:03,2026-08-08,23,6.5,20,Open
TDMS-00490,TRD,Vijayawada-SEC-03,FDR-598,Traction transformer fault,Medium,2026-07-31 17:51,2026-08-18,13,5.5,40,Open
TDMS-00491,TRD,Guntakal-SEC-03,FDR-402,OHE wire wear,Medium,2026-08-12 15:16,2026-08-30,1,4.0,16,Open
TDMS-00492,TRD,Hyderabad-SEC-06,FDR-372,Feeder fault,High,2026-07-12 11:04,2026-07-18,44,4.6,37,Scheduled
TDMS-00493,TRD,Secunderabad-SEC-02,FDR-635,Dropper damage,Critical,2026-05-29 04:54,2026-05-30,93,2.3,18,Completed
TDMS-00494,TRD,Vijayawada-SEC-01,FDR-704,OHE wire wear,Medium,2026-07-26 03:44,2026-08-13,18,2.5,34,Open
TDMS-00495,TRD,Guntakal-SEC-02,FDR-787,Section insulator damage,Low,2026-08-29 11:53,2026-10-03,0,5.5,33,Scheduled
TDMS-00496,TRD,Hyderabad-SEC-04,FDR-228,Circuit breaker trip,Critical,2026-07-20 02:43,2026-07-21,41,2.9,31,Open
TDMS-00497,TRD,Guntakal-SEC-03,FDR-363,Registration arm misalignment,Medium,2026-08-18 21:50,2026-09-05,0,3.9,38,Scheduled
TDMS-00498,TRD,Guntur-SEC-08,FDR-357,OHE wire wear,Medium,2026-06-20 20:05,2026-07-08,54,3.8,3,Open
TDMS-00499,TRD,Hyderabad-SEC-01,FDR-804,Traction transformer fault,Medium,2026-07-30 11:01,2026-08-17,14,5.1,35,Open
TDMS-00500,TRD,Guntakal-SEC-02,FDR-713,Dropper damage,Low,2026-06-06 06:16,2026-07-11,51,3.9,27,Open
TDMS-00501,TRD,Secunderabad-SEC-04,FDR-885,Traction transformer fault,High,2026-08-31 07:53,2026-09-06,0,3.4,32,Open
TDMS-00502,TRD,Vijayawada-SEC-05,FDR-546,Section insulator damage,Medium,2026-08-13 23:45,2026-08-31,0,4.3,40,Open
TDMS-00503,TRD,Hyderabad-SEC-03,FDR-794,SCADA communication fault,Medium,2026-06-11 18:23,2026-06-29,63,6.1,20,Open
TDMS-00504,TRD,Guntur-SEC-02,FDR-118,Feeder fault,High,2026-08-04 02:51,2026-08-10,21,3.2,27,Scheduled
TDMS-00505,TRD,Vijayawada-SEC-01,FDR-806,Dropper damage,Medium,2026-06-02 12:02,2026-06-20,72,3.6,28,Scheduled
TDMS-00506,TRD,Guntur-SEC-04,FDR-301,Dropper damage,High,2026-06-21 22:07,2026-06-27,65,5.4,32,Open
TDMS-00507,TRD,Hyderabad-SEC-04,FDR-168,Circuit breaker trip,High,2026-07-04 12:31,2026-07-10,52,6.0,23,Open
TDMS-00508,TRD,Hyderabad-SEC-01,FDR-335,SCADA communication fault,High,2026-07-13 14:15,2026-07-19,43,6.0,16,Open
TDMS-00509,TRD,Guntur-SEC-02,FDR-142,Section insulator damage,High,2026-06-13 10:58,2026-06-19,73,3.2,36,Completed
TDMS-00510,TRD,Guntur-SEC-06,FDR-342,Traction transformer fault,Medium,2026-08-07 17:24,2026-08-25,6,4.4,3,Open
TDMS-00511,TRD,Guntakal-SEC-04,FDR-566,Earthing fault,Low,2026-07-30 01:26,2026-09-03,0,3.9,19,Scheduled
TDMS-00512,TRD,Guntakal-SEC-02,FDR-879,SCADA communication fault,Medium,2026-08-06 00:10,2026-08-24,7,3.8,4,Scheduled
TDMS-00513,TRD,Guntakal-SEC-08,FDR-942,Dropper damage,Medium,2026-07-09 07:17,2026-07-27,35,4.6,23,Scheduled
TDMS-00514,TRD,Secunderabad-SEC-03,FDR-779,Circuit breaker trip,Medium,2026-07-05 15:30,2026-07-23,39,1.6,18,Open
TDMS-00515,TRD,Hyderabad-SEC-06,FDR-198,OHE wire wear,Low,2026-07-02 16:30,2026-08-06,25,3.4,35,Completed
TDMS-00516,TRD,Guntur-SEC-08,FDR-421,Dropper damage,Low,2026-08-29 13:19,2026-10-03,0,5.2,19,Completed
TDMS-00517,TRD,Secunderabad-SEC-07,FDR-801,Section insulator damage,Low,2026-08-27 06:44,2026-10-01,0,6.5,34,Open
TDMS-00518,TRD,Hyderabad-SEC-05,FDR-702,Insulator flashover,Medium,2026-07-04 21:30,2026-07-22,40,3.5,26,Open
TDMS-00519,TRD,Secunderabad-SEC-05,FDR-221,OHE wire wear,High,2026-07-03 17:24,2026-07-09,53,2.5,18,Open
TDMS-00520,TRD,Guntur-SEC-03,FDR-560,Insulator flashover,Low,2026-07-20 07:59,2026-08-24,7,6.5,11,Open
TDMS-00521,TRD,Secunderabad-SEC-05,FDR-666,Feeder fault,Medium,2026-05-20 06:37,2026-06-07,85,4.3,39,Completed
TDMS-00522,TRD,Hyderabad-SEC-03,FDR-621,Earthing fault,Low,2026-08-10 06:08,2026-09-14,0,4.7,12,Open
TDMS-00523,TRD,Secunderabad-SEC-02,FDR-753,Section insulator damage,Critical,2026-06-06 02:47,2026-06-07,85,6.3,20,Open
TDMS-00524,TRD,Guntakal-SEC-06,FDR-996,Earthing fault,Medium,2026-06-03 11:20,2026-06-21,71,4.4,14,Open
TDMS-00525,TRD,Guntur-SEC-06,FDR-526,Circuit breaker trip,Medium,2026-08-02 21:45,2026-08-20,11,2.7,9,Open
TDMS-00526,TRD,Guntur-SEC-08,FDR-941,Insulator flashover,Medium,2026-07-15 03:24,2026-08-02,29,4.0,29,Scheduled
TDMS-00527,TRD,Secunderabad-SEC-07,FDR-377,Traction transformer fault,High,2026-05-17 14:41,2026-05-23,100,5.3,2,Open
TDMS-00528,TRD,Guntur-SEC-03,FDR-146,Feeder fault,Critical,2026-05-28 14:06,2026-05-29,94,3.7,17,Scheduled
TDMS-00529,TRD,Secunderabad-SEC-03,FDR-555,SCADA communication fault,Medium,2026-08-16 22:08,2026-09-03,0,2.9,33,Open
TDMS-00530,TRD,Hyderabad-SEC-04,FDR-615,Earthing fault,Medium,2026-07-10 04:55,2026-07-28,34,2.1,21,Open
TDMS-00531,TRD,Hyderabad-SEC-06,FDR-828,Registration arm misalignment,Medium,2026-05-05 16:29,2026-05-23,100,2.6,38,Completed
TDMS-00532,TRD,Hyderabad-SEC-07,FDR-591,Circuit breaker trip,Low,2026-06-16 18:34,2026-07-21,41,3.2,28,Open
TDMS-00533,TRD,Guntakal-SEC-08,FDR-620,Registration arm misalignment,Low,2026-05-18 12:17,2026-06-22,70,3.7,37,Scheduled
TDMS-00534,TRD,Secunderabad-SEC-05,FDR-161,Earthing fault,Low,2026-05-03 15:08,2026-06-07,85,3.9,14,Completed
TDMS-00535,TRD,Secunderabad-SEC-04,FDR-915,Dropper damage,Medium,2026-05-28 18:47,2026-06-15,77,5.3,33,Open
TDMS-00536,TRD,Secunderabad-SEC-07,FDR-586,Traction transformer fault,High,2026-06-21 12:12,2026-06-27,65,3.4,16,Scheduled
TDMS-00537,TRD,Guntur-SEC-01,FDR-912,OHE wire wear,Low,2026-07-30 21:46,2026-09-03,0,1.9,4,Open
TDMS-00538,TRD,Guntur-SEC-08,FDR-576,Earthing fault,Medium,2026-08-06 20:22,2026-08-24,7,3.4,11,Open
TDMS-00539,TRD,Guntur-SEC-05,FDR-689,Registration arm misalignment,High,2026-08-31 08:03,2026-09-06,0,1.9,8,Open
TDMS-00540,TRD,Guntakal-SEC-03,FDR-282,Registration arm misalignment,Critical,2026-08-04 12:08,2026-08-05,26,6.2,12,Scheduled
TDMS-00541,TRD,Hyderabad-SEC-04,FDR-744,Insulator flashover,Medium,2026-06-15 23:08,2026-07-03,59,2.3,33,Completed
TDMS-00542,TRD,Vijayawada-SEC-03,FDR-968,Registration arm misalignment,Medium,2026-07-10 07:11,2026-07-28,34,6.6,4,Open
TDMS-00543,TRD,Vijayawada-SEC-07,FDR-688,Insulator flashover,High,2026-07-18 12:38,2026-07-24,38,1.4,22,Open
TDMS-00544,TRD,Guntur-SEC-03,FDR-155,Traction transformer fault,Low,2026-07-09 14:04,2026-08-13,18,1.8,26,Completed
TDMS-00545,TRD,Vijayawada-SEC-06,FDR-546,SCADA communication fault,High,2026-05-09 05:20,2026-05-15,108,4.9,3,Open
TDMS-00546,TRD,Guntakal-SEC-07,FDR-133,Feeder fault,High,2026-05-07 20:05,2026-05-13,110,5.8,27,Completed
TDMS-00547,TRD,Guntur-SEC-07,FDR-331,Insulator flashover,Critical,2026-08-01 14:37,2026-08-02,29,4.7,10,Open
TDMS-00548,TRD,Guntur-SEC-01,FDR-549,Dropper damage,Low,2026-05-25 21:58,2026-06-29,63,5.3,27,Completed
TDMS-00549,TRD,Vijayawada-SEC-04,FDR-384,Feeder fault,Critical,2026-07-26 00:06,2026-07-27,35,2.4,9,Scheduled
TDMS-00550,TRD,Vijayawada-SEC-03,FDR-612,Dropper damage,High,2026-07-10 03:25,2026-07-16,46,3.0,6,Open
TDMS-00551,TRD,Vijayawada-SEC-08,FDR-631,OHE wire wear,Medium,2026-06-07 23:33,2026-06-25,67,6.3,23,Open
TDMS-00552,TRD,Guntur-SEC-05,FDR-977,Section insulator damage,High,2026-08-08 19:47,2026-08-14,17,5.7,37,Open
TDMS-00553,TRD,Secunderabad-SEC-08,FDR-422,Insulator flashover,Low,2026-07-17 11:54,2026-08-21,10,1.8,3,Open
TDMS-00554,TRD,Secunderabad-SEC-01,FDR-472,Feeder fault,Medium,2026-05-29 11:20,2026-06-16,76,6.9,25,Open
TDMS-00555,TRD,Guntakal-SEC-03,FDR-194,Feeder fault,Medium,2026-07-11 04:38,2026-07-29,33,5.8,14,Open
TDMS-00556,TRD,Hyderabad-SEC-03,FDR-703,Dropper damage,Medium,2026-06-06 02:38,2026-06-24,68,6.1,13,Completed
TDMS-00557,TRD,Guntur-SEC-02,FDR-352,Earthing fault,Medium,2026-07-22 03:33,2026-08-09,22,1.9,29,Open
TDMS-00558,TRD,Secunderabad-SEC-05,FDR-474,Insulator flashover,High,2026-07-13 00:24,2026-07-19,43,5.0,32,Completed
TDMS-00559,TRD,Hyderabad-SEC-06,FDR-305,Registration arm misalignment,Medium,2026-06-17 07:44,2026-07-05,57,3.2,35,Open
TDMS-00560,TRD,Guntur-SEC-06,FDR-921,Circuit breaker trip,Critical,2026-07-20 16:04,2026-07-21,41,6.9,19,Scheduled
TDMS-00561,TRD,Secunderabad-SEC-05,FDR-739,Registration arm misalignment,Medium,2026-07-30 11:49,2026-08-17,14,1.1,29,Scheduled
TDMS-00562,TRD,Secunderabad-SEC-06,FDR-506,Traction transformer fault,Low,2026-08-17 16:48,2026-09-21,0,3.5,26,Open
TDMS-00563,TRD,Vijayawada-SEC-02,FDR-230,Traction transformer fault,Low,2026-08-12 08:17,2026-09-16,0,2.5,30,Open
TDMS-00564,TRD,Secunderabad-SEC-07,FDR-376,Section insulator damage,Critical,2026-06-06 05:25,2026-06-07,85,6.9,8,Open
TDMS-00565,TRD,Guntakal-SEC-02,FDR-144,Section insulator damage,Critical,2026-05-31 07:52,2026-06-01,91,4.4,40,Completed
TDMS-00566,TRD,Guntakal-SEC-04,FDR-667,Insulator flashover,High,2026-06-08 14:51,2026-06-14,78,5.6,10,Completed
TDMS-00567,TRD,Vijayawada-SEC-08,FDR-108,OHE wire wear,Medium,2026-06-27 19:59,2026-07-15,47,6.6,35,Completed
TDMS-00568,TRD,Secunderabad-SEC-01,FDR-437,Section insulator damage,Medium,2026-07-21 05:15,2026-08-08,23,4.6,4,Open
TDMS-00569,TRD,Secunderabad-SEC-02,FDR-448,OHE wire wear,High,2026-07-28 23:24,2026-08-03,28,2.7,37,Completed
TDMS-00570,TRD,Vijayawada-SEC-07,FDR-449,Section insulator damage,High,2026-08-17 22:14,2026-08-23,8,6.9,29,Completed
TDMS-00571,TRD,Secunderabad-SEC-07,FDR-896,Circuit breaker trip,Critical,2026-06-17 02:30,2026-06-18,74,2.1,6,Open
TDMS-00572,TRD,Vijayawada-SEC-01,FDR-751,Insulator flashover,Medium,2026-06-03 08:53,2026-06-21,71,3.5,12,Completed
TDMS-00573,TRD,Guntur-SEC-04,FDR-894,Traction transformer fault,Low,2026-05-11 13:25,2026-06-15,77,6.8,11,Open
TDMS-00574,TRD,Guntur-SEC-02,FDR-895,Feeder fault,Medium,2026-08-12 11:22,2026-08-30,1,6.2,5,Open
TDMS-00575,TRD,Guntakal-SEC-01,FDR-698,Earthing fault,Medium,2026-05-20 14:15,2026-06-07,85,5.9,40,Open
TDMS-00576,TRD,Secunderabad-SEC-01,FDR-350,Circuit breaker trip,Critical,2026-08-09 09:50,2026-08-10,21,4.5,7,Scheduled
TDMS-00577,TRD,Guntakal-SEC-07,FDR-607,Insulator flashover,Medium,2026-07-29 08:14,2026-08-16,15,6.8,28,Open
TDMS-00578,TRD,Guntakal-SEC-03,FDR-688,SCADA communication fault,Medium,2026-06-30 05:20,2026-07-18,44,2.3,24,Completed
TDMS-00579,TRD,Guntur-SEC-02,FDR-397,Insulator flashover,Low,2026-07-24 15:26,2026-08-28,3,4.4,27,Open
TDMS-00580,TRD,Hyderabad-SEC-05,FDR-998,Earthing fault,Medium,2026-08-26 04:45,2026-09-13,0,6.3,14,Scheduled
TDMS-00581,TRD,Vijayawada-SEC-02,FDR-377,Section insulator damage,Low,2026-08-15 19:22,2026-09-19,0,1.1,33,Open
TDMS-00582,TRD,Hyderabad-SEC-05,FDR-472,Earthing fault,Medium,2026-08-19 17:12,2026-09-06,0,6.4,33,Open
TDMS-00583,TRD,Guntakal-SEC-05,FDR-975,Section insulator damage,High,2026-06-23 09:33,2026-06-29,63,5.5,14,Scheduled
TDMS-00584,TRD,Guntakal-SEC-02,FDR-960,Feeder fault,Medium,2026-07-23 22:41,2026-08-10,21,3.2,32,Open
TDMS-00585,TRD,Hyderabad-SEC-06,FDR-276,OHE wire wear,Medium,2026-07-17 03:26,2026-08-04,27,4.1,29,Scheduled
TDMS-00586,TRD,Hyderabad-SEC-07,FDR-524,Feeder fault,Medium,2026-07-15 10:07,2026-08-02,29,2.1,31,Open
TDMS-00587,TRD,Secunderabad-SEC-06,FDR-925,Feeder fault,High,2026-08-11 18:56,2026-08-17,14,4.2,32,Open
TDMS-00588,TRD,Hyderabad-SEC-07,FDR-820,Earthing fault,High,2026-05-08 14:44,2026-05-14,109,2.2,23,Scheduled
TDMS-00589,TRD,Secunderabad-SEC-03,FDR-264,Feeder fault,Low,2026-07-02 03:34,2026-08-06,25,5.7,34,Open
TDMS-00590,TRD,Secunderabad-SEC-02,FDR-530,Feeder fault,Medium,2026-05-13 07:27,2026-05-31,92,5.1,38,Open
TDMS-00591,TRD,Hyderabad-SEC-05,FDR-393,Traction transformer fault,High,2026-05-12 23:21,2026-05-18,105,3.3,31,Open
TDMS-00592,TRD,Guntakal-SEC-03,FDR-813,Circuit breaker trip,High,2026-07-16 16:13,2026-07-22,40,7.0,6,Open
TDMS-00593,TRD,Secunderabad-SEC-08,FDR-946,Section insulator damage,Low,2026-08-04 17:13,2026-09-08,0,5.4,29,Completed
TDMS-00594,TRD,Secunderabad-SEC-04,FDR-534,Dropper damage,Low,2026-05-28 08:27,2026-07-02,60,6.1,33,Completed
TDMS-00595,TRD,Secunderabad-SEC-04,FDR-829,Insulator flashover,Medium,2026-07-30 06:51,2026-08-17,14,4.8,7,Scheduled
TDMS-00596,TRD,Guntakal-SEC-01,FDR-352,Registration arm misalignment,Critical,2026-08-24 13:14,2026-08-25,6,2.4,37,Open
TDMS-00597,TRD,Guntur-SEC-07,FDR-904,SCADA communication fault,Medium,2026-08-29 20:54,2026-09-16,0,3.7,24,Scheduled
TDMS-00598,TRD,Hyderabad-SEC-06,FDR-331,SCADA communication fault,High,2026-08-07 13:42,2026-08-13,18,2.9,10,Open
TDMS-00599,TRD,Guntur-SEC-05,FDR-888,Feeder fault,Low,2026-08-15 10:53,2026-09-19,0,4.0,31,Open
TDMS-00600,TRD,Secunderabad-SEC-07,FDR-774,Section insulator damage,Medium,2026-07-16 07:45,2026-08-03,28,1.3,35,Completed
TDMS-00601,TRD,Hyderabad-SEC-02,FDR-416,Dropper damage,Critical,2026-08-08 20:36,2026-08-09,22,6.6,4,Open
TDMS-00602,TRD,Guntur-SEC-02,FDR-828,Section insulator damage,Medium,2026-07-14 17:05,2026-08-01,30,4.5,33,Open
TDMS-00603,TRD,Guntakal-SEC-03,FDR-573,Earthing fault,High,2026-06-28 13:09,2026-07-04,58,5.7,39,Scheduled
TDMS-00604,TRD,Guntakal-SEC-04,FDR-557,Registration arm misalignment,Medium,2026-07-31 10:35,2026-08-18,13,5.7,5,Completed
TDMS-00605,TRD,Guntakal-SEC-06,FDR-347,Feeder fault,Medium,2026-06-19 15:06,2026-07-07,55,2.1,5,Open
TDMS-00606,TRD,Guntur-SEC-03,FDR-829,Registration arm misalignment,High,2026-05-04 12:27,2026-05-10,113,1.5,39,Completed
TDMS-00607,TRD,Secunderabad-SEC-05,FDR-632,SCADA communication fault,Medium,2026-07-10 07:47,2026-07-28,34,4.2,35,Scheduled
TDMS-00608,TRD,Vijayawada-SEC-07,FDR-990,SCADA communication fault,Medium,2026-08-04 08:55,2026-08-22,9,1.5,22,Scheduled
TDMS-00609,TRD,Vijayawada-SEC-01,FDR-821,Insulator flashover,High,2026-07-25 00:48,2026-07-31,31,5.7,9,Scheduled
TDMS-00610,TRD,Guntakal-SEC-06,FDR-745,OHE wire wear,High,2026-07-20 08:02,2026-07-26,36,6.7,7,Scheduled
TDMS-00611,TRD,Vijayawada-SEC-01,FDR-510,Circuit breaker trip,Medium,2026-07-04 16:13,2026-07-22,40,4.4,34,Completed
TDMS-00612,TRD,Hyderabad-SEC-05,FDR-737,Registration arm misalignment,Low,2026-06-18 10:11,2026-07-23,39,3.1,31,Scheduled
TDMS-00613,TRD,Vijayawada-SEC-01,FDR-120,OHE wire wear,Medium,2026-06-02 06:34,2026-06-20,72,4.8,37,Scheduled
TDMS-00614,TRD,Guntakal-SEC-01,FDR-282,Section insulator damage,Low,2026-08-16 23:09,2026-09-20,0,1.6,28,Scheduled
TDMS-00615,TRD,Guntakal-SEC-05,FDR-600,Earthing fault,Medium,2026-06-16 21:53,2026-07-04,58,2.9,39,Open
TDMS-00616,TRD,Hyderabad-SEC-05,FDR-816,Dropper damage,Low,2026-07-30 02:47,2026-09-03,0,5.6,30,Open
TDMS-00617,TRD,Guntakal-SEC-01,FDR-746,Earthing fault,Medium,2026-06-03 23:29,2026-06-21,71,1.0,34,Scheduled
TDMS-00618,TRD,Guntur-SEC-07,FDR-978,Traction transformer fault,High,2026-05-08 17:19,2026-05-14,109,5.0,39,Completed
TDMS-00619,TRD,Guntakal-SEC-04,FDR-935,Section insulator damage,Medium,2026-07-08 11:16,2026-07-26,36,1.8,14,Completed
TDMS-00620,TRD,Vijayawada-SEC-02,FDR-860,Earthing fault,Medium,2026-07-18 19:48,2026-08-05,26,4.5,6,Open
TDMS-00621,TRD,Guntakal-SEC-05,FDR-337,Dropper damage,High,2026-08-04 14:40,2026-08-10,21,6.7,31,Open
TDMS-00622,TRD,Vijayawada-SEC-01,FDR-497,Earthing fault,Medium,2026-07-05 06:22,2026-07-23,39,2.3,36,Completed
TDMS-00623,TRD,Guntakal-SEC-04,FDR-825,SCADA communication fault,High,2026-07-21 22:14,2026-07-27,35,1.4,30,Scheduled
TDMS-00624,TRD,Vijayawada-SEC-04,FDR-988,Section insulator damage,Medium,2026-07-30 23:57,2026-08-17,14,3.9,3,Completed
TDMS-00625,TRD,Hyderabad-SEC-07,FDR-136,Registration arm misalignment,Low,2026-07-10 20:53,2026-08-14,17,6.9,18,Completed
TDMS-00626,TRD,Guntakal-SEC-02,FDR-585,Feeder fault,Medium,2026-07-12 08:59,2026-07-30,32,4.0,7,Open
TDMS-00627,TRD,Guntur-SEC-01,FDR-533,Section insulator damage,High,2026-05-27 17:48,2026-06-02,90,2.4,17,Scheduled
TDMS-00628,TRD,Vijayawada-SEC-05,FDR-496,SCADA communication fault,High,2026-05-29 22:09,2026-06-04,88,3.1,25,Scheduled
TDMS-00629,TRD,Guntur-SEC-01,FDR-601,Circuit breaker trip,High,2026-05-10 10:48,2026-05-16,107,3.7,22,Scheduled
TDMS-00630,TRD,Guntur-SEC-08,FDR-280,Section insulator damage,Low,2026-07-02 03:36,2026-08-06,25,5.5,16,Scheduled
TDMS-00631,TRD,Guntur-SEC-03,FDR-867,Insulator flashover,Low,2026-07-24 07:12,2026-08-28,3,2.6,13,Scheduled
TDMS-00632,TRD,Hyderabad-SEC-07,FDR-309,Dropper damage,Medium,2026-08-20 14:31,2026-09-07,0,4.8,17,Open
TDMS-00633,TRD,Guntur-SEC-05,FDR-441,Dropper damage,High,2026-06-19 09:37,2026-06-25,67,6.8,21,Open
TDMS-00634,TRD,Hyderabad-SEC-07,FDR-956,Earthing fault,Medium,2026-06-18 22:36,2026-07-06,56,1.4,27,Completed
TDMS-00635,TRD,Guntur-SEC-02,FDR-305,Dropper damage,Low,2026-07-11 16:04,2026-08-15,16,1.4,11,Scheduled
TDMS-00636,TRD,Guntakal-SEC-01,FDR-157,Registration arm misalignment,Medium,2026-08-16 22:02,2026-09-03,0,1.5,34,Open
TDMS-00637,TRD,Hyderabad-SEC-01,FDR-210,Insulator flashover,Critical,2026-05-29 00:24,2026-05-30,93,2.8,15,Scheduled
TDMS-00638,TRD,Guntur-SEC-07,FDR-866,Circuit breaker trip,Low,2026-07-16 16:53,2026-08-20,11,5.1,40,Open
TDMS-00639,TRD,Vijayawada-SEC-03,FDR-883,SCADA communication fault,Medium,2026-05-04 18:10,2026-05-22,101,4.8,22,Scheduled
TDMS-00640,TRD,Secunderabad-SEC-04,FDR-442,Earthing fault,Medium,2026-06-23 09:42,2026-07-11,51,3.8,21,Open
TDMS-00641,TRD,Hyderabad-SEC-06,FDR-719,Dropper damage,Medium,2026-06-18 22:39,2026-07-06,56,6.9,40,Scheduled
TDMS-00642,TRD,Vijayawada-SEC-04,FDR-941,Registration arm misalignment,High,2026-05-04 20:30,2026-05-10,113,5.2,2,Open
TDMS-00643,TRD,Secunderabad-SEC-07,FDR-317,Feeder fault,High,2026-08-15 03:06,2026-08-21,10,5.7,27,Open
TDMS-00644,TRD,Vijayawada-SEC-03,FDR-165,Circuit breaker trip,Low,2026-08-07 06:51,2026-09-11,0,3.5,29,Scheduled
TDMS-00645,TRD,Guntur-SEC-07,FDR-185,Feeder fault,High,2026-05-15 04:29,2026-05-21,102,3.2,40,Completed
TDMS-00646,TRD,Guntakal-SEC-08,FDR-164,SCADA communication fault,High,2026-06-25 14:19,2026-07-01,61,4.8,24,Scheduled
TDMS-00647,TRD,Guntakal-SEC-08,FDR-444,Section insulator damage,Medium,2026-05-27 20:54,2026-06-14,78,5.0,40,Open
TDMS-00648,TRD,Hyderabad-SEC-03,FDR-430,Section insulator damage,Medium,2026-08-03 10:34,2026-08-21,10,1.8,33,Scheduled
TDMS-00649,TRD,Vijayawada-SEC-02,FDR-886,Feeder fault,High,2026-05-12 08:04,2026-05-18,105,5.7,37,Scheduled
TDMS-00650,TRD,Vijayawada-SEC-08,FDR-465,Feeder fault,Medium,2026-06-01 17:32,2026-06-19,73,2.3,36,Completed
TDMS-00651,TRD,Vijayawada-SEC-05,FDR-459,SCADA communication fault,Medium,2026-06-25 01:42,2026-07-13,49,3.2,28,Open
TDMS-00652,TRD,Guntur-SEC-08,FDR-372,Dropper damage,Medium,2026-05-03 18:17,2026-05-21,102,5.0,19,Scheduled
TDMS-00653,TRD,Hyderabad-SEC-02,FDR-351,Insulator flashover,Medium,2026-07-21 22:46,2026-08-08,23,1.9,2,Completed
TDMS-00654,TRD,Secunderabad-SEC-04,FDR-638,Section insulator damage,Low,2026-08-16 03:57,2026-09-20,0,5.4,5,Completed
TDMS-00655,TRD,Guntakal-SEC-07,FDR-868,OHE wire wear,Medium,2026-07-01 12:29,2026-07-19,43,2.9,23,Open
TDMS-00656,TRD,Secunderabad-SEC-01,FDR-675,Section insulator damage,High,2026-06-09 23:33,2026-06-15,77,1.1,28,Open
TDMS-00657,TRD,Hyderabad-SEC-06,FDR-317,Registration arm misalignment,High,2026-06-30 14:32,2026-07-06,56,3.6,36,Completed
TDMS-00658,TRD,Guntur-SEC-01,FDR-904,Traction transformer fault,Low,2026-05-30 04:02,2026-07-04,58,3.3,26,Scheduled
TDMS-00659,TRD,Guntur-SEC-05,FDR-383,SCADA communication fault,High,2026-07-31 16:01,2026-08-06,25,5.9,28,Completed
TDMS-00660,TRD,Vijayawada-SEC-02,FDR-912,Dropper damage,Medium,2026-08-06 06:32,2026-08-24,7,6.2,12,Open
TDMS-00661,TRD,Guntur-SEC-08,FDR-397,Circuit breaker trip,High,2026-06-14 21:17,2026-06-20,72,2.1,37,Completed
TDMS-00662,TRD,Guntakal-SEC-05,FDR-268,Insulator flashover,High,2026-06-29 15:05,2026-07-05,57,2.9,40,Open
TDMS-00663,TRD,Guntur-SEC-03,FDR-127,SCADA communication fault,Critical,2026-07-22 00:56,2026-07-23,39,3.8,32,Completed
TDMS-00664,TRD,Guntakal-SEC-02,FDR-463,SCADA communication fault,Medium,2026-06-10 03:28,2026-06-28,64,4.6,33,Open
TDMS-00665,TRD,Guntakal-SEC-05,FDR-694,Insulator flashover,Critical,2026-07-10 10:15,2026-07-11,51,4.2,40,Scheduled
TDMS-00666,TRD,Guntur-SEC-01,FDR-546,Earthing fault,Medium,2026-07-06 13:08,2026-07-24,38,5.3,15,Scheduled
TDMS-00667,TRD,Guntakal-SEC-04,FDR-618,SCADA communication fault,Medium,2026-06-10 04:45,2026-06-28,64,4.1,24,Completed
TDMS-00668,TRD,Hyderabad-SEC-08,FDR-648,Traction transformer fault,Medium,2026-05-12 10:48,2026-05-30,93,2.5,18,Open
TDMS-00669,TRD,Guntur-SEC-04,FDR-348,SCADA communication fault,Low,2026-05-22 02:07,2026-06-26,66,1.4,22,Open
TDMS-00670,TRD,Vijayawada-SEC-08,FDR-549,Feeder fault,Medium,2026-07-01 14:51,2026-07-19,43,3.9,7,Open
TDMS-00671,TRD,Guntur-SEC-01,FDR-934,Insulator flashover,Medium,2026-06-28 14:01,2026-07-16,46,3.7,7,Completed
TDMS-00672,TRD,Guntakal-SEC-08,FDR-604,SCADA communication fault,Low,2026-05-27 03:30,2026-07-01,61,3.8,36,Completed
TDMS-00673,TRD,Secunderabad-SEC-03,FDR-754,OHE wire wear,Medium,2026-08-03 19:22,2026-08-21,10,5.9,5,Open
TDMS-00674,TRD,Guntur-SEC-05,FDR-335,Dropper damage,High,2026-08-30 12:21,2026-09-05,0,5.4,22,Scheduled
TDMS-00675,TRD,Hyderabad-SEC-05,FDR-329,Traction transformer fault,High,2026-07-26 22:49,2026-08-01,30,4.4,21,Completed
TDMS-00676,TRD,Guntur-SEC-07,FDR-205,Feeder fault,High,2026-07-25 09:07,2026-07-31,31,4.9,14,Scheduled
TDMS-00677,TRD,Guntakal-SEC-06,FDR-342,Circuit breaker trip,Low,2026-07-31 21:59,2026-09-04,0,5.6,25,Completed
TDMS-00678,TRD,Hyderabad-SEC-06,FDR-786,Section insulator damage,Medium,2026-08-07 10:35,2026-08-25,6,3.8,3,Scheduled
TDMS-00679,TRD,Secunderabad-SEC-08,FDR-708,Dropper damage,Medium,2026-05-20 18:18,2026-06-07,85,5.4,2,Open
TDMS-00680,TRD,Guntur-SEC-07,FDR-616,Section insulator damage,Low,2026-06-21 06:12,2026-07-26,36,3.0,11,Scheduled
TDMS-00681,TRD,Guntur-SEC-04,FDR-353,OHE wire wear,Low,2026-05-23 06:39,2026-06-27,65,3.8,39,Completed
TDMS-00682,TRD,Vijayawada-SEC-08,FDR-988,Dropper damage,Medium,2026-07-04 16:00,2026-07-22,40,5.9,26,Open
TDMS-00683,TRD,Hyderabad-SEC-01,FDR-929,Earthing fault,Medium,2026-06-20 05:48,2026-07-08,54,7.0,23,Completed
TDMS-00684,TRD,Guntakal-SEC-08,FDR-777,OHE wire wear,Medium,2026-05-22 21:59,2026-06-09,83,2.8,30,Scheduled
TDMS-00685,TRD,Secunderabad-SEC-02,FDR-802,Insulator flashover,High,2026-06-16 09:26,2026-06-22,70,4.7,3,Completed
TDMS-00686,TRD,Vijayawada-SEC-02,FDR-514,Earthing fault,Medium,2026-06-14 15:34,2026-07-02,60,5.1,11,Open
TDMS-00687,TRD,Guntakal-SEC-06,FDR-736,Traction transformer fault,High,2026-08-11 11:24,2026-08-17,14,2.4,7,Scheduled
TDMS-00688,TRD,Guntakal-SEC-05,FDR-308,SCADA communication fault,High,2026-07-08 05:48,2026-07-14,48,3.8,37,Completed
TDMS-00689,TRD,Guntakal-SEC-05,FDR-666,Insulator flashover,High,2026-05-31 07:53,2026-06-06,86,5.8,39,Scheduled
TDMS-00690,TRD,Hyderabad-SEC-01,FDR-787,Section insulator damage,Medium,2026-05-15 03:51,2026-06-02,90,1.2,21,Open
TDMS-00691,TRD,Secunderabad-SEC-01,FDR-473,Circuit breaker trip,Low,2026-07-20 12:30,2026-08-24,7,5.1,27,Open
TDMS-00692,TRD,Hyderabad-SEC-08,FDR-479,OHE wire wear,High,2026-06-12 06:37,2026-06-18,74,4.1,31,Scheduled
TDMS-00693,TRD,Secunderabad-SEC-03,FDR-518,SCADA communication fault,Critical,2026-08-28 11:17,2026-08-29,2,2.1,28,Open
TDMS-00694,TRD,Hyderabad-SEC-04,FDR-348,Section insulator damage,Medium,2026-08-23 19:19,2026-09-10,0,2.9,30,Scheduled
TDMS-00695,TRD,Guntakal-SEC-06,FDR-329,Registration arm misalignment,Medium,2026-05-18 17:19,2026-06-05,87,6.7,38,Completed
TDMS-00696,TRD,Hyderabad-SEC-05,FDR-274,Traction transformer fault,High,2026-06-21 18:20,2026-06-27,65,6.9,7,Open
TDMS-00697,TRD,Guntur-SEC-04,FDR-805,Circuit breaker trip,High,2026-08-18 06:32,2026-08-24,7,6.2,38,Open
TDMS-00698,TRD,Hyderabad-SEC-04,FDR-367,Section insulator damage,Medium,2026-06-25 10:27,2026-07-13,49,1.2,15,Completed
TDMS-00699,TRD,Vijayawada-SEC-03,FDR-303,Section insulator damage,Low,2026-07-08 05:13,2026-08-12,19,3.5,27,Open
TDMS-00700,TRD,Guntur-SEC-07,FDR-480,Earthing fault,Critical,2026-06-07 08:56,2026-06-08,84,3.4,38,Open
TDMS-00701,TRD,Guntakal-SEC-05,FDR-397,Insulator flashover,Medium,2026-05-23 15:08,2026-06-10,82,5.5,2,Open
TDMS-00702,TRD,Vijayawada-SEC-01,FDR-462,OHE wire wear,Medium,2026-05-28 00:44,2026-06-15,77,3.7,20,Open
TDMS-00703,TRD,Hyderabad-SEC-04,FDR-166,OHE wire wear,Medium,2026-07-20 04:35,2026-08-07,24,5.4,36,Completed
TDMS-00704,TRD,Guntakal-SEC-06,FDR-596,Section insulator damage,Medium,2026-05-20 12:09,2026-06-07,85,1.9,20,Scheduled
TDMS-00705,TRD,Secunderabad-SEC-02,FDR-256,Traction transformer fault,Medium,2026-05-23 06:47,2026-06-10,82,1.3,9,Open
TDMS-00706,TRD,Guntakal-SEC-04,FDR-693,Circuit breaker trip,Medium,2026-07-26 20:52,2026-08-13,18,5.7,9,Open
TDMS-00707,TRD,Secunderabad-SEC-08,FDR-188,Earthing fault,Medium,2026-08-30 04:57,2026-09-17,0,3.6,25,Scheduled
TDMS-00708,TRD,Guntakal-SEC-02,FDR-551,Earthing fault,High,2026-07-07 20:44,2026-07-13,49,2.7,4,Open
TDMS-00709,TRD,Hyderabad-SEC-04,FDR-701,Feeder fault,High,2026-05-12 12:38,2026-05-18,105,2.8,10,Scheduled
TDMS-00710,TRD,Secunderabad-SEC-03,FDR-766,Dropper damage,Low,2026-08-29 09:12,2026-10-03,0,4.4,21,Scheduled
TDMS-00711,TRD,Guntakal-SEC-07,FDR-856,Section insulator damage,High,2026-07-23 01:17,2026-07-29,33,3.6,4,Completed
TDMS-00712,TRD,Guntur-SEC-02,FDR-399,Registration arm misalignment,Medium,2026-08-03 00:08,2026-08-21,10,4.4,10,Completed
TDMS-00713,TRD,Secunderabad-SEC-07,FDR-596,OHE wire wear,High,2026-07-24 10:47,2026-07-30,32,4.1,35,Scheduled
TDMS-00714,TRD,Guntakal-SEC-03,FDR-992,Feeder fault,Critical,2026-08-01 11:16,2026-08-02,29,5.6,18,Open
TDMS-00715,TRD,Guntur-SEC-02,FDR-819,Circuit breaker trip,Medium,2026-06-11 01:41,2026-06-29,63,5.3,40,Open
TDMS-00716,TRD,Hyderabad-SEC-04,FDR-118,Traction transformer fault,High,2026-08-26 22:43,2026-09-01,0,2.3,37,Completed
TDMS-00717,TRD,Guntakal-SEC-05,FDR-206,Traction transformer fault,Medium,2026-06-23 08:48,2026-07-11,51,2.0,2,Scheduled
TDMS-00718,TRD,Hyderabad-SEC-06,FDR-614,Registration arm misalignment,Medium,2026-07-14 20:00,2026-08-01,30,1.3,15,Open
TDMS-00719,TRD,Secunderabad-SEC-08,FDR-507,Dropper damage,Low,2026-05-18 23:29,2026-06-22,70,4.0,36,Completed
TDMS-00720,TRD,Hyderabad-SEC-03,FDR-401,Dropper damage,Low,2026-08-18 15:53,2026-09-22,0,2.4,40,Open
TDMS-00721,TRD,Guntur-SEC-01,FDR-358,Earthing fault,Critical,2026-08-08 03:59,2026-08-09,22,1.3,18,Completed
TDMS-00722,TRD,Vijayawada-SEC-02,FDR-986,Earthing fault,Medium,2026-07-13 18:24,2026-07-31,31,2.4,16,Open
TDMS-00723,TRD,Guntur-SEC-02,FDR-276,Feeder fault,Medium,2026-08-15 07:55,2026-09-02,0,4.0,39,Open
TDMS-00724,TRD,Guntakal-SEC-02,FDR-472,OHE wire wear,Medium,2026-06-29 00:44,2026-07-17,45,2.9,37,Open
TDMS-00725,TRD,Secunderabad-SEC-08,FDR-577,Circuit breaker trip,Medium,2026-06-20 00:25,2026-07-08,54,5.7,16,Open
TDMS-00726,TRD,Guntakal-SEC-02,FDR-276,Dropper damage,Critical,2026-07-19 05:56,2026-07-20,42,3.5,7,Open
TDMS-00727,TRD,Guntakal-SEC-06,FDR-137,Traction transformer fault,Medium,2026-05-07 14:48,2026-05-25,98,6.4,18,Scheduled
TDMS-00728,TRD,Guntakal-SEC-07,FDR-798,Section insulator damage,Medium,2026-07-15 17:15,2026-08-02,29,2.7,11,Scheduled
TDMS-00729,TRD,Guntakal-SEC-08,FDR-363,Insulator flashover,Medium,2026-05-22 08:55,2026-06-09,83,2.7,38,Scheduled
TDMS-00730,TRD,Hyderabad-SEC-04,FDR-145,Traction transformer fault,Low,2026-08-17 16:01,2026-09-21,0,5.9,40,Open
TDMS-00731,TRD,Hyderabad-SEC-04,FDR-927,Circuit breaker trip,High,2026-05-17 08:23,2026-05-23,100,4.6,30,Open
TDMS-00732,TRD,Vijayawada-SEC-04,FDR-936,Registration arm misalignment,Medium,2026-07-12 12:09,2026-07-30,32,2.9,28,Open
TDMS-00733,TRD,Guntakal-SEC-04,FDR-547,Traction transformer fault,High,2026-05-21 06:18,2026-05-27,96,5.1,19,Open
TDMS-00734,TRD,Vijayawada-SEC-05,FDR-389,Feeder fault,Medium,2026-08-10 08:09,2026-08-28,3,2.1,22,Open
TDMS-00735,TRD,Guntur-SEC-04,FDR-837,Feeder fault,Medium,2026-07-13 20:51,2026-07-31,31,1.9,7,Open
TDMS-00736,TRD,Secunderabad-SEC-05,FDR-962,OHE wire wear,Low,2026-07-30 19:31,2026-09-03,0,3.2,38,Scheduled
TDMS-00737,TRD,Vijayawada-SEC-02,FDR-987,Registration arm misalignment,Low,2026-07-28 19:10,2026-09-01,0,4.8,23,Open
TDMS-00738,TRD,Guntakal-SEC-02,FDR-762,Section insulator damage,Medium,2026-07-11 04:17,2026-07-29,33,1.4,13,Scheduled
TDMS-00739,TRD,Vijayawada-SEC-05,FDR-310,Traction transformer fault,Medium,2026-07-06 18:18,2026-07-24,38,1.9,4,Scheduled
TDMS-00740,TRD,Secunderabad-SEC-07,FDR-850,Circuit breaker trip,Medium,2026-08-08 00:05,2026-08-26,5,3.9,11,Open
TDMS-00741,TRD,Guntur-SEC-03,FDR-228,Registration arm misalignment,High,2026-08-11 07:34,2026-08-17,14,1.9,30,Completed
TDMS-00742,TRD,Guntakal-SEC-06,FDR-618,Section insulator damage,High,2026-07-08 08:01,2026-07-14,48,6.3,9,Scheduled
TDMS-00743,TRD,Guntur-SEC-05,FDR-755,Registration arm misalignment,Low,2026-05-15 13:20,2026-06-19,73,4.2,20,Scheduled
TDMS-00744,TRD,Vijayawada-SEC-05,FDR-906,Insulator flashover,High,2026-08-12 03:03,2026-08-18,13,4.6,14,Open
TDMS-00745,TRD,Guntur-SEC-02,FDR-518,Section insulator damage,Low,2026-07-18 00:48,2026-08-22,9,1.9,18,Scheduled
TDMS-00746,TRD,Guntur-SEC-02,FDR-764,Dropper damage,Low,2026-06-15 23:50,2026-07-20,42,3.0,30,Scheduled
TDMS-00747,TRD,Secunderabad-SEC-08,FDR-830,Circuit breaker trip,Critical,2026-08-05 17:12,2026-08-06,25,1.5,8,Open
TDMS-00748,TRD,Vijayawada-SEC-06,FDR-667,Section insulator damage,High,2026-06-16 23:27,2026-06-22,70,2.8,16,Open
TDMS-00749,TRD,Secunderabad-SEC-07,FDR-624,OHE wire wear,High,2026-08-18 00:10,2026-08-24,7,6.8,8,Open
TDMS-00750,TRD,Guntur-SEC-04,FDR-238,Section insulator damage,Low,2026-07-27 04:19,2026-08-31,0,1.9,5,Completed
TDMS-00751,TRD,Hyderabad-SEC-08,FDR-759,Earthing fault,High,2026-05-12 02:15,2026-05-18,105,4.2,14,Open
TDMS-00752,TRD,Vijayawada-SEC-08,FDR-676,Registration arm misalignment,Low,2026-07-17 13:57,2026-08-21,10,5.0,36,Completed
TDMS-00753,TRD,Guntakal-SEC-05,FDR-693,Insulator flashover,High,2026-07-16 06:21,2026-07-22,40,5.9,3,Scheduled
TDMS-00754,TRD,Vijayawada-SEC-04,FDR-341,Dropper damage,Critical,2026-05-24 08:28,2026-05-25,98,3.5,24,Open
TDMS-00755,TRD,Vijayawada-SEC-04,FDR-929,Feeder fault,Low,2026-07-12 22:37,2026-08-16,15,3.5,21,Completed
TDMS-00756,TRD,Guntakal-SEC-06,FDR-207,Section insulator damage,Medium,2026-06-29 03:53,2026-07-17,45,1.8,11,Completed
TDMS-00757,TRD,Vijayawada-SEC-08,FDR-445,OHE wire wear,Low,2026-05-09 08:28,2026-06-13,79,1.6,28,Open
TDMS-00758,TRD,Guntur-SEC-07,FDR-964,SCADA communication fault,High,2026-08-24 04:43,2026-08-30,1,1.5,39,Open
TDMS-00759,TRD,Hyderabad-SEC-02,FDR-165,OHE wire wear,Medium,2026-06-09 23:21,2026-06-27,65,5.3,38,Completed
TDMS-00760,TRD,Guntur-SEC-04,FDR-643,Dropper damage,Medium,2026-07-01 00:36,2026-07-19,43,6.2,28,Completed
TDMS-00761,TRD,Guntur-SEC-02,FDR-670,Feeder fault,High,2026-08-25 04:34,2026-08-31,0,4.3,9,Open
TDMS-00762,TRD,Hyderabad-SEC-02,FDR-802,Registration arm misalignment,Medium,2026-07-06 15:46,2026-07-24,38,2.2,7,Completed
TDMS-00763,TRD,Secunderabad-SEC-01,FDR-717,Feeder fault,Medium,2026-05-27 16:48,2026-06-14,78,2.2,3,Completed
TDMS-00764,TRD,Guntur-SEC-07,FDR-107,Feeder fault,High,2026-07-19 09:45,2026-07-25,37,5.8,20,Open
TDMS-00765,TRD,Hyderabad-SEC-02,FDR-833,Section insulator damage,Low,2026-06-27 12:07,2026-08-01,30,3.7,35,Scheduled
TDMS-00766,TRD,Secunderabad-SEC-08,FDR-438,Feeder fault,High,2026-08-23 15:35,2026-08-29,2,2.4,11,Scheduled
TDMS-00767,TRD,Vijayawada-SEC-04,FDR-889,Earthing fault,High,2026-05-18 16:27,2026-05-24,99,4.4,18,Open
TDMS-00768,TRD,Hyderabad-SEC-04,FDR-800,Traction transformer fault,Medium,2026-07-25 02:25,2026-08-12,19,5.1,33,Scheduled
TDMS-00769,TRD,Hyderabad-SEC-03,FDR-511,Traction transformer fault,High,2026-07-15 13:22,2026-07-21,41,1.5,25,Scheduled
TDMS-00770,TRD,Hyderabad-SEC-05,FDR-277,Traction transformer fault,Critical,2026-07-04 04:07,2026-07-05,57,3.9,29,Open
TDMS-00771,TRD,Guntakal-SEC-07,FDR-468,Earthing fault,Low,2026-07-10 02:12,2026-08-14,17,2.5,3,Open
TDMS-00772,TRD,Guntakal-SEC-08,FDR-139,OHE wire wear,Medium,2026-05-06 11:45,2026-05-24,99,4.2,33,Scheduled
TDMS-00773,TRD,Secunderabad-SEC-08,FDR-554,Feeder fault,Medium,2026-08-27 01:32,2026-09-14,0,5.4,8,Scheduled
TDMS-00774,TRD,Hyderabad-SEC-01,FDR-102,Traction transformer fault,Low,2026-08-22 15:44,2026-09-26,0,6.9,14,Open
TDMS-00775,TRD,Guntakal-SEC-01,FDR-118,Insulator flashover,Medium,2026-08-17 10:21,2026-09-04,0,4.5,5,Open
TDMS-00776,TRD,Vijayawada-SEC-05,FDR-313,Earthing fault,Critical,2026-07-11 22:52,2026-07-12,50,4.7,13,Open
TDMS-00777,TRD,Guntur-SEC-01,FDR-155,SCADA communication fault,High,2026-05-04 08:10,2026-05-10,113,2.0,15,Open
TDMS-00778,TRD,Vijayawada-SEC-07,FDR-336,Insulator flashover,High,2026-07-13 13:56,2026-07-19,43,3.3,26,Open
TDMS-00779,TRD,Secunderabad-SEC-01,FDR-165,Registration arm misalignment,Low,2026-08-25 03:59,2026-09-29,0,2.1,7,Scheduled
TDMS-00780,TRD,Guntur-SEC-06,FDR-856,Traction transformer fault,Low,2026-08-16 02:04,2026-09-20,0,2.8,4,Open
TDMS-00781,TRD,Secunderabad-SEC-02,FDR-667,Insulator flashover,Medium,2026-08-17 02:01,2026-09-04,0,4.4,40,Completed
TDMS-00782,TRD,Guntakal-SEC-06,FDR-522,Registration arm misalignment,Low,2026-08-30 23:47,2026-10-04,0,5.5,16,Scheduled
TDMS-00783,TRD,Guntakal-SEC-08,FDR-189,Registration arm misalignment,Low,2026-08-11 08:48,2026-09-15,0,3.2,29,Open
TDMS-00784,TRD,Secunderabad-SEC-02,FDR-253,Feeder fault,High,2026-08-08 14:23,2026-08-14,17,4.9,35,Scheduled
TDMS-00785,TRD,Guntur-SEC-03,FDR-434,Dropper damage,Low,2026-07-14 06:33,2026-08-18,13,1.3,3,Open
TDMS-00786,TRD,Guntur-SEC-05,FDR-550,Registration arm misalignment,Low,2026-06-18 17:53,2026-07-23,39,3.2,20,Open
TDMS-00787,TRD,Guntur-SEC-08,FDR-445,Circuit breaker trip,Critical,2026-07-24 02:53,2026-07-25,37,3.8,11,Open
TDMS-00788,TRD,Guntur-SEC-08,FDR-810,Earthing fault,Low,2026-06-29 01:16,2026-08-03,28,6.1,12,Open
TDMS-00789,TRD,Hyderabad-SEC-02,FDR-739,Section insulator damage,Medium,2026-08-16 12:29,2026-09-03,0,6.7,40,Completed
TDMS-00790,TRD,Vijayawada-SEC-08,FDR-201,Registration arm misalignment,Low,2026-08-17 09:23,2026-09-21,0,4.3,8,Open
TDMS-00791,TRD,Guntakal-SEC-01,FDR-218,Feeder fault,Critical,2026-08-17 20:35,2026-08-18,13,2.0,20,Scheduled
TDMS-00792,TRD,Guntur-SEC-03,FDR-550,Circuit breaker trip,Low,2026-06-28 12:38,2026-08-02,29,6.3,6,Completed
TDMS-00793,TRD,Guntur-SEC-07,FDR-961,Traction transformer fault,Medium,2026-05-04 16:34,2026-05-22,101,6.5,7,Scheduled
TDMS-00794,TRD,Guntakal-SEC-05,FDR-417,Earthing fault,Medium,2026-05-05 23:58,2026-05-23,100,3.4,5,Open
TDMS-00795,TRD,Secunderabad-SEC-08,FDR-765,Insulator flashover,High,2026-07-02 23:49,2026-07-08,54,1.0,33,Open
TDMS-00796,TRD,Vijayawada-SEC-06,FDR-765,OHE wire wear,Medium,2026-05-07 20:44,2026-05-25,98,3.3,9,Open
TDMS-00797,TRD,Secunderabad-SEC-06,FDR-780,Section insulator damage,High,2026-08-15 07:32,2026-08-21,10,2.3,7,Open
TDMS-00798,TRD,Guntur-SEC-01,FDR-466,Dropper damage,Low,2026-08-28 15:06,2026-10-02,0,3.8,18,Open
TDMS-00799,TRD,Guntakal-SEC-05,FDR-397,Feeder fault,Critical,2026-08-23 03:15,2026-08-24,7,5.6,27,Scheduled
TDMS-00800,TRD,Guntakal-SEC-03,FDR-176,Insulator flashover,Medium,2026-06-02 08:03,2026-06-20,72,6.8,28,Completed
TDMS-00801,TRD,Secunderabad-SEC-05,FDR-956,Insulator flashover,Low,2026-08-05 14:07,2026-09-09,0,2.0,18,Completed
TDMS-00802,TRD,Guntur-SEC-04,FDR-247,Traction transformer fault,Low,2026-07-02 12:27,2026-08-06,25,5.0,35,Open
TDMS-00803,TRD,Guntakal-SEC-03,FDR-229,Insulator flashover,Medium,2026-08-02 21:43,2026-08-20,11,6.4,7,Open
TDMS-00804,TRD,Hyderabad-SEC-07,FDR-928,Earthing fault,Medium,2026-06-27 14:28,2026-07-15,47,2.3,8,Scheduled
TDMS-00805,TRD,Guntur-SEC-04,FDR-500,Earthing fault,High,2026-07-19 01:40,2026-07-25,37,2.7,11,Open
TDMS-00806,TRD,Vijayawada-SEC-05,FDR-879,Circuit breaker trip,High,2026-05-27 05:58,2026-06-02,90,2.5,8,Completed
TDMS-00807,TRD,Guntur-SEC-04,FDR-134,Earthing fault,Medium,2026-05-27 14:09,2026-06-14,78,2.9,20,Open
TDMS-00808,TRD,Secunderabad-SEC-07,FDR-329,Traction transformer fault,Medium,2026-06-04 16:14,2026-06-22,70,7.0,29,Scheduled
TDMS-00809,TRD,Secunderabad-SEC-01,FDR-608,Section insulator damage,Medium,2026-05-22 15:11,2026-06-09,83,5.5,40,Completed
TDMS-00810,TRD,Guntakal-SEC-05,FDR-563,Dropper damage,Medium,2026-08-26 00:44,2026-09-13,0,3.6,5,Open
TDMS-00811,TRD,Secunderabad-SEC-07,FDR-812,Earthing fault,High,2026-05-21 04:49,2026-05-27,96,1.1,19,Scheduled
TDMS-00812,TRD,Guntakal-SEC-02,FDR-818,Circuit breaker trip,Low,2026-06-30 12:50,2026-08-04,27,2.4,25,Completed
TDMS-00813,TRD,Guntur-SEC-04,FDR-877,SCADA communication fault,Low,2026-05-17 00:13,2026-06-21,71,3.8,32,Open
TDMS-00814,TRD,Guntakal-SEC-08,FDR-956,Circuit breaker trip,Medium,2026-06-07 08:28,2026-06-25,67,3.2,6,Scheduled
TDMS-00815,TRD,Guntakal-SEC-01,FDR-104,SCADA communication fault,Low,2026-05-16 06:23,2026-06-20,72,2.9,15,Open
TDMS-00816,TRD,Hyderabad-SEC-04,FDR-686,Registration arm misalignment,Medium,2026-08-21 19:47,2026-09-08,0,4.7,19,Scheduled
TDMS-00817,TRD,Guntakal-SEC-05,FDR-841,Earthing fault,Medium,2026-05-29 01:25,2026-06-16,76,4.4,4,Scheduled
TDMS-00818,TRD,Guntakal-SEC-02,FDR-557,Feeder fault,High,2026-07-01 03:13,2026-07-07,55,1.4,26,Open
TDMS-00819,TRD,Hyderabad-SEC-07,FDR-720,Feeder fault,Low,2026-08-25 09:33,2026-09-29,0,5.4,20,Open
TDMS-00820,TRD,Guntakal-SEC-02,FDR-136,Dropper damage,Critical,2026-05-03 00:51,2026-05-04,119,4.6,13,Scheduled
TDMS-00821,TRD,Hyderabad-SEC-01,FDR-645,OHE wire wear,Low,2026-06-27 00:28,2026-08-01,30,4.7,27,Open
TDMS-00822,TRD,Secunderabad-SEC-08,FDR-571,SCADA communication fault,Low,2026-08-06 20:45,2026-09-10,0,1.9,23,Scheduled
TDMS-00823,TRD,Vijayawada-SEC-03,FDR-314,Circuit breaker trip,High,2026-05-11 03:48,2026-05-17,106,6.0,7,Open
TDMS-00824,TRD,Vijayawada-SEC-06,FDR-631,Earthing fault,Medium,2026-07-13 06:18,2026-07-31,31,3.1,29,Open
TDMS-00825,TRD,Guntakal-SEC-01,FDR-194,Circuit breaker trip,Medium,2026-08-09 07:14,2026-08-27,4,6.7,19,Scheduled
TDMS-00826,TRD,Vijayawada-SEC-05,FDR-423,Registration arm misalignment,Medium,2026-06-29 00:14,2026-07-17,45,2.1,16,Scheduled
TDMS-00827,TRD,Guntakal-SEC-04,FDR-839,Feeder fault,High,2026-05-13 14:44,2026-05-19,104,5.7,2,Scheduled
TDMS-00828,TRD,Guntur-SEC-07,FDR-367,Insulator flashover,Medium,2026-08-08 22:44,2026-08-26,5,2.4,25,Scheduled
TDMS-00829,TRD,Vijayawada-SEC-02,FDR-450,OHE wire wear,Medium,2026-07-04 21:36,2026-07-22,40,4.7,23,Completed
TDMS-00830,TRD,Secunderabad-SEC-01,FDR-984,SCADA communication fault,High,2026-08-14 11:59,2026-08-20,11,6.2,25,Open
TDMS-00831,TRD,Hyderabad-SEC-07,FDR-329,Dropper damage,Medium,2026-05-15 04:04,2026-06-02,90,4.6,20,Scheduled
TDMS-00832,TRD,Guntur-SEC-06,FDR-252,Circuit breaker trip,High,2026-08-08 06:12,2026-08-14,17,4.5,35,Scheduled
TDMS-00833,TRD,Secunderabad-SEC-05,FDR-230,SCADA communication fault,Low,2026-08-19 08:37,2026-09-23,0,5.7,11,Open
TDMS-00834,TRD,Secunderabad-SEC-05,FDR-345,Circuit breaker trip,High,2026-07-21 20:13,2026-07-27,35,6.3,5,Open
TDMS-00835,TRD,Secunderabad-SEC-03,FDR-282,Traction transformer fault,High,2026-07-02 12:03,2026-07-08,54,6.7,27,Completed
TDMS-00836,TRD,Secunderabad-SEC-07,FDR-274,Circuit breaker trip,Low,2026-07-27 04:52,2026-08-31,0,5.9,10,Completed
TDMS-00837,TRD,Secunderabad-SEC-03,FDR-671,Registration arm misalignment,High,2026-08-15 17:23,2026-08-21,10,2.0,17,Open
TDMS-00838,TRD,Hyderabad-SEC-05,FDR-411,Circuit breaker trip,Critical,2026-07-21 06:43,2026-07-22,40,5.6,39,Completed
TDMS-00839,TRD,Guntakal-SEC-07,FDR-675,Registration arm misalignment,Medium,2026-08-18 14:57,2026-09-05,0,6.9,35,Open
TDMS-00840,TRD,Secunderabad-SEC-08,FDR-534,Section insulator damage,High,2026-06-13 17:49,2026-06-19,73,6.7,13,Open
TDMS-00841,TRD,Hyderabad-SEC-07,FDR-314,Registration arm misalignment,Medium,2026-06-09 22:01,2026-06-27,65,4.7,6,Open
TDMS-00842,TRD,Hyderabad-SEC-03,FDR-408,Traction transformer fault,Critical,2026-06-13 15:33,2026-06-14,78,3.7,40,Open
TDMS-00843,TRD,Guntakal-SEC-02,FDR-765,Registration arm misalignment,Medium,2026-05-23 15:01,2026-06-10,82,2.2,16,Open
TDMS-00844,TRD,Guntakal-SEC-01,FDR-688,Traction transformer fault,Low,2026-08-19 15:52,2026-09-23,0,3.7,27,Open
TDMS-00845,TRD,Guntur-SEC-08,FDR-115,OHE wire wear,High,2026-05-16 10:39,2026-05-22,101,1.2,22,Completed
TDMS-00846,TRD,Hyderabad-SEC-02,FDR-233,Circuit breaker trip,High,2026-05-06 11:02,2026-05-12,111,6.7,18,Scheduled
TDMS-00847,TRD,Hyderabad-SEC-04,FDR-930,Feeder fault,Low,2026-08-19 19:28,2026-09-23,0,1.2,38,Scheduled
TDMS-00848,TRD,Vijayawada-SEC-01,FDR-846,Section insulator damage,Low,2026-08-02 05:09,2026-09-06,0,1.3,19,Open
TDMS-00849,TRD,Hyderabad-SEC-01,FDR-597,Earthing fault,Low,2026-06-17 03:51,2026-07-22,40,6.8,16,Open
TDMS-00850,TRD,Vijayawada-SEC-08,FDR-321,OHE wire wear,Low,2026-07-15 08:29,2026-08-19,12,1.6,30,Scheduled
TDMS-00851,TRD,Secunderabad-SEC-04,FDR-760,Dropper damage,Medium,2026-07-14 09:02,2026-08-01,30,6.4,15,Scheduled
TDMS-00852,TRD,Secunderabad-SEC-05,FDR-835,Dropper damage,Critical,2026-08-02 20:42,2026-08-03,28,5.7,7,Completed
TDMS-00853,TRD,Hyderabad-SEC-07,FDR-350,Registration arm misalignment,High,2026-06-17 11:53,2026-06-23,69,2.3,15,Scheduled
TDMS-00854,TRD,Guntur-SEC-08,FDR-604,SCADA communication fault,High,2026-05-16 17:04,2026-05-22,101,1.3,6,Completed
TDMS-00855,TRD,Vijayawada-SEC-06,FDR-128,Dropper damage,Medium,2026-08-30 16:10,2026-09-17,0,4.8,8,Completed
TDMS-00856,TRD,Guntakal-SEC-03,FDR-479,Section insulator damage,Low,2026-06-18 19:00,2026-07-23,39,6.4,10,Open
TDMS-00857,TRD,Guntur-SEC-05,FDR-809,Traction transformer fault,Medium,2026-08-13 20:29,2026-08-31,0,6.0,10,Open
TDMS-00858,TRD,Guntakal-SEC-08,FDR-908,Earthing fault,Low,2026-06-21 14:10,2026-07-26,36,2.5,5,Scheduled
TDMS-00859,TRD,Hyderabad-SEC-07,FDR-124,Earthing fault,Low,2026-05-03 12:02,2026-06-07,85,4.5,16,Open
TDMS-00860,TRD,Secunderabad-SEC-02,FDR-933,Registration arm misalignment,Medium,2026-05-06 07:56,2026-05-24,99,1.7,12,Completed
TDMS-00861,TRD,Hyderabad-SEC-07,FDR-123,Circuit breaker trip,Medium,2026-05-28 22:45,2026-06-15,77,3.9,22,Scheduled
TDMS-00862,TRD,Secunderabad-SEC-07,FDR-682,SCADA communication fault,Critical,2026-06-03 12:19,2026-06-04,88,6.9,28,Open
TDMS-00863,TRD,Guntur-SEC-05,FDR-861,Section insulator damage,High,2026-05-21 14:25,2026-05-27,96,3.6,7,Completed
TDMS-00864,TRD,Guntakal-SEC-05,FDR-366,OHE wire wear,High,2026-07-05 14:24,2026-07-11,51,2.1,25,Completed
TDMS-00865,TRD,Guntur-SEC-03,FDR-595,Traction transformer fault,Low,2026-05-09 10:31,2026-06-13,79,5.0,2,Scheduled
TDMS-00866,TRD,Guntur-SEC-08,FDR-918,Earthing fault,High,2026-08-09 22:14,2026-08-15,16,3.4,40,Scheduled
TDMS-00867,TRD,Secunderabad-SEC-05,FDR-329,Traction transformer fault,Critical,2026-06-06 15:09,2026-06-07,85,6.9,7,Open
TDMS-00868,TRD,Guntur-SEC-01,FDR-745,Registration arm misalignment,Medium,2026-08-27 11:17,2026-09-14,0,4.2,3,Scheduled
TDMS-00869,TRD,Guntur-SEC-04,FDR-467,Traction transformer fault,Low,2026-05-16 14:43,2026-06-20,72,2.6,35,Open
TDMS-00870,TRD,Secunderabad-SEC-02,FDR-399,Dropper damage,Critical,2026-08-25 23:30,2026-08-26,5,2.8,18,Completed
TDMS-00871,TRD,Vijayawada-SEC-06,FDR-402,Section insulator damage,Medium,2026-07-30 01:18,2026-08-17,14,4.2,30,Open
TDMS-00872,TRD,Hyderabad-SEC-04,FDR-694,SCADA communication fault,Critical,2026-07-16 09:12,2026-07-17,45,7.0,11,Completed
TDMS-00873,TRD,Secunderabad-SEC-04,FDR-185,Circuit breaker trip,High,2026-07-12 08:31,2026-07-18,44,3.7,35,Open
TDMS-00874,TRD,Hyderabad-SEC-01,FDR-214,Feeder fault,High,2026-07-02 02:03,2026-07-08,54,1.5,8,Scheduled
TDMS-00875,TRD,Secunderabad-SEC-04,FDR-670,Insulator flashover,High,2026-07-13 11:09,2026-07-19,43,4.9,25,Scheduled
TDMS-00876,TRD,Secunderabad-SEC-02,FDR-549,Insulator flashover,High,2026-06-15 23:10,2026-06-21,71,1.7,33,Open
TDMS-00877,TRD,Guntur-SEC-07,FDR-977,Dropper damage,Medium,2026-06-12 08:14,2026-06-30,62,3.9,14,Completed
TDMS-00878,TRD,Vijayawada-SEC-07,FDR-895,Feeder fault,Medium,2026-05-17 20:18,2026-06-04,88,5.1,17,Open
TDMS-00879,TRD,Guntakal-SEC-04,FDR-484,Insulator flashover,Medium,2026-07-04 09:21,2026-07-22,40,2.0,28,Open
TDMS-00880,TRD,Guntakal-SEC-03,FDR-474,Section insulator damage,High,2026-05-06 13:20,2026-05-12,111,4.6,40,Completed
TDMS-00881,TRD,Hyderabad-SEC-03,FDR-333,Feeder fault,Medium,2026-08-08 14:51,2026-08-26,5,1.5,34,Completed
TDMS-00882,TRD,Guntur-SEC-05,FDR-747,Feeder fault,Low,2026-08-23 20:47,2026-09-27,0,5.8,19,Completed
TDMS-00883,TRD,Hyderabad-SEC-07,FDR-936,Feeder fault,Low,2026-06-05 13:50,2026-07-10,52,6.6,39,Open
TDMS-00884,TRD,Guntakal-SEC-02,FDR-954,Traction transformer fault,Low,2026-06-01 12:10,2026-07-06,56,1.6,35,Completed
TDMS-00885,TRD,Guntakal-SEC-04,FDR-493,Earthing fault,Critical,2026-06-19 12:52,2026-06-20,72,1.0,36,Open
TDMS-00886,TRD,Vijayawada-SEC-02,FDR-759,Traction transformer fault,Low,2026-07-11 15:27,2026-08-15,16,5.8,37,Scheduled
TDMS-00887,TRD,Guntur-SEC-07,FDR-869,Circuit breaker trip,Medium,2026-05-21 05:40,2026-06-08,84,1.1,32,Open
TDMS-00888,TRD,Hyderabad-SEC-05,FDR-581,Circuit breaker trip,Medium,2026-06-11 06:37,2026-06-29,63,2.5,30,Open
TDMS-00889,TRD,Secunderabad-SEC-08,FDR-676,Insulator flashover,High,2026-07-21 14:57,2026-07-27,35,1.9,36,Open
TDMS-00890,TRD,Guntakal-SEC-04,FDR-552,Dropper damage,Low,2026-07-08 19:23,2026-08-12,19,4.4,31,Open
TDMS-00891,TRD,Secunderabad-SEC-06,FDR-702,Insulator flashover,Low,2026-06-04 09:25,2026-07-09,53,5.2,40,Open
TDMS-00892,TRD,Guntakal-SEC-06,FDR-690,SCADA communication fault,Medium,2026-07-16 18:02,2026-08-03,28,2.5,15,Open
TDMS-00893,TRD,Secunderabad-SEC-01,FDR-643,Earthing fault,Medium,2026-07-07 02:54,2026-07-25,37,6.6,28,Scheduled
TDMS-00894,TRD,Guntakal-SEC-08,FDR-966,Dropper damage,Medium,2026-07-05 12:24,2026-07-23,39,1.2,15,Scheduled
TDMS-00895,TRD,Guntur-SEC-03,FDR-596,OHE wire wear,Medium,2026-05-30 02:28,2026-06-17,75,5.9,21,Completed
TDMS-00896,TRD,Secunderabad-SEC-08,FDR-378,OHE wire wear,Medium,2026-05-23 07:47,2026-06-10,82,3.9,24,Completed
TDMS-00897,TRD,Guntakal-SEC-08,FDR-867,OHE wire wear,Low,2026-05-15 06:57,2026-06-19,73,1.3,7,Open
TDMS-00898,TRD,Hyderabad-SEC-08,FDR-808,SCADA communication fault,Medium,2026-07-26 14:40,2026-08-13,18,1.2,36,Open
TDMS-00899,TRD,Vijayawada-SEC-06,FDR-602,Traction transformer fault,High,2026-05-20 12:12,2026-05-26,97,3.3,19,Completed
TDMS-00900,TRD,Guntur-SEC-07,FDR-499,Dropper damage,Medium,2026-06-22 14:12,2026-07-10,52,5.4,15,Open
TDMS-00901,TRD,Guntakal-SEC-06,FDR-127,SCADA communication fault,Low,2026-07-19 14:06,2026-08-23,8,1.0,23,Completed
TDMS-00902,TRD,Guntur-SEC-07,FDR-233,Section insulator damage,Medium,2026-05-24 23:38,2026-06-11,81,2.0,11,Open
TDMS-00903,TRD,Guntur-SEC-08,FDR-161,Section insulator damage,Medium,2026-06-19 12:05,2026-07-07,55,6.3,39,Completed
TDMS-00904,TRD,Guntur-SEC-04,FDR-936,Dropper damage,Medium,2026-05-16 18:15,2026-06-03,89,4.9,3,Open
TDMS-00905,TRD,Vijayawada-SEC-04,FDR-896,Registration arm misalignment,Low,2026-05-05 08:34,2026-06-09,83,4.2,29,Scheduled
TDMS-00906,TRD,Hyderabad-SEC-07,FDR-943,Traction transformer fault,Medium,2026-07-23 14:22,2026-08-10,21,4.8,14,Scheduled
TDMS-00907,TRD,Guntur-SEC-02,FDR-921,Insulator flashover,Low,2026-08-26 21:56,2026-09-30,0,4.6,29,Open
TDMS-00908,TRD,Hyderabad-SEC-02,FDR-362,Feeder fault,Low,2026-07-01 05:57,2026-08-05,26,3.8,19,Open
TDMS-00909,TRD,Secunderabad-SEC-08,FDR-498,Circuit breaker trip,Medium,2026-07-09 13:31,2026-07-27,35,1.4,29,Scheduled
TDMS-00910,TRD,Vijayawada-SEC-04,FDR-452,OHE wire wear,Low,2026-08-29 06:51,2026-10-03,0,3.1,8,Open
TDMS-00911,TRD,Secunderabad-SEC-04,FDR-591,SCADA communication fault,Medium,2026-08-22 11:18,2026-09-09,0,3.9,34,Open
TDMS-00912,TRD,Secunderabad-SEC-05,FDR-301,Circuit breaker trip,Medium,2026-08-25 06:35,2026-09-12,0,1.1,21,Completed
TDMS-00913,TRD,Guntur-SEC-07,FDR-406,Circuit breaker trip,High,2026-06-18 23:19,2026-06-24,68,6.7,13,Completed
TDMS-00914,TRD,Guntakal-SEC-02,FDR-738,Traction transformer fault,Low,2026-07-07 03:05,2026-08-11,20,2.1,8,Scheduled
TDMS-00915,TRD,Hyderabad-SEC-08,FDR-727,Insulator flashover,Medium,2026-08-20 10:11,2026-09-07,0,4.8,9,Scheduled
TDMS-00916,TRD,Guntakal-SEC-01,FDR-140,Circuit breaker trip,Low,2026-08-09 03:09,2026-09-13,0,3.5,6,Completed
TDMS-00917,TRD,Secunderabad-SEC-07,FDR-369,Dropper damage,Medium,2026-06-23 18:19,2026-07-11,51,7.0,24,Scheduled
TDMS-00918,TRD,Vijayawada-SEC-05,FDR-946,Circuit breaker trip,Medium,2026-08-19 21:00,2026-09-06,0,1.2,38,Completed
TDMS-00919,TRD,Guntur-SEC-01,FDR-542,Dropper damage,Low,2026-05-28 21:49,2026-07-02,60,4.6,39,Open
TDMS-00920,TRD,Vijayawada-SEC-05,FDR-671,Circuit breaker trip,Low,2026-08-04 03:06,2026-09-08,0,2.7,32,Open
TDMS-00921,TRD,Guntakal-SEC-04,FDR-494,Circuit breaker trip,Low,2026-05-13 13:33,2026-06-17,75,4.2,32,Scheduled
TDMS-00922,TRD,Guntakal-SEC-05,FDR-154,Circuit breaker trip,Medium,2026-08-01 12:50,2026-08-19,12,4.8,2,Completed
TDMS-00923,TRD,Vijayawada-SEC-01,FDR-800,Insulator flashover,Low,2026-05-30 17:28,2026-07-04,58,3.8,31,Scheduled
TDMS-00924,TRD,Guntakal-SEC-06,FDR-460,Circuit breaker trip,Medium,2026-05-19 21:17,2026-06-06,86,3.1,12,Open
TDMS-00925,TRD,Guntakal-SEC-04,FDR-791,Section insulator damage,High,2026-06-13 01:55,2026-06-19,73,6.2,17,Scheduled
TDMS-00926,TRD,Guntur-SEC-08,FDR-703,Circuit breaker trip,Low,2026-08-13 09:38,2026-09-17,0,5.3,34,Completed
TDMS-00927,TRD,Secunderabad-SEC-06,FDR-920,Feeder fault,Low,2026-06-25 03:16,2026-07-30,32,6.2,35,Completed
TDMS-00928,TRD,Guntur-SEC-08,FDR-907,Section insulator damage,Medium,2026-07-06 17:57,2026-07-24,38,3.9,26,Completed
TDMS-00929,TRD,Vijayawada-SEC-03,FDR-711,Dropper damage,High,2026-08-21 22:06,2026-08-27,4,3.7,26,Open
TDMS-00930,TRD,Vijayawada-SEC-07,FDR-176,Section insulator damage,High,2026-05-17 13:44,2026-05-23,100,2.9,5,Open
TDMS-00931,TRD,Secunderabad-SEC-01,FDR-571,Insulator flashover,High,2026-07-26 23:15,2026-08-01,30,5.2,38,Open
TDMS-00932,TRD,Guntur-SEC-06,FDR-157,Feeder fault,High,2026-06-16 13:48,2026-06-22,70,5.1,29,Open
TDMS-00933,TRD,Guntakal-SEC-07,FDR-425,OHE wire wear,High,2026-06-25 20:22,2026-07-01,61,3.4,7,Scheduled
TDMS-00934,TRD,Secunderabad-SEC-02,FDR-216,Earthing fault,Low,2026-07-15 16:23,2026-08-19,12,5.0,34,Open
TDMS-00935,TRD,Secunderabad-SEC-06,FDR-932,Circuit breaker trip,Low,2026-07-12 07:52,2026-08-16,15,6.7,32,Open
TDMS-00936,TRD,Guntakal-SEC-02,FDR-680,Circuit breaker trip,Low,2026-08-26 21:36,2026-09-30,0,5.2,7,Completed
TDMS-00937,TRD,Guntur-SEC-08,FDR-338,OHE wire wear,Medium,2026-07-05 10:54,2026-07-23,39,1.2,13,Completed
TDMS-00938,TRD,Hyderabad-SEC-07,FDR-592,OHE wire wear,High,2026-06-02 07:47,2026-06-08,84,2.3,7,Completed
TDMS-00939,TRD,Guntakal-SEC-03,FDR-679,Feeder fault,Critical,2026-05-12 23:47,2026-05-13,110,6.3,28,Open
TDMS-00940,TRD,Vijayawada-SEC-03,FDR-843,Traction transformer fault,Medium,2026-05-18 03:55,2026-06-05,87,1.9,2,Completed
TDMS-00941,TRD,Guntakal-SEC-02,FDR-966,SCADA communication fault,High,2026-07-09 21:11,2026-07-15,47,3.3,29,Completed
TDMS-00942,TRD,Secunderabad-SEC-06,FDR-377,Circuit breaker trip,Low,2026-08-25 17:46,2026-09-29,0,2.9,23,Open
TDMS-00943,TRD,Hyderabad-SEC-04,FDR-828,OHE wire wear,Low,2026-08-26 13:55,2026-09-30,0,1.5,4,Completed
TDMS-00944,TRD,Vijayawada-SEC-08,FDR-171,Insulator flashover,Critical,2026-07-19 22:05,2026-07-20,42,2.9,38,Completed
TDMS-00945,TRD,Vijayawada-SEC-02,FDR-593,Dropper damage,Medium,2026-06-14 01:10,2026-07-02,60,6.0,40,Scheduled
TDMS-00946,TRD,Guntur-SEC-08,FDR-596,SCADA communication fault,Low,2026-05-21 14:01,2026-06-25,67,6.9,29,Open
TDMS-00947,TRD,Guntakal-SEC-06,FDR-485,Feeder fault,High,2026-05-15 12:04,2026-05-21,102,4.0,22,Open
TDMS-00948,TRD,Guntakal-SEC-01,FDR-875,OHE wire wear,High,2026-08-30 14:02,2026-09-05,0,2.9,26,Scheduled
TDMS-00949,TRD,Guntur-SEC-08,FDR-445,Traction transformer fault,Medium,2026-07-29 05:47,2026-08-16,15,1.7,8,Scheduled
TDMS-00950,TRD,Secunderabad-SEC-08,FDR-407,Section insulator damage,Low,2026-08-11 05:50,2026-09-15,0,1.7,37,Completed
TDMS-00951,TRD,Secunderabad-SEC-02,FDR-177,SCADA communication fault,Critical,2026-08-19 10:04,2026-08-20,11,6.8,33,Scheduled
TDMS-00952,TRD,Hyderabad-SEC-04,FDR-274,Dropper damage,Medium,2026-05-13 11:58,2026-05-31,92,3.9,33,Scheduled
TDMS-00953,TRD,Guntakal-SEC-03,FDR-193,Traction transformer fault,Low,2026-07-14 12:07,2026-08-18,13,2.6,19,Scheduled
TDMS-00954,TRD,Guntur-SEC-08,FDR-909,OHE wire wear,Low,2026-06-13 14:30,2026-07-18,44,5.5,35,Open
TDMS-00955,TRD,Secunderabad-SEC-08,FDR-332,Registration arm misalignment,Low,2026-06-03 11:22,2026-07-08,54,1.4,34,Scheduled
TDMS-00956,TRD,Hyderabad-SEC-08,FDR-554,OHE wire wear,Medium,2026-05-25 17:33,2026-06-12,80,2.5,20,Open
TDMS-00957,TRD,Secunderabad-SEC-08,FDR-401,Feeder fault,Medium,2026-08-23 09:02,2026-09-10,0,5.0,2,Open
TDMS-00958,TRD,Secunderabad-SEC-03,FDR-539,Section insulator damage,Critical,2026-07-14 04:22,2026-07-15,47,4.9,6,Completed
TDMS-00959,TRD,Vijayawada-SEC-07,FDR-710,Registration arm misalignment,Medium,2026-08-03 08:29,2026-08-21,10,3.8,27,Open
TDMS-00960,TRD,Guntur-SEC-06,FDR-902,Insulator flashover,High,2026-08-18 22:16,2026-08-24,7,1.7,22,Open
TDMS-00961,TRD,Guntur-SEC-06,FDR-456,Insulator flashover,Medium,2026-05-22 06:00,2026-06-09,83,1.5,36,Completed
TDMS-00962,TRD,Vijayawada-SEC-04,FDR-619,Traction transformer fault,Low,2026-08-31 07:39,2026-10-05,0,4.3,25,Open
TDMS-00963,TRD,Guntur-SEC-07,FDR-593,OHE wire wear,Medium,2026-07-07 20:15,2026-07-25,37,3.6,29,Open
TDMS-00964,TRD,Vijayawada-SEC-04,FDR-666,Circuit breaker trip,Medium,2026-08-15 20:38,2026-09-02,0,2.0,21,Scheduled
TDMS-00965,TRD,Hyderabad-SEC-06,FDR-914,Feeder fault,High,2026-08-16 14:34,2026-08-22,9,6.7,9,Open
TDMS-00966,TRD,Hyderabad-SEC-03,FDR-327,Circuit breaker trip,Medium,2026-07-05 17:33,2026-07-23,39,4.7,29,Completed
TDMS-00967,TRD,Hyderabad-SEC-02,FDR-794,SCADA communication fault,Low,2026-07-03 13:47,2026-08-07,24,1.3,8,Open
TDMS-00968,TRD,Guntakal-SEC-02,FDR-927,Traction transformer fault,High,2026-05-25 22:21,2026-05-31,92,4.5,31,Scheduled
TDMS-00969,TRD,Hyderabad-SEC-03,FDR-129,Insulator flashover,Medium,2026-05-25 09:45,2026-06-12,80,6.1,13,Scheduled
TDMS-00970,TRD,Secunderabad-SEC-04,FDR-644,Circuit breaker trip,Low,2026-08-10 11:32,2026-09-14,0,5.8,28,Open
TDMS-00971,TRD,Guntur-SEC-08,FDR-943,OHE wire wear,Medium,2026-08-30 03:38,2026-09-17,0,1.9,6,Completed
TDMS-00972,TRD,Guntur-SEC-02,FDR-835,Circuit breaker trip,High,2026-05-12 00:22,2026-05-18,105,1.3,31,Open
TDMS-00973,TRD,Hyderabad-SEC-08,FDR-208,Earthing fault,Low,2026-05-08 10:28,2026-06-12,80,4.7,9,Open
TDMS-00974,TRD,Guntur-SEC-03,FDR-255,SCADA communication fault,Low,2026-05-08 10:12,2026-06-12,80,3.6,27,Completed
TDMS-00975,TRD,Vijayawada-SEC-05,FDR-495,OHE wire wear,Low,2026-07-18 04:16,2026-08-22,9,6.5,10,Scheduled
TDMS-00976,TRD,Vijayawada-SEC-02,FDR-928,OHE wire wear,Medium,2026-07-31 10:19,2026-08-18,13,2.1,11,Open
TDMS-00977,TRD,Secunderabad-SEC-02,FDR-496,SCADA communication fault,Medium,2026-05-12 13:57,2026-05-30,93,5.8,19,Open
TDMS-00978,TRD,Vijayawada-SEC-06,FDR-942,Section insulator damage,Low,2026-07-06 03:38,2026-08-10,21,3.8,33,Completed
TDMS-00979,TRD,Guntakal-SEC-03,FDR-220,OHE wire wear,Low,2026-05-19 04:29,2026-06-23,69,4.8,5,Scheduled
TDMS-00980,TRD,Guntakal-SEC-03,FDR-346,SCADA communication fault,High,2026-07-07 09:49,2026-07-13,49,2.8,16,Completed
TDMS-00981,TRD,Guntakal-SEC-05,FDR-956,Dropper damage,High,2026-05-27 23:47,2026-06-02,90,1.4,2,Scheduled
TDMS-00982,TRD,Guntakal-SEC-02,FDR-678,Circuit breaker trip,Medium,2026-06-15 01:06,2026-07-03,59,1.2,32,Open
TDMS-00983,TRD,Hyderabad-SEC-08,FDR-152,Earthing fault,High,2026-05-22 23:48,2026-05-28,95,3.8,37,Completed
TDMS-00984,TRD,Hyderabad-SEC-02,FDR-690,OHE wire wear,Medium,2026-08-24 14:25,2026-09-11,0,1.8,12,Completed
TDMS-00985,TRD,Secunderabad-SEC-01,FDR-802,OHE wire wear,Medium,2026-07-08 14:25,2026-07-26,36,7.0,22,Completed
TDMS-00986,TRD,Hyderabad-SEC-08,FDR-658,Earthing fault,Low,2026-05-22 22:10,2026-06-26,66,1.7,33,Open
TDMS-00987,TRD,Secunderabad-SEC-01,FDR-654,Traction transformer fault,Low,2026-07-01 16:21,2026-08-05,26,4.0,13,Open
TDMS-00988,TRD,Guntakal-SEC-05,FDR-902,OHE wire wear,High,2026-08-28 10:03,2026-09-03,0,2.0,30,Open
TDMS-00989,TRD,Vijayawada-SEC-01,FDR-649,Earthing fault,High,2026-07-22 15:51,2026-07-28,34,3.2,6,Open
TDMS-00990,TRD,Guntakal-SEC-01,FDR-579,Insulator flashover,High,2026-07-15 21:57,2026-07-21,41,3.0,7,Completed
TDMS-00991,TRD,Guntakal-SEC-07,FDR-113,Earthing fault,Medium,2026-06-22 05:25,2026-07-10,52,5.6,9,Open
TDMS-00992,TRD,Hyderabad-SEC-02,FDR-750,Traction transformer fault,Medium,2026-05-13 01:20,2026-05-31,92,1.7,7,Open
TDMS-00993,TRD,Secunderabad-SEC-02,FDR-830,OHE wire wear,Low,2026-07-17 20:37,2026-08-21,10,1.6,33,Open
TDMS-00994,TRD,Guntakal-SEC-08,FDR-169,Earthing fault,Low,2026-05-05 22:28,2026-06-09,83,5.4,29,Scheduled
TDMS-00995,TRD,Guntur-SEC-07,FDR-516,SCADA communication fault,High,2026-05-06 16:15,2026-05-12,111,5.6,11,Scheduled
TDMS-00996,TRD,Guntakal-SEC-01,FDR-558,Circuit breaker trip,Medium,2026-07-14 03:32,2026-08-01,30,6.5,34,Open
TDMS-00997,TRD,Guntakal-SEC-08,FDR-282,Circuit breaker trip,Critical,2026-06-14 16:36,2026-06-15,77,6.6,40,Open
TDMS-00998,TRD,Secunderabad-SEC-03,FDR-549,Insulator flashover,Medium,2026-08-25 10:38,2026-09-12,0,3.5,11,Open
TDMS-00999,TRD,Guntakal-SEC-04,FDR-730,Insulator flashover,High,2026-05-19 19:31,2026-05-25,98,2.2,10,Scheduled
TDMS-01000,TRD,Guntur-SEC-01,FDR-692,Traction transformer fault,Medium,2026-06-24 21:28,2026-07-12,50,6.4,14,Open
TDMS-01001,TRD,Secunderabad-SEC-06,FDR-773,Traction transformer fault,High,2026-08-05 08:26,2026-08-11,20,5.2,22,Scheduled
TDMS-01002,TRD,Secunderabad-SEC-08,FDR-476,OHE wire wear,Medium,2026-06-16 13:48,2026-07-04,58,3.5,36,Scheduled
TDMS-01003,TRD,Secunderabad-SEC-07,FDR-646,Registration arm misalignment,Medium,2026-08-18 13:18,2026-09-05,0,2.4,37,Scheduled
TDMS-01004,TRD,Secunderabad-SEC-03,FDR-231,Circuit breaker trip,Low,2026-05-11 09:02,2026-06-15,77,2.4,2,Open
TDMS-01005,TRD,Hyderabad-SEC-02,FDR-637,Circuit breaker trip,High,2026-05-20 16:20,2026-05-26,97,2.3,8,Scheduled
TDMS-01006,TRD,Hyderabad-SEC-08,FDR-843,Feeder fault,Low,2026-07-13 23:51,2026-08-17,14,2.9,33,Open
TDMS-01007,TRD,Hyderabad-SEC-03,FDR-545,Dropper damage,Low,2026-08-31 23:07,2026-10-05,0,2.5,29,Open
TDMS-01008,TRD,Guntur-SEC-01,FDR-143,Feeder fault,Low,2026-07-03 22:32,2026-08-07,24,4.9,31,Open
TDMS-01009,TRD,Vijayawada-SEC-05,FDR-523,Section insulator damage,Medium,2026-05-30 05:34,2026-06-17,75,6.7,3,Open
TDMS-01010,TRD,Hyderabad-SEC-02,FDR-250,Circuit breaker trip,Medium,2026-06-30 16:57,2026-07-18,44,6.1,14,Completed
TDMS-01011,TRD,Hyderabad-SEC-06,FDR-655,Feeder fault,Medium,2026-08-26 03:27,2026-09-13,0,1.6,20,Open
TDMS-01012,TRD,Hyderabad-SEC-02,FDR-809,Dropper damage,Medium,2026-08-25 01:01,2026-09-12,0,3.2,10,Open
TDMS-01013,TRD,Guntur-SEC-03,FDR-959,Circuit breaker trip,Medium,2026-06-20 05:32,2026-07-08,54,6.3,27,Open
TDMS-01014,TRD,Guntur-SEC-04,FDR-657,SCADA communication fault,Medium,2026-05-04 17:40,2026-05-22,101,4.9,26,Open
TDMS-01015,TRD,Hyderabad-SEC-02,FDR-164,Feeder fault,Low,2026-07-14 09:28,2026-08-18,13,4.0,33,Scheduled
TDMS-01016,TRD,Guntakal-SEC-02,FDR-486,Earthing fault,Medium,2026-07-23 18:02,2026-08-10,21,4.3,34,Completed
TDMS-01017,TRD,Hyderabad-SEC-07,FDR-237,Feeder fault,Low,2026-07-08 04:07,2026-08-12,19,5.1,20,Open
TDMS-01018,TRD,Guntur-SEC-05,FDR-108,Circuit breaker trip,Low,2026-06-14 01:48,2026-07-19,43,7.0,9,Open
TDMS-01019,TRD,Secunderabad-SEC-01,FDR-732,Section insulator damage,High,2026-08-24 04:39,2026-08-30,1,4.4,24,Completed
TDMS-01020,TRD,Hyderabad-SEC-04,FDR-687,OHE wire wear,Low,2026-07-29 14:37,2026-09-02,0,6.9,19,Completed
TDMS-01021,TRD,Guntakal-SEC-05,FDR-652,Dropper damage,High,2026-06-24 15:01,2026-06-30,62,3.5,31,Completed
TDMS-01022,TRD,Vijayawada-SEC-06,FDR-171,Section insulator damage,Medium,2026-06-11 19:04,2026-06-29,63,2.1,3,Open
TDMS-01023,TRD,Hyderabad-SEC-07,FDR-691,Registration arm misalignment,High,2026-07-08 08:53,2026-07-14,48,2.9,21,Open
TDMS-01024,TRD,Vijayawada-SEC-06,FDR-555,Section insulator damage,Medium,2026-08-28 04:39,2026-09-15,0,4.3,13,Completed
TDMS-01025,TRD,Guntur-SEC-05,FDR-209,Feeder fault,Medium,2026-06-10 11:49,2026-06-28,64,6.0,28,Scheduled
TDMS-01026,TRD,Secunderabad-SEC-06,FDR-441,Earthing fault,Medium,2026-05-12 04:51,2026-05-30,93,1.1,33,Open
TDMS-01027,TRD,Vijayawada-SEC-05,FDR-831,Insulator flashover,High,2026-06-11 20:24,2026-06-17,75,5.4,20,Completed
TDMS-01028,TRD,Vijayawada-SEC-01,FDR-376,Registration arm misalignment,Medium,2026-08-16 06:35,2026-09-03,0,3.3,40,Scheduled
TDMS-01029,TRD,Guntur-SEC-08,FDR-657,Feeder fault,High,2026-05-31 14:49,2026-06-06,86,6.0,30,Open
TDMS-01030,TRD,Guntur-SEC-07,FDR-518,Dropper damage,Medium,2026-05-20 22:34,2026-06-07,85,6.2,10,Open
TDMS-01031,TRD,Guntakal-SEC-02,FDR-832,Dropper damage,Low,2026-07-23 23:29,2026-08-27,4,3.6,18,Completed
TDMS-01032,TRD,Guntur-SEC-03,FDR-495,Feeder fault,High,2026-05-26 19:48,2026-06-01,91,3.7,9,Scheduled
TDMS-01033,TRD,Guntur-SEC-04,FDR-451,Feeder fault,Medium,2026-06-03 06:18,2026-06-21,71,2.9,22,Completed
TDMS-01034,TRD,Guntur-SEC-04,FDR-511,Registration arm misalignment,High,2026-06-08 13:03,2026-06-14,78,3.0,13,Scheduled
TDMS-01035,TRD,Vijayawada-SEC-01,FDR-835,Dropper damage,Critical,2026-06-19 01:53,2026-06-20,72,3.8,32,Scheduled
TDMS-01036,TRD,Guntakal-SEC-01,FDR-206,Circuit breaker trip,Medium,2026-08-26 08:13,2026-09-13,0,1.6,35,Open
TDMS-01037,TRD,Hyderabad-SEC-02,FDR-323,Circuit breaker trip,Medium,2026-06-01 15:30,2026-06-19,73,5.0,10,Completed
TDMS-01038,TRD,Guntur-SEC-01,FDR-241,Feeder fault,Medium,2026-05-17 04:28,2026-06-04,88,4.6,24,Scheduled
TDMS-01039,TRD,Vijayawada-SEC-04,FDR-676,Dropper damage,Medium,2026-07-30 08:35,2026-08-17,14,5.4,29,Completed
TDMS-01040,TRD,Guntakal-SEC-02,FDR-756,Section insulator damage,Medium,2026-08-24 15:44,2026-09-11,0,3.2,5,Scheduled
TDMS-01041,TRD,Guntakal-SEC-04,FDR-952,SCADA communication fault,Medium,2026-07-23 16:41,2026-08-10,21,6.6,12,Open
TDMS-01042,TRD,Guntur-SEC-02,FDR-132,OHE wire wear,Medium,2026-07-01 15:33,2026-07-19,43,1.0,6,Open
TDMS-01043,TRD,Secunderabad-SEC-03,FDR-699,Dropper damage,Low,2026-07-08 08:58,2026-08-12,19,6.1,6,Open
TDMS-01044,TRD,Secunderabad-SEC-01,FDR-148,SCADA communication fault,Medium,2026-05-23 22:40,2026-06-10,82,6.1,8,Open
TDMS-01045,TRD,Guntakal-SEC-04,FDR-837,Circuit breaker trip,Low,2026-07-17 02:24,2026-08-21,10,2.9,4,Open
TDMS-01046,TRD,Vijayawada-SEC-01,FDR-770,Registration arm misalignment,Low,2026-07-02 05:06,2026-08-06,25,6.1,21,Completed
TDMS-01047,TRD,Guntakal-SEC-05,FDR-285,Feeder fault,Low,2026-06-09 18:18,2026-07-14,48,1.0,23,Scheduled
TDMS-01048,TRD,Vijayawada-SEC-05,FDR-157,Registration arm misalignment,Medium,2026-06-22 03:13,2026-07-10,52,6.4,14,Open
TDMS-01049,TRD,Guntur-SEC-02,FDR-683,Insulator flashover,Medium,2026-07-10 09:33,2026-07-28,34,5.6,4,Scheduled
TDMS-01050,TRD,Secunderabad-SEC-05,FDR-985,Insulator flashover,Medium,2026-08-24 01:09,2026-09-11,0,5.0,33,Open
TDMS-01051,TRD,Secunderabad-SEC-03,FDR-122,Dropper damage,Critical,2026-06-07 14:47,2026-06-08,84,1.9,19,Open
TDMS-01052,TRD,Guntakal-SEC-04,FDR-952,SCADA communication fault,Low,2026-07-04 08:41,2026-08-08,23,2.5,21,Scheduled
TDMS-01053,TRD,Guntakal-SEC-07,FDR-162,Earthing fault,High,2026-07-10 11:40,2026-07-16,46,3.6,14,Open
TDMS-01054,TRD,Secunderabad-SEC-06,FDR-521,OHE wire wear,Medium,2026-05-10 06:08,2026-05-28,95,2.6,12,Open
TDMS-01055,TRD,Hyderabad-SEC-04,FDR-650,Registration arm misalignment,Low,2026-06-03 03:08,2026-07-08,54,2.2,23,Open
TDMS-01056,TRD,Vijayawada-SEC-04,FDR-160,Traction transformer fault,Medium,2026-06-11 03:34,2026-06-29,63,2.9,6,Scheduled
TDMS-01057,TRD,Hyderabad-SEC-02,FDR-855,Feeder fault,High,2026-05-11 12:14,2026-05-17,106,5.7,16,Open
TDMS-01058,TRD,Vijayawada-SEC-07,FDR-120,Circuit breaker trip,Medium,2026-05-13 20:23,2026-05-31,92,6.6,10,Scheduled
TDMS-01059,TRD,Guntakal-SEC-03,FDR-332,Circuit breaker trip,Medium,2026-06-29 07:19,2026-07-17,45,2.8,11,Scheduled
TDMS-01060,TRD,Guntur-SEC-08,FDR-809,Traction transformer fault,Medium,2026-07-23 11:26,2026-08-10,21,4.2,5,Open
TDMS-01061,TRD,Guntur-SEC-02,FDR-836,Traction transformer fault,Low,2026-05-14 06:47,2026-06-18,74,1.8,32,Open
TDMS-01062,TRD,Secunderabad-SEC-07,FDR-676,OHE wire wear,High,2026-05-12 05:26,2026-05-18,105,5.6,28,Open
TDMS-01063,TRD,Hyderabad-SEC-07,FDR-686,Registration arm misalignment,Low,2026-05-09 00:00,2026-06-13,79,1.1,37,Open
TDMS-01064,TRD,Vijayawada-SEC-08,FDR-167,Dropper damage,Medium,2026-08-09 01:39,2026-08-27,4,4.5,18,Open
TDMS-01065,TRD,Guntakal-SEC-07,FDR-718,Registration arm misalignment,High,2026-08-15 05:41,2026-08-21,10,3.1,5,Completed
TDMS-01066,TRD,Secunderabad-SEC-01,FDR-450,Earthing fault,High,2026-05-13 17:26,2026-05-19,104,4.6,32,Scheduled
TDMS-01067,TRD,Hyderabad-SEC-02,FDR-861,Traction transformer fault,Medium,2026-06-20 20:46,2026-07-08,54,6.1,16,Open
TDMS-01068,TRD,Vijayawada-SEC-02,FDR-889,Circuit breaker trip,Medium,2026-07-18 10:12,2026-08-05,26,1.7,20,Open
TDMS-01069,TRD,Secunderabad-SEC-02,FDR-626,OHE wire wear,Critical,2026-07-29 13:58,2026-07-30,32,6.2,28,Completed
TDMS-01070,TRD,Guntakal-SEC-06,FDR-724,Traction transformer fault,Low,2026-08-04 21:24,2026-09-08,0,2.4,17,Open
TDMS-01071,TRD,Guntakal-SEC-02,FDR-977,Earthing fault,Medium,2026-07-05 04:20,2026-07-23,39,4.9,3,Scheduled
TDMS-01072,TRD,Secunderabad-SEC-07,FDR-913,Insulator flashover,High,2026-08-05 19:30,2026-08-11,20,2.0,13,Open
TDMS-01073,TRD,Secunderabad-SEC-06,FDR-427,Traction transformer fault,Critical,2026-06-11 18:27,2026-06-12,80,5.0,18,Scheduled
TDMS-01074,TRD,Guntur-SEC-06,FDR-153,Registration arm misalignment,Medium,2026-06-22 05:36,2026-07-10,52,5.6,5,Open
TDMS-01075,TRD,Secunderabad-SEC-02,FDR-753,Dropper damage,Critical,2026-08-28 07:50,2026-08-29,2,3.2,10,Open
TDMS-01076,TRD,Guntakal-SEC-01,FDR-830,Circuit breaker trip,Medium,2026-08-04 17:14,2026-08-22,9,2.1,10,Open
TDMS-01077,TRD,Hyderabad-SEC-07,FDR-637,OHE wire wear,Critical,2026-07-05 18:25,2026-07-06,56,5.6,18,Scheduled
TDMS-01078,TRD,Vijayawada-SEC-08,FDR-551,SCADA communication fault,Medium,2026-08-26 06:28,2026-09-13,0,7.0,35,Open
TDMS-01079,TRD,Vijayawada-SEC-05,FDR-735,SCADA communication fault,High,2026-06-08 12:01,2026-06-14,78,6.8,29,Completed
TDMS-01080,TRD,Hyderabad-SEC-02,FDR-407,Earthing fault,Medium,2026-08-07 09:50,2026-08-25,6,1.7,19,Open
TDMS-01081,TRD,Hyderabad-SEC-01,FDR-471,Registration arm misalignment,Medium,2026-05-13 02:39,2026-05-31,92,2.3,38,Open
TDMS-01082,TRD,Secunderabad-SEC-02,FDR-203,Dropper damage,Low,2026-08-10 09:26,2026-09-14,0,5.5,24,Open
TDMS-01083,TRD,Guntakal-SEC-03,FDR-557,Section insulator damage,High,2026-06-15 02:58,2026-06-21,71,3.9,33,Completed
TDMS-01084,TRD,Vijayawada-SEC-06,FDR-172,Registration arm misalignment,High,2026-07-16 00:35,2026-07-22,40,2.3,38,Completed
TDMS-01085,TRD,Guntakal-SEC-04,FDR-936,Registration arm misalignment,Low,2026-08-02 21:24,2026-09-06,0,2.3,23,Completed
TDMS-01086,TRD,Secunderabad-SEC-07,FDR-979,Registration arm misalignment,Medium,2026-05-11 21:41,2026-05-29,94,3.5,26,Open
TDMS-01087,TRD,Secunderabad-SEC-02,FDR-904,OHE wire wear,High,2026-08-25 18:48,2026-08-31,0,1.1,12,Open
TDMS-01088,TRD,Guntakal-SEC-07,FDR-936,Section insulator damage,Medium,2026-07-08 12:47,2026-07-26,36,5.6,31,Open
TDMS-01089,TRD,Guntakal-SEC-05,FDR-332,Section insulator damage,High,2026-08-31 11:13,2026-09-06,0,1.8,5,Completed
TDMS-01090,TRD,Secunderabad-SEC-01,FDR-438,Circuit breaker trip,High,2026-05-23 08:38,2026-05-29,94,4.7,33,Completed
TDMS-01091,TRD,Guntur-SEC-06,FDR-748,SCADA communication fault,High,2026-07-13 02:13,2026-07-19,43,5.4,12,Scheduled
TDMS-01092,TRD,Guntur-SEC-01,FDR-893,Feeder fault,High,2026-05-05 05:52,2026-05-11,112,6.1,13,Open
TDMS-01093,TRD,Secunderabad-SEC-05,FDR-864,Earthing fault,Medium,2026-06-27 01:45,2026-07-15,47,2.2,12,Scheduled
TDMS-01094,TRD,Secunderabad-SEC-02,FDR-555,Earthing fault,Medium,2026-05-26 16:29,2026-06-13,79,1.8,30,Scheduled
TDMS-01095,TRD,Guntakal-SEC-01,FDR-769,SCADA communication fault,High,2026-05-30 20:28,2026-06-05,87,4.9,19,Completed
TDMS-01096,TRD,Guntakal-SEC-02,FDR-423,SCADA communication fault,Medium,2026-05-21 19:48,2026-06-08,84,4.4,26,Open
TDMS-01097,TRD,Hyderabad-SEC-05,FDR-833,Feeder fault,Medium,2026-07-29 16:37,2026-08-16,15,1.0,33,Open
TDMS-01098,TRD,Vijayawada-SEC-07,FDR-781,Dropper damage,Low,2026-06-07 21:17,2026-07-12,50,3.7,35,Open
TDMS-01099,TRD,Hyderabad-SEC-03,FDR-259,Earthing fault,Critical,2026-06-10 07:48,2026-06-11,81,5.0,7,Scheduled
TDMS-01100,TRD,Hyderabad-SEC-03,FDR-544,Registration arm misalignment,Low,2026-08-16 22:53,2026-09-20,0,1.5,10,Completed
TDMS-01101,TRD,Guntakal-SEC-08,FDR-524,Dropper damage,Medium,2026-07-01 11:04,2026-07-19,43,2.6,6,Scheduled
TDMS-01102,TRD,Secunderabad-SEC-01,FDR-194,Earthing fault,Medium,2026-05-20 09:20,2026-06-07,85,5.1,5,Scheduled
TDMS-01103,TRD,Secunderabad-SEC-01,FDR-289,Dropper damage,Low,2026-08-01 14:05,2026-09-05,0,5.6,25,Open
TDMS-01104,TRD,Guntur-SEC-02,FDR-471,Registration arm misalignment,Medium,2026-07-14 12:55,2026-08-01,30,3.5,14,Scheduled
TDMS-01105,TRD,Secunderabad-SEC-06,FDR-882,OHE wire wear,Medium,2026-06-17 00:35,2026-07-05,57,6.8,23,Open
TDMS-01106,TRD,Vijayawada-SEC-02,FDR-347,Circuit breaker trip,Medium,2026-06-26 12:11,2026-07-14,48,5.8,5,Scheduled
TDMS-01107,TRD,Guntakal-SEC-04,FDR-819,Registration arm misalignment,Low,2026-07-24 08:28,2026-08-28,3,2.1,3,Completed
TDMS-01108,TRD,Guntakal-SEC-06,FDR-325,Registration arm misalignment,Low,2026-05-16 20:26,2026-06-20,72,6.7,16,Completed
TDMS-01109,TRD,Guntakal-SEC-03,FDR-268,Section insulator damage,High,2026-05-22 23:32,2026-05-28,95,5.7,40,Open
TDMS-01110,TRD,Guntur-SEC-03,FDR-252,SCADA communication fault,Critical,2026-06-30 04:46,2026-07-01,61,6.3,14,Open
TDMS-01111,TRD,Secunderabad-SEC-04,FDR-590,Insulator flashover,Medium,2026-06-19 00:21,2026-07-07,55,3.1,5,Open
TDMS-01112,TRD,Guntur-SEC-06,FDR-159,Earthing fault,Medium,2026-08-16 09:32,2026-09-03,0,2.3,38,Open
TDMS-01113,TRD,Guntur-SEC-07,FDR-553,SCADA communication fault,Medium,2026-08-16 19:38,2026-09-03,0,6.0,29,Scheduled
TDMS-01114,TRD,Guntur-SEC-05,FDR-133,SCADA communication fault,Medium,2026-08-18 02:21,2026-09-05,0,2.7,26,Scheduled
TDMS-01115,TRD,Secunderabad-SEC-05,FDR-983,Feeder fault,High,2026-06-22 07:12,2026-06-28,64,3.5,11,Scheduled
TDMS-01116,TRD,Guntur-SEC-08,FDR-654,Section insulator damage,High,2026-05-04 05:23,2026-05-10,113,4.1,21,Scheduled
TDMS-01117,TRD,Vijayawada-SEC-02,FDR-362,Circuit breaker trip,Medium,2026-07-05 03:29,2026-07-23,39,6.4,31,Open
TDMS-01118,TRD,Guntur-SEC-04,FDR-281,Registration arm misalignment,Medium,2026-07-11 04:39,2026-07-29,33,4.2,18,Completed
TDMS-01119,TRD,Secunderabad-SEC-03,FDR-683,Registration arm misalignment,Critical,2026-08-08 15:28,2026-08-09,22,5.7,6,Completed
TDMS-01120,TRD,Guntakal-SEC-07,FDR-116,Insulator flashover,Low,2026-07-30 06:13,2026-09-03,0,4.5,14,Completed
TDMS-01121,TRD,Secunderabad-SEC-06,FDR-167,Earthing fault,Medium,2026-05-21 16:07,2026-06-08,84,6.1,26,Open
TDMS-01122,TRD,Hyderabad-SEC-03,FDR-263,Section insulator damage,Low,2026-05-30 04:59,2026-07-04,58,2.7,13,Completed
TDMS-01123,TRD,Secunderabad-SEC-08,FDR-756,Circuit breaker trip,High,2026-05-27 09:13,2026-06-02,90,4.7,30,Open
TDMS-01124,TRD,Vijayawada-SEC-03,FDR-779,Circuit breaker trip,Critical,2026-05-22 12:07,2026-05-23,100,2.7,8,Open
TDMS-01125,TRD,Hyderabad-SEC-03,FDR-187,Circuit breaker trip,Medium,2026-06-20 09:08,2026-07-08,54,3.8,9,Completed
TDMS-01126,TRD,Secunderabad-SEC-05,FDR-826,Circuit breaker trip,Critical,2026-05-17 01:44,2026-05-18,105,1.6,26,Completed
TDMS-01127,TRD,Hyderabad-SEC-07,FDR-149,Traction transformer fault,Critical,2026-05-21 23:08,2026-05-22,101,6.4,29,Scheduled
TDMS-01128,TRD,Hyderabad-SEC-03,FDR-166,Earthing fault,High,2026-07-26 02:12,2026-08-01,30,5.6,8,Scheduled
TDMS-01129,TRD,Hyderabad-SEC-04,FDR-678,Insulator flashover,High,2026-08-03 01:33,2026-08-09,22,1.9,6,Scheduled
TDMS-01130,TRD,Hyderabad-SEC-07,FDR-155,OHE wire wear,Medium,2026-06-05 18:09,2026-06-23,69,6.1,34,Completed
TDMS-01131,TRD,Hyderabad-SEC-02,FDR-174,Traction transformer fault,Medium,2026-07-08 22:10,2026-07-26,36,6.0,21,Completed
TDMS-01132,TRD,Secunderabad-SEC-07,FDR-205,Registration arm misalignment,Medium,2026-07-08 00:44,2026-07-26,36,5.3,31,Scheduled
TDMS-01133,TRD,Guntur-SEC-03,FDR-986,Registration arm misalignment,High,2026-05-17 01:48,2026-05-23,100,6.8,5,Scheduled
TDMS-01134,TRD,Guntakal-SEC-07,FDR-667,Feeder fault,Medium,2026-08-28 11:32,2026-09-15,0,5.5,19,Completed
TDMS-01135,TRD,Hyderabad-SEC-06,FDR-819,Earthing fault,Medium,2026-08-30 14:43,2026-09-17,0,3.9,32,Open
TDMS-01136,TRD,Guntakal-SEC-08,FDR-166,Section insulator damage,High,2026-08-31 22:46,2026-09-06,0,2.2,28,Open
TDMS-01137,TRD,Vijayawada-SEC-02,FDR-802,Traction transformer fault,Medium,2026-07-18 02:32,2026-08-05,26,3.6,21,Scheduled
TDMS-01138,TRD,Hyderabad-SEC-08,FDR-376,SCADA communication fault,High,2026-07-03 08:43,2026-07-09,53,6.8,24,Completed
TDMS-01139,TRD,Hyderabad-SEC-07,FDR-686,OHE wire wear,High,2026-05-04 16:17,2026-05-10,113,3.2,7,Open
TDMS-01140,TRD,Hyderabad-SEC-08,FDR-955,Feeder fault,High,2026-05-13 09:18,2026-05-19,104,2.6,11,Open
TDMS-01141,TRD,Hyderabad-SEC-03,FDR-435,SCADA communication fault,Medium,2026-05-27 06:17,2026-06-14,78,3.8,21,Completed
TDMS-01142,TRD,Guntakal-SEC-08,FDR-859,Earthing fault,Medium,2026-08-10 08:36,2026-08-28,3,2.4,18,Open
TDMS-01143,TRD,Vijayawada-SEC-08,FDR-635,OHE wire wear,Medium,2026-07-27 14:40,2026-08-14,17,2.1,9,Open
TDMS-01144,TRD,Secunderabad-SEC-07,FDR-788,Earthing fault,Medium,2026-06-10 11:39,2026-06-28,64,4.6,8,Open
TDMS-01145,TRD,Vijayawada-SEC-08,FDR-260,Circuit breaker trip,Low,2026-06-23 10:48,2026-07-28,34,5.8,32,Open
TDMS-01146,TRD,Guntur-SEC-06,FDR-427,Feeder fault,Medium,2026-06-28 16:08,2026-07-16,46,2.5,22,Open
TDMS-01147,TRD,Vijayawada-SEC-02,FDR-198,Circuit breaker trip,High,2026-06-01 15:58,2026-06-07,85,2.4,38,Open
TDMS-01148,TRD,Guntakal-SEC-05,FDR-547,Feeder fault,Low,2026-05-29 06:25,2026-07-03,59,6.3,37,Open
TDMS-01149,TRD,Guntakal-SEC-01,FDR-977,Earthing fault,Medium,2026-08-06 15:53,2026-08-24,7,1.1,22,Scheduled
TDMS-01150,TRD,Guntakal-SEC-03,FDR-142,Registration arm misalignment,Low,2026-08-26 12:54,2026-09-30,0,2.0,36,Open
TDMS-01151,TRD,Guntur-SEC-05,FDR-866,Feeder fault,Medium,2026-07-14 17:11,2026-08-01,30,3.1,38,Open
TDMS-01152,TRD,Vijayawada-SEC-03,FDR-745,Earthing fault,Critical,2026-05-30 07:33,2026-05-31,92,3.6,34,Completed
TDMS-01153,TRD,Guntakal-SEC-08,FDR-460,Section insulator damage,Medium,2026-05-31 16:04,2026-06-18,74,4.1,10,Completed
TDMS-01154,TRD,Secunderabad-SEC-06,FDR-518,Registration arm misalignment,High,2026-08-14 08:46,2026-08-20,11,2.2,25,Completed
TDMS-01155,TRD,Guntur-SEC-05,FDR-865,OHE wire wear,Medium,2026-08-23 20:55,2026-09-10,0,6.1,15,Completed
TDMS-01156,TRD,Guntur-SEC-05,FDR-588,Earthing fault,Low,2026-05-25 20:31,2026-06-29,63,6.2,26,Completed
TDMS-01157,TRD,Guntur-SEC-08,FDR-191,Circuit breaker trip,Medium,2026-06-23 05:27,2026-07-11,51,3.5,30,Completed
TDMS-01158,TRD,Guntakal-SEC-06,FDR-354,Section insulator damage,Medium,2026-06-17 04:26,2026-07-05,57,4.2,13,Open
TDMS-01159,TRD,Vijayawada-SEC-04,FDR-821,Feeder fault,Medium,2026-06-18 03:56,2026-07-06,56,1.5,16,Completed
TDMS-01160,TRD,Guntur-SEC-05,FDR-804,Earthing fault,Medium,2026-05-12 01:43,2026-05-30,93,6.0,14,Scheduled
TDMS-01161,TRD,Secunderabad-SEC-08,FDR-262,Earthing fault,High,2026-06-30 09:50,2026-07-06,56,2.7,26,Open
TDMS-01162,TRD,Vijayawada-SEC-06,FDR-903,Traction transformer fault,Critical,2026-08-10 18:25,2026-08-11,20,6.8,28,Completed
TDMS-01163,TRD,Hyderabad-SEC-05,FDR-803,Dropper damage,Low,2026-06-06 14:12,2026-07-11,51,1.8,9,Open
TDMS-01164,TRD,Guntur-SEC-01,FDR-145,Dropper damage,Critical,2026-08-24 07:42,2026-08-25,6,5.1,38,Scheduled
TDMS-01165,TRD,Secunderabad-SEC-05,FDR-137,Dropper damage,Medium,2026-06-09 16:37,2026-06-27,65,2.6,35,Open
TDMS-01166,TRD,Vijayawada-SEC-02,FDR-696,Section insulator damage,Medium,2026-05-31 18:28,2026-06-18,74,1.4,26,Open
TDMS-01167,TRD,Guntur-SEC-08,FDR-914,Insulator flashover,Medium,2026-06-04 17:14,2026-06-22,70,3.2,5,Open
TDMS-01168,TRD,Hyderabad-SEC-07,FDR-441,Dropper damage,Medium,2026-06-09 17:03,2026-06-27,65,3.2,13,Open
TDMS-01169,TRD,Vijayawada-SEC-01,FDR-319,Earthing fault,Medium,2026-08-27 02:50,2026-09-14,0,2.8,12,Open
TDMS-01170,TRD,Secunderabad-SEC-01,FDR-793,Section insulator damage,Medium,2026-06-23 01:37,2026-07-11,51,5.8,34,Scheduled
TDMS-01171,TRD,Secunderabad-SEC-06,FDR-103,Registration arm misalignment,Low,2026-06-26 10:02,2026-07-31,31,4.2,8,Open
TDMS-01172,TRD,Guntur-SEC-02,FDR-126,Circuit breaker trip,Low,2026-05-28 17:38,2026-07-02,60,2.2,28,Open
TDMS-01173,TRD,Hyderabad-SEC-01,FDR-393,Traction transformer fault,High,2026-06-28 00:19,2026-07-04,58,4.4,19,Open
TDMS-01174,TRD,Vijayawada-SEC-05,FDR-277,Dropper damage,High,2026-05-17 06:14,2026-05-23,100,1.7,33,Completed
TDMS-01175,TRD,Vijayawada-SEC-07,FDR-894,Insulator flashover,High,2026-05-14 08:49,2026-05-20,103,4.4,39,Open
TDMS-01176,TRD,Hyderabad-SEC-01,FDR-404,Circuit breaker trip,Critical,2026-05-05 05:38,2026-05-06,117,2.8,4,Scheduled
TDMS-01177,TRD,Guntur-SEC-01,FDR-624,Traction transformer fault,Low,2026-07-02 03:14,2026-08-06,25,3.0,13,Open
TDMS-01178,TRD,Hyderabad-SEC-02,FDR-968,Registration arm misalignment,Low,2026-08-16 03:45,2026-09-20,0,1.2,19,Open
TDMS-01179,TRD,Vijayawada-SEC-07,FDR-207,Insulator flashover,Medium,2026-06-16 20:40,2026-07-04,58,5.2,12,Completed
TDMS-01180,TRD,Secunderabad-SEC-01,FDR-322,OHE wire wear,Medium,2026-07-17 01:27,2026-08-04,27,2.9,10,Scheduled
TDMS-01181,TRD,Guntur-SEC-05,FDR-905,OHE wire wear,Critical,2026-08-18 19:09,2026-08-19,12,4.2,21,Open
TDMS-01182,TRD,Hyderabad-SEC-03,FDR-664,Insulator flashover,Medium,2026-07-31 18:52,2026-08-18,13,2.9,7,Open
TDMS-01183,TRD,Guntakal-SEC-01,FDR-219,Dropper damage,Critical,2026-06-14 17:55,2026-06-15,77,2.3,24,Open
TDMS-01184,TRD,Hyderabad-SEC-05,FDR-205,OHE wire wear,Low,2026-07-04 17:54,2026-08-08,23,1.5,38,Open
TDMS-01185,TRD,Secunderabad-SEC-05,FDR-570,SCADA communication fault,Critical,2026-08-19 22:27,2026-08-20,11,6.4,13,Scheduled
TDMS-01186,TRD,Vijayawada-SEC-02,FDR-299,Section insulator damage,Medium,2026-08-23 15:47,2026-09-10,0,4.8,3,Open
TDMS-01187,TRD,Hyderabad-SEC-05,FDR-768,Section insulator damage,Low,2026-06-08 07:39,2026-07-13,49,2.1,7,Completed
TDMS-01188,TRD,Guntakal-SEC-02,FDR-497,SCADA communication fault,Critical,2026-07-23 23:49,2026-07-24,38,6.5,26,Open
TDMS-01189,TRD,Guntur-SEC-06,FDR-607,Feeder fault,Low,2026-06-02 15:23,2026-07-07,55,1.2,33,Open
TDMS-01190,TRD,Hyderabad-SEC-05,FDR-664,OHE wire wear,Medium,2026-06-12 13:43,2026-06-30,62,5.2,29,Scheduled
TDMS-01191,TRD,Guntakal-SEC-07,FDR-334,Circuit breaker trip,Medium,2026-05-09 16:32,2026-05-27,96,6.3,15,Open
TDMS-01192,TRD,Guntakal-SEC-05,FDR-169,OHE wire wear,Medium,2026-08-17 09:21,2026-09-04,0,3.5,21,Completed
TDMS-01193,TRD,Vijayawada-SEC-08,FDR-136,Earthing fault,Medium,2026-06-19 14:05,2026-07-07,55,1.7,6,Completed
TDMS-01194,TRD,Secunderabad-SEC-02,FDR-705,Dropper damage,High,2026-07-19 20:20,2026-07-25,37,4.9,30,Open
TDMS-01195,TRD,Vijayawada-SEC-02,FDR-400,OHE wire wear,Low,2026-05-13 02:38,2026-06-17,75,6.0,32,Open
TDMS-01196,TRD,Guntur-SEC-03,FDR-524,Earthing fault,High,2026-06-11 16:39,2026-06-17,75,4.8,17,Open
TDMS-01197,TRD,Hyderabad-SEC-02,FDR-470,Registration arm misalignment,Low,2026-08-25 15:54,2026-09-29,0,2.4,19,Open
TDMS-01198,TRD,Secunderabad-SEC-02,FDR-819,OHE wire wear,Medium,2026-06-15 20:18,2026-07-03,59,6.2,3,Scheduled
TDMS-01199,TRD,Guntur-SEC-08,FDR-469,OHE wire wear,Medium,2026-07-24 20:17,2026-08-11,20,5.1,7,Scheduled
TDMS-01200,TRD,Guntur-SEC-02,FDR-471,OHE wire wear,High,2026-07-07 05:05,2026-07-13,49,1.7,3,Open
TDMS-01201,TRD,Guntakal-SEC-08,FDR-623,Traction transformer fault,Low,2026-07-30 00:56,2026-09-03,0,3.2,26,Completed
TDMS-01202,TRD,Secunderabad-SEC-07,FDR-881,SCADA communication fault,High,2026-07-26 00:35,2026-08-01,30,1.6,3,Open
TDMS-01203,TRD,Secunderabad-SEC-07,FDR-714,Section insulator damage,Critical,2026-08-10 23:55,2026-08-11,20,6.9,37,Completed
TDMS-01204,TRD,Secunderabad-SEC-08,FDR-972,Registration arm misalignment,Medium,2026-08-31 09:13,2026-09-18,0,6.1,24,Open
TDMS-01205,TRD,Vijayawada-SEC-03,FDR-499,Registration arm misalignment,Low,2026-07-19 19:37,2026-08-23,8,5.5,32,Scheduled
TDMS-01206,TRD,Guntur-SEC-02,FDR-763,Feeder fault,High,2026-05-21 23:14,2026-05-27,96,1.6,11,Scheduled
TDMS-01207,TRD,Vijayawada-SEC-05,FDR-850,SCADA communication fault,Medium,2026-05-07 05:14,2026-05-25,98,2.7,29,Open
TDMS-01208,TRD,Guntur-SEC-08,FDR-903,Feeder fault,Medium,2026-06-24 00:49,2026-07-12,50,5.6,2,Open
TDMS-01209,TRD,Guntur-SEC-08,FDR-182,OHE wire wear,Low,2026-08-31 14:38,2026-10-05,0,6.7,16,Open
TDMS-01210,TRD,Guntakal-SEC-03,FDR-190,Traction transformer fault,High,2026-06-06 11:38,2026-06-12,80,3.9,20,Scheduled
TDMS-01211,TRD,Guntur-SEC-05,FDR-402,Earthing fault,High,2026-05-31 06:55,2026-06-06,86,6.4,15,Open
TDMS-01212,TRD,Hyderabad-SEC-04,FDR-152,OHE wire wear,Medium,2026-07-25 10:46,2026-08-12,19,3.1,11,Scheduled
TDMS-01213,TRD,Guntakal-SEC-07,FDR-412,Registration arm misalignment,Low,2026-05-09 23:19,2026-06-13,79,5.3,14,Completed
TDMS-01214,TRD,Vijayawada-SEC-01,FDR-707,Traction transformer fault,High,2026-07-08 14:44,2026-07-14,48,3.7,15,Open
TDMS-01215,TRD,Hyderabad-SEC-05,FDR-633,Feeder fault,Low,2026-08-20 22:36,2026-09-24,0,4.7,18,Open
TDMS-01216,TRD,Guntakal-SEC-04,FDR-552,OHE wire wear,High,2026-06-10 05:00,2026-06-16,76,5.3,11,Completed
TDMS-01217,TRD,Secunderabad-SEC-04,FDR-903,Dropper damage,Medium,2026-07-09 23:46,2026-07-27,35,1.7,2,Open
TDMS-01218,TRD,Vijayawada-SEC-05,FDR-776,Insulator flashover,High,2026-07-16 17:49,2026-07-22,40,6.4,14,Open
TDMS-01219,TRD,Hyderabad-SEC-03,FDR-128,SCADA communication fault,Medium,2026-08-20 07:36,2026-09-07,0,7.0,24,Open
TDMS-01220,TRD,Secunderabad-SEC-07,FDR-497,Circuit breaker trip,Medium,2026-08-23 06:05,2026-09-10,0,5.1,30,Scheduled
TDMS-01221,TRD,Secunderabad-SEC-08,FDR-556,Circuit breaker trip,High,2026-07-18 03:59,2026-07-24,38,2.0,15,Open
TDMS-01222,TRD,Secunderabad-SEC-07,FDR-126,Section insulator damage,Medium,2026-05-15 01:45,2026-06-02,90,4.7,12,Completed
TDMS-01223,TRD,Secunderabad-SEC-07,FDR-239,OHE wire wear,Medium,2026-07-08 00:16,2026-07-26,36,3.1,26,Open
TDMS-01224,TRD,Guntur-SEC-01,FDR-365,Registration arm misalignment,Low,2026-07-27 09:06,2026-08-31,0,7.0,37,Completed
TDMS-01225,TRD,Guntakal-SEC-01,FDR-461,OHE wire wear,High,2026-07-14 17:49,2026-07-20,42,1.3,6,Scheduled
TDMS-01226,TRD,Hyderabad-SEC-05,FDR-694,SCADA communication fault,High,2026-05-10 12:52,2026-05-16,107,6.9,11,Open
TDMS-01227,TRD,Vijayawada-SEC-03,FDR-626,Dropper damage,Low,2026-05-11 23:25,2026-06-15,77,4.5,9,Open
TDMS-01228,TRD,Secunderabad-SEC-07,FDR-356,Circuit breaker trip,Medium,2026-06-26 11:27,2026-07-14,48,5.6,35,Scheduled
TDMS-01229,TRD,Vijayawada-SEC-08,FDR-290,Section insulator damage,Medium,2026-08-12 12:15,2026-08-30,1,1.8,28,Open
TDMS-01230,TRD,Hyderabad-SEC-05,FDR-910,Section insulator damage,Medium,2026-06-20 19:42,2026-07-08,54,6.8,4,Scheduled
TDMS-01231,TRD,Secunderabad-SEC-03,FDR-970,Earthing fault,Low,2026-08-08 04:42,2026-09-12,0,5.9,14,Open
TDMS-01232,TRD,Hyderabad-SEC-03,FDR-330,OHE wire wear,High,2026-07-07 06:11,2026-07-13,49,1.1,16,Scheduled
TDMS-01233,TRD,Guntur-SEC-07,FDR-575,Dropper damage,Critical,2026-06-25 13:27,2026-06-26,66,5.4,39,Open
TDMS-01234,TRD,Secunderabad-SEC-02,FDR-436,OHE wire wear,Medium,2026-06-04 21:37,2026-06-22,70,4.9,33,Completed
TDMS-01235,TRD,Guntur-SEC-08,FDR-400,Traction transformer fault,Critical,2026-06-18 07:19,2026-06-19,73,3.1,24,Completed
TDMS-01236,TRD,Secunderabad-SEC-08,FDR-416,Circuit breaker trip,Low,2026-07-27 23:06,2026-08-31,0,4.5,34,Open
TDMS-01237,TRD,Vijayawada-SEC-08,FDR-219,Earthing fault,High,2026-07-07 06:51,2026-07-13,49,4.9,25,Open
TDMS-01238,TRD,Hyderabad-SEC-08,FDR-267,SCADA communication fault,High,2026-07-08 01:51,2026-07-14,48,6.5,26,Open
TDMS-01239,TRD,Vijayawada-SEC-03,FDR-370,Circuit breaker trip,High,2026-07-10 15:45,2026-07-16,46,3.9,33,Scheduled
TDMS-01240,TRD,Secunderabad-SEC-03,FDR-434,Dropper damage,Medium,2026-08-07 00:53,2026-08-25,6,4.4,27,Scheduled
TDMS-01241,TRD,Vijayawada-SEC-07,FDR-415,Circuit breaker trip,Low,2026-06-05 20:01,2026-07-10,52,2.6,3,Completed
TDMS-01242,TRD,Hyderabad-SEC-05,FDR-898,Section insulator damage,Medium,2026-07-12 05:07,2026-07-30,32,2.4,30,Open
TDMS-01243,TRD,Guntur-SEC-04,FDR-134,Earthing fault,Critical,2026-06-04 04:04,2026-06-05,87,4.8,7,Scheduled
TDMS-01244,TRD,Vijayawada-SEC-08,FDR-538,Circuit breaker trip,High,2026-07-02 23:43,2026-07-08,54,2.6,30,Open
TDMS-01245,TRD,Secunderabad-SEC-05,FDR-323,Insulator flashover,Medium,2026-06-08 16:10,2026-06-26,66,4.2,35,Completed
TDMS-01246,TRD,Guntur-SEC-07,FDR-832,Insulator flashover,Critical,2026-08-07 13:32,2026-08-08,23,3.1,29,Scheduled
TDMS-01247,TRD,Guntakal-SEC-03,FDR-572,Dropper damage,High,2026-08-13 08:55,2026-08-19,12,1.7,12,Open
TDMS-01248,TRD,Vijayawada-SEC-07,FDR-850,Earthing fault,Medium,2026-08-05 14:42,2026-08-23,8,3.9,21,Open
TDMS-01249,TRD,Guntur-SEC-03,FDR-991,Traction transformer fault,Low,2026-05-18 12:13,2026-06-22,70,5.8,30,Completed
TDMS-01250,TRD,Hyderabad-SEC-01,FDR-646,Earthing fault,Medium,2026-08-07 21:39,2026-08-25,6,5.7,39,Open
TDMS-01251,TRD,Secunderabad-SEC-01,FDR-658,Section insulator damage,Medium,2026-07-11 15:34,2026-07-29,33,5.4,40,Open
TDMS-01252,TRD,Guntakal-SEC-08,FDR-585,Section insulator damage,Critical,2026-06-22 16:55,2026-06-23,69,2.8,8,Open
TDMS-01253,TRD,Secunderabad-SEC-04,FDR-794,Traction transformer fault,Critical,2026-05-08 08:12,2026-05-09,114,4.2,6,Open
TDMS-01254,TRD,Guntakal-SEC-03,FDR-391,Dropper damage,Low,2026-06-13 22:37,2026-07-18,44,5.0,13,Scheduled
TDMS-01255,TRD,Guntakal-SEC-01,FDR-809,Dropper damage,Medium,2026-05-23 17:47,2026-06-10,82,3.8,4,Completed
TDMS-01256,TRD,Guntur-SEC-04,FDR-954,Circuit breaker trip,Medium,2026-05-20 04:09,2026-06-07,85,5.6,7,Open
TDMS-01257,TRD,Vijayawada-SEC-01,FDR-881,Feeder fault,Medium,2026-08-07 20:35,2026-08-25,6,2.1,39,Scheduled
TDMS-01258,TRD,Vijayawada-SEC-07,FDR-103,Section insulator damage,High,2026-06-26 23:44,2026-07-02,60,1.0,16,Open
TDMS-01259,TRD,Guntur-SEC-03,FDR-361,SCADA communication fault,Critical,2026-08-17 00:10,2026-08-18,13,2.7,13,Scheduled
TDMS-01260,TRD,Secunderabad-SEC-07,FDR-308,Circuit breaker trip,Medium,2026-08-06 03:34,2026-08-24,7,3.4,32,Scheduled
TDMS-01261,TRD,Hyderabad-SEC-04,FDR-205,Section insulator damage,Medium,2026-05-10 18:07,2026-05-28,95,5.9,6,Open
TDMS-01262,TRD,Hyderabad-SEC-01,FDR-647,Circuit breaker trip,Medium,2026-05-09 16:26,2026-05-27,96,2.1,4,Completed
TDMS-01263,TRD,Secunderabad-SEC-04,FDR-767,Circuit breaker trip,Medium,2026-08-20 16:42,2026-09-07,0,1.4,17,Open
TDMS-01264,TRD,Secunderabad-SEC-01,FDR-258,Section insulator damage,Low,2026-08-22 06:45,2026-09-26,0,3.7,33,Open
TDMS-01265,TRD,Guntakal-SEC-01,FDR-643,Section insulator damage,High,2026-08-30 06:48,2026-09-05,0,6.5,6,Open
TDMS-01266,TRD,Guntur-SEC-07,FDR-649,Insulator flashover,High,2026-06-04 22:53,2026-06-10,82,1.5,13,Open
TDMS-01267,TRD,Hyderabad-SEC-07,FDR-763,Section insulator damage,Medium,2026-06-07 15:08,2026-06-25,67,4.8,23,Completed
TDMS-01268,TRD,Hyderabad-SEC-04,FDR-258,Feeder fault,Low,2026-06-20 15:52,2026-07-25,37,7.0,30,Scheduled
TDMS-01269,TRD,Vijayawada-SEC-08,FDR-707,Earthing fault,High,2026-06-26 20:29,2026-07-02,60,4.4,17,Completed
TDMS-01270,TRD,Vijayawada-SEC-04,FDR-143,Registration arm misalignment,Medium,2026-07-09 02:31,2026-07-27,35,1.9,12,Scheduled
TDMS-01271,TRD,Secunderabad-SEC-06,FDR-448,Dropper damage,Medium,2026-05-19 05:22,2026-06-06,86,6.2,12,Open
TDMS-01272,TRD,Hyderabad-SEC-05,FDR-386,Dropper damage,Medium,2026-08-25 09:50,2026-09-12,0,1.2,33,Open
TDMS-01273,TRD,Vijayawada-SEC-02,FDR-674,OHE wire wear,Medium,2026-08-21 13:55,2026-09-08,0,1.5,18,Open
TDMS-01274,TRD,Guntur-SEC-03,FDR-231,Traction transformer fault,Critical,2026-08-18 18:13,2026-08-19,12,4.4,37,Open
TDMS-01275,TRD,Guntur-SEC-05,FDR-657,Section insulator damage,Medium,2026-06-28 11:59,2026-07-16,46,2.3,29,Scheduled
TDMS-01276,TRD,Guntur-SEC-05,FDR-570,Dropper damage,Low,2026-07-01 15:56,2026-08-05,26,1.8,3,Scheduled
TDMS-01277,TRD,Guntakal-SEC-06,FDR-755,Insulator flashover,Medium,2026-05-26 17:08,2026-06-13,79,4.9,17,Open
TDMS-01278,TRD,Guntur-SEC-07,FDR-398,Insulator flashover,Critical,2026-06-20 02:48,2026-06-21,71,3.2,28,Scheduled
TDMS-01279,TRD,Guntur-SEC-02,FDR-825,Circuit breaker trip,High,2026-07-30 00:32,2026-08-05,26,6.3,17,Open
TDMS-01280,TRD,Hyderabad-SEC-01,FDR-378,Earthing fault,Medium,2026-05-17 10:28,2026-06-04,88,1.5,16,Open
TDMS-01281,TRD,Guntakal-SEC-08,FDR-676,Feeder fault,Medium,2026-07-05 06:27,2026-07-23,39,6.3,19,Completed
TDMS-01282,TRD,Hyderabad-SEC-01,FDR-814,Circuit breaker trip,Medium,2026-06-28 15:29,2026-07-16,46,4.2,30,Open
TDMS-01283,TRD,Hyderabad-SEC-08,FDR-486,OHE wire wear,Low,2026-06-23 03:24,2026-07-28,34,2.1,20,Open
TDMS-01284,TRD,Guntur-SEC-01,FDR-608,OHE wire wear,Critical,2026-07-28 12:11,2026-07-29,33,3.1,11,Open
TDMS-01285,TRD,Hyderabad-SEC-06,FDR-668,Section insulator damage,High,2026-07-01 05:10,2026-07-07,55,3.0,6,Completed
TDMS-01286,TRD,Guntur-SEC-05,FDR-838,Dropper damage,Medium,2026-05-26 20:03,2026-06-13,79,6.8,15,Scheduled
TDMS-01287,TRD,Hyderabad-SEC-01,FDR-939,OHE wire wear,Critical,2026-06-17 13:22,2026-06-18,74,6.0,21,Open
TDMS-01288,TRD,Hyderabad-SEC-04,FDR-109,Section insulator damage,Medium,2026-07-30 20:43,2026-08-17,14,3.6,26,Open
TDMS-01289,TRD,Secunderabad-SEC-07,FDR-729,SCADA communication fault,Critical,2026-05-14 19:37,2026-05-15,108,3.5,31,Completed
TDMS-01290,TRD,Vijayawada-SEC-06,FDR-739,Circuit breaker trip,Low,2026-08-31 05:56,2026-10-05,0,5.5,7,Open
TDMS-01291,TRD,Guntakal-SEC-08,FDR-702,Traction transformer fault,Critical,2026-06-13 12:55,2026-06-14,78,5.1,13,Open
TDMS-01292,TRD,Guntur-SEC-05,FDR-473,Earthing fault,Low,2026-08-26 21:35,2026-09-30,0,3.4,22,Open
TDMS-01293,TRD,Secunderabad-SEC-05,FDR-111,Registration arm misalignment,High,2026-06-26 10:14,2026-07-02,60,1.9,2,Scheduled
TDMS-01294,TRD,Guntakal-SEC-05,FDR-590,Circuit breaker trip,Low,2026-07-12 21:50,2026-08-16,15,3.0,35,Scheduled
TDMS-01295,TRD,Secunderabad-SEC-01,FDR-897,OHE wire wear,High,2026-05-26 13:39,2026-06-01,91,4.4,29,Completed
TDMS-01296,TRD,Secunderabad-SEC-05,FDR-775,Earthing fault,Medium,2026-05-18 19:45,2026-06-05,87,6.8,14,Completed
TDMS-01297,TRD,Vijayawada-SEC-03,FDR-400,Traction transformer fault,Medium,2026-07-06 10:13,2026-07-24,38,5.8,25,Open
TDMS-01298,TRD,Vijayawada-SEC-06,FDR-335,Dropper damage,Critical,2026-07-03 02:31,2026-07-04,58,1.5,30,Open
TDMS-01299,TRD,Guntur-SEC-01,FDR-669,Circuit breaker trip,High,2026-07-20 10:49,2026-07-26,36,5.7,19,Scheduled
TDMS-01300,TRD,Hyderabad-SEC-02,FDR-659,Feeder fault,Critical,2026-08-08 08:47,2026-08-09,22,2.2,21,Scheduled
TDMS-01301,TRD,Secunderabad-SEC-04,FDR-659,Insulator flashover,Medium,2026-06-17 08:09,2026-07-05,57,3.3,34,Open
TDMS-01302,TRD,Guntakal-SEC-03,FDR-754,OHE wire wear,Medium,2026-07-22 05:09,2026-08-09,22,2.7,14,Open
TDMS-01303,TRD,Secunderabad-SEC-07,FDR-241,Dropper damage,Medium,2026-08-03 12:51,2026-08-21,10,2.6,9,Completed
TDMS-01304,TRD,Vijayawada-SEC-03,FDR-261,SCADA communication fault,Low,2026-05-11 15:13,2026-06-15,77,4.7,15,Completed
TDMS-01305,TRD,Secunderabad-SEC-05,FDR-802,Feeder fault,Medium,2026-06-16 00:27,2026-07-04,58,2.8,7,Scheduled
TDMS-01306,TRD,Hyderabad-SEC-08,FDR-710,OHE wire wear,High,2026-07-27 12:13,2026-08-02,29,3.6,4,Open
TDMS-01307,TRD,Hyderabad-SEC-04,FDR-596,Feeder fault,Medium,2026-07-19 09:23,2026-08-06,25,6.1,17,Open
TDMS-01308,TRD,Hyderabad-SEC-02,FDR-302,Registration arm misalignment,Low,2026-06-10 16:21,2026-07-15,47,3.1,6,Scheduled
TDMS-01309,TRD,Secunderabad-SEC-07,FDR-341,Dropper damage,Low,2026-07-15 20:01,2026-08-19,12,1.3,33,Open
TDMS-01310,TRD,Vijayawada-SEC-05,FDR-861,Feeder fault,Medium,2026-07-14 06:16,2026-08-01,30,5.8,10,Open
TDMS-01311,TRD,Hyderabad-SEC-06,FDR-531,Registration arm misalignment,Medium,2026-06-16 10:03,2026-07-04,58,3.8,22,Open
TDMS-01312,TRD,Secunderabad-SEC-02,FDR-957,SCADA communication fault,Low,2026-07-05 02:47,2026-08-09,22,5.9,21,Open
TDMS-01313,TRD,Hyderabad-SEC-08,FDR-804,Traction transformer fault,Low,2026-06-07 23:07,2026-07-12,50,4.2,21,Open
TDMS-01314,TRD,Guntur-SEC-05,FDR-513,SCADA communication fault,High,2026-05-05 04:45,2026-05-11,112,6.0,19,Completed
TDMS-01315,TRD,Hyderabad-SEC-03,FDR-633,Dropper damage,Medium,2026-08-01 09:50,2026-08-19,12,2.6,34,Scheduled
TDMS-01316,TRD,Guntur-SEC-07,FDR-630,Dropper damage,Medium,2026-06-18 09:46,2026-07-06,56,1.0,16,Scheduled
TDMS-01317,TRD,Guntakal-SEC-05,FDR-698,OHE wire wear,High,2026-08-21 13:11,2026-08-27,4,5.2,20,Scheduled
TDMS-01318,TRD,Guntakal-SEC-02,FDR-290,Registration arm misalignment,Low,2026-06-05 13:45,2026-07-10,52,2.6,5,Open
TDMS-01319,TRD,Guntur-SEC-07,FDR-674,Dropper damage,High,2026-07-16 13:04,2026-07-22,40,5.4,6,Open
TDMS-01320,TRD,Hyderabad-SEC-04,FDR-586,Traction transformer fault,Medium,2026-07-20 14:48,2026-08-07,24,4.9,5,Open
TDMS-01321,TRD,Guntakal-SEC-01,FDR-490,OHE wire wear,High,2026-08-20 01:39,2026-08-26,5,1.7,17,Open
TDMS-01322,TRD,Guntakal-SEC-05,FDR-523,Section insulator damage,Low,2026-08-10 03:39,2026-09-14,0,1.2,40,Scheduled
TDMS-01323,TRD,Hyderabad-SEC-03,FDR-606,Registration arm misalignment,Medium,2026-08-17 23:19,2026-09-04,0,4.9,31,Open
TDMS-01324,TRD,Hyderabad-SEC-05,FDR-769,SCADA communication fault,Medium,2026-05-31 06:53,2026-06-18,74,1.6,15,Completed
TDMS-01325,TRD,Guntur-SEC-05,FDR-957,SCADA communication fault,High,2026-06-16 01:08,2026-06-22,70,2.9,32,Scheduled
TDMS-01326,TRD,Guntur-SEC-07,FDR-896,Registration arm misalignment,Low,2026-07-24 09:38,2026-08-28,3,1.6,6,Open
TDMS-01327,TRD,Hyderabad-SEC-02,FDR-521,Insulator flashover,Medium,2026-08-08 09:12,2026-08-26,5,3.6,27,Completed
TDMS-01328,TRD,Hyderabad-SEC-03,FDR-222,Circuit breaker trip,Low,2026-05-22 15:45,2026-06-26,66,3.4,2,Completed
TDMS-01329,TRD,Hyderabad-SEC-08,FDR-628,Dropper damage,High,2026-08-13 09:04,2026-08-19,12,5.1,21,Open
TDMS-01330,TRD,Guntakal-SEC-02,FDR-680,Registration arm misalignment,Medium,2026-07-30 09:20,2026-08-17,14,5.9,30,Open
TDMS-01331,TRD,Vijayawada-SEC-08,FDR-936,Traction transformer fault,Medium,2026-07-22 15:48,2026-08-09,22,2.6,38,Scheduled
TDMS-01332,TRD,Guntur-SEC-01,FDR-274,OHE wire wear,High,2026-07-26 20:14,2026-08-01,30,4.9,36,Scheduled
TDMS-01333,TRD,Hyderabad-SEC-08,FDR-355,Traction transformer fault,Medium,2026-05-15 21:13,2026-06-02,90,6.2,34,Open
TDMS-01334,TRD,Secunderabad-SEC-02,FDR-463,Circuit breaker trip,Low,2026-08-30 23:08,2026-10-04,0,4.5,26,Open
TDMS-01335,TRD,Hyderabad-SEC-08,FDR-528,SCADA communication fault,Medium,2026-07-26 00:57,2026-08-13,18,4.1,4,Open
TDMS-01336,TRD,Secunderabad-SEC-06,FDR-904,Earthing fault,High,2026-08-21 02:06,2026-08-27,4,2.3,10,Completed
TDMS-01337,TRD,Guntakal-SEC-05,FDR-752,Registration arm misalignment,Low,2026-08-30 14:04,2026-10-04,0,1.7,22,Open
TDMS-01338,TRD,Secunderabad-SEC-06,FDR-767,Feeder fault,Medium,2026-07-28 18:42,2026-08-15,16,4.1,32,Open
TDMS-01339,TRD,Vijayawada-SEC-08,FDR-331,Circuit breaker trip,Medium,2026-05-06 03:13,2026-05-24,99,2.2,23,Open
TDMS-01340,TRD,Secunderabad-SEC-06,FDR-664,Traction transformer fault,High,2026-05-16 01:35,2026-05-22,101,1.9,18,Scheduled
TDMS-01341,TRD,Vijayawada-SEC-04,FDR-689,Earthing fault,Low,2026-07-05 09:39,2026-08-09,22,1.5,5,Scheduled
TDMS-01342,TRD,Guntakal-SEC-04,FDR-164,Registration arm misalignment,Critical,2026-07-26 21:37,2026-07-27,35,1.5,17,Scheduled
TDMS-01343,TRD,Guntakal-SEC-01,FDR-749,Dropper damage,Medium,2026-06-11 09:08,2026-06-29,63,1.8,25,Scheduled
TDMS-01344,TRD,Vijayawada-SEC-01,FDR-937,OHE wire wear,High,2026-05-09 10:49,2026-05-15,108,5.5,16,Scheduled
TDMS-01345,TRD,Vijayawada-SEC-04,FDR-546,Traction transformer fault,Medium,2026-06-23 13:47,2026-07-11,51,3.5,21,Scheduled
TDMS-01346,TRD,Hyderabad-SEC-08,FDR-277,Section insulator damage,Low,2026-08-22 02:04,2026-09-26,0,5.5,40,Open
TDMS-01347,TRD,Guntakal-SEC-06,FDR-997,Traction transformer fault,Low,2026-07-24 16:20,2026-08-28,3,6.9,13,Open
TDMS-01348,TRD,Guntur-SEC-04,FDR-925,OHE wire wear,High,2026-06-01 08:21,2026-06-07,85,6.9,33,Scheduled
TDMS-01349,TRD,Hyderabad-SEC-01,FDR-390,Registration arm misalignment,Low,2026-06-27 20:55,2026-08-01,30,2.5,23,Completed
TDMS-01350,TRD,Guntakal-SEC-02,FDR-733,Insulator flashover,Low,2026-07-31 14:37,2026-09-04,0,3.8,34,Completed
TDMS-01351,TRD,Vijayawada-SEC-01,FDR-785,Traction transformer fault,Medium,2026-07-22 23:19,2026-08-09,22,6.3,5,Scheduled
TDMS-01352,TRD,Guntakal-SEC-07,FDR-179,Feeder fault,Low,2026-06-07 12:31,2026-07-12,50,3.5,5,Open
TDMS-01353,TRD,Hyderabad-SEC-08,FDR-901,Earthing fault,Medium,2026-08-29 01:09,2026-09-16,0,1.7,39,Open
TDMS-01354,TRD,Secunderabad-SEC-01,FDR-337,Insulator flashover,High,2026-06-11 07:59,2026-06-17,75,2.4,22,Open
TDMS-01355,TRD,Guntakal-SEC-01,FDR-377,Feeder fault,High,2026-07-14 12:44,2026-07-20,42,5.6,37,Open
TDMS-01356,TRD,Vijayawada-SEC-03,FDR-898,Circuit breaker trip,Medium,2026-07-21 14:44,2026-08-08,23,1.4,8,Scheduled
TDMS-01357,TRD,Vijayawada-SEC-08,FDR-115,Earthing fault,Low,2026-05-04 22:15,2026-06-08,84,4.4,14,Scheduled
TDMS-01358,TRD,Vijayawada-SEC-06,FDR-290,SCADA communication fault,High,2026-05-15 22:37,2026-05-21,102,2.6,12,Completed
TDMS-01359,TRD,Guntakal-SEC-08,FDR-823,Earthing fault,Low,2026-08-13 23:05,2026-09-17,0,5.1,26,Completed
TDMS-01360,TRD,Guntur-SEC-01,FDR-915,Earthing fault,High,2026-05-10 05:36,2026-05-16,107,4.0,30,Open
TDMS-01361,TRD,Guntakal-SEC-03,FDR-312,Insulator flashover,Medium,2026-08-03 15:38,2026-08-21,10,4.6,3,Scheduled
TDMS-01362,TRD,Guntakal-SEC-07,FDR-880,Registration arm misalignment,Low,2026-07-18 21:06,2026-08-22,9,4.0,37,Open
TDMS-01363,TRD,Secunderabad-SEC-01,FDR-795,SCADA communication fault,Low,2026-05-06 17:11,2026-06-10,82,4.2,23,Open
TDMS-01364,TRD,Vijayawada-SEC-05,FDR-112,Insulator flashover,High,2026-05-31 05:26,2026-06-06,86,3.7,37,Scheduled
TDMS-01365,TRD,Hyderabad-SEC-02,FDR-399,Dropper damage,Medium,2026-07-07 10:50,2026-07-25,37,4.5,3,Completed
TDMS-01366,TRD,Guntakal-SEC-05,FDR-795,Dropper damage,High,2026-05-27 13:21,2026-06-02,90,3.5,31,Open
TDMS-01367,TRD,Hyderabad-SEC-01,FDR-557,Earthing fault,Medium,2026-08-05 18:18,2026-08-23,8,6.6,35,Open
TDMS-01368,TRD,Secunderabad-SEC-03,FDR-780,Feeder fault,Low,2026-07-20 22:03,2026-08-24,7,4.3,4,Open
TDMS-01369,TRD,Hyderabad-SEC-06,FDR-148,Registration arm misalignment,Critical,2026-05-10 19:22,2026-05-11,112,3.4,20,Open
TDMS-01370,TRD,Hyderabad-SEC-03,FDR-357,Registration arm misalignment,Medium,2026-08-29 00:57,2026-09-16,0,2.6,33,Open
TDMS-01371,TRD,Guntakal-SEC-01,FDR-944,Traction transformer fault,High,2026-08-10 22:29,2026-08-16,15,4.8,2,Scheduled
TDMS-01372,TRD,Hyderabad-SEC-03,FDR-768,SCADA communication fault,High,2026-08-01 00:51,2026-08-07,24,3.9,2,Open
TDMS-01373,TRD,Guntur-SEC-08,FDR-284,SCADA communication fault,Low,2026-08-08 21:53,2026-09-12,0,5.5,6,Scheduled
TDMS-01374,TRD,Guntur-SEC-04,FDR-184,Dropper damage,High,2026-06-13 01:03,2026-06-19,73,1.8,28,Scheduled
TDMS-01375,TRD,Hyderabad-SEC-05,FDR-325,Earthing fault,Critical,2026-07-27 06:23,2026-07-28,34,1.2,13,Open
TDMS-01376,TRD,Secunderabad-SEC-02,FDR-656,Circuit breaker trip,High,2026-07-09 10:39,2026-07-15,47,5.2,8,Completed
TDMS-01377,TRD,Guntur-SEC-01,FDR-181,Section insulator damage,Critical,2026-05-08 16:58,2026-05-09,114,1.0,16,Open
TDMS-01378,TRD,Secunderabad-SEC-04,FDR-959,Registration arm misalignment,Low,2026-07-20 18:14,2026-08-24,7,6.6,20,Open
TDMS-01379,TRD,Guntakal-SEC-02,FDR-315,OHE wire wear,Low,2026-05-29 10:02,2026-07-03,59,5.3,37,Open
TDMS-01380,TRD,Vijayawada-SEC-08,FDR-198,Dropper damage,High,2026-05-21 13:11,2026-05-27,96,6.1,33,Open
TDMS-01381,TRD,Guntakal-SEC-02,FDR-585,Insulator flashover,Medium,2026-08-15 13:03,2026-09-02,0,5.4,4,Open
TDMS-01382,TRD,Vijayawada-SEC-08,FDR-603,Registration arm misalignment,Critical,2026-05-22 09:40,2026-05-23,100,3.7,35,Open
TDMS-01383,TRD,Secunderabad-SEC-08,FDR-140,OHE wire wear,Critical,2026-06-13 18:00,2026-06-14,78,1.7,31,Open
TDMS-01384,TRD,Hyderabad-SEC-08,FDR-929,Section insulator damage,Medium,2026-06-15 23:04,2026-07-03,59,2.5,4,Scheduled
TDMS-01385,TRD,Guntur-SEC-02,FDR-377,Registration arm misalignment,Medium,2026-06-09 20:32,2026-06-27,65,5.4,29,Scheduled
TDMS-01386,TRD,Guntur-SEC-05,FDR-706,OHE wire wear,Medium,2026-06-23 01:04,2026-07-11,51,5.5,16,Completed
TDMS-01387,TRD,Guntakal-SEC-05,FDR-748,SCADA communication fault,Medium,2026-08-03 09:29,2026-08-21,10,6.2,19,Scheduled
TDMS-01388,TRD,Secunderabad-SEC-02,FDR-937,SCADA communication fault,Low,2026-05-04 02:02,2026-06-08,84,6.0,39,Completed
TDMS-01389,TRD,Guntur-SEC-02,FDR-422,Feeder fault,Medium,2026-08-04 06:24,2026-08-22,9,4.2,15,Scheduled
TDMS-01390,TRD,Vijayawada-SEC-05,FDR-370,Circuit breaker trip,High,2026-06-24 23:50,2026-06-30,62,6.0,3,Open
TDMS-01391,TRD,Secunderabad-SEC-03,FDR-102,OHE wire wear,High,2026-05-19 04:10,2026-05-25,98,5.7,11,Open
TDMS-01392,TRD,Guntakal-SEC-07,FDR-307,SCADA communication fault,High,2026-05-25 06:56,2026-05-31,92,2.6,29,Completed
TDMS-01393,TRD,Vijayawada-SEC-01,FDR-449,Insulator flashover,Low,2026-05-22 20:44,2026-06-26,66,2.3,8,Open
TDMS-01394,TRD,Secunderabad-SEC-04,FDR-297,Earthing fault,Low,2026-05-19 18:51,2026-06-23,69,4.8,34,Open
TDMS-01395,TRD,Vijayawada-SEC-08,FDR-986,OHE wire wear,Low,2026-07-02 17:37,2026-08-06,25,6.7,36,Scheduled
TDMS-01396,TRD,Secunderabad-SEC-01,FDR-648,Section insulator damage,Medium,2026-08-25 14:35,2026-09-12,0,6.8,29,Completed
TDMS-01397,TRD,Secunderabad-SEC-02,FDR-409,Traction transformer fault,High,2026-08-21 20:05,2026-08-27,4,3.2,16,Open
TDMS-01398,TRD,Secunderabad-SEC-07,FDR-236,Registration arm misalignment,Low,2026-07-22 07:05,2026-08-26,5,1.8,8,Scheduled
TDMS-01399,TRD,Secunderabad-SEC-07,FDR-971,Registration arm misalignment,Critical,2026-06-26 20:09,2026-06-27,65,4.2,28,Completed
TDMS-01400,TRD,Guntur-SEC-03,FDR-595,Circuit breaker trip,High,2026-08-02 10:37,2026-08-08,23,3.0,30,Open
TDMS-01401,TRD,Hyderabad-SEC-03,FDR-520,Section insulator damage,Low,2026-08-30 07:32,2026-10-04,0,6.6,29,Open
TDMS-01402,TRD,Vijayawada-SEC-08,FDR-458,SCADA communication fault,High,2026-05-29 12:49,2026-06-04,88,3.8,21,Open
TDMS-01403,TRD,Vijayawada-SEC-04,FDR-451,Feeder fault,High,2026-06-20 11:46,2026-06-26,66,3.8,22,Open
TDMS-01404,TRD,Guntur-SEC-08,FDR-834,Registration arm misalignment,Medium,2026-05-05 10:10,2026-05-23,100,6.0,16,Scheduled
TDMS-01405,TRD,Guntur-SEC-01,FDR-134,Circuit breaker trip,Critical,2026-06-19 10:23,2026-06-20,72,4.8,12,Completed
TDMS-01406,TRD,Secunderabad-SEC-02,FDR-202,Traction transformer fault,Medium,2026-06-09 14:55,2026-06-27,65,5.4,3,Completed
TDMS-01407,TRD,Secunderabad-SEC-05,FDR-459,Insulator flashover,Low,2026-07-17 00:27,2026-08-21,10,5.1,26,Scheduled
TDMS-01408,TRD,Guntakal-SEC-04,FDR-599,Registration arm misalignment,High,2026-06-12 15:53,2026-06-18,74,1.3,11,Open
TDMS-01409,TRD,Hyderabad-SEC-07,FDR-822,Earthing fault,Critical,2026-06-17 08:45,2026-06-18,74,1.5,16,Open
TDMS-01410,TRD,Vijayawada-SEC-01,FDR-874,SCADA communication fault,Low,2026-05-24 05:36,2026-06-28,64,1.5,3,Open
TDMS-01411,TRD,Guntur-SEC-03,FDR-507,OHE wire wear,Critical,2026-06-22 05:28,2026-06-23,69,5.3,14,Open
TDMS-01412,TRD,Secunderabad-SEC-06,FDR-754,Section insulator damage,Medium,2026-05-04 03:02,2026-05-22,101,3.1,15,Open
TDMS-01413,TRD,Vijayawada-SEC-08,FDR-429,Dropper damage,Low,2026-08-06 14:01,2026-09-10,0,2.2,35,Open
TDMS-01414,TRD,Vijayawada-SEC-08,FDR-391,Registration arm misalignment,Medium,2026-05-04 04:59,2026-05-22,101,4.7,11,Open
TDMS-01415,TRD,Guntur-SEC-01,FDR-247,Insulator flashover,Critical,2026-06-03 14:30,2026-06-04,88,3.5,36,Open
TDMS-01416,TRD,Guntur-SEC-08,FDR-408,Feeder fault,Critical,2026-07-25 15:12,2026-07-26,36,3.4,40,Scheduled
TDMS-01417,TRD,Hyderabad-SEC-02,FDR-594,OHE wire wear,Medium,2026-08-14 09:46,2026-09-01,0,5.4,40,Scheduled
TDMS-01418,TRD,Guntur-SEC-03,FDR-788,Feeder fault,Medium,2026-06-11 17:43,2026-06-29,63,3.0,37,Scheduled
TDMS-01419,TRD,Vijayawada-SEC-02,FDR-486,Feeder fault,High,2026-08-26 03:44,2026-09-01,0,2.6,30,Open
TDMS-01420,TRD,Guntakal-SEC-06,FDR-633,Insulator flashover,High,2026-08-05 15:52,2026-08-11,20,6.5,10,Scheduled
TDMS-01421,TRD,Guntur-SEC-02,FDR-328,Traction transformer fault,Low,2026-05-16 03:35,2026-06-20,72,3.4,2,Open
TDMS-01422,TRD,Guntakal-SEC-01,FDR-367,Registration arm misalignment,Medium,2026-08-18 01:19,2026-09-05,0,6.2,29,Open
TDMS-01423,TRD,Guntur-SEC-02,FDR-628,Earthing fault,High,2026-08-08 19:18,2026-08-14,17,6.1,9,Open
TDMS-01424,TRD,Secunderabad-SEC-07,FDR-353,Earthing fault,Medium,2026-08-09 21:34,2026-08-27,4,1.4,11,Scheduled
TDMS-01425,TRD,Guntakal-SEC-05,FDR-107,OHE wire wear,High,2026-07-24 12:04,2026-07-30,32,3.7,24,Completed
TDMS-01426,TRD,Secunderabad-SEC-03,FDR-596,Dropper damage,Medium,2026-07-06 14:32,2026-07-24,38,5.3,28,Open
TDMS-01427,TRD,Vijayawada-SEC-08,FDR-221,Feeder fault,High,2026-07-04 05:09,2026-07-10,52,2.4,31,Open
TDMS-01428,TRD,Hyderabad-SEC-07,FDR-393,Section insulator damage,Low,2026-06-29 04:29,2026-08-03,28,2.2,13,Scheduled
TDMS-01429,TRD,Guntakal-SEC-03,FDR-945,Section insulator damage,Low,2026-05-12 19:21,2026-06-16,76,3.2,36,Open
TDMS-01430,TRD,Vijayawada-SEC-08,FDR-416,Insulator flashover,Medium,2026-05-12 23:26,2026-05-30,93,6.3,33,Open
TDMS-01431,TRD,Guntakal-SEC-01,FDR-201,Insulator flashover,High,2026-05-17 11:09,2026-05-23,100,1.6,39,Scheduled
TDMS-01432,TRD,Guntur-SEC-06,FDR-985,Circuit breaker trip,Critical,2026-08-27 00:11,2026-08-28,3,5.0,38,Scheduled
TDMS-01433,TRD,Hyderabad-SEC-01,FDR-939,Circuit breaker trip,Medium,2026-06-05 21:06,2026-06-23,69,6.0,22,Open
TDMS-01434,TRD,Secunderabad-SEC-07,FDR-237,Registration arm misalignment,Low,2026-07-26 03:36,2026-08-30,1,5.3,32,Open
TDMS-01435,TRD,Guntakal-SEC-05,FDR-494,Section insulator damage,Low,2026-05-10 07:53,2026-06-14,78,5.2,23,Open
TDMS-01436,TRD,Guntur-SEC-05,FDR-388,Traction transformer fault,Critical,2026-05-17 02:05,2026-05-18,105,4.5,33,Scheduled
TDMS-01437,TRD,Vijayawada-SEC-05,FDR-129,Section insulator damage,Critical,2026-05-03 14:48,2026-05-04,119,4.2,40,Scheduled
TDMS-01438,TRD,Guntakal-SEC-01,FDR-947,Insulator flashover,Medium,2026-08-10 03:23,2026-08-28,3,6.2,40,Scheduled
TDMS-01439,TRD,Vijayawada-SEC-02,FDR-811,SCADA communication fault,Medium,2026-07-13 12:08,2026-07-31,31,2.8,17,Open
TDMS-01440,TRD,Guntakal-SEC-05,FDR-668,Registration arm misalignment,High,2026-07-30 12:16,2026-08-05,26,3.5,10,Open
TDMS-01441,TRD,Guntakal-SEC-05,FDR-529,Feeder fault,High,2026-05-05 17:51,2026-05-11,112,6.3,28,Open
TDMS-01442,TRD,Secunderabad-SEC-02,FDR-785,Insulator flashover,Critical,2026-08-30 03:48,2026-08-31,0,4.5,35,Scheduled
TDMS-01443,TRD,Secunderabad-SEC-01,FDR-440,Circuit breaker trip,Critical,2026-06-27 23:30,2026-06-28,64,2.5,31,Open
TDMS-01444,TRD,Vijayawada-SEC-03,FDR-904,Feeder fault,Low,2026-06-23 09:32,2026-07-28,34,5.4,5,Completed
TDMS-01445,TRD,Hyderabad-SEC-03,FDR-164,Dropper damage,Medium,2026-08-07 23:37,2026-08-25,6,1.4,38,Scheduled
TDMS-01446,TRD,Guntur-SEC-06,FDR-487,Dropper damage,High,2026-05-03 17:56,2026-05-09,114,5.2,12,Open
TDMS-01447,TRD,Secunderabad-SEC-05,FDR-692,Section insulator damage,High,2026-07-28 21:29,2026-08-03,28,6.9,5,Open
TDMS-01448,TRD,Vijayawada-SEC-03,FDR-951,SCADA communication fault,Medium,2026-05-16 19:22,2026-06-03,89,1.8,21,Completed
TDMS-01449,TRD,Guntakal-SEC-06,FDR-650,Circuit breaker trip,Medium,2026-05-04 18:22,2026-05-22,101,3.5,21,Scheduled
TDMS-01450,TRD,Hyderabad-SEC-03,FDR-599,Traction transformer fault,High,2026-06-02 09:47,2026-06-08,84,4.5,22,Open
TDMS-01451,TRD,Vijayawada-SEC-07,FDR-345,Earthing fault,Medium,2026-08-20 22:04,2026-09-07,0,5.6,25,Completed
TDMS-01452,TRD,Hyderabad-SEC-01,FDR-765,Circuit breaker trip,Medium,2026-06-28 11:18,2026-07-16,46,6.8,18,Open
TDMS-01453,TRD,Guntur-SEC-04,FDR-183,SCADA communication fault,Medium,2026-08-04 00:25,2026-08-22,9,4.7,3,Open
TDMS-01454,TRD,Vijayawada-SEC-02,FDR-701,Dropper damage,Medium,2026-05-07 03:47,2026-05-25,98,2.2,7,Open
TDMS-01455,TRD,Hyderabad-SEC-08,FDR-404,Insulator flashover,Medium,2026-06-18 02:06,2026-07-06,56,1.3,29,Open
TDMS-01456,TRD,Vijayawada-SEC-04,FDR-575,SCADA communication fault,Medium,2026-07-21 01:09,2026-08-08,23,4.9,34,Scheduled
TDMS-01457,TRD,Hyderabad-SEC-03,FDR-182,Insulator flashover,High,2026-05-30 20:30,2026-06-05,87,6.1,37,Completed
TDMS-01458,TRD,Guntakal-SEC-06,FDR-901,Section insulator damage,Medium,2026-08-16 06:46,2026-09-03,0,4.1,21,Open
TDMS-01459,TRD,Secunderabad-SEC-03,FDR-690,Feeder fault,Medium,2026-07-01 14:09,2026-07-19,43,1.3,28,Open
TDMS-01460,TRD,Hyderabad-SEC-03,FDR-960,OHE wire wear,Low,2026-05-07 05:11,2026-06-11,81,3.1,33,Scheduled
TDMS-01461,TRD,Guntakal-SEC-07,FDR-567,OHE wire wear,Medium,2026-08-29 21:58,2026-09-16,0,5.0,7,Scheduled
TDMS-01462,TRD,Guntakal-SEC-05,FDR-557,Earthing fault,Low,2026-06-29 13:36,2026-08-03,28,6.8,11,Scheduled
TDMS-01463,TRD,Guntakal-SEC-08,FDR-994,Dropper damage,High,2026-06-14 19:18,2026-06-20,72,7.0,34,Open
TDMS-01464,TRD,Secunderabad-SEC-01,FDR-101,Insulator flashover,High,2026-06-04 04:04,2026-06-10,82,5.9,23,Scheduled
TDMS-01465,TRD,Vijayawada-SEC-02,FDR-379,Feeder fault,High,2026-06-21 19:57,2026-06-27,65,2.3,20,Scheduled
TDMS-01466,TRD,Secunderabad-SEC-01,FDR-238,Earthing fault,Low,2026-06-05 13:36,2026-07-10,52,5.1,9,Scheduled
TDMS-01467,TRD,Vijayawada-SEC-01,FDR-415,Traction transformer fault,Low,2026-08-26 09:41,2026-09-30,0,3.7,29,Open
TDMS-01468,TRD,Guntur-SEC-08,FDR-263,Traction transformer fault,Low,2026-05-03 10:54,2026-06-07,85,3.8,36,Open
TDMS-01469,TRD,Secunderabad-SEC-04,FDR-802,Section insulator damage,Medium,2026-07-26 07:19,2026-08-13,18,6.7,15,Open
TDMS-01470,TRD,Secunderabad-SEC-07,FDR-979,OHE wire wear,Medium,2026-08-15 04:27,2026-09-02,0,6.7,4,Scheduled
TDMS-01471,TRD,Guntakal-SEC-04,FDR-742,Insulator flashover,High,2026-05-17 08:47,2026-05-23,100,4.8,34,Open
TDMS-01472,TRD,Vijayawada-SEC-05,FDR-115,Earthing fault,Critical,2026-07-29 19:05,2026-07-30,32,1.9,38,Open
TDMS-01473,TRD,Guntur-SEC-04,FDR-668,Feeder fault,High,2026-07-18 07:22,2026-07-24,38,6.9,34,Completed
TDMS-01474,TRD,Guntakal-SEC-07,FDR-455,Feeder fault,Low,2026-07-14 11:28,2026-08-18,13,3.2,23,Open
TDMS-01475,TRD,Guntakal-SEC-08,FDR-125,Dropper damage,Low,2026-06-21 12:12,2026-07-26,36,6.3,26,Open
TDMS-01476,TRD,Guntakal-SEC-04,FDR-995,Section insulator damage,Medium,2026-06-28 06:38,2026-07-16,46,4.9,32,Open
TDMS-01477,TRD,Guntakal-SEC-01,FDR-514,Traction transformer fault,Critical,2026-08-26 22:08,2026-08-27,4,3.1,23,Completed
TDMS-01478,TRD,Vijayawada-SEC-01,FDR-699,Traction transformer fault,Medium,2026-08-01 13:35,2026-08-19,12,4.1,34,Open
TDMS-01479,TRD,Guntakal-SEC-04,FDR-480,OHE wire wear,High,2026-07-04 23:46,2026-07-10,52,1.7,23,Scheduled
TDMS-01480,TRD,Guntur-SEC-04,FDR-717,Earthing fault,Low,2026-07-13 16:16,2026-08-17,14,3.9,8,Completed
TDMS-01481,TRD,Vijayawada-SEC-05,FDR-647,Registration arm misalignment,Medium,2026-06-26 20:11,2026-07-14,48,4.9,25,Scheduled
TDMS-01482,TRD,Hyderabad-SEC-05,FDR-637,Insulator flashover,Medium,2026-07-18 12:08,2026-08-05,26,2.0,14,Open
TDMS-01483,TRD,Hyderabad-SEC-08,FDR-571,Registration arm misalignment,High,2026-05-04 00:25,2026-05-10,113,1.5,7,Open
TDMS-01484,TRD,Guntur-SEC-06,FDR-401,Circuit breaker trip,Medium,2026-08-31 20:04,2026-09-18,0,3.3,26,Open
TDMS-01485,TRD,Hyderabad-SEC-06,FDR-632,Earthing fault,Medium,2026-07-29 04:08,2026-08-16,15,1.0,40,Open
TDMS-01486,TRD,Guntakal-SEC-02,FDR-581,Traction transformer fault,High,2026-08-19 14:35,2026-08-25,6,3.5,40,Open
TDMS-01487,TRD,Hyderabad-SEC-02,FDR-646,SCADA communication fault,Low,2026-06-11 12:52,2026-07-16,46,3.3,15,Scheduled
TDMS-01488,TRD,Hyderabad-SEC-02,FDR-781,Registration arm misalignment,Medium,2026-07-09 21:01,2026-07-27,35,5.4,31,Open
TDMS-01489,TRD,Guntakal-SEC-03,FDR-293,Insulator flashover,Medium,2026-05-30 12:28,2026-06-17,75,1.3,28,Scheduled
TDMS-01490,TRD,Hyderabad-SEC-05,FDR-853,OHE wire wear,Low,2026-08-11 21:32,2026-09-15,0,3.7,3,Completed
TDMS-01491,TRD,Guntakal-SEC-08,FDR-426,Registration arm misalignment,High,2026-08-07 21:38,2026-08-13,18,3.5,21,Open
TDMS-01492,TRD,Guntakal-SEC-04,FDR-444,SCADA communication fault,Low,2026-05-07 01:07,2026-06-11,81,4.2,25,Open
TDMS-01493,TRD,Hyderabad-SEC-05,FDR-991,Insulator flashover,Medium,2026-05-03 07:54,2026-05-21,102,2.9,12,Open
TDMS-01494,TRD,Guntur-SEC-05,FDR-987,Circuit breaker trip,Critical,2026-08-20 15:43,2026-08-21,10,4.1,8,Scheduled
TDMS-01495,TRD,Secunderabad-SEC-07,FDR-275,Circuit breaker trip,High,2026-06-04 15:11,2026-06-10,82,6.5,18,Open
TDMS-01496,TRD,Hyderabad-SEC-02,FDR-157,Feeder fault,High,2026-06-01 17:43,2026-06-07,85,5.9,20,Open
TDMS-01497,TRD,Guntur-SEC-01,FDR-283,Registration arm misalignment,Critical,2026-05-16 05:47,2026-05-17,106,1.6,19,Scheduled
TDMS-01498,TRD,Vijayawada-SEC-01,FDR-626,Dropper damage,Low,2026-07-20 20:15,2026-08-24,7,2.7,14,Open
TDMS-01499,TRD,Guntakal-SEC-01,FDR-749,OHE wire wear,High,2026-06-03 22:00,2026-06-09,83,1.6,10,Open
TDMS-01500,TRD,Guntur-SEC-08,FDR-497,Circuit breaker trip,Low,2026-08-22 22:22,2026-09-26,0,1.0,20,Open
TDMS-01501,TRD,Guntur-SEC-01,FDR-313,Circuit breaker trip,Medium,2026-08-05 13:48,2026-08-23,8,1.0,25,Open
TDMS-01502,TRD,Hyderabad-SEC-04,FDR-779,Registration arm misalignment,Medium,2026-08-22 09:18,2026-09-09,0,4.6,4,Completed
TDMS-01503,TRD,Secunderabad-SEC-06,FDR-375,Circuit breaker trip,Critical,2026-07-20 18:30,2026-07-21,41,5.3,24,Completed
TDMS-01504,TRD,Guntur-SEC-01,FDR-619,Earthing fault,High,2026-08-19 06:42,2026-08-25,6,2.2,4,Open
TDMS-01505,TRD,Guntur-SEC-01,FDR-152,Feeder fault,High,2026-05-28 00:00,2026-06-03,89,3.2,17,Open
TDMS-01506,TRD,Secunderabad-SEC-03,FDR-427,Earthing fault,High,2026-06-09 06:52,2026-06-15,77,2.0,17,Open
TDMS-01507,TRD,Hyderabad-SEC-08,FDR-117,OHE wire wear,Low,2026-07-11 21:12,2026-08-15,16,7.0,19,Open
TDMS-01508,TRD,Vijayawada-SEC-03,FDR-301,Traction transformer fault,High,2026-06-25 01:59,2026-07-01,61,3.2,5,Open
TDMS-01509,TRD,Vijayawada-SEC-07,FDR-324,Earthing fault,Medium,2026-08-27 10:22,2026-09-14,0,5.8,25,Completed
TDMS-01510,TRD,Secunderabad-SEC-05,FDR-638,Feeder fault,Medium,2026-07-11 15:16,2026-07-29,33,4.5,37,Open
TDMS-01511,TRD,Hyderabad-SEC-02,FDR-909,Dropper damage,Medium,2026-08-05 01:41,2026-08-23,8,3.6,39,Scheduled
TDMS-01512,TRD,Vijayawada-SEC-06,FDR-945,Circuit breaker trip,Medium,2026-08-26 11:25,2026-09-13,0,3.9,35,Open
TDMS-01513,TRD,Hyderabad-SEC-05,FDR-789,Traction transformer fault,Medium,2026-06-13 19:25,2026-07-01,61,3.3,2,Open
TDMS-01514,TRD,Guntakal-SEC-05,FDR-115,Earthing fault,Critical,2026-07-04 10:31,2026-07-05,57,3.7,28,Scheduled
TDMS-01515,TRD,Hyderabad-SEC-08,FDR-749,OHE wire wear,Low,2026-07-12 11:21,2026-08-16,15,4.1,27,Open
TDMS-01516,TRD,Vijayawada-SEC-01,FDR-267,Circuit breaker trip,Low,2026-05-04 09:32,2026-06-08,84,4.0,12,Open
TDMS-01517,TRD,Vijayawada-SEC-08,FDR-806,Insulator flashover,High,2026-08-26 14:49,2026-09-01,0,1.4,38,Open
TDMS-01518,TRD,Secunderabad-SEC-07,FDR-856,Circuit breaker trip,Low,2026-08-27 08:21,2026-10-01,0,3.8,26,Scheduled
TDMS-01519,TRD,Secunderabad-SEC-06,FDR-965,Traction transformer fault,Critical,2026-07-19 02:27,2026-07-20,42,5.0,11,Completed
TDMS-01520,TRD,Vijayawada-SEC-02,FDR-321,Feeder fault,Medium,2026-05-16 18:23,2026-06-03,89,1.7,37,Open
TDMS-01521,TRD,Vijayawada-SEC-01,FDR-751,Traction transformer fault,High,2026-05-14 19:36,2026-05-20,103,5.3,23,Open
TDMS-01522,TRD,Guntakal-SEC-03,FDR-345,OHE wire wear,Medium,2026-08-13 14:29,2026-08-31,0,1.9,11,Open
TDMS-01523,TRD,Vijayawada-SEC-01,FDR-558,Section insulator damage,Critical,2026-08-15 21:58,2026-08-16,15,1.6,40,Open
TDMS-01524,TRD,Secunderabad-SEC-04,FDR-756,SCADA communication fault,High,2026-06-08 18:08,2026-06-14,78,2.4,33,Scheduled
TDMS-01525,TRD,Hyderabad-SEC-07,FDR-430,Dropper damage,High,2026-06-01 15:30,2026-06-07,85,5.6,9,Scheduled
TDMS-01526,TRD,Hyderabad-SEC-02,FDR-381,Dropper damage,High,2026-06-30 09:02,2026-07-06,56,2.7,33,Scheduled
TDMS-01527,TRD,Hyderabad-SEC-07,FDR-989,Registration arm misalignment,Low,2026-07-26 21:57,2026-08-30,1,4.2,31,Scheduled
TDMS-01528,TRD,Secunderabad-SEC-01,FDR-665,Circuit breaker trip,Medium,2026-07-16 16:09,2026-08-03,28,6.4,2,Scheduled
TDMS-01529,TRD,Vijayawada-SEC-08,FDR-485,OHE wire wear,Critical,2026-08-26 02:14,2026-08-27,4,2.5,10,Open
TDMS-01530,TRD,Guntur-SEC-07,FDR-959,Feeder fault,Medium,2026-08-07 19:33,2026-08-25,6,3.0,28,Open
TDMS-01531,TRD,Guntakal-SEC-03,FDR-428,SCADA communication fault,Medium,2026-05-28 16:47,2026-06-15,77,4.5,36,Scheduled
TDMS-01532,TRD,Vijayawada-SEC-04,FDR-807,Traction transformer fault,Low,2026-06-02 07:35,2026-07-07,55,2.2,14,Completed
TDMS-01533,TRD,Vijayawada-SEC-03,FDR-269,Feeder fault,High,2026-08-12 21:40,2026-08-18,13,2.0,12,Completed
TDMS-01534,TRD,Secunderabad-SEC-06,FDR-301,Section insulator damage,High,2026-05-14 15:52,2026-05-20,103,5.3,22,Open
TDMS-01535,TRD,Guntur-SEC-01,FDR-248,Registration arm misalignment,High,2026-08-11 16:04,2026-08-17,14,7.0,3,Scheduled
TDMS-01536,TRD,Secunderabad-SEC-03,FDR-998,Insulator flashover,Low,2026-05-13 13:23,2026-06-17,75,5.9,19,Open
TDMS-01537,TRD,Hyderabad-SEC-06,FDR-258,Traction transformer fault,High,2026-08-10 12:39,2026-08-16,15,2.0,25,Open
TDMS-01538,TRD,Hyderabad-SEC-05,FDR-325,SCADA communication fault,Medium,2026-06-06 23:02,2026-06-24,68,5.9,16,Completed
TDMS-01539,TRD,Vijayawada-SEC-03,FDR-810,SCADA communication fault,High,2026-06-03 00:32,2026-06-09,83,2.7,14,Open
TDMS-01540,TRD,Guntakal-SEC-06,FDR-666,Circuit breaker trip,High,2026-07-04 13:51,2026-07-10,52,6.5,15,Scheduled
TDMS-01541,TRD,Hyderabad-SEC-08,FDR-181,SCADA communication fault,Medium,2026-07-05 05:29,2026-07-23,39,4.5,3,Open
TDMS-01542,TRD,Guntakal-SEC-06,FDR-674,Registration arm misalignment,Medium,2026-05-26 22:49,2026-06-13,79,5.5,25,Scheduled
TDMS-01543,TRD,Guntur-SEC-07,FDR-232,Circuit breaker trip,Medium,2026-08-24 05:28,2026-09-11,0,2.1,13,Scheduled
TDMS-01544,TRD,Hyderabad-SEC-04,FDR-531,Insulator flashover,Critical,2026-06-05 17:02,2026-06-06,86,3.9,37,Open
TDMS-01545,TRD,Guntur-SEC-06,FDR-391,Registration arm misalignment,Medium,2026-05-19 12:57,2026-06-06,86,2.8,24,Open
TDMS-01546,TRD,Guntakal-SEC-08,FDR-761,Dropper damage,High,2026-06-13 20:25,2026-06-19,73,2.5,25,Open
TDMS-01547,TRD,Vijayawada-SEC-01,FDR-569,OHE wire wear,Medium,2026-06-11 10:07,2026-06-29,63,5.0,13,Open
TDMS-01548,TRD,Guntakal-SEC-01,FDR-740,Insulator flashover,Low,2026-08-15 10:33,2026-09-19,0,4.8,9,Scheduled
TDMS-01549,TRD,Guntakal-SEC-04,FDR-173,Feeder fault,Medium,2026-08-24 10:36,2026-09-11,0,3.5,29,Scheduled
TDMS-01550,TRD,Hyderabad-SEC-05,FDR-947,Traction transformer fault,Low,2026-07-05 08:40,2026-08-09,22,4.0,5,Scheduled
TDMS-01551,TRD,Vijayawada-SEC-05,FDR-534,Traction transformer fault,High,2026-06-20 09:21,2026-06-26,66,1.2,12,Completed
TDMS-01552,TRD,Vijayawada-SEC-02,FDR-124,Dropper damage,Low,2026-05-16 12:10,2026-06-20,72,6.9,22,Open
TDMS-01553,TRD,Secunderabad-SEC-05,FDR-402,Circuit breaker trip,High,2026-05-31 15:48,2026-06-06,86,3.4,21,Completed
TDMS-01554,TRD,Guntakal-SEC-02,FDR-294,Insulator flashover,Medium,2026-06-03 16:26,2026-06-21,71,3.1,4,Scheduled
TDMS-01555,TRD,Secunderabad-SEC-02,FDR-733,Earthing fault,Medium,2026-07-20 09:01,2026-08-07,24,4.9,17,Scheduled
TDMS-01556,TRD,Guntur-SEC-02,FDR-382,SCADA communication fault,High,2026-08-22 17:12,2026-08-28,3,3.2,30,Open
TDMS-01557,TRD,Guntur-SEC-01,FDR-397,Traction transformer fault,Critical,2026-06-22 07:07,2026-06-23,69,3.6,12,Open
TDMS-01558,TRD,Secunderabad-SEC-02,FDR-571,Section insulator damage,Critical,2026-06-12 15:31,2026-06-13,79,6.9,7,Scheduled
TDMS-01559,TRD,Guntakal-SEC-03,FDR-959,Traction transformer fault,Medium,2026-05-30 21:28,2026-06-17,75,1.7,35,Scheduled
TDMS-01560,TRD,Vijayawada-SEC-01,FDR-207,Insulator flashover,Medium,2026-07-15 09:44,2026-08-02,29,2.8,34,Open
TDMS-01561,TRD,Guntakal-SEC-01,FDR-698,Insulator flashover,Medium,2026-06-01 02:38,2026-06-19,73,1.2,5,Scheduled
TDMS-01562,TRD,Secunderabad-SEC-05,FDR-849,Traction transformer fault,Medium,2026-05-24 21:45,2026-06-11,81,5.2,38,Open
TDMS-01563,TRD,Guntur-SEC-03,FDR-396,OHE wire wear,Medium,2026-08-28 13:41,2026-09-15,0,2.2,18,Open
TDMS-01564,TRD,Guntakal-SEC-02,FDR-801,Circuit breaker trip,Medium,2026-08-22 21:51,2026-09-09,0,5.0,6,Open
TDMS-01565,TRD,Guntakal-SEC-08,FDR-845,Section insulator damage,Low,2026-07-18 10:30,2026-08-22,9,2.3,34,Open
TDMS-01566,TRD,Guntur-SEC-04,FDR-555,Earthing fault,Medium,2026-07-22 22:35,2026-08-09,22,1.1,9,Open
TDMS-01567,TRD,Guntakal-SEC-06,FDR-512,OHE wire wear,High,2026-07-29 04:58,2026-08-04,27,6.6,38,Open
TDMS-01568,TRD,Vijayawada-SEC-02,FDR-166,Earthing fault,Low,2026-07-28 19:12,2026-09-01,0,3.8,16,Open
TDMS-01569,TRD,Secunderabad-SEC-06,FDR-826,Dropper damage,Low,2026-08-17 20:11,2026-09-21,0,1.7,13,Completed
TDMS-01570,TRD,Hyderabad-SEC-08,FDR-297,Traction transformer fault,High,2026-07-02 20:29,2026-07-08,54,5.5,9,Open
TDMS-01571,TRD,Secunderabad-SEC-01,FDR-746,Traction transformer fault,Low,2026-08-18 00:26,2026-09-22,0,6.8,33,Open
TDMS-01572,TRD,Secunderabad-SEC-03,FDR-608,Circuit breaker trip,High,2026-07-22 11:20,2026-07-28,34,6.1,33,Completed
TDMS-01573,TRD,Secunderabad-SEC-03,FDR-658,Traction transformer fault,Critical,2026-08-08 18:41,2026-08-09,22,1.9,22,Completed
TDMS-01574,TRD,Hyderabad-SEC-02,FDR-547,OHE wire wear,High,2026-05-28 17:33,2026-06-03,89,1.1,29,Scheduled
TDMS-01575,TRD,Vijayawada-SEC-08,FDR-517,OHE wire wear,Low,2026-08-15 12:26,2026-09-19,0,2.4,8,Scheduled
TDMS-01576,TRD,Vijayawada-SEC-08,FDR-900,Insulator flashover,Medium,2026-05-05 02:47,2026-05-23,100,4.7,39,Completed
TDMS-01577,TRD,Hyderabad-SEC-07,FDR-725,Section insulator damage,Low,2026-05-03 14:12,2026-06-07,85,1.2,9,Open
TDMS-01578,TRD,Hyderabad-SEC-06,FDR-238,Feeder fault,Medium,2026-05-31 01:16,2026-06-18,74,5.2,35,Open
TDMS-01579,TRD,Hyderabad-SEC-06,FDR-984,Traction transformer fault,Medium,2026-05-14 12:51,2026-06-01,91,3.0,11,Completed
TDMS-01580,TRD,Secunderabad-SEC-03,FDR-252,Dropper damage,High,2026-07-29 00:50,2026-08-04,27,5.2,29,Open
TDMS-01581,TRD,Guntur-SEC-04,FDR-740,SCADA communication fault,High,2026-08-09 06:33,2026-08-15,16,6.6,27,Completed
TDMS-01582,TRD,Secunderabad-SEC-03,FDR-442,Insulator flashover,Medium,2026-05-09 13:51,2026-05-27,96,6.3,12,Scheduled
TDMS-01583,TRD,Guntakal-SEC-02,FDR-293,OHE wire wear,Medium,2026-05-30 19:03,2026-06-17,75,3.8,29,Open
TDMS-01584,TRD,Guntur-SEC-06,FDR-569,Section insulator damage,Medium,2026-06-29 01:31,2026-07-17,45,5.0,6,Open
TDMS-01585,TRD,Secunderabad-SEC-04,FDR-615,SCADA communication fault,Medium,2026-08-31 05:24,2026-09-18,0,1.8,16,Scheduled
TDMS-01586,TRD,Guntakal-SEC-07,FDR-565,SCADA communication fault,High,2026-08-21 16:01,2026-08-27,4,5.6,13,Open
TDMS-01587,TRD,Guntur-SEC-01,FDR-758,Feeder fault,Low,2026-08-08 14:56,2026-09-12,0,3.3,3,Open
TDMS-01588,TRD,Secunderabad-SEC-08,FDR-795,Feeder fault,Medium,2026-05-18 18:30,2026-06-05,87,6.8,26,Scheduled
TDMS-01589,TRD,Guntur-SEC-03,FDR-700,Dropper damage,Critical,2026-05-12 09:23,2026-05-13,110,5.1,9,Completed
TDMS-01590,TRD,Vijayawada-SEC-08,FDR-739,OHE wire wear,Medium,2026-05-15 23:16,2026-06-02,90,1.0,38,Open
TDMS-01591,TRD,Guntur-SEC-03,FDR-121,Section insulator damage,Medium,2026-06-09 06:36,2026-06-27,65,3.9,28,Open
TDMS-01592,TRD,Guntakal-SEC-07,FDR-145,Dropper damage,High,2026-05-21 16:28,2026-05-27,96,4.5,27,Scheduled
TDMS-01593,TRD,Guntakal-SEC-06,FDR-462,OHE wire wear,Medium,2026-06-10 06:02,2026-06-28,64,5.8,35,Scheduled
TDMS-01594,TRD,Hyderabad-SEC-07,FDR-154,Section insulator damage,High,2026-06-09 22:39,2026-06-15,77,6.5,15,Open
TDMS-01595,TRD,Hyderabad-SEC-06,FDR-879,Section insulator damage,High,2026-06-12 01:21,2026-06-18,74,1.3,4,Open
TDMS-01596,TRD,Secunderabad-SEC-05,FDR-699,SCADA communication fault,Low,2026-07-15 08:18,2026-08-19,12,2.9,20,Scheduled
TDMS-01597,TRD,Guntur-SEC-02,FDR-149,Earthing fault,High,2026-05-15 19:23,2026-05-21,102,3.5,2,Scheduled
TDMS-01598,TRD,Secunderabad-SEC-03,FDR-550,Dropper damage,Low,2026-06-16 00:51,2026-07-21,41,4.5,7,Scheduled
TDMS-01599,TRD,Guntakal-SEC-04,FDR-725,Section insulator damage,Medium,2026-05-26 01:03,2026-06-13,79,5.5,15,Open
TDMS-01600,TRD,Secunderabad-SEC-06,FDR-560,Registration arm misalignment,Medium,2026-06-26 14:24,2026-07-14,48,2.4,19,Scheduled
TDMS-01601,TRD,Guntur-SEC-04,FDR-549,Earthing fault,Low,2026-06-03 20:35,2026-07-08,54,5.6,25,Open
TDMS-01602,TRD,Guntakal-SEC-06,FDR-757,Circuit breaker trip,High,2026-06-04 22:31,2026-06-10,82,6.0,8,Open
TDMS-01603,TRD,Vijayawada-SEC-01,FDR-281,SCADA communication fault,Medium,2026-07-05 11:05,2026-07-23,39,5.0,22,Open
TDMS-01604,TRD,Vijayawada-SEC-05,FDR-697,OHE wire wear,Low,2026-06-24 14:58,2026-07-29,33,3.4,15,Open
TDMS-01605,TRD,Guntur-SEC-02,FDR-583,Earthing fault,Medium,2026-07-25 03:47,2026-08-12,19,6.1,15,Scheduled
TDMS-01606,TRD,Guntur-SEC-08,FDR-391,Circuit breaker trip,Low,2026-07-21 21:16,2026-08-25,6,2.5,40,Completed
TDMS-01607,TRD,Guntur-SEC-06,FDR-658,OHE wire wear,Medium,2026-06-29 23:57,2026-07-17,45,2.0,3,Open
TDMS-01608,TRD,Vijayawada-SEC-08,FDR-749,Feeder fault,Low,2026-06-23 20:45,2026-07-28,34,1.7,2,Open
TDMS-01609,TRD,Guntur-SEC-02,FDR-109,SCADA communication fault,High,2026-05-15 15:17,2026-05-21,102,1.6,3,Scheduled
TDMS-01610,TRD,Guntakal-SEC-07,FDR-216,Dropper damage,Medium,2026-07-18 06:11,2026-08-05,26,4.2,27,Open
TDMS-01611,TRD,Guntakal-SEC-02,FDR-713,OHE wire wear,Low,2026-08-29 05:50,2026-10-03,0,2.6,19,Open
TDMS-01612,TRD,Guntur-SEC-02,FDR-834,Insulator flashover,Medium,2026-06-17 13:28,2026-07-05,57,5.2,29,Completed
TDMS-01613,TRD,Guntur-SEC-05,FDR-235,Dropper damage,Medium,2026-08-13 19:26,2026-08-31,0,6.9,8,Open
TDMS-01614,TRD,Vijayawada-SEC-03,FDR-841,Dropper damage,Low,2026-07-28 00:24,2026-09-01,0,6.7,3,Scheduled
TDMS-01615,TRD,Guntur-SEC-03,FDR-464,Earthing fault,Medium,2026-08-08 04:57,2026-08-26,5,6.1,39,Open
TDMS-01616,TRD,Hyderabad-SEC-01,FDR-927,Dropper damage,Medium,2026-08-20 04:41,2026-09-07,0,3.3,18,Completed
TDMS-01617,TRD,Hyderabad-SEC-06,FDR-560,Traction transformer fault,Low,2026-06-13 03:01,2026-07-18,44,6.1,24,Open
TDMS-01618,TRD,Hyderabad-SEC-03,FDR-401,Section insulator damage,Medium,2026-06-15 21:41,2026-07-03,59,2.1,30,Open
TDMS-01619,TRD,Vijayawada-SEC-07,FDR-785,Registration arm misalignment,High,2026-05-23 00:44,2026-05-29,94,2.5,16,Open
TDMS-01620,TRD,Secunderabad-SEC-04,FDR-624,Earthing fault,Critical,2026-06-10 00:28,2026-06-11,81,6.8,30,Open
TDMS-01621,TRD,Vijayawada-SEC-06,FDR-207,Section insulator damage,Medium,2026-05-24 06:57,2026-06-11,81,3.7,15,Scheduled
TDMS-01622,TRD,Hyderabad-SEC-06,FDR-269,Registration arm misalignment,Critical,2026-08-08 03:09,2026-08-09,22,2.0,36,Completed
TDMS-01623,TRD,Secunderabad-SEC-06,FDR-424,Insulator flashover,Low,2026-07-19 18:16,2026-08-23,8,2.8,12,Open
TDMS-01624,TRD,Hyderabad-SEC-02,FDR-723,Dropper damage,Medium,2026-05-19 08:28,2026-06-06,86,5.4,4,Open
TDMS-01625,TRD,Hyderabad-SEC-08,FDR-556,Section insulator damage,Low,2026-07-14 08:26,2026-08-18,13,4.0,12,Scheduled
TDMS-01626,TRD,Vijayawada-SEC-01,FDR-873,SCADA communication fault,Low,2026-08-15 10:32,2026-09-19,0,3.2,15,Scheduled
TDMS-01627,TRD,Guntakal-SEC-04,FDR-839,Traction transformer fault,Medium,2026-07-20 14:52,2026-08-07,24,6.5,23,Open
TDMS-01628,TRD,Vijayawada-SEC-05,FDR-864,Traction transformer fault,Medium,2026-08-02 03:05,2026-08-20,11,2.2,26,Completed
TDMS-01629,TRD,Guntakal-SEC-01,FDR-401,SCADA communication fault,Low,2026-07-13 02:03,2026-08-17,14,4.1,35,Open
TDMS-01630,TRD,Guntakal-SEC-06,FDR-330,Feeder fault,Medium,2026-08-26 18:59,2026-09-13,0,3.4,37,Scheduled
TDMS-01631,TRD,Secunderabad-SEC-02,FDR-590,OHE wire wear,High,2026-08-03 21:12,2026-08-09,22,6.6,31,Completed
TDMS-01632,TRD,Hyderabad-SEC-02,FDR-812,Registration arm misalignment,Medium,2026-05-21 20:11,2026-06-08,84,5.8,35,Open
TDMS-01633,TRD,Vijayawada-SEC-07,FDR-344,Traction transformer fault,Medium,2026-08-29 21:14,2026-09-16,0,4.1,22,Open
TDMS-01634,TRD,Guntakal-SEC-01,FDR-455,Traction transformer fault,High,2026-06-15 04:46,2026-06-21,71,7.0,7,Open
TDMS-01635,TRD,Guntur-SEC-08,FDR-870,Traction transformer fault,Medium,2026-08-06 05:56,2026-08-24,7,1.6,11,Completed
TDMS-01636,TRD,Hyderabad-SEC-02,FDR-964,Feeder fault,Low,2026-08-28 07:19,2026-10-02,0,2.9,4,Completed
TDMS-01637,TRD,Secunderabad-SEC-04,FDR-553,Section insulator damage,Low,2026-06-16 11:03,2026-07-21,41,1.4,29,Open
TDMS-01638,TRD,Guntakal-SEC-05,FDR-294,Earthing fault,High,2026-05-13 11:52,2026-05-19,104,1.2,32,Scheduled
TDMS-01639,TRD,Secunderabad-SEC-04,FDR-767,Circuit breaker trip,Medium,2026-05-15 00:48,2026-06-02,90,5.9,27,Completed
TDMS-01640,TRD,Vijayawada-SEC-04,FDR-359,Registration arm misalignment,Low,2026-08-05 16:05,2026-09-09,0,1.4,19,Open
TDMS-01641,TRD,Vijayawada-SEC-02,FDR-730,Earthing fault,Low,2026-07-17 20:36,2026-08-21,10,5.4,29,Open
TDMS-01642,TRD,Vijayawada-SEC-03,FDR-816,Traction transformer fault,High,2026-08-23 00:39,2026-08-29,2,6.3,17,Open
TDMS-01643,TRD,Guntur-SEC-05,FDR-797,Earthing fault,Critical,2026-06-23 11:32,2026-06-24,68,4.2,33,Open
TDMS-01644,TRD,Guntur-SEC-02,FDR-130,Insulator flashover,Critical,2026-08-24 09:54,2026-08-25,6,6.2,33,Scheduled
TDMS-01645,TRD,Secunderabad-SEC-04,FDR-162,SCADA communication fault,Medium,2026-05-25 20:52,2026-06-12,80,2.8,11,Open
TDMS-01646,TRD,Guntakal-SEC-06,FDR-714,Dropper damage,Low,2026-06-06 05:24,2026-07-11,51,6.4,10,Open
TDMS-01647,TRD,Guntur-SEC-07,FDR-590,Dropper damage,Low,2026-07-31 01:12,2026-09-04,0,4.3,23,Open
TDMS-01648,TRD,Secunderabad-SEC-08,FDR-389,Earthing fault,High,2026-08-14 15:49,2026-08-20,11,7.0,9,Completed
TDMS-01649,TRD,Vijayawada-SEC-01,FDR-644,Feeder fault,Medium,2026-07-05 14:04,2026-07-23,39,1.0,28,Completed
TDMS-01650,TRD,Vijayawada-SEC-04,FDR-683,Circuit breaker trip,Low,2026-05-21 00:31,2026-06-25,67,6.8,26,Open
TDMS-01651,TRD,Guntakal-SEC-06,FDR-790,Traction transformer fault,Medium,2026-07-13 17:29,2026-07-31,31,5.6,2,Open
TDMS-01652,TRD,Hyderabad-SEC-05,FDR-352,SCADA communication fault,Medium,2026-07-23 02:43,2026-08-10,21,4.1,30,Open
TDMS-01653,TRD,Vijayawada-SEC-03,FDR-285,OHE wire wear,High,2026-07-17 12:00,2026-07-23,39,4.9,39,Open
TDMS-01654,TRD,Guntur-SEC-02,FDR-466,Section insulator damage,High,2026-08-27 11:55,2026-09-02,0,2.6,14,Scheduled
TDMS-01655,TRD,Guntur-SEC-06,FDR-494,SCADA communication fault,Critical,2026-05-25 23:35,2026-05-26,97,4.4,12,Completed
TDMS-01656,TRD,Guntakal-SEC-06,FDR-840,Feeder fault,Low,2026-08-24 14:04,2026-09-28,0,4.1,35,Open
TDMS-01657,TRD,Guntakal-SEC-02,FDR-767,Traction transformer fault,Low,2026-05-15 11:08,2026-06-19,73,4.1,16,Open
TDMS-01658,TRD,Vijayawada-SEC-08,FDR-662,Earthing fault,Medium,2026-05-18 02:46,2026-06-05,87,5.0,21,Open
TDMS-01659,TRD,Hyderabad-SEC-08,FDR-887,Traction transformer fault,Low,2026-05-15 17:33,2026-06-19,73,1.4,36,Scheduled
TDMS-01660,TRD,Hyderabad-SEC-08,FDR-828,Section insulator damage,Medium,2026-07-24 08:33,2026-08-11,20,3.3,4,Open
TDMS-01661,TRD,Guntakal-SEC-01,FDR-772,Feeder fault,High,2026-07-05 09:24,2026-07-11,51,6.4,33,Open
TDMS-01662,TRD,Hyderabad-SEC-04,FDR-567,Circuit breaker trip,High,2026-07-06 07:03,2026-07-12,50,3.1,32,Scheduled
TDMS-01663,TRD,Guntur-SEC-02,FDR-260,Insulator flashover,High,2026-06-24 20:54,2026-06-30,62,3.4,33,Open
TDMS-01664,TRD,Hyderabad-SEC-02,FDR-839,Registration arm misalignment,Low,2026-05-04 06:45,2026-06-08,84,2.4,14,Open
TDMS-01665,TRD,Hyderabad-SEC-05,FDR-807,Insulator flashover,Low,2026-08-29 00:42,2026-10-03,0,6.4,27,Open
TDMS-01666,TRD,Guntur-SEC-02,FDR-732,Section insulator damage,Medium,2026-05-13 19:37,2026-05-31,92,2.9,35,Scheduled
TDMS-01667,TRD,Vijayawada-SEC-04,FDR-854,Insulator flashover,Medium,2026-06-10 08:17,2026-06-28,64,6.5,34,Open
TDMS-01668,TRD,Vijayawada-SEC-04,FDR-228,Traction transformer fault,Medium,2026-07-23 07:05,2026-08-10,21,4.8,33,Open
TDMS-01669,TRD,Guntur-SEC-06,FDR-204,Dropper damage,Medium,2026-05-10 03:54,2026-05-28,95,1.3,30,Open
TDMS-01670,TRD,Hyderabad-SEC-08,FDR-244,Earthing fault,Medium,2026-07-28 05:06,2026-08-15,16,3.2,31,Open
TDMS-01671,TRD,Vijayawada-SEC-02,FDR-711,Section insulator damage,High,2026-06-04 17:43,2026-06-10,82,2.9,5,Completed
TDMS-01672,TRD,Vijayawada-SEC-07,FDR-895,Registration arm misalignment,High,2026-08-28 01:25,2026-09-03,0,5.6,17,Open
TDMS-01673,TRD,Secunderabad-SEC-07,FDR-167,Earthing fault,Low,2026-07-28 19:19,2026-09-01,0,3.9,22,Open
TDMS-01674,TRD,Hyderabad-SEC-05,FDR-441,Insulator flashover,Low,2026-08-08 17:25,2026-09-12,0,4.3,30,Open
TDMS-01675,TRD,Guntur-SEC-06,FDR-583,Dropper damage,Medium,2026-06-15 23:55,2026-07-03,59,1.2,40,Open
TDMS-01676,TRD,Guntur-SEC-02,FDR-984,Traction transformer fault,High,2026-05-12 19:44,2026-05-18,105,5.8,22,Open
TDMS-01677,TRD,Guntakal-SEC-07,FDR-430,OHE wire wear,Medium,2026-08-06 16:58,2026-08-24,7,2.8,16,Completed
TDMS-01678,TRD,Vijayawada-SEC-04,FDR-934,Insulator flashover,Medium,2026-07-31 15:09,2026-08-18,13,5.4,4,Open
TDMS-01679,TRD,Hyderabad-SEC-07,FDR-170,Traction transformer fault,Medium,2026-07-19 13:04,2026-08-06,25,3.7,39,Scheduled
TDMS-01680,TRD,Guntur-SEC-05,FDR-582,OHE wire wear,Low,2026-06-15 10:57,2026-07-20,42,5.6,16,Open
TDMS-01681,TRD,Vijayawada-SEC-01,FDR-478,Section insulator damage,Critical,2026-05-20 06:31,2026-05-21,102,3.6,14,Open
TDMS-01682,TRD,Guntakal-SEC-04,FDR-479,Dropper damage,Low,2026-08-23 14:19,2026-09-27,0,2.3,14,Scheduled
TDMS-01683,TRD,Vijayawada-SEC-07,FDR-547,Section insulator damage,Medium,2026-05-12 06:51,2026-05-30,93,4.1,29,Open
TDMS-01684,TRD,Guntakal-SEC-04,FDR-693,Section insulator damage,Low,2026-06-12 13:04,2026-07-17,45,2.9,9,Open
TDMS-01685,TRD,Guntur-SEC-05,FDR-879,Circuit breaker trip,Low,2026-07-11 16:56,2026-08-15,16,5.7,38,Open
TDMS-01686,TRD,Guntakal-SEC-02,FDR-243,SCADA communication fault,Low,2026-08-28 10:16,2026-10-02,0,5.7,20,Open
TDMS-01687,TRD,Vijayawada-SEC-04,FDR-372,Registration arm misalignment,Low,2026-06-14 18:53,2026-07-19,43,1.5,18,Completed
TDMS-01688,TRD,Guntur-SEC-07,FDR-654,Feeder fault,High,2026-06-10 01:02,2026-06-16,76,3.6,5,Scheduled
TDMS-01689,TRD,Secunderabad-SEC-08,FDR-196,Feeder fault,Medium,2026-05-29 16:27,2026-06-16,76,1.8,3,Open
TDMS-01690,TRD,Hyderabad-SEC-07,FDR-954,OHE wire wear,Medium,2026-08-12 02:26,2026-08-30,1,2.2,8,Open
TDMS-01691,TRD,Guntur-SEC-08,FDR-536,Insulator flashover,Medium,2026-08-31 10:37,2026-09-18,0,6.6,29,Scheduled
TDMS-01692,TRD,Hyderabad-SEC-01,FDR-135,Circuit breaker trip,Medium,2026-05-27 21:46,2026-06-14,78,6.9,4,Open
TDMS-01693,TRD,Guntakal-SEC-02,FDR-991,Dropper damage,Critical,2026-05-14 22:52,2026-05-15,108,6.8,35,Open
TDMS-01694,TRD,Guntakal-SEC-02,FDR-316,Circuit breaker trip,High,2026-05-21 16:41,2026-05-27,96,6.2,28,Open
TDMS-01695,TRD,Secunderabad-SEC-07,FDR-222,Earthing fault,High,2026-07-17 06:01,2026-07-23,39,2.1,19,Scheduled
TDMS-01696,TRD,Vijayawada-SEC-01,FDR-691,Insulator flashover,Medium,2026-06-13 01:00,2026-07-01,61,4.9,32,Scheduled
TDMS-01697,TRD,Hyderabad-SEC-08,FDR-918,OHE wire wear,Medium,2026-08-18 02:17,2026-09-05,0,6.9,40,Completed
TDMS-01698,TRD,Guntur-SEC-03,FDR-424,SCADA communication fault,High,2026-08-01 10:11,2026-08-07,24,3.9,10,Open
TDMS-01699,TRD,Vijayawada-SEC-06,FDR-905,Dropper damage,Low,2026-05-16 10:34,2026-06-20,72,2.8,3,Completed
TDMS-01700,TRD,Secunderabad-SEC-07,FDR-874,Insulator flashover,Medium,2026-08-28 21:17,2026-09-15,0,4.1,23,Completed
TDMS-01701,TRD,Hyderabad-SEC-08,FDR-494,Traction transformer fault,Low,2026-05-18 16:06,2026-06-22,70,3.5,15,Scheduled
TDMS-01702,TRD,Guntakal-SEC-02,FDR-722,Registration arm misalignment,Low,2026-07-16 01:00,2026-08-20,11,2.2,15,Open
TDMS-01703,TRD,Guntakal-SEC-08,FDR-301,Earthing fault,Medium,2026-08-31 02:45,2026-09-18,0,6.7,14,Completed
TDMS-01704,TRD,Guntakal-SEC-07,FDR-542,Feeder fault,Medium,2026-05-22 22:56,2026-06-09,83,2.1,21,Scheduled
TDMS-01705,TRD,Hyderabad-SEC-03,FDR-117,Traction transformer fault,Medium,2026-06-21 04:05,2026-07-09,53,4.4,40,Open
TDMS-01706,TRD,Guntakal-SEC-06,FDR-430,Earthing fault,High,2026-07-29 09:00,2026-08-04,27,6.3,8,Scheduled
TDMS-01707,TRD,Guntakal-SEC-06,FDR-883,Registration arm misalignment,High,2026-06-20 16:20,2026-06-26,66,2.7,20,Open
TDMS-01708,TRD,Hyderabad-SEC-05,FDR-200,OHE wire wear,Medium,2026-05-07 00:41,2026-05-25,98,3.2,17,Open
TDMS-01709,TRD,Guntur-SEC-02,FDR-609,Registration arm misalignment,Critical,2026-05-24 02:54,2026-05-25,98,3.4,3,Scheduled
TDMS-01710,TRD,Guntakal-SEC-06,FDR-792,Section insulator damage,High,2026-06-06 10:52,2026-06-12,80,6.9,26,Open
TDMS-01711,TRD,Hyderabad-SEC-07,FDR-366,Feeder fault,High,2026-06-01 22:26,2026-06-07,85,7.0,39,Open
TDMS-01712,TRD,Vijayawada-SEC-02,FDR-434,Section insulator damage,Medium,2026-05-22 05:15,2026-06-09,83,4.2,22,Open
TDMS-01713,TRD,Hyderabad-SEC-03,FDR-146,Circuit breaker trip,Medium,2026-05-22 16:43,2026-06-09,83,5.9,32,Open
TDMS-01714,TRD,Secunderabad-SEC-04,FDR-477,Section insulator damage,High,2026-07-05 06:50,2026-07-11,51,1.5,37,Open
TDMS-01715,TRD,Secunderabad-SEC-04,FDR-567,Traction transformer fault,Medium,2026-06-10 12:51,2026-06-28,64,2.2,35,Open
TDMS-01716,TRD,Secunderabad-SEC-02,FDR-840,SCADA communication fault,Low,2026-06-22 21:10,2026-07-27,35,2.5,24,Scheduled
TDMS-01717,TRD,Secunderabad-SEC-05,FDR-666,Insulator flashover,Critical,2026-08-16 14:01,2026-08-17,14,1.3,17,Scheduled
TDMS-01718,TRD,Secunderabad-SEC-01,FDR-138,Traction transformer fault,Critical,2026-06-02 09:56,2026-06-03,89,6.3,34,Completed
TDMS-01719,TRD,Vijayawada-SEC-01,FDR-798,Circuit breaker trip,High,2026-07-24 00:04,2026-07-30,32,6.1,18,Open
TDMS-01720,TRD,Guntakal-SEC-05,FDR-269,Earthing fault,Low,2026-08-18 23:41,2026-09-22,0,4.5,22,Completed
TDMS-01721,TRD,Guntakal-SEC-08,FDR-541,Insulator flashover,Medium,2026-06-03 03:10,2026-06-21,71,2.9,19,Open
TDMS-01722,TRD,Hyderabad-SEC-05,FDR-655,Registration arm misalignment,Medium,2026-05-04 18:20,2026-05-22,101,5.3,5,Open
TDMS-01723,TRD,Secunderabad-SEC-08,FDR-441,Feeder fault,Medium,2026-05-16 21:52,2026-06-03,89,5.0,39,Open
TDMS-01724,TRD,Guntakal-SEC-04,FDR-627,Circuit breaker trip,High,2026-06-29 08:17,2026-07-05,57,1.6,12,Open
TDMS-01725,TRD,Vijayawada-SEC-01,FDR-793,Dropper damage,Medium,2026-06-02 22:37,2026-06-20,72,5.5,6,Open
TDMS-01726,TRD,Hyderabad-SEC-02,FDR-190,OHE wire wear,Low,2026-07-13 08:57,2026-08-17,14,4.4,2,Open
TDMS-01727,TRD,Secunderabad-SEC-08,FDR-529,Registration arm misalignment,High,2026-08-10 16:27,2026-08-16,15,5.2,39,Completed
TDMS-01728,TRD,Guntur-SEC-06,FDR-351,Feeder fault,Medium,2026-07-19 10:34,2026-08-06,25,3.3,16,Open
TDMS-01729,TRD,Guntakal-SEC-03,FDR-346,Traction transformer fault,Medium,2026-06-10 17:00,2026-06-28,64,2.8,20,Open
TDMS-01730,TRD,Guntur-SEC-08,FDR-370,SCADA communication fault,Low,2026-08-10 17:37,2026-09-14,0,1.1,5,Open
TDMS-01731,TRD,Hyderabad-SEC-05,FDR-897,OHE wire wear,Medium,2026-08-06 05:20,2026-08-24,7,6.2,23,Scheduled
TDMS-01732,TRD,Guntakal-SEC-02,FDR-265,Section insulator damage,Medium,2026-07-15 23:43,2026-08-02,29,6.4,6,Open
TDMS-01733,TRD,Guntur-SEC-08,FDR-283,Insulator flashover,High,2026-08-02 09:32,2026-08-08,23,6.7,3,Scheduled
TDMS-01734,TRD,Secunderabad-SEC-08,FDR-151,Earthing fault,Medium,2026-06-30 17:15,2026-07-18,44,6.7,39,Open
TDMS-01735,TRD,Hyderabad-SEC-05,FDR-621,Insulator flashover,Medium,2026-05-07 11:15,2026-05-25,98,6.4,25,Open
TDMS-01736,TRD,Guntakal-SEC-08,FDR-271,SCADA communication fault,High,2026-08-20 03:54,2026-08-26,5,3.1,29,Open
TDMS-01737,TRD,Vijayawada-SEC-05,FDR-231,Section insulator damage,High,2026-06-12 12:26,2026-06-18,74,1.6,21,Open
TDMS-01738,TRD,Vijayawada-SEC-03,FDR-680,Section insulator damage,Medium,2026-05-24 04:54,2026-06-11,81,4.9,5,Scheduled
TDMS-01739,TRD,Guntur-SEC-06,FDR-276,Dropper damage,Medium,2026-08-29 18:21,2026-09-16,0,4.9,22,Scheduled
TDMS-01740,TRD,Secunderabad-SEC-03,FDR-419,Earthing fault,High,2026-06-09 00:24,2026-06-15,77,2.6,33,Open
TDMS-01741,TRD,Guntur-SEC-01,FDR-240,Earthing fault,High,2026-08-17 15:06,2026-08-23,8,3.2,16,Open
TDMS-01742,TRD,Secunderabad-SEC-02,FDR-115,Insulator flashover,High,2026-08-24 18:57,2026-08-30,1,1.4,9,Open
TDMS-01743,TRD,Secunderabad-SEC-06,FDR-388,Circuit breaker trip,High,2026-07-26 08:33,2026-08-01,30,2.8,31,Scheduled
TDMS-01744,TRD,Hyderabad-SEC-08,FDR-241,Feeder fault,Low,2026-06-28 22:59,2026-08-02,29,3.2,32,Completed
TDMS-01745,TRD,Hyderabad-SEC-05,FDR-577,Dropper damage,Medium,2026-08-28 19:22,2026-09-15,0,5.4,32,Scheduled
TDMS-01746,TRD,Guntakal-SEC-07,FDR-512,SCADA communication fault,Low,2026-05-29 05:08,2026-07-03,59,5.2,29,Scheduled
TDMS-01747,TRD,Guntur-SEC-05,FDR-807,Dropper damage,Critical,2026-07-23 21:09,2026-07-24,38,3.1,20,Scheduled
TDMS-01748,TRD,Guntur-SEC-02,FDR-294,Circuit breaker trip,High,2026-07-14 07:33,2026-07-20,42,3.7,38,Open
TDMS-01749,TRD,Hyderabad-SEC-08,FDR-984,Traction transformer fault,Medium,2026-08-28 22:32,2026-09-15,0,6.5,33,Open
TDMS-01750,TRD,Secunderabad-SEC-07,FDR-167,Feeder fault,Medium,2026-06-08 11:01,2026-06-26,66,1.8,32,Completed
TDMS-01751,TRD,Guntakal-SEC-08,FDR-683,Circuit breaker trip,High,2026-08-30 13:44,2026-09-05,0,6.7,17,Scheduled
TDMS-01752,TRD,Guntakal-SEC-04,FDR-337,Circuit breaker trip,High,2026-05-07 18:57,2026-05-13,110,4.3,9,Open
TDMS-01753,TRD,Hyderabad-SEC-08,FDR-780,Registration arm misalignment,Low,2026-08-22 08:17,2026-09-26,0,5.4,21,Scheduled
TDMS-01754,TRD,Secunderabad-SEC-08,FDR-214,SCADA communication fault,Medium,2026-05-07 08:57,2026-05-25,98,1.2,35,Completed
TDMS-01755,TRD,Secunderabad-SEC-08,FDR-478,Registration arm misalignment,Low,2026-06-18 11:58,2026-07-23,39,5.8,36,Completed
TDMS-01756,TRD,Guntur-SEC-08,FDR-220,Earthing fault,Medium,2026-08-15 15:15,2026-09-02,0,6.5,25,Completed
TDMS-01757,TRD,Vijayawada-SEC-01,FDR-315,Dropper damage,Critical,2026-06-26 09:24,2026-06-27,65,3.4,13,Scheduled
TDMS-01758,TRD,Guntakal-SEC-03,FDR-828,Dropper damage,Low,2026-07-24 11:39,2026-08-28,3,4.2,39,Completed
TDMS-01759,TRD,Hyderabad-SEC-04,FDR-608,Earthing fault,Low,2026-07-05 21:28,2026-08-09,22,3.8,3,Open
TDMS-01760,TRD,Secunderabad-SEC-05,FDR-169,Registration arm misalignment,Medium,2026-08-29 11:00,2026-09-16,0,3.8,35,Open
TDMS-01761,TRD,Guntur-SEC-08,FDR-945,Traction transformer fault,Critical,2026-07-23 13:50,2026-07-24,38,1.9,34,Scheduled
TDMS-01762,TRD,Hyderabad-SEC-07,FDR-945,Circuit breaker trip,High,2026-08-10 13:56,2026-08-16,15,2.4,27,Open
TDMS-01763,TRD,Guntur-SEC-06,FDR-219,Insulator flashover,High,2026-08-25 13:33,2026-08-31,0,5.5,36,Open
TDMS-01764,TRD,Guntur-SEC-05,FDR-760,Circuit breaker trip,Medium,2026-07-10 21:31,2026-07-28,34,5.4,20,Completed
TDMS-01765,TRD,Hyderabad-SEC-02,FDR-858,Traction transformer fault,Medium,2026-07-03 13:30,2026-07-21,41,3.6,25,Scheduled
TDMS-01766,TRD,Secunderabad-SEC-07,FDR-755,Section insulator damage,Medium,2026-07-03 15:26,2026-07-21,41,2.5,35,Open
TDMS-01767,TRD,Vijayawada-SEC-06,FDR-910,Earthing fault,High,2026-07-09 05:57,2026-07-15,47,2.7,19,Scheduled
TDMS-01768,TRD,Hyderabad-SEC-07,FDR-567,OHE wire wear,Medium,2026-05-12 00:57,2026-05-30,93,5.0,31,Scheduled
TDMS-01769,TRD,Secunderabad-SEC-04,FDR-952,Traction transformer fault,Medium,2026-05-31 21:46,2026-06-18,74,3.7,25,Open
TDMS-01770,TRD,Vijayawada-SEC-05,FDR-206,Traction transformer fault,Low,2026-08-05 23:01,2026-09-09,0,1.4,8,Open
TDMS-01771,TRD,Vijayawada-SEC-04,FDR-688,Section insulator damage,Medium,2026-08-09 11:12,2026-08-27,4,1.7,24,Open
TDMS-01772,TRD,Guntakal-SEC-06,FDR-907,Feeder fault,High,2026-06-04 19:22,2026-06-10,82,3.2,22,Completed
TDMS-01773,TRD,Guntakal-SEC-07,FDR-541,Earthing fault,Medium,2026-08-18 05:51,2026-09-05,0,4.8,11,Completed
TDMS-01774,TRD,Guntakal-SEC-02,FDR-321,Registration arm misalignment,Low,2026-07-11 12:47,2026-08-15,16,5.6,21,Open
TDMS-01775,TRD,Vijayawada-SEC-01,FDR-152,Traction transformer fault,Low,2026-05-28 19:04,2026-07-02,60,1.1,6,Open
TDMS-01776,TRD,Guntur-SEC-01,FDR-448,Feeder fault,Medium,2026-07-25 03:13,2026-08-12,19,3.7,5,Completed
TDMS-01777,TRD,Guntur-SEC-03,FDR-148,SCADA communication fault,Medium,2026-05-11 20:06,2026-05-29,94,4.1,28,Open
TDMS-01778,TRD,Hyderabad-SEC-05,FDR-344,Feeder fault,High,2026-08-02 08:00,2026-08-08,23,1.2,9,Scheduled
TDMS-01779,TRD,Vijayawada-SEC-05,FDR-908,Feeder fault,Medium,2026-07-19 09:48,2026-08-06,25,6.9,5,Open
TDMS-01780,TRD,Hyderabad-SEC-05,FDR-497,Insulator flashover,Medium,2026-08-31 08:37,2026-09-18,0,1.3,23,Completed
TDMS-01781,TRD,Vijayawada-SEC-06,FDR-506,Traction transformer fault,High,2026-06-26 14:46,2026-07-02,60,3.1,39,Completed
TDMS-01782,TRD,Secunderabad-SEC-03,FDR-913,Feeder fault,Low,2026-08-22 20:13,2026-09-26,0,1.2,4,Open
TDMS-01783,TRD,Secunderabad-SEC-04,FDR-908,Dropper damage,Medium,2026-07-14 06:05,2026-08-01,30,1.2,11,Open
TDMS-01784,TRD,Guntur-SEC-06,FDR-422,Insulator flashover,Low,2026-08-08 20:29,2026-09-12,0,1.7,40,Open
TDMS-01785,TRD,Guntakal-SEC-06,FDR-635,Dropper damage,Low,2026-06-17 17:29,2026-07-22,40,3.4,24,Open
TDMS-01786,TRD,Secunderabad-SEC-03,FDR-607,OHE wire wear,High,2026-07-28 16:17,2026-08-03,28,2.1,20,Open
TDMS-01787,TRD,Vijayawada-SEC-03,FDR-246,Section insulator damage,Low,2026-05-22 22:21,2026-06-26,66,3.7,31,Open
TDMS-01788,TRD,Hyderabad-SEC-05,FDR-297,Dropper damage,Low,2026-05-04 02:14,2026-06-08,84,6.5,33,Completed
TDMS-01789,TRD,Guntur-SEC-08,FDR-892,Dropper damage,Medium,2026-08-10 04:18,2026-08-28,3,1.2,32,Scheduled
TDMS-01790,TRD,Hyderabad-SEC-02,FDR-158,Insulator flashover,Low,2026-06-25 07:36,2026-07-30,32,6.4,8,Open
TDMS-01791,TRD,Hyderabad-SEC-06,FDR-254,Circuit breaker trip,Medium,2026-08-05 22:47,2026-08-23,8,2.0,35,Open
TDMS-01792,TRD,Guntakal-SEC-06,FDR-145,Traction transformer fault,High,2026-05-05 18:00,2026-05-11,112,3.8,20,Scheduled
TDMS-01793,TRD,Vijayawada-SEC-04,FDR-370,Traction transformer fault,Medium,2026-05-21 22:54,2026-06-08,84,2.5,37,Scheduled
TDMS-01794,TRD,Secunderabad-SEC-08,FDR-830,Feeder fault,High,2026-07-11 04:00,2026-07-17,45,1.2,28,Open
TDMS-01795,TRD,Guntur-SEC-06,FDR-699,Circuit breaker trip,High,2026-05-31 10:39,2026-06-06,86,2.9,14,Scheduled
TDMS-01796,TRD,Guntakal-SEC-04,FDR-786,Dropper damage,Critical,2026-06-19 06:55,2026-06-20,72,1.7,6,Scheduled
TDMS-01797,TRD,Secunderabad-SEC-05,FDR-151,Feeder fault,High,2026-06-14 22:44,2026-06-20,72,5.0,29,Scheduled
TDMS-01798,TRD,Secunderabad-SEC-06,FDR-701,OHE wire wear,Low,2026-06-09 00:21,2026-07-14,48,2.6,18,Open
TDMS-01799,TRD,Guntur-SEC-06,FDR-999,OHE wire wear,High,2026-07-03 22:47,2026-07-09,53,5.0,23,Open
TDMS-01800,TRD,Vijayawada-SEC-08,FDR-561,Feeder fault,Low,2026-07-21 08:56,2026-08-25,6,6.0,19,Open
TDMS-01801,TRD,Secunderabad-SEC-01,FDR-401,Section insulator damage,Low,2026-07-28 12:08,2026-09-01,0,5.9,24,Completed
TDMS-01802,TRD,Guntakal-SEC-05,FDR-870,Dropper damage,Medium,2026-08-21 02:41,2026-09-08,0,6.5,17,Open
TDMS-01803,TRD,Secunderabad-SEC-08,FDR-178,Registration arm misalignment,Medium,2026-08-08 09:16,2026-08-26,5,1.4,34,Open
TDMS-01804,TRD,Guntur-SEC-06,FDR-282,SCADA communication fault,Medium,2026-08-08 11:20,2026-08-26,5,2.0,6,Open
TDMS-01805,TRD,Hyderabad-SEC-07,FDR-245,Earthing fault,Low,2026-07-25 18:55,2026-08-29,2,1.8,17,Open
TDMS-01806,TRD,Guntur-SEC-07,FDR-499,Insulator flashover,Medium,2026-08-22 03:54,2026-09-09,0,5.7,33,Open
TDMS-01807,TRD,Guntakal-SEC-08,FDR-960,Section insulator damage,High,2026-06-06 06:21,2026-06-12,80,5.0,35,Completed
TDMS-01808,TRD,Hyderabad-SEC-06,FDR-673,Circuit breaker trip,Medium,2026-05-11 15:25,2026-05-29,94,1.1,17,Completed
TDMS-01809,TRD,Vijayawada-SEC-05,FDR-583,Section insulator damage,Medium,2026-07-26 22:15,2026-08-13,18,5.4,15,Open
TDMS-01810,TRD,Vijayawada-SEC-04,FDR-972,Dropper damage,Medium,2026-06-11 19:54,2026-06-29,63,4.8,28,Open
TDMS-01811,TRD,Secunderabad-SEC-02,FDR-592,SCADA communication fault,Medium,2026-07-14 00:32,2026-08-01,30,4.3,25,Open
TDMS-01812,TRD,Vijayawada-SEC-02,FDR-596,Earthing fault,Critical,2026-08-01 22:08,2026-08-02,29,2.1,2,Scheduled
TDMS-01813,TRD,Guntur-SEC-07,FDR-994,OHE wire wear,Medium,2026-06-04 09:06,2026-06-22,70,1.1,11,Scheduled
TDMS-01814,TRD,Vijayawada-SEC-02,FDR-798,Insulator flashover,Medium,2026-08-01 15:54,2026-08-19,12,1.5,15,Completed
TDMS-01815,TRD,Hyderabad-SEC-05,FDR-333,SCADA communication fault,Low,2026-07-26 07:37,2026-08-30,1,4.0,13,Scheduled
TDMS-01816,TRD,Hyderabad-SEC-08,FDR-385,SCADA communication fault,Low,2026-06-05 09:09,2026-07-10,52,5.2,22,Open
TDMS-01817,TRD,Vijayawada-SEC-08,FDR-846,Circuit breaker trip,Medium,2026-06-29 08:49,2026-07-17,45,1.8,27,Scheduled
TDMS-01818,TRD,Secunderabad-SEC-02,FDR-795,Registration arm misalignment,High,2026-05-12 05:24,2026-05-18,105,5.5,13,Scheduled
TDMS-01819,TRD,Guntakal-SEC-07,FDR-726,Section insulator damage,Low,2026-06-27 20:53,2026-08-01,30,4.7,8,Scheduled
TDMS-01820,TRD,Secunderabad-SEC-02,FDR-703,Section insulator damage,Low,2026-06-07 08:50,2026-07-12,50,5.0,3,Scheduled
TDMS-01821,TRD,Vijayawada-SEC-07,FDR-503,Feeder fault,High,2026-06-21 21:43,2026-06-27,65,4.7,30,Open
TDMS-01822,TRD,Guntur-SEC-07,FDR-468,SCADA communication fault,High,2026-07-28 12:59,2026-08-03,28,1.8,18,Open
TDMS-01823,TRD,Guntur-SEC-07,FDR-283,Feeder fault,Low,2026-06-30 15:31,2026-08-04,27,5.1,11,Open
TDMS-01824,TRD,Secunderabad-SEC-07,FDR-501,SCADA communication fault,High,2026-07-22 11:19,2026-07-28,34,2.9,39,Open
TDMS-01825,TRD,Guntakal-SEC-01,FDR-470,Insulator flashover,Medium,2026-05-12 17:13,2026-05-30,93,6.4,7,Scheduled
TDMS-01826,TRD,Secunderabad-SEC-05,FDR-532,OHE wire wear,Low,2026-07-12 11:41,2026-08-16,15,6.9,36,Open
TDMS-01827,TRD,Secunderabad-SEC-07,FDR-330,Circuit breaker trip,Low,2026-05-24 13:13,2026-06-28,64,5.7,39,Open
TDMS-01828,TRD,Guntur-SEC-06,FDR-431,Feeder fault,Low,2026-05-19 23:49,2026-06-23,69,6.7,38,Open
TDMS-01829,TRD,Secunderabad-SEC-06,FDR-624,Insulator flashover,Low,2026-05-28 12:54,2026-07-02,60,3.9,15,Completed
TDMS-01830,TRD,Hyderabad-SEC-05,FDR-221,SCADA communication fault,Critical,2026-08-14 00:01,2026-08-15,16,1.9,7,Open
TDMS-01831,TRD,Guntur-SEC-03,FDR-322,Dropper damage,Low,2026-07-11 11:59,2026-08-15,16,6.2,39,Scheduled
TDMS-01832,TRD,Secunderabad-SEC-05,FDR-487,Registration arm misalignment,High,2026-05-14 05:28,2026-05-20,103,6.4,28,Scheduled
TDMS-01833,TRD,Hyderabad-SEC-06,FDR-177,SCADA communication fault,Medium,2026-07-16 11:04,2026-08-03,28,6.6,26,Completed
TDMS-01834,TRD,Vijayawada-SEC-04,FDR-241,Circuit breaker trip,Medium,2026-07-10 02:41,2026-07-28,34,1.4,26,Open
TDMS-01835,TRD,Guntakal-SEC-07,FDR-802,Insulator flashover,Medium,2026-07-23 03:10,2026-08-10,21,5.8,20,Open
TDMS-01836,TRD,Guntakal-SEC-01,FDR-258,Traction transformer fault,Medium,2026-06-07 23:50,2026-06-25,67,2.2,40,Open
TDMS-01837,TRD,Guntur-SEC-06,FDR-580,Traction transformer fault,Medium,2026-07-09 18:20,2026-07-27,35,1.7,19,Open
TDMS-01838,TRD,Vijayawada-SEC-01,FDR-761,Insulator flashover,Low,2026-08-13 20:24,2026-09-17,0,5.1,39,Completed
TDMS-01839,TRD,Hyderabad-SEC-05,FDR-128,Circuit breaker trip,Critical,2026-08-07 05:18,2026-08-08,23,5.4,18,Open
TDMS-01840,TRD,Vijayawada-SEC-04,FDR-705,Earthing fault,High,2026-08-18 07:28,2026-08-24,7,1.2,36,Open
TDMS-01841,TRD,Vijayawada-SEC-08,FDR-272,Registration arm misalignment,Critical,2026-06-21 12:05,2026-06-22,70,5.4,8,Open
TDMS-01842,TRD,Vijayawada-SEC-06,FDR-425,Dropper damage,Medium,2026-07-22 16:27,2026-08-09,22,2.9,14,Completed
TDMS-01843,TRD,Guntur-SEC-05,FDR-179,SCADA communication fault,Low,2026-06-02 13:16,2026-07-07,55,1.4,6,Completed
TDMS-01844,TRD,Guntakal-SEC-07,FDR-367,Registration arm misalignment,Low,2026-07-14 15:37,2026-08-18,13,2.2,7,Scheduled
TDMS-01845,TRD,Hyderabad-SEC-01,FDR-270,Earthing fault,Low,2026-05-12 14:31,2026-06-16,76,2.3,21,Open
TDMS-01846,TRD,Vijayawada-SEC-02,FDR-133,Dropper damage,Medium,2026-05-21 09:03,2026-06-08,84,6.8,36,Open
TDMS-01847,TRD,Hyderabad-SEC-04,FDR-804,OHE wire wear,Low,2026-06-10 02:27,2026-07-15,47,2.5,13,Completed
TDMS-01848,TRD,Hyderabad-SEC-04,FDR-527,SCADA communication fault,High,2026-05-04 12:56,2026-05-10,113,1.7,8,Scheduled
TDMS-01849,TRD,Vijayawada-SEC-04,FDR-478,Traction transformer fault,Medium,2026-06-08 00:32,2026-06-26,66,1.5,40,Scheduled
TDMS-01850,TRD,Guntakal-SEC-06,FDR-202,Circuit breaker trip,High,2026-08-18 12:59,2026-08-24,7,5.4,15,Completed
TDMS-01851,TRD,Guntakal-SEC-03,FDR-969,Dropper damage,Low,2026-07-07 19:57,2026-08-11,20,3.5,7,Open
TDMS-01852,TRD,Guntur-SEC-05,FDR-798,OHE wire wear,High,2026-07-08 23:36,2026-07-14,48,2.4,32,Scheduled
TDMS-01853,TRD,Guntur-SEC-08,FDR-817,Traction transformer fault,Medium,2026-05-22 15:22,2026-06-09,83,1.5,32,Open
TDMS-01854,TRD,Vijayawada-SEC-04,FDR-210,Registration arm misalignment,Low,2026-06-15 10:21,2026-07-20,42,5.8,35,Completed
TDMS-01855,TRD,Guntur-SEC-01,FDR-736,Registration arm misalignment,Low,2026-06-16 12:59,2026-07-21,41,5.0,10,Completed
TDMS-01856,TRD,Guntakal-SEC-02,FDR-191,Section insulator damage,Low,2026-07-08 07:45,2026-08-12,19,6.1,29,Open
TDMS-01857,TRD,Guntur-SEC-01,FDR-554,Section insulator damage,Medium,2026-08-06 21:37,2026-08-24,7,6.9,30,Open
TDMS-01858,TRD,Guntakal-SEC-01,FDR-114,Insulator flashover,Medium,2026-06-04 03:40,2026-06-22,70,2.5,40,Completed
TDMS-01859,TRD,Guntur-SEC-05,FDR-442,Earthing fault,High,2026-06-11 10:45,2026-06-17,75,6.3,2,Open
TDMS-01860,TRD,Vijayawada-SEC-07,FDR-654,Traction transformer fault,Medium,2026-05-16 20:15,2026-06-03,89,2.8,5,Open
TDMS-01861,TRD,Guntakal-SEC-06,FDR-388,Earthing fault,High,2026-05-12 07:01,2026-05-18,105,3.3,30,Open
TDMS-01862,TRD,Guntakal-SEC-01,FDR-232,Earthing fault,Critical,2026-06-17 00:58,2026-06-18,74,2.8,5,Scheduled
TDMS-01863,TRD,Vijayawada-SEC-06,FDR-621,Earthing fault,Medium,2026-07-12 16:50,2026-07-30,32,5.4,22,Open
TDMS-01864,TRD,Vijayawada-SEC-06,FDR-252,SCADA communication fault,High,2026-05-27 04:57,2026-06-02,90,1.7,29,Open
TDMS-01865,TRD,Guntakal-SEC-08,FDR-732,SCADA communication fault,High,2026-08-04 12:45,2026-08-10,21,3.2,8,Completed
TDMS-01866,TRD,Hyderabad-SEC-01,FDR-501,SCADA communication fault,Medium,2026-07-03 07:01,2026-07-21,41,4.1,11,Open
TDMS-01867,TRD,Guntur-SEC-08,FDR-808,Dropper damage,Medium,2026-06-01 00:26,2026-06-19,73,2.6,14,Open
TDMS-01868,TRD,Secunderabad-SEC-08,FDR-927,Dropper damage,Medium,2026-08-09 05:42,2026-08-27,4,1.5,25,Completed
TDMS-01869,TRD,Vijayawada-SEC-05,FDR-720,Traction transformer fault,Medium,2026-06-11 11:31,2026-06-29,63,3.0,25,Completed
TDMS-01870,TRD,Vijayawada-SEC-01,FDR-721,Traction transformer fault,Medium,2026-07-08 03:18,2026-07-26,36,3.0,36,Open
TDMS-01871,TRD,Vijayawada-SEC-02,FDR-633,Earthing fault,Medium,2026-05-23 21:46,2026-06-10,82,5.4,22,Scheduled
TDMS-01872,TRD,Hyderabad-SEC-08,FDR-406,Circuit breaker trip,Medium,2026-07-27 19:34,2026-08-14,17,2.2,7,Open
TDMS-01873,TRD,Guntakal-SEC-07,FDR-358,Traction transformer fault,High,2026-06-20 19:40,2026-06-26,66,6.5,4,Scheduled
TDMS-01874,TRD,Hyderabad-SEC-04,FDR-469,Registration arm misalignment,High,2026-07-03 09:49,2026-07-09,53,6.5,18,Open
TDMS-01875,TRD,Guntur-SEC-08,FDR-751,Registration arm misalignment,High,2026-08-29 10:31,2026-09-04,0,5.0,3,Open
TDMS-01876,TRD,Vijayawada-SEC-07,FDR-151,Registration arm misalignment,Medium,2026-07-30 07:11,2026-08-17,14,6.6,30,Scheduled
TDMS-01877,TRD,Secunderabad-SEC-01,FDR-696,OHE wire wear,High,2026-06-15 06:12,2026-06-21,71,5.0,27,Scheduled
TDMS-01878,TRD,Guntur-SEC-08,FDR-273,Circuit breaker trip,Medium,2026-07-17 20:24,2026-08-04,27,2.7,19,Completed
TDMS-01879,TRD,Secunderabad-SEC-08,FDR-829,Insulator flashover,Medium,2026-07-10 20:16,2026-07-28,34,1.3,33,Open
TDMS-01880,TRD,Vijayawada-SEC-02,FDR-942,Earthing fault,High,2026-08-12 03:28,2026-08-18,13,1.3,7,Scheduled
TDMS-01881,TRD,Guntakal-SEC-07,FDR-145,Insulator flashover,Critical,2026-08-05 01:29,2026-08-06,25,2.1,7,Open
TDMS-01882,TRD,Guntakal-SEC-07,FDR-479,Earthing fault,High,2026-07-30 07:46,2026-08-05,26,4.4,10,Open
TDMS-01883,TRD,Hyderabad-SEC-08,FDR-606,Earthing fault,Medium,2026-06-28 17:09,2026-07-16,46,1.2,32,Scheduled
TDMS-01884,TRD,Guntakal-SEC-03,FDR-239,Dropper damage,Medium,2026-07-25 12:35,2026-08-12,19,4.3,16,Open
TDMS-01885,TRD,Hyderabad-SEC-04,FDR-657,Traction transformer fault,Low,2026-05-18 15:03,2026-06-22,70,6.1,28,Open
TDMS-01886,TRD,Vijayawada-SEC-05,FDR-910,OHE wire wear,High,2026-06-19 22:28,2026-06-25,67,2.7,37,Open
TDMS-01887,TRD,Secunderabad-SEC-04,FDR-515,Traction transformer fault,Critical,2026-08-20 16:24,2026-08-21,10,3.5,18,Completed
TDMS-01888,TRD,Vijayawada-SEC-08,FDR-995,Traction transformer fault,Medium,2026-08-26 16:40,2026-09-13,0,5.5,9,Completed
TDMS-01889,TRD,Vijayawada-SEC-05,FDR-308,Traction transformer fault,Medium,2026-06-05 06:22,2026-06-23,69,4.8,16,Completed
TDMS-01890,TRD,Guntur-SEC-06,FDR-213,Section insulator damage,Critical,2026-06-02 01:02,2026-06-03,89,5.5,11,Completed
TDMS-01891,TRD,Guntur-SEC-01,FDR-786,OHE wire wear,Low,2026-08-19 01:13,2026-09-23,0,2.0,29,Scheduled
TDMS-01892,TRD,Guntur-SEC-01,FDR-572,Section insulator damage,Low,2026-06-20 17:59,2026-07-25,37,1.4,9,Scheduled
TDMS-01893,TRD,Secunderabad-SEC-04,FDR-257,Circuit breaker trip,Medium,2026-06-08 23:00,2026-06-26,66,6.7,36,Scheduled
TDMS-01894,TRD,Secunderabad-SEC-01,FDR-888,Feeder fault,Low,2026-05-10 09:28,2026-06-14,78,5.1,24,Open
TDMS-01895,TRD,Guntakal-SEC-04,FDR-376,Insulator flashover,High,2026-05-11 12:28,2026-05-17,106,3.1,6,Scheduled
TDMS-01896,TRD,Guntur-SEC-05,FDR-810,Feeder fault,High,2026-06-05 17:06,2026-06-11,81,6.5,35,Open
TDMS-01897,TRD,Secunderabad-SEC-02,FDR-779,Feeder fault,Medium,2026-06-17 03:24,2026-07-05,57,2.0,16,Open
TDMS-01898,TRD,Guntur-SEC-07,FDR-748,Earthing fault,High,2026-07-29 01:19,2026-08-04,27,2.4,6,Open
TDMS-01899,TRD,Vijayawada-SEC-05,FDR-737,Earthing fault,Critical,2026-08-30 01:53,2026-08-31,0,4.9,32,Open
TDMS-01900,TRD,Vijayawada-SEC-08,FDR-690,Insulator flashover,Medium,2026-05-09 10:17,2026-05-27,96,4.7,3,Open
TDMS-01901,TRD,Hyderabad-SEC-02,FDR-288,Registration arm misalignment,High,2026-06-01 06:29,2026-06-07,85,2.3,26,Completed
TDMS-01902,TRD,Secunderabad-SEC-04,FDR-979,Feeder fault,Low,2026-07-22 16:07,2026-08-26,5,2.8,21,Scheduled
TDMS-01903,TRD,Vijayawada-SEC-08,FDR-670,Earthing fault,Medium,2026-07-12 05:01,2026-07-30,32,5.2,37,Open
TDMS-01904,TRD,Secunderabad-SEC-08,FDR-749,Earthing fault,Critical,2026-07-20 17:21,2026-07-21,41,1.0,21,Open
TDMS-01905,TRD,Vijayawada-SEC-02,FDR-104,Registration arm misalignment,Low,2026-07-23 03:57,2026-08-27,4,3.9,19,Open
TDMS-01906,TRD,Vijayawada-SEC-05,FDR-794,Feeder fault,Low,2026-08-18 03:59,2026-09-22,0,3.8,12,Open
TDMS-01907,TRD,Secunderabad-SEC-04,FDR-237,Earthing fault,Medium,2026-06-09 07:32,2026-06-27,65,4.7,18,Scheduled
TDMS-01908,TRD,Hyderabad-SEC-05,FDR-176,OHE wire wear,Low,2026-06-12 02:15,2026-07-17,45,4.2,15,Open
TDMS-01909,TRD,Guntur-SEC-08,FDR-234,Section insulator damage,High,2026-06-04 14:00,2026-06-10,82,1.3,6,Open
TDMS-01910,TRD,Guntur-SEC-05,FDR-434,Earthing fault,Medium,2026-08-12 02:14,2026-08-30,1,4.6,9,Open
TDMS-01911,TRD,Hyderabad-SEC-07,FDR-536,Circuit breaker trip,Critical,2026-08-04 07:07,2026-08-05,26,1.3,15,Scheduled
TDMS-01912,TRD,Guntur-SEC-01,FDR-539,Dropper damage,High,2026-05-22 17:25,2026-05-28,95,1.6,36,Scheduled
TDMS-01913,TRD,Guntur-SEC-03,FDR-264,Insulator flashover,Low,2026-08-09 19:42,2026-09-13,0,3.9,15,Open
TDMS-01914,TRD,Vijayawada-SEC-04,FDR-754,SCADA communication fault,Low,2026-07-16 02:59,2026-08-20,11,3.1,25,Completed
TDMS-01915,TRD,Vijayawada-SEC-03,FDR-712,Earthing fault,Medium,2026-05-04 11:14,2026-05-22,101,1.4,40,Open
TDMS-01916,TRD,Guntakal-SEC-04,FDR-610,Earthing fault,High,2026-05-09 03:21,2026-05-15,108,2.8,15,Scheduled
TDMS-01917,TRD,Vijayawada-SEC-04,FDR-457,Dropper damage,Low,2026-07-08 16:51,2026-08-12,19,5.6,20,Scheduled
TDMS-01918,TRD,Guntur-SEC-08,FDR-547,Dropper damage,Medium,2026-07-17 04:12,2026-08-04,27,2.9,39,Open
TDMS-01919,TRD,Secunderabad-SEC-01,FDR-429,Insulator flashover,Medium,2026-06-08 12:13,2026-06-26,66,3.9,37,Open
TDMS-01920,TRD,Hyderabad-SEC-06,FDR-523,Traction transformer fault,Medium,2026-07-16 22:05,2026-08-03,28,4.6,23,Open
TDMS-01921,TRD,Vijayawada-SEC-01,FDR-994,Earthing fault,Medium,2026-07-15 02:40,2026-08-02,29,2.9,28,Open
TDMS-01922,TRD,Guntur-SEC-01,FDR-725,Registration arm misalignment,Low,2026-08-31 12:41,2026-10-05,0,3.5,24,Open
TDMS-01923,TRD,Guntur-SEC-02,FDR-517,OHE wire wear,Critical,2026-05-30 04:08,2026-05-31,92,5.7,26,Open
TDMS-01924,TRD,Guntakal-SEC-03,FDR-204,Dropper damage,Medium,2026-06-02 17:19,2026-06-20,72,1.2,11,Scheduled
TDMS-01925,TRD,Vijayawada-SEC-03,FDR-128,SCADA communication fault,Low,2026-07-20 23:59,2026-08-24,7,4.8,12,Open
TDMS-01926,TRD,Vijayawada-SEC-07,FDR-674,OHE wire wear,High,2026-08-09 19:59,2026-08-15,16,5.7,13,Scheduled
TDMS-01927,TRD,Vijayawada-SEC-01,FDR-604,Dropper damage,High,2026-06-06 13:44,2026-06-12,80,5.9,17,Open
TDMS-01928,TRD,Guntur-SEC-06,FDR-369,SCADA communication fault,Low,2026-05-31 20:30,2026-07-05,57,2.8,32,Scheduled
TDMS-01929,TRD,Guntakal-SEC-06,FDR-382,Earthing fault,High,2026-07-22 20:26,2026-07-28,34,4.6,37,Scheduled
TDMS-01930,TRD,Vijayawada-SEC-07,FDR-439,Section insulator damage,High,2026-05-30 04:06,2026-06-05,87,6.4,20,Scheduled
TDMS-01931,TRD,Secunderabad-SEC-05,FDR-543,SCADA communication fault,Medium,2026-06-12 02:02,2026-06-30,62,6.1,24,Open
TDMS-01932,TRD,Vijayawada-SEC-02,FDR-236,Section insulator damage,Medium,2026-07-18 00:30,2026-08-05,26,5.3,32,Scheduled
TDMS-01933,TRD,Secunderabad-SEC-03,FDR-167,Section insulator damage,High,2026-07-21 21:07,2026-07-27,35,1.0,7,Open
TDMS-01934,TRD,Secunderabad-SEC-08,FDR-181,Traction transformer fault,Medium,2026-07-24 03:03,2026-08-11,20,5.6,40,Open
TDMS-01935,TRD,Hyderabad-SEC-08,FDR-835,Insulator flashover,Low,2026-08-05 08:34,2026-09-09,0,4.4,5,Open
TDMS-01936,TRD,Hyderabad-SEC-07,FDR-869,Dropper damage,Medium,2026-08-31 13:44,2026-09-18,0,5.5,8,Scheduled
TDMS-01937,TRD,Guntakal-SEC-08,FDR-731,Registration arm misalignment,Low,2026-07-05 00:22,2026-08-09,22,1.4,25,Scheduled
TDMS-01938,TRD,Guntakal-SEC-07,FDR-714,Traction transformer fault,Low,2026-08-05 14:28,2026-09-09,0,7.0,12,Open
TDMS-01939,TRD,Guntakal-SEC-03,FDR-933,Insulator flashover,High,2026-06-01 13:05,2026-06-07,85,5.1,34,Open
TDMS-01940,TRD,Guntur-SEC-06,FDR-660,Registration arm misalignment,High,2026-06-12 09:10,2026-06-18,74,4.4,13,Open
TDMS-01941,TRD,Secunderabad-SEC-08,FDR-720,OHE wire wear,High,2026-08-27 10:24,2026-09-02,0,3.0,38,Open
TDMS-01942,TRD,Guntur-SEC-05,FDR-948,SCADA communication fault,Low,2026-07-15 07:41,2026-08-19,12,6.9,26,Scheduled
TDMS-01943,TRD,Hyderabad-SEC-06,FDR-382,Insulator flashover,Critical,2026-08-28 09:22,2026-08-29,2,5.0,15,Scheduled
TDMS-01944,TRD,Hyderabad-SEC-04,FDR-309,Dropper damage,High,2026-05-19 20:20,2026-05-25,98,4.3,40,Open
TDMS-01945,TRD,Vijayawada-SEC-03,FDR-596,Registration arm misalignment,Medium,2026-05-24 10:53,2026-06-11,81,3.2,5,Scheduled
TDMS-01946,TRD,Guntur-SEC-03,FDR-713,Insulator flashover,Low,2026-06-18 01:26,2026-07-23,39,6.3,25,Open
TDMS-01947,TRD,Secunderabad-SEC-02,FDR-971,Section insulator damage,Medium,2026-06-06 14:49,2026-06-24,68,3.6,13,Open
TDMS-01948,TRD,Guntakal-SEC-07,FDR-933,Insulator flashover,Critical,2026-08-16 23:17,2026-08-17,14,5.3,10,Open
TDMS-01949,TRD,Guntur-SEC-01,FDR-697,Insulator flashover,Medium,2026-06-13 14:34,2026-07-01,61,4.5,23,Completed
TDMS-01950,TRD,Vijayawada-SEC-05,FDR-675,Earthing fault,Medium,2026-07-02 16:31,2026-07-20,42,4.6,29,Open
TDMS-01951,TRD,Guntakal-SEC-02,FDR-706,Insulator flashover,Medium,2026-07-01 10:56,2026-07-19,43,4.1,17,Scheduled
TDMS-01952,TRD,Secunderabad-SEC-01,FDR-215,Section insulator damage,Low,2026-05-29 06:45,2026-07-03,59,4.2,35,Open
TDMS-01953,TRD,Guntur-SEC-07,FDR-724,Earthing fault,High,2026-05-23 20:49,2026-05-29,94,2.4,12,Open
TDMS-01954,TRD,Guntur-SEC-05,FDR-112,Registration arm misalignment,High,2026-08-19 14:19,2026-08-25,6,2.7,8,Open
TDMS-01955,TRD,Vijayawada-SEC-08,FDR-863,Section insulator damage,Low,2026-06-28 06:20,2026-08-02,29,3.5,33,Scheduled
TDMS-01956,TRD,Secunderabad-SEC-05,FDR-296,Feeder fault,Critical,2026-06-14 00:29,2026-06-15,77,4.1,13,Scheduled
TDMS-01957,TRD,Secunderabad-SEC-04,FDR-412,Traction transformer fault,Low,2026-05-17 05:31,2026-06-21,71,2.1,35,Open
TDMS-01958,TRD,Guntur-SEC-08,FDR-627,Section insulator damage,Low,2026-05-19 15:17,2026-06-23,69,1.7,8,Open
TDMS-01959,TRD,Secunderabad-SEC-03,FDR-920,Traction transformer fault,Medium,2026-07-30 02:39,2026-08-17,14,1.7,11,Scheduled
TDMS-01960,TRD,Vijayawada-SEC-04,FDR-623,Traction transformer fault,Medium,2026-07-19 01:20,2026-08-06,25,1.1,12,Open
TDMS-01961,TRD,Hyderabad-SEC-03,FDR-919,Circuit breaker trip,Medium,2026-05-26 20:27,2026-06-13,79,5.2,8,Open
TDMS-01962,TRD,Secunderabad-SEC-04,FDR-959,Earthing fault,High,2026-06-29 13:57,2026-07-05,57,1.2,32,Scheduled
TDMS-01963,TRD,Vijayawada-SEC-08,FDR-455,Section insulator damage,Critical,2026-07-20 00:43,2026-07-21,41,2.3,9,Open
TDMS-01964,TRD,Guntakal-SEC-06,FDR-977,Feeder fault,Low,2026-06-28 18:03,2026-08-02,29,1.3,33,Scheduled
TDMS-01965,TRD,Secunderabad-SEC-06,FDR-194,Dropper damage,Low,2026-06-22 10:36,2026-07-27,35,3.4,30,Open
TDMS-01966,TRD,Secunderabad-SEC-07,FDR-943,Feeder fault,High,2026-08-25 08:48,2026-08-31,0,4.1,19,Open
TDMS-01967,TRD,Guntakal-SEC-06,FDR-783,Circuit breaker trip,Medium,2026-05-16 00:06,2026-06-03,89,2.7,26,Open
TDMS-01968,TRD,Guntakal-SEC-06,FDR-144,Insulator flashover,High,2026-06-19 19:20,2026-06-25,67,5.2,8,Open
TDMS-01969,TRD,Hyderabad-SEC-06,FDR-434,OHE wire wear,Medium,2026-07-30 01:56,2026-08-17,14,6.5,39,Open
TDMS-01970,TRD,Hyderabad-SEC-01,FDR-699,SCADA communication fault,Low,2026-06-20 20:59,2026-07-25,37,4.2,18,Open
TDMS-01971,TRD,Vijayawada-SEC-02,FDR-460,Traction transformer fault,High,2026-06-07 02:44,2026-06-13,79,4.6,31,Completed
TDMS-01972,TRD,Guntakal-SEC-04,FDR-228,Insulator flashover,High,2026-06-08 21:59,2026-06-14,78,2.5,30,Completed
TDMS-01973,TRD,Guntakal-SEC-01,FDR-932,Dropper damage,Medium,2026-07-10 15:35,2026-07-28,34,4.5,22,Open
TDMS-01974,TRD,Guntakal-SEC-08,FDR-596,Traction transformer fault,High,2026-07-26 13:02,2026-08-01,30,3.5,35,Open
TDMS-01975,TRD,Hyderabad-SEC-01,FDR-874,Section insulator damage,High,2026-07-25 12:24,2026-07-31,31,1.8,36,Scheduled
TDMS-01976,TRD,Hyderabad-SEC-04,FDR-725,Circuit breaker trip,Medium,2026-07-12 13:09,2026-07-30,32,6.2,3,Open
TDMS-01977,TRD,Secunderabad-SEC-05,FDR-343,SCADA communication fault,Low,2026-08-21 06:40,2026-09-25,0,2.8,8,Open
TDMS-01978,TRD,Guntakal-SEC-01,FDR-639,Circuit breaker trip,Medium,2026-07-07 01:48,2026-07-25,37,4.0,15,Open
TDMS-01979,TRD,Secunderabad-SEC-08,FDR-470,Traction transformer fault,Medium,2026-07-01 19:10,2026-07-19,43,7.0,11,Open
TDMS-01980,TRD,Secunderabad-SEC-01,FDR-833,Circuit breaker trip,Low,2026-08-17 18:01,2026-09-21,0,6.8,35,Scheduled
TDMS-01981,TRD,Vijayawada-SEC-04,FDR-335,Registration arm misalignment,High,2026-07-27 20:26,2026-08-02,29,3.8,11,Open
TDMS-01982,TRD,Guntur-SEC-07,FDR-150,OHE wire wear,Medium,2026-07-24 21:29,2026-08-11,20,3.1,29,Open
TDMS-01983,TRD,Hyderabad-SEC-04,FDR-601,Registration arm misalignment,Low,2026-08-01 02:18,2026-09-05,0,4.6,15,Open
TDMS-01984,TRD,Guntakal-SEC-06,FDR-642,Circuit breaker trip,Critical,2026-07-15 18:12,2026-07-16,46,1.0,31,Open
TDMS-01985,TRD,Guntur-SEC-03,FDR-331,Feeder fault,Low,2026-06-05 04:07,2026-07-10,52,5.7,7,Open
TDMS-01986,TRD,Hyderabad-SEC-04,FDR-635,Earthing fault,Low,2026-07-27 10:32,2026-08-31,0,5.4,34,Scheduled
TDMS-01987,TRD,Secunderabad-SEC-06,FDR-640,Insulator flashover,Medium,2026-06-04 02:56,2026-06-22,70,5.3,8,Scheduled
TDMS-01988,TRD,Guntur-SEC-08,FDR-937,Section insulator damage,High,2026-06-15 01:24,2026-06-21,71,4.4,17,Open
TDMS-01989,TRD,Vijayawada-SEC-05,FDR-773,SCADA communication fault,Critical,2026-05-24 00:36,2026-05-25,98,2.5,22,Open
TDMS-01990,TRD,Guntur-SEC-06,FDR-829,Insulator flashover,High,2026-05-20 12:45,2026-05-26,97,2.7,40,Open
TDMS-01991,TRD,Hyderabad-SEC-05,FDR-791,Circuit breaker trip,High,2026-06-12 23:32,2026-06-18,74,6.0,13,Open
TDMS-01992,TRD,Secunderabad-SEC-03,FDR-986,OHE wire wear,Low,2026-07-27 16:51,2026-08-31,0,6.8,7,Scheduled
TDMS-01993,TRD,Vijayawada-SEC-07,FDR-236,Traction transformer fault,High,2026-05-26 07:16,2026-06-01,91,3.3,16,Open
TDMS-01994,TRD,Vijayawada-SEC-03,FDR-413,Traction transformer fault,Low,2026-06-26 00:08,2026-07-31,31,4.0,32,Open
TDMS-01995,TRD,Secunderabad-SEC-08,FDR-238,Insulator flashover,Medium,2026-05-16 03:08,2026-06-03,89,6.5,12,Open
TDMS-01996,TRD,Hyderabad-SEC-07,FDR-179,OHE wire wear,Low,2026-06-13 04:21,2026-07-18,44,3.6,11,Open
TDMS-01997,TRD,Vijayawada-SEC-04,FDR-582,Feeder fault,Low,2026-08-17 03:17,2026-09-21,0,6.0,19,Open
TDMS-01998,TRD,Guntur-SEC-01,FDR-684,SCADA communication fault,High,2026-06-13 10:53,2026-06-19,73,1.2,6,Open
TDMS-01999,TRD,Hyderabad-SEC-05,FDR-574,Registration arm misalignment,High,2026-05-19 04:19,2026-05-25,98,1.5,34,Scheduled
TDMS-02000,TRD,Secunderabad-SEC-04,FDR-209,Section insulator damage,Medium,2026-08-18 08:28,2026-09-05,0,6.1,5,Open
