defect_id,department,section_id,chainage_km,defect_type,severity,reported_date,due_date,overdue_days,estimated_duration_hours,trains_affected_per_day,status
TMS-00001,Engineering,Vijayawada-SEC-07,16.74,Weld defect,Critical,2026-06-11 19:56,2026-06-13,79,4.2,45,Scheduled
TMS-00002,Engineering,Secunderabad-SEC-06,26.24,Points & crossing wear,Medium,2026-06-23 20:50,2026-07-14,48,1.2,40,Open
TMS-00003,Engineering,Guntur-SEC-05,70.71,Rail fracture,Medium,2026-08-06 00:20,2026-08-27,4,3.9,12,Scheduled
TMS-00004,Engineering,Guntakal-SEC-06,12.27,Sleeper damage,High,2026-07-19 13:52,2026-07-26,36,7.7,8,Open
TMS-00005,Engineering,Guntur-SEC-06,64.35,Sleeper damage,High,2026-07-18 02:01,2026-07-25,37,1.3,7,Scheduled
TMS-00006,Engineering,Hyderabad-SEC-05,23.07,Weld defect,Medium,2026-05-17 01:06,2026-06-07,85,7.0,4,Scheduled
TMS-00007,Engineering,Secunderabad-SEC-07,45.62,Rail corrugation,Low,2026-05-25 13:27,2026-07-09,53,7.0,42,Completed
TMS-00008,Engineering,Secunderabad-SEC-05,73.1,Ballast deficiency,Medium,2026-08-11 10:31,2026-09-01,0,5.7,36,Scheduled
TMS-00009,Engineering,Hyderabad-SEC-04,26.35,Fish plate loose,Medium,2026-08-11 07:10,2026-09-01,0,7.9,5,Open
TMS-00010,Engineering,Hyderabad-SEC-05,105.16,Fish plate loose,Medium,2026-08-27 12:30,2026-09-17,0,1.5,15,Scheduled
TMS-00011,Engineering,Vijayawada-SEC-08,89.4,Points & crossing wear,Medium,2026-07-12 00:35,2026-08-02,29,2.9,18,Scheduled
TMS-00012,Engineering,Vijayawada-SEC-01,61.14,Weld defect,Medium,2026-07-08 02:45,2026-07-29,33,2.5,5,Completed
TMS-00013,Engineering,Hyderabad-SEC-07,7.62,Sleeper damage,High,2026-08-12 01:09,2026-08-19,12,5.8,40,Completed
TMS-00014,Engineering,Secunderabad-SEC-01,81.63,Weld defect,Low,2026-06-25 14:50,2026-08-09,22,7.0,45,Completed
TMS-00015,Engineering,Guntakal-SEC-03,52.17,Rail corrugation,Low,2026-05-27 14:17,2026-07-11,51,3.4,2,Completed
TMS-00016,Engineering,Hyderabad-SEC-01,109.52,Vegetation encroachment,Low,2026-05-11 14:24,2026-06-25,67,6.3,21,Completed
TMS-00017,Engineering,Vijayawada-SEC-03,64.73,Points & crossing wear,High,2026-06-28 01:49,2026-07-05,57,3.6,2,Scheduled
TMS-00018,Engineering,Guntakal-SEC-04,28.73,Track geometry deviation,High,2026-06-30 23:17,2026-07-07,55,3.5,38,Completed
TMS-00019,Engineering,Hyderabad-SEC-03,91.9,Ballast deficiency,Low,2026-08-21 06:18,2026-10-05,0,7.8,44,Open
TMS-00020,Engineering,Guntur-SEC-04,115.72,Points & crossing wear,High,2026-06-22 17:59,2026-06-29,63,7.1,14,Scheduled
TMS-00021,Engineering,Guntur-SEC-05,14.52,Track geometry deviation,Medium,2026-07-11 00:20,2026-08-01,30,7.3,6,Open
TMS-00022,Engineering,Secunderabad-SEC-05,84.94,Rail fracture,High,2026-06-17 03:49,2026-06-24,68,2.5,16,Open
TMS-00023,Engineering,Guntur-SEC-08,25.71,Ballast deficiency,Critical,2026-08-27 11:58,2026-08-29,2,3.9,38,Scheduled
TMS-00024,Engineering,Secunderabad-SEC-07,79.08,Fish plate loose,Low,2026-07-31 06:46,2026-09-14,0,2.3,29,Open
TMS-00025,Engineering,Secunderabad-SEC-07,7.27,Level crossing surface damage,Medium,2026-05-13 22:01,2026-06-03,89,7.9,23,Completed
TMS-00026,Engineering,Vijayawada-SEC-01,50.63,Rail wear beyond limit,High,2026-08-18 14:56,2026-08-25,6,4.8,31,Open
TMS-00027,Engineering,Hyderabad-SEC-04,11.75,Vegetation encroachment,Medium,2026-05-05 21:15,2026-05-26,97,7.0,36,Completed
TMS-00028,Engineering,Vijayawada-SEC-06,103.76,Rail fracture,High,2026-08-20 15:23,2026-08-27,4,4.4,12,Open
TMS-00029,Engineering,Guntakal-SEC-03,50.76,Level crossing surface damage,Low,2026-07-13 14:20,2026-08-27,4,6.5,37,Scheduled
TMS-00030,Engineering,Secunderabad-SEC-04,69.5,Points & crossing wear,High,2026-06-30 18:21,2026-07-07,55,2.5,5,Scheduled
TMS-00031,Engineering,Hyderabad-SEC-02,18.89,Points & crossing wear,Medium,2026-08-24 22:10,2026-09-14,0,4.5,7,Completed
TMS-00032,Engineering,Guntur-SEC-02,14.39,Formation failure,Critical,2026-08-23 02:20,2026-08-25,6,8.9,17,Scheduled
TMS-00033,Engineering,Hyderabad-SEC-05,62.73,Rail wear beyond limit,Critical,2026-08-26 01:26,2026-08-28,3,7.3,15,Scheduled
TMS-00034,Engineering,Guntakal-SEC-04,54.87,Weld defect,High,2026-07-22 15:18,2026-07-29,33,1.9,2,Open
TMS-00035,Engineering,Guntakal-SEC-01,15.89,Fish plate loose,Critical,2026-06-20 20:21,2026-06-22,70,3.7,6,Completed
TMS-00036,Engineering,Guntakal-SEC-04,73.4,Vegetation encroachment,High,2026-07-15 13:37,2026-07-22,40,6.8,35,Open
TMS-00037,Engineering,Vijayawada-SEC-01,31.74,Weld defect,High,2026-05-19 03:48,2026-05-26,97,5.6,37,Open
TMS-00038,Engineering,Guntakal-SEC-01,60.65,Rail wear beyond limit,High,2026-07-26 01:58,2026-08-02,29,3.4,5,Open
TMS-00039,Engineering,Vijayawada-SEC-01,76.45,Rail wear beyond limit,Critical,2026-07-08 13:55,2026-07-10,52,4.7,12,Scheduled
TMS-00040,Engineering,Vijayawada-SEC-02,65.47,Fish plate loose,Medium,2026-06-22 08:25,2026-07-13,49,1.8,39,Scheduled
TMS-00041,Engineering,Secunderabad-SEC-03,107.87,Track geometry deviation,Critical,2026-07-07 19:21,2026-07-09,53,4.9,45,Open
TMS-00042,Engineering,Guntur-SEC-03,116.86,Level crossing surface damage,Low,2026-08-18 11:07,2026-10-02,0,7.2,11,Completed
TMS-00043,Engineering,Guntur-SEC-03,2.97,Level crossing surface damage,Low,2026-08-01 18:05,2026-09-15,0,6.7,23,Scheduled
TMS-00044,Engineering,Secunderabad-SEC-07,45.91,Rail fracture,High,2026-07-10 14:57,2026-07-17,45,6.5,32,Open
TMS-00045,Engineering,Vijayawada-SEC-07,26.75,Vegetation encroachment,High,2026-05-19 07:14,2026-05-26,97,6.7,14,Open
TMS-00046,Engineering,Hyderabad-SEC-01,47.96,Points & crossing wear,Low,2026-07-27 21:28,2026-09-10,0,3.0,23,Completed
TMS-00047,Engineering,Guntakal-SEC-01,4.59,Formation failure,High,2026-08-17 14:29,2026-08-24,7,7.7,29,Open
TMS-00048,Engineering,Secunderabad-SEC-08,46.22,Formation failure,Medium,2026-05-23 12:34,2026-06-13,79,7.9,14,Open
TMS-00049,Engineering,Hyderabad-SEC-03,82.42,Level crossing surface damage,Critical,2026-06-02 08:07,2026-06-04,88,9.4,44,Open
TMS-00050,Engineering,Hyderabad-SEC-08,37.67,Weld defect,Low,2026-07-07 21:27,2026-08-21,10,7.4,21,Open
TMS-00051,Engineering,Hyderabad-SEC-04,15.27,Sleeper damage,High,2026-06-07 09:07,2026-06-14,78,5.9,44,Completed
TMS-00052,Engineering,Hyderabad-SEC-04,100.05,Rail wear beyond limit,Medium,2026-06-06 17:39,2026-06-27,65,3.1,20,Open
TMS-00053,Engineering,Guntur-SEC-05,53.06,Track geometry deviation,Medium,2026-05-23 02:53,2026-06-13,79,3.3,34,Open
TMS-00054,Engineering,Hyderabad-SEC-08,40.22,Track geometry deviation,Medium,2026-05-08 17:49,2026-05-29,94,3.0,45,Open
TMS-00055,Engineering,Guntur-SEC-07,73.35,Weld defect,High,2026-05-20 16:45,2026-05-27,96,1.3,31,Open
TMS-00056,Engineering,Guntur-SEC-08,47.96,Ballast deficiency,High,2026-06-12 03:02,2026-06-19,73,5.9,43,Scheduled
TMS-00057,Engineering,Hyderabad-SEC-02,55.75,Points & crossing wear,Low,2026-05-09 20:07,2026-06-23,69,2.5,17,Completed
TMS-00058,Engineering,Hyderabad-SEC-02,118.55,Formation failure,High,2026-08-16 07:22,2026-08-23,8,4.3,22,Completed
TMS-00059,Engineering,Hyderabad-SEC-01,51.21,Points & crossing wear,Medium,2026-05-09 07:53,2026-05-30,93,6.0,30,Completed
TMS-00060,Engineering,Guntakal-SEC-02,91.9,Points & crossing wear,Medium,2026-05-28 06:43,2026-06-18,74,6.3,33,Scheduled
TMS-00061,Engineering,Guntakal-SEC-02,40.3,Points & crossing wear,Critical,2026-07-27 07:59,2026-07-29,33,4.3,7,Open
TMS-00062,Engineering,Secunderabad-SEC-05,49.78,Fish plate loose,Medium,2026-08-02 10:03,2026-08-23,8,5.9,36,Open
TMS-00063,Engineering,Hyderabad-SEC-06,113.53,Rail fracture,Low,2026-08-24 16:28,2026-10-08,0,3.7,38,Open
TMS-00064,Engineering,Guntur-SEC-03,64.59,Level crossing surface damage,High,2026-08-31 11:11,2026-09-07,0,3.7,36,Scheduled
TMS-00065,Engineering,Guntur-SEC-08,3.48,Fish plate loose,Medium,2026-05-09 15:58,2026-05-30,93,2.9,44,Scheduled
TMS-00066,Engineering,Hyderabad-SEC-08,64.09,Sleeper damage,Low,2026-07-11 17:59,2026-08-25,6,7.4,39,Scheduled
TMS-00067,Engineering,Guntur-SEC-06,21.81,Rail wear beyond limit,Medium,2026-08-28 20:56,2026-09-18,0,1.9,26,Open
TMS-00068,Engineering,Guntakal-SEC-02,90.24,Sleeper damage,High,2026-07-04 12:06,2026-07-11,51,7.2,18,Completed
TMS-00069,Engineering,Guntakal-SEC-07,26.91,Weld defect,Medium,2026-07-02 23:17,2026-07-23,39,1.4,43,Open
TMS-00070,Engineering,Vijayawada-SEC-02,28.63,Rail corrugation,High,2026-08-28 14:59,2026-09-04,0,1.1,44,Open
TMS-00071,Engineering,Vijayawada-SEC-03,72.71,Level crossing surface damage,Medium,2026-08-04 07:04,2026-08-25,6,6.4,9,Scheduled
TMS-00072,Engineering,Guntakal-SEC-04,69.1,Sleeper damage,High,2026-08-11 12:40,2026-08-18,13,1.2,27,Completed
TMS-00073,Engineering,Vijayawada-SEC-08,12.23,Rail wear beyond limit,Medium,2026-08-06 21:13,2026-08-27,4,6.8,45,Scheduled
TMS-00074,Engineering,Guntur-SEC-04,79.38,Weld defect,Low,2026-08-16 03:23,2026-09-30,0,3.4,34,Scheduled
TMS-00075,Engineering,Guntakal-SEC-08,76.27,Rail corrugation,Low,2026-08-30 08:42,2026-10-14,0,1.7,11,Open
TMS-00076,Engineering,Hyderabad-SEC-03,92.96,Rail corrugation,Low,2026-05-30 05:00,2026-07-14,48,2.9,29,Completed
TMS-00077,Engineering,Secunderabad-SEC-06,33.47,Rail corrugation,High,2026-06-17 14:13,2026-06-24,68,2.7,17,Scheduled
TMS-00078,Engineering,Guntur-SEC-08,102.11,Ballast deficiency,Medium,2026-06-20 01:46,2026-07-11,51,3.4,33,Open
TMS-00079,Engineering,Guntakal-SEC-02,66.69,Points & crossing wear,High,2026-05-21 14:35,2026-05-28,95,7.2,14,Open
TMS-00080,Engineering,Guntur-SEC-07,77.51,Rail corrugation,Medium,2026-05-31 09:12,2026-06-21,71,6.3,30,Scheduled
TMS-00081,Engineering,Guntakal-SEC-04,79.68,Fish plate loose,High,2026-08-20 13:17,2026-08-27,4,5.8,32,Scheduled
TMS-00082,Engineering,Guntakal-SEC-07,84.34,Rail wear beyond limit,Low,2026-07-18 08:30,2026-09-01,0,4.9,21,Open
TMS-00083,Engineering,Vijayawada-SEC-04,22.98,Level crossing surface damage,High,2026-08-16 16:59,2026-08-23,8,6.2,32,Open
TMS-00084,Engineering,Vijayawada-SEC-05,35.55,Fish plate loose,Medium,2026-06-17 04:53,2026-07-08,54,7.9,13,Open
TMS-00085,Engineering,Secunderabad-SEC-04,66.4,Level crossing surface damage,High,2026-06-02 04:33,2026-06-09,83,1.3,10,Scheduled
TMS-00086,Engineering,Guntakal-SEC-03,56.33,Rail corrugation,High,2026-05-27 06:07,2026-06-03,89,1.1,23,Open
TMS-00087,Engineering,Secunderabad-SEC-05,48.08,Weld defect,Low,2026-08-25 14:48,2026-10-09,0,4.3,38,Scheduled
TMS-00088,Engineering,Guntakal-SEC-04,10.22,Track geometry deviation,High,2026-08-25 18:28,2026-09-01,0,4.9,9,Scheduled
TMS-00089,Engineering,Hyderabad-SEC-02,45.65,Rail corrugation,Medium,2026-07-09 01:55,2026-07-30,32,5.3,21,Completed
TMS-00090,Engineering,Secunderabad-SEC-07,113.71,Track geometry deviation,Medium,2026-07-08 12:52,2026-07-29,33,1.4,42,Open
TMS-00091,Engineering,Secunderabad-SEC-05,18.78,Sleeper damage,High,2026-06-08 21:02,2026-06-15,77,2.2,30,Scheduled
TMS-00092,Engineering,Guntakal-SEC-03,84.36,Rail corrugation,Critical,2026-07-02 13:23,2026-07-04,58,4.3,6,Scheduled
TMS-00093,Engineering,Vijayawada-SEC-05,51.02,Points & crossing wear,Low,2026-05-05 14:22,2026-06-19,73,5.4,16,Scheduled
TMS-00094,Engineering,Vijayawada-SEC-03,95.12,Formation failure,Low,2026-05-07 14:19,2026-06-21,71,1.5,38,Completed
TMS-00095,Engineering,Guntur-SEC-02,113.12,Points & crossing wear,Medium,2026-07-06 19:28,2026-07-27,35,3.1,36,Open
TMS-00096,Engineering,Guntakal-SEC-05,72.45,Rail fracture,Critical,2026-08-21 02:13,2026-08-23,8,5.5,7,Open
TMS-00097,Engineering,Guntakal-SEC-02,69.15,Ballast deficiency,Medium,2026-06-06 03:03,2026-06-27,65,1.1,32,Open
TMS-00098,Engineering,Guntur-SEC-08,116.29,Rail corrugation,High,2026-07-06 13:52,2026-07-13,49,5.1,24,Open
TMS-00099,Engineering,Guntur-SEC-08,34.59,Sleeper damage,Low,2026-07-21 20:11,2026-09-04,0,3.3,37,Open
TMS-00100,Engineering,Guntur-SEC-02,103.79,Rail fracture,High,2026-08-20 12:32,2026-08-27,4,1.8,44,Completed
TMS-00101,Engineering,Hyderabad-SEC-08,90.77,Vegetation encroachment,Critical,2026-07-03 08:57,2026-07-05,57,6.1,30,Scheduled
TMS-00102,Engineering,Guntur-SEC-05,105.7,Rail corrugation,Medium,2026-08-05 14:16,2026-08-26,5,7.5,9,Open
TMS-00103,Engineering,Guntakal-SEC-04,66.1,Points & crossing wear,Low,2026-06-12 01:49,2026-07-27,35,6.0,28,Open
TMS-00104,Engineering,Vijayawada-SEC-02,59.81,Level crossing surface damage,Medium,2026-05-16 19:52,2026-06-06,86,1.8,20,Open
TMS-00105,Engineering,Vijayawada-SEC-08,54.81,Ballast deficiency,Low,2026-07-28 08:52,2026-09-11,0,7.9,26,Open
TMS-00106,Engineering,Secunderabad-SEC-05,33.15,Sleeper damage,Medium,2026-06-16 05:29,2026-07-07,55,2.0,23,Completed
TMS-00107,Engineering,Guntakal-SEC-04,100.5,Formation failure,Low,2026-06-28 14:16,2026-08-12,19,3.0,44,Open
TMS-00108,Engineering,Hyderabad-SEC-04,91.54,Sleeper damage,Medium,2026-08-12 07:44,2026-09-02,0,3.4,31,Completed
TMS-00109,Engineering,Guntur-SEC-01,28.03,Sleeper damage,Low,2026-05-12 17:07,2026-06-26,66,2.7,4,Open
TMS-00110,Engineering,Vijayawada-SEC-02,59.44,Rail fracture,Medium,2026-07-02 10:07,2026-07-23,39,5.6,10,Open
TMS-00111,Engineering,Guntur-SEC-05,11.97,Rail corrugation,Low,2026-06-17 11:54,2026-08-01,30,7.1,2,Scheduled
TMS-00112,Engineering,Guntakal-SEC-01,40.63,Level crossing surface damage,Low,2026-07-10 00:09,2026-08-24,7,1.5,27,Scheduled
TMS-00113,Engineering,Guntur-SEC-01,114.5,Vegetation encroachment,Low,2026-05-14 12:02,2026-06-28,64,7.0,33,Completed
TMS-00114,Engineering,Guntakal-SEC-03,119.69,Level crossing surface damage,Critical,2026-08-27 01:31,2026-08-29,2,7.0,7,Open
TMS-00115,Engineering,Vijayawada-SEC-03,83.28,Rail fracture,Medium,2026-08-19 00:55,2026-09-09,0,1.7,4,Open
TMS-00116,Engineering,Vijayawada-SEC-08,63.74,Formation failure,Medium,2026-08-24 13:19,2026-09-14,0,4.0,45,Scheduled
TMS-00117,Engineering,Hyderabad-SEC-08,81.98,Rail corrugation,Critical,2026-08-10 17:37,2026-08-12,19,9.0,39,Open
TMS-00118,Engineering,Secunderabad-SEC-01,107.87,Rail corrugation,High,2026-07-03 00:46,2026-07-10,52,2.8,20,Scheduled
TMS-00119,Engineering,Hyderabad-SEC-06,35.9,Sleeper damage,Medium,2026-08-11 21:18,2026-09-01,0,3.4,18,Open
TMS-00120,Engineering,Secunderabad-SEC-07,28.46,Formation failure,Low,2026-07-24 16:44,2026-09-07,0,7.0,24,Scheduled
TMS-00121,Engineering,Guntur-SEC-02,32.94,Formation failure,Critical,2026-06-03 13:15,2026-06-05,87,8.6,45,Scheduled
TMS-00122,Engineering,Guntakal-SEC-03,93.09,Track geometry deviation,Medium,2026-08-25 01:55,2026-09-15,0,6.8,40,Completed
TMS-00123,Engineering,Vijayawada-SEC-01,75.39,Vegetation encroachment,High,2026-08-03 00:49,2026-08-10,21,2.8,43,Open
TMS-00124,Engineering,Vijayawada-SEC-01,10.82,Rail wear beyond limit,Critical,2026-05-23 07:57,2026-05-25,98,4.9,22,Scheduled
TMS-00125,Engineering,Guntakal-SEC-08,63.7,Rail wear beyond limit,High,2026-08-09 16:41,2026-08-16,15,4.8,12,Open
TMS-00126,Engineering,Guntakal-SEC-06,96.51,Rail corrugation,Low,2026-05-18 06:27,2026-07-02,60,3.1,6,Open
TMS-00127,Engineering,Guntakal-SEC-08,10.84,Sleeper damage,Low,2026-08-03 09:31,2026-09-17,0,6.6,2,Open
TMS-00128,Engineering,Guntakal-SEC-01,70.15,Vegetation encroachment,Medium,2026-08-16 07:26,2026-09-06,0,6.2,25,Open
TMS-00129,Engineering,Hyderabad-SEC-04,39.36,Formation failure,Critical,2026-08-02 06:50,2026-08-04,27,9.1,16,Scheduled
TMS-00130,Engineering,Guntur-SEC-03,14.0,Rail fracture,Low,2026-06-11 07:05,2026-07-26,36,3.1,4,Open
TMS-00131,Engineering,Vijayawada-SEC-01,46.64,Fish plate loose,Critical,2026-06-29 19:46,2026-07-01,61,9.1,44,Completed
TMS-00132,Engineering,Vijayawada-SEC-02,106.25,Vegetation encroachment,Medium,2026-06-03 04:19,2026-06-24,68,6.2,8,Completed
TMS-00133,Engineering,Guntakal-SEC-08,26.07,Rail corrugation,Low,2026-06-14 09:08,2026-07-29,33,3.0,17,Completed
TMS-00134,Engineering,Guntakal-SEC-07,7.27,Rail wear beyond limit,Medium,2026-08-19 10:37,2026-09-09,0,7.8,14,Completed
TMS-00135,Engineering,Hyderabad-SEC-07,116.53,Rail fracture,Critical,2026-05-15 07:26,2026-05-17,106,3.7,23,Open
TMS-00136,Engineering,Hyderabad-SEC-04,24.86,Track geometry deviation,High,2026-08-15 03:26,2026-08-22,9,6.8,16,Open
TMS-00137,Engineering,Vijayawada-SEC-02,118.5,Points & crossing wear,Critical,2026-08-13 02:18,2026-08-15,16,8.9,18,Scheduled
TMS-00138,Engineering,Vijayawada-SEC-08,70.66,Rail fracture,High,2026-08-17 23:03,2026-08-24,7,3.5,13,Open
TMS-00139,Engineering,Guntur-SEC-07,53.79,Fish plate loose,Medium,2026-08-15 08:40,2026-09-05,0,6.2,34,Scheduled
TMS-00140,Engineering,Hyderabad-SEC-02,36.2,Vegetation encroachment,High,2026-07-05 05:39,2026-07-12,50,5.3,3,Open
TMS-00141,Engineering,Guntur-SEC-05,8.82,Weld defect,Medium,2026-07-01 09:22,2026-07-22,40,1.8,22,Scheduled
TMS-00142,Engineering,Hyderabad-SEC-04,85.46,Sleeper damage,High,2026-08-23 19:24,2026-08-30,1,5.4,40,Open
TMS-00143,Engineering,Secunderabad-SEC-08,102.34,Vegetation encroachment,Medium,2026-07-04 05:35,2026-07-25,37,1.7,37,Scheduled
TMS-00144,Engineering,Guntakal-SEC-06,99.29,Sleeper damage,Medium,2026-08-04 08:20,2026-08-25,6,2.6,28,Scheduled
TMS-00145,Engineering,Vijayawada-SEC-02,82.42,Rail corrugation,High,2026-07-22 08:27,2026-07-29,33,2.8,6,Open
TMS-00146,Engineering,Guntakal-SEC-08,97.41,Points & crossing wear,Medium,2026-08-21 20:36,2026-09-11,0,6.2,5,Scheduled
TMS-00147,Engineering,Guntakal-SEC-07,104.83,Sleeper damage,High,2026-06-21 03:33,2026-06-28,64,1.9,5,Completed
TMS-00148,Engineering,Vijayawada-SEC-06,18.57,Rail corrugation,Medium,2026-06-16 12:37,2026-07-07,55,5.0,16,Completed
TMS-00149,Engineering,Hyderabad-SEC-05,27.14,Sleeper damage,Medium,2026-07-18 03:44,2026-08-08,23,6.3,37,Completed
TMS-00150,Engineering,Secunderabad-SEC-02,73.08,Vegetation encroachment,Medium,2026-05-19 01:21,2026-06-09,83,5.5,19,Open
TMS-00151,Engineering,Vijayawada-SEC-04,104.38,Formation failure,Low,2026-07-28 12:45,2026-09-11,0,3.5,44,Open
TMS-00152,Engineering,Hyderabad-SEC-02,25.82,Sleeper damage,Low,2026-08-13 00:56,2026-09-27,0,1.6,31,Open
TMS-00153,Engineering,Hyderabad-SEC-05,71.55,Rail fracture,Medium,2026-07-15 12:39,2026-08-05,26,6.4,11,Open
TMS-00154,Engineering,Guntur-SEC-04,58.28,Rail corrugation,Medium,2026-06-13 22:11,2026-07-04,58,2.9,28,Open
TMS-00155,Engineering,Guntakal-SEC-03,81.39,Formation failure,High,2026-05-27 05:20,2026-06-03,89,4.0,33,Open
TMS-00156,Engineering,Secunderabad-SEC-04,0.92,Rail wear beyond limit,High,2026-07-23 22:20,2026-07-30,32,7.9,15,Scheduled
TMS-00157,Engineering,Guntur-SEC-08,89.64,Ballast deficiency,High,2026-05-26 14:41,2026-06-02,90,1.8,10,Open
TMS-00158,Engineering,Guntakal-SEC-07,8.65,Level crossing surface damage,Medium,2026-06-02 15:37,2026-06-23,69,6.8,4,Open
TMS-00159,Engineering,Hyderabad-SEC-05,48.53,Vegetation encroachment,Low,2026-07-04 21:09,2026-08-18,13,5.0,28,Open
TMS-00160,Engineering,Hyderabad-SEC-08,55.21,Level crossing surface damage,Low,2026-07-11 23:14,2026-08-25,6,2.2,25,Open
TMS-00161,Engineering,Hyderabad-SEC-02,9.44,Rail wear beyond limit,High,2026-05-15 20:08,2026-05-22,101,5.1,23,Open
TMS-00162,Engineering,Hyderabad-SEC-02,61.19,Fish plate loose,Critical,2026-05-24 17:52,2026-05-26,97,7.1,24,Scheduled
TMS-00163,Engineering,Vijayawada-SEC-02,30.72,Ballast deficiency,Low,2026-05-19 00:30,2026-07-03,59,2.7,40,Open
TMS-00164,Engineering,Guntur-SEC-08,55.67,Formation failure,Critical,2026-05-26 00:08,2026-05-28,95,9.6,39,Open
TMS-00165,Engineering,Guntakal-SEC-05,103.71,Vegetation encroachment,Medium,2026-05-05 03:26,2026-05-26,97,7.9,22,Open
TMS-00166,Engineering,Guntakal-SEC-02,70.97,Fish plate loose,Medium,2026-08-23 06:55,2026-09-13,0,3.1,34,Open
TMS-00167,Engineering,Guntakal-SEC-03,9.21,Weld defect,Critical,2026-07-03 07:32,2026-07-05,57,4.9,41,Scheduled
TMS-00168,Engineering,Secunderabad-SEC-03,53.97,Formation failure,Medium,2026-07-13 07:09,2026-08-03,28,7.7,43,Open
TMS-00169,Engineering,Guntur-SEC-05,12.42,Fish plate loose,Medium,2026-06-15 06:40,2026-07-06,56,7.7,7,Open
TMS-00170,Engineering,Guntur-SEC-05,62.89,Formation failure,High,2026-08-09 22:34,2026-08-16,15,4.1,12,Open
TMS-00171,Engineering,Hyderabad-SEC-07,6.28,Vegetation encroachment,Medium,2026-05-06 13:42,2026-05-27,96,6.4,43,Open
TMS-00172,Engineering,Guntakal-SEC-01,86.85,Vegetation encroachment,Medium,2026-07-20 20:33,2026-08-10,21,3.7,40,Completed
TMS-00173,Engineering,Guntakal-SEC-07,37.23,Vegetation encroachment,Medium,2026-07-20 21:01,2026-08-10,21,2.0,44,Open
TMS-00174,Engineering,Guntakal-SEC-06,97.58,Vegetation encroachment,High,2026-06-16 20:54,2026-06-23,69,3.6,45,Completed
TMS-00175,Engineering,Secunderabad-SEC-02,43.51,Ballast deficiency,Medium,2026-08-20 00:28,2026-09-10,0,4.6,15,Open
TMS-00176,Engineering,Vijayawada-SEC-02,9.26,Weld defect,High,2026-05-25 06:17,2026-06-01,91,8.0,34,Scheduled
TMS-00177,Engineering,Hyderabad-SEC-08,15.73,Sleeper damage,Critical,2026-05-17 04:49,2026-05-19,104,4.7,11,Open
TMS-00178,Engineering,Guntur-SEC-05,5.24,Fish plate loose,Low,2026-05-17 01:15,2026-07-01,61,2.2,45,Scheduled
TMS-00179,Engineering,Guntur-SEC-05,28.08,Track geometry deviation,High,2026-07-06 01:46,2026-07-13,49,6.2,21,Completed
TMS-00180,Engineering,Hyderabad-SEC-05,118.13,Rail corrugation,Low,2026-05-23 06:55,2026-07-07,55,2.4,20,Scheduled
TMS-00181,Engineering,Vijayawada-SEC-05,96.15,Ballast deficiency,Medium,2026-06-28 04:47,2026-07-19,43,2.1,18,Open
TMS-00182,Engineering,Hyderabad-SEC-02,102.14,Rail wear beyond limit,Medium,2026-07-01 10:29,2026-07-22,40,1.7,7,Scheduled
TMS-00183,Engineering,Guntur-SEC-04,11.01,Track geometry deviation,Low,2026-07-28 07:38,2026-09-11,0,2.0,30,Completed
TMS-00184,Engineering,Guntakal-SEC-08,28.29,Weld defect,Medium,2026-05-04 23:01,2026-05-25,98,3.8,25,Open
TMS-00185,Engineering,Vijayawada-SEC-02,16.51,Rail wear beyond limit,Low,2026-07-22 20:23,2026-09-05,0,5.5,32,Scheduled
TMS-00186,Engineering,Secunderabad-SEC-06,2.28,Track geometry deviation,Medium,2026-08-14 06:55,2026-09-04,0,1.0,11,Open
TMS-00187,Engineering,Guntakal-SEC-03,28.52,Weld defect,Medium,2026-05-30 01:49,2026-06-20,72,1.8,5,Open
TMS-00188,Engineering,Guntur-SEC-08,71.61,Rail fracture,Medium,2026-06-11 01:19,2026-07-02,60,1.8,42,Open
TMS-00189,Engineering,Guntakal-SEC-07,28.87,Sleeper damage,High,2026-08-01 18:46,2026-08-08,23,1.0,13,Scheduled
TMS-00190,Engineering,Hyderabad-SEC-02,65.29,Points & crossing wear,Low,2026-08-21 04:56,2026-10-05,0,1.5,37,Open
TMS-00191,Engineering,Guntakal-SEC-08,30.44,Rail fracture,Critical,2026-05-12 06:52,2026-05-14,109,5.1,24,Scheduled
TMS-00192,Engineering,Hyderabad-SEC-06,88.22,Fish plate loose,Medium,2026-07-18 15:13,2026-08-08,23,5.4,10,Open
TMS-00193,Engineering,Guntur-SEC-06,117.7,Rail corrugation,Low,2026-06-23 11:40,2026-08-07,24,2.2,42,Open
TMS-00194,Engineering,Secunderabad-SEC-03,35.21,Rail fracture,Medium,2026-08-14 21:42,2026-09-04,0,7.6,14,Completed
TMS-00195,Engineering,Hyderabad-SEC-03,56.81,Rail fracture,Medium,2026-07-22 12:42,2026-08-12,19,7.9,43,Open
TMS-00196,Engineering,Secunderabad-SEC-08,95.92,Sleeper damage,Low,2026-07-17 22:15,2026-08-31,0,3.3,27,Scheduled
TMS-00197,Engineering,Guntur-SEC-08,44.08,Points & crossing wear,High,2026-05-09 09:55,2026-05-16,107,2.3,19,Completed
TMS-00198,Engineering,Vijayawada-SEC-04,65.46,Fish plate loose,Critical,2026-05-30 08:32,2026-06-01,91,6.8,8,Open
TMS-00199,Engineering,Guntur-SEC-04,20.0,Rail corrugation,High,2026-06-08 13:14,2026-06-15,77,5.2,24,Open
TMS-00200,Engineering,Secunderabad-SEC-04,9.0,Vegetation encroachment,Medium,2026-05-30 11:09,2026-06-20,72,4.0,27,Open
TMS-00201,Engineering,Hyderabad-SEC-07,81.37,Rail corrugation,Low,2026-05-21 18:10,2026-07-05,57,2.0,4,Open
TMS-00202,Engineering,Hyderabad-SEC-05,3.89,Ballast deficiency,Medium,2026-08-01 00:30,2026-08-22,9,3.7,45,Open
TMS-00203,Engineering,Vijayawada-SEC-01,63.54,Sleeper damage,Medium,2026-07-15 10:27,2026-08-05,26,1.5,22,Scheduled
TMS-00204,Engineering,Hyderabad-SEC-02,46.44,Points & crossing wear,Critical,2026-07-31 19:52,2026-08-02,29,3.5,9,Open
TMS-00205,Engineering,Guntur-SEC-08,24.02,Ballast deficiency,High,2026-07-29 07:45,2026-08-05,26,5.3,6,Open
TMS-00206,Engineering,Guntakal-SEC-05,80.14,Level crossing surface damage,Low,2026-05-08 07:47,2026-06-22,70,6.7,6,Open
TMS-00207,Engineering,Vijayawada-SEC-04,95.24,Points & crossing wear,Low,2026-07-25 13:04,2026-09-08,0,6.0,16,Open
TMS-00208,Engineering,Guntakal-SEC-08,66.48,Fish plate loose,High,2026-08-06 18:56,2026-08-13,18,4.5,31,Completed
TMS-00209,Engineering,Guntakal-SEC-04,47.78,Level crossing surface damage,Medium,2026-06-22 19:16,2026-07-13,49,1.6,32,Open
TMS-00210,Engineering,Guntakal-SEC-05,77.08,Rail corrugation,Low,2026-05-25 09:05,2026-07-09,53,1.5,31,Scheduled
TMS-00211,Engineering,Hyderabad-SEC-06,21.84,Ballast deficiency,Low,2026-07-18 19:19,2026-09-01,0,6.5,29,Open
TMS-00212,Engineering,Guntakal-SEC-04,19.76,Fish plate loose,Low,2026-05-12 21:58,2026-06-26,66,4.6,16,Open
TMS-00213,Engineering,Guntakal-SEC-01,23.56,Points & crossing wear,Low,2026-05-03 05:06,2026-06-17,75,6.9,19,Open
TMS-00214,Engineering,Vijayawada-SEC-03,71.02,Formation failure,Medium,2026-07-24 01:37,2026-08-14,17,4.5,11,Open
TMS-00215,Engineering,Secunderabad-SEC-03,99.03,Rail fracture,High,2026-06-13 01:58,2026-06-20,72,7.5,7,Open
TMS-00216,Engineering,Hyderabad-SEC-05,49.99,Vegetation encroachment,High,2026-06-10 03:00,2026-06-17,75,2.5,3,Open
TMS-00217,Engineering,Guntur-SEC-07,29.39,Vegetation encroachment,High,2026-06-12 04:08,2026-06-19,73,7.7,27,Open
TMS-00218,Engineering,Guntur-SEC-06,24.48,Formation failure,High,2026-08-22 21:49,2026-08-29,2,3.9,11,Open
TMS-00219,Engineering,Guntur-SEC-02,15.69,Fish plate loose,Medium,2026-06-01 12:22,2026-06-22,70,7.0,34,Scheduled
TMS-00220,Engineering,Vijayawada-SEC-08,16.91,Rail fracture,Medium,2026-07-22 15:11,2026-08-12,19,2.9,20,Completed
TMS-00221,Engineering,Vijayawada-SEC-03,97.62,Formation failure,Medium,2026-05-13 01:35,2026-06-03,89,7.7,22,Open
TMS-00222,Engineering,Guntakal-SEC-04,59.68,Weld defect,Low,2026-08-11 05:51,2026-09-25,0,4.3,27,Open
TMS-00223,Engineering,Guntakal-SEC-03,59.39,Vegetation encroachment,Medium,2026-08-01 16:10,2026-08-22,9,1.3,45,Open
TMS-00224,Engineering,Guntakal-SEC-01,87.3,Sleeper damage,Low,2026-06-24 23:42,2026-08-08,23,4.0,25,Open
TMS-00225,Engineering,Guntakal-SEC-03,8.82,Points & crossing wear,Medium,2026-08-25 03:14,2026-09-15,0,3.5,30,Scheduled
TMS-00226,Engineering,Secunderabad-SEC-07,47.27,Fish plate loose,Medium,2026-07-27 01:18,2026-08-17,14,1.8,37,Completed
TMS-00227,Engineering,Hyderabad-SEC-01,4.83,Rail fracture,High,2026-05-27 18:44,2026-06-03,89,4.6,10,Scheduled
TMS-00228,Engineering,Hyderabad-SEC-01,16.77,Formation failure,Medium,2026-05-21 06:45,2026-06-11,81,2.0,22,Open
TMS-00229,Engineering,Hyderabad-SEC-01,63.88,Level crossing surface damage,Medium,2026-06-14 13:06,2026-07-05,57,4.6,38,Open
TMS-00230,Engineering,Guntur-SEC-03,70.04,Level crossing surface damage,Medium,2026-05-19 23:23,2026-06-09,83,5.7,42,Open
TMS-00231,Engineering,Hyderabad-SEC-06,69.32,Level crossing surface damage,Low,2026-07-02 14:19,2026-08-16,15,6.5,5,Scheduled
TMS-00232,Engineering,Guntur-SEC-01,17.73,Vegetation encroachment,Medium,2026-08-10 04:54,2026-08-31,0,5.3,17,Open
TMS-00233,Engineering,Guntur-SEC-03,18.17,Level crossing surface damage,High,2026-06-03 19:59,2026-06-10,82,4.1,15,Open
TMS-00234,Engineering,Secunderabad-SEC-04,84.69,Points & crossing wear,Low,2026-05-24 01:44,2026-07-08,54,7.1,15,Scheduled
TMS-00235,Engineering,Vijayawada-SEC-04,55.16,Points & crossing wear,Medium,2026-06-08 06:34,2026-06-29,63,3.2,23,Open
TMS-00236,Engineering,Guntur-SEC-07,23.07,Track geometry deviation,Low,2026-06-06 00:34,2026-07-21,41,2.9,19,Scheduled
TMS-00237,Engineering,Guntur-SEC-08,38.04,Fish plate loose,Low,2026-08-03 13:09,2026-09-17,0,5.9,37,Completed
TMS-00238,Engineering,Hyderabad-SEC-03,45.56,Sleeper damage,High,2026-05-22 14:02,2026-05-29,94,5.0,24,Completed
TMS-00239,Engineering,Secunderabad-SEC-06,41.56,Rail corrugation,High,2026-05-21 18:40,2026-05-28,95,3.0,43,Open
TMS-00240,Engineering,Hyderabad-SEC-04,83.54,Ballast deficiency,High,2026-07-01 16:12,2026-07-08,54,4.8,8,Scheduled
TMS-00241,Engineering,Hyderabad-SEC-02,27.08,Track geometry deviation,High,2026-06-17 15:17,2026-06-24,68,5.7,5,Open
TMS-00242,Engineering,Secunderabad-SEC-01,115.74,Ballast deficiency,High,2026-07-20 06:48,2026-07-27,35,6.4,28,Scheduled
TMS-00243,Engineering,Guntakal-SEC-03,38.54,Vegetation encroachment,Medium,2026-05-11 06:40,2026-06-01,91,2.4,5,Completed
TMS-00244,Engineering,Secunderabad-SEC-03,109.59,Ballast deficiency,Medium,2026-08-20 00:15,2026-09-10,0,4.7,28,Completed
TMS-00245,Engineering,Guntur-SEC-08,22.36,Level crossing surface damage,Low,2026-08-09 22:40,2026-09-23,0,3.8,20,Completed
TMS-00246,Engineering,Guntakal-SEC-06,34.15,Vegetation encroachment,Medium,2026-08-30 13:08,2026-09-20,0,1.8,36,Open
TMS-00247,Engineering,Vijayawada-SEC-05,97.06,Fish plate loose,Low,2026-05-10 19:06,2026-06-24,68,4.3,12,Scheduled
TMS-00248,Engineering,Guntakal-SEC-06,94.89,Formation failure,Medium,2026-06-10 14:38,2026-07-01,61,1.1,45,Scheduled
TMS-00249,Engineering,Guntur-SEC-04,61.83,Weld defect,Low,2026-08-09 01:45,2026-09-23,0,7.3,27,Scheduled
TMS-00250,Engineering,Secunderabad-SEC-01,31.29,Track geometry deviation,Medium,2026-08-08 18:52,2026-08-29,2,7.6,30,Scheduled
TMS-00251,Engineering,Guntakal-SEC-01,78.44,Level crossing surface damage,Medium,2026-07-20 13:00,2026-08-10,21,5.0,17,Open
TMS-00252,Engineering,Hyderabad-SEC-01,110.77,Level crossing surface damage,High,2026-08-16 07:03,2026-08-23,8,3.8,21,Scheduled
TMS-00253,Engineering,Vijayawada-SEC-01,57.38,Rail corrugation,Medium,2026-06-11 13:15,2026-07-02,60,2.5,40,Open
TMS-00254,Engineering,Vijayawada-SEC-06,91.42,Vegetation encroachment,Low,2026-06-03 04:00,2026-07-18,44,6.3,40,Completed
TMS-00255,Engineering,Secunderabad-SEC-05,110.07,Weld defect,Medium,2026-08-21 04:52,2026-09-11,0,5.9,5,Completed
TMS-00256,Engineering,Vijayawada-SEC-03,39.37,Points & crossing wear,High,2026-05-08 05:35,2026-05-15,108,4.8,30,Open
TMS-00257,Engineering,Guntur-SEC-05,97.04,Rail corrugation,Medium,2026-08-05 02:46,2026-08-26,5,7.3,10,Open
TMS-00258,Engineering,Guntakal-SEC-04,86.79,Sleeper damage,Critical,2026-07-04 03:28,2026-07-06,56,5.7,18,Completed
TMS-00259,Engineering,Guntakal-SEC-07,84.05,Points & crossing wear,Medium,2026-05-28 16:04,2026-06-18,74,1.3,5,Completed
TMS-00260,Engineering,Vijayawada-SEC-01,91.9,Level crossing surface damage,Critical,2026-08-23 06:48,2026-08-25,6,5.3,43,Completed
TMS-00261,Engineering,Guntur-SEC-01,45.08,Vegetation encroachment,Medium,2026-07-15 10:04,2026-08-05,26,7.4,44,Completed
TMS-00262,Engineering,Hyderabad-SEC-03,47.17,Ballast deficiency,Low,2026-08-14 00:12,2026-09-28,0,1.8,16,Completed
TMS-00263,Engineering,Hyderabad-SEC-03,50.9,Sleeper damage,Low,2026-05-27 23:10,2026-07-11,51,4.2,16,Open
TMS-00264,Engineering,Secunderabad-SEC-08,3.87,Vegetation encroachment,High,2026-07-18 18:21,2026-07-25,37,7.6,28,Scheduled
TMS-00265,Engineering,Hyderabad-SEC-07,4.03,Formation failure,High,2026-05-04 23:25,2026-05-11,112,1.5,45,Scheduled
TMS-00266,Engineering,Vijayawada-SEC-07,64.77,Rail fracture,Medium,2026-08-25 15:05,2026-09-15,0,3.8,10,Open
TMS-00267,Engineering,Guntakal-SEC-05,69.3,Vegetation encroachment,Low,2026-07-25 15:28,2026-09-08,0,6.1,22,Open
TMS-00268,Engineering,Guntur-SEC-03,36.06,Rail fracture,Low,2026-05-11 18:47,2026-06-25,67,4.6,37,Completed
TMS-00269,Engineering,Guntur-SEC-08,5.63,Fish plate loose,Medium,2026-05-11 17:37,2026-06-01,91,4.0,43,Scheduled
TMS-00270,Engineering,Vijayawada-SEC-02,35.99,Ballast deficiency,High,2026-05-23 04:54,2026-05-30,93,3.9,36,Open
TMS-00271,Engineering,Guntur-SEC-06,109.77,Points & crossing wear,High,2026-05-15 15:47,2026-05-22,101,6.0,28,Completed
TMS-00272,Engineering,Vijayawada-SEC-06,39.63,Weld defect,High,2026-06-21 04:42,2026-06-28,64,2.7,30,Completed
TMS-00273,Engineering,Guntakal-SEC-02,45.26,Formation failure,Medium,2026-08-20 04:29,2026-09-10,0,2.3,40,Open
TMS-00274,Engineering,Hyderabad-SEC-04,26.04,Track geometry deviation,Low,2026-08-22 17:08,2026-10-06,0,5.1,23,Open
TMS-00275,Engineering,Secunderabad-SEC-08,89.63,Rail corrugation,High,2026-05-07 23:26,2026-05-14,109,2.3,17,Scheduled
TMS-00276,Engineering,Guntakal-SEC-05,93.06,Sleeper damage,Medium,2026-06-02 16:33,2026-06-23,69,2.7,31,Open
TMS-00277,Engineering,Guntur-SEC-08,55.92,Level crossing surface damage,High,2026-07-17 12:46,2026-07-24,38,4.6,32,Scheduled
TMS-00278,Engineering,Hyderabad-SEC-05,103.69,Level crossing surface damage,Medium,2026-07-22 16:36,2026-08-12,19,3.9,11,Open
TMS-00279,Engineering,Vijayawada-SEC-02,23.54,Track geometry deviation,Medium,2026-06-22 02:44,2026-07-13,49,3.9,26,Scheduled
TMS-00280,Engineering,Guntakal-SEC-06,30.88,Rail corrugation,Medium,2026-07-31 05:49,2026-08-21,10,7.6,43,Scheduled
TMS-00281,Engineering,Vijayawada-SEC-01,86.44,Rail corrugation,Medium,2026-07-04 17:52,2026-07-25,37,3.5,13,Completed
TMS-00282,Engineering,Secunderabad-SEC-05,113.42,Vegetation encroachment,Low,2026-06-23 00:37,2026-08-07,24,4.7,5,Scheduled
TMS-00283,Engineering,Vijayawada-SEC-02,1.1,Points & crossing wear,Low,2026-07-10 18:59,2026-08-24,7,2.6,31,Open
TMS-00284,Engineering,Guntur-SEC-07,79.11,Rail fracture,Medium,2026-06-13 00:46,2026-07-04,58,5.3,2,Open
TMS-00285,Engineering,Hyderabad-SEC-03,117.3,Rail fracture,Critical,2026-07-10 23:34,2026-07-12,50,7.8,34,Completed
TMS-00286,Engineering,Secunderabad-SEC-07,110.17,Points & crossing wear,Low,2026-06-06 08:19,2026-07-21,41,7.4,11,Open
TMS-00287,Engineering,Guntur-SEC-02,9.48,Sleeper damage,High,2026-06-13 04:49,2026-06-20,72,3.5,31,Scheduled
TMS-00288,Engineering,Secunderabad-SEC-06,78.45,Vegetation encroachment,High,2026-06-03 15:46,2026-06-10,82,6.8,4,Open
TMS-00289,Engineering,Secunderabad-SEC-01,84.34,Weld defect,Medium,2026-07-14 10:16,2026-08-04,27,1.4,33,Completed
TMS-00290,Engineering,Secunderabad-SEC-07,107.37,Rail fracture,Medium,2026-06-10 11:56,2026-07-01,61,7.0,16,Open
TMS-00291,Engineering,Secunderabad-SEC-05,82.13,Rail wear beyond limit,Medium,2026-05-12 03:21,2026-06-02,90,1.3,36,Scheduled
TMS-00292,Engineering,Vijayawada-SEC-06,70.44,Level crossing surface damage,Low,2026-08-27 17:28,2026-10-11,0,3.2,27,Completed
TMS-00293,Engineering,Guntur-SEC-01,81.24,Points & crossing wear,Medium,2026-07-24 18:05,2026-08-14,17,5.0,23,Open
TMS-00294,Engineering,Secunderabad-SEC-06,60.1,Fish plate loose,Low,2026-05-29 18:54,2026-07-13,49,5.8,5,Open
TMS-00295,Engineering,Hyderabad-SEC-07,47.6,Fish plate loose,High,2026-08-02 21:13,2026-08-09,22,6.4,3,Scheduled
TMS-00296,Engineering,Guntur-SEC-01,51.82,Vegetation encroachment,Medium,2026-05-23 07:35,2026-06-13,79,3.5,39,Scheduled
TMS-00297,Engineering,Secunderabad-SEC-05,9.84,Ballast deficiency,High,2026-08-21 01:28,2026-08-28,3,2.7,26,Scheduled
TMS-00298,Engineering,Secunderabad-SEC-07,10.98,Rail wear beyond limit,Medium,2026-06-11 18:22,2026-07-02,60,3.2,30,Open
TMS-00299,Engineering,Guntur-SEC-05,66.84,Points & crossing wear,High,2026-07-28 20:16,2026-08-04,27,2.3,28,Open
TMS-00300,Engineering,Guntakal-SEC-05,103.65,Rail fracture,Medium,2026-08-20 11:06,2026-09-10,0,5.2,20,Open
TMS-00301,Engineering,Vijayawada-SEC-08,68.64,Ballast deficiency,Medium,2026-05-24 20:54,2026-06-14,78,4.9,45,Open
TMS-00302,Engineering,Secunderabad-SEC-05,20.06,Rail wear beyond limit,High,2026-08-14 14:12,2026-08-21,10,4.5,28,Open
TMS-00303,Engineering,Guntur-SEC-08,71.26,Track geometry deviation,Medium,2026-05-23 21:11,2026-06-13,79,7.6,31,Open
TMS-00304,Engineering,Hyderabad-SEC-08,45.59,Fish plate loose,Low,2026-07-24 23:45,2026-09-07,0,3.3,30,Open
TMS-00305,Engineering,Guntakal-SEC-05,72.39,Level crossing surface damage,Low,2026-05-19 00:17,2026-07-03,59,2.0,14,Open
TMS-00306,Engineering,Guntur-SEC-08,116.13,Track geometry deviation,Low,2026-08-09 09:30,2026-09-23,0,3.0,22,Open
TMS-00307,Engineering,Vijayawada-SEC-05,71.07,Points & crossing wear,Medium,2026-05-19 09:41,2026-06-09,83,7.5,13,Scheduled
TMS-00308,Engineering,Vijayawada-SEC-06,52.61,Rail wear beyond limit,Low,2026-06-22 23:01,2026-08-06,25,4.2,6,Completed
TMS-00309,Engineering,Guntakal-SEC-04,29.04,Vegetation encroachment,Medium,2026-05-22 09:06,2026-06-12,80,2.0,11,Scheduled
TMS-00310,Engineering,Guntur-SEC-07,69.87,Points & crossing wear,Critical,2026-05-22 10:16,2026-05-24,99,9.9,34,Completed
TMS-00311,Engineering,Guntakal-SEC-08,84.2,Points & crossing wear,Medium,2026-05-12 08:46,2026-06-02,90,6.5,40,Scheduled
TMS-00312,Engineering,Guntakal-SEC-07,19.96,Formation failure,Low,2026-08-21 20:01,2026-10-05,0,5.6,4,Scheduled
TMS-00313,Engineering,Guntur-SEC-04,12.71,Weld defect,Medium,2026-06-10 00:27,2026-07-01,61,6.3,18,Open
TMS-00314,Engineering,Vijayawada-SEC-07,53.49,Sleeper damage,Medium,2026-05-28 05:06,2026-06-18,74,5.8,31,Scheduled
TMS-00315,Engineering,Guntur-SEC-07,12.55,Sleeper damage,High,2026-06-17 05:46,2026-06-24,68,8.0,7,Open
TMS-00316,Engineering,Vijayawada-SEC-06,62.53,Fish plate loose,High,2026-05-03 18:50,2026-05-10,113,3.4,32,Open
TMS-00317,Engineering,Secunderabad-SEC-08,2.71,Fish plate loose,High,2026-05-31 07:31,2026-06-07,85,3.1,43,Open
TMS-00318,Engineering,Hyderabad-SEC-02,20.93,Ballast deficiency,Low,2026-05-21 18:00,2026-07-05,57,6.2,23,Scheduled
TMS-00319,Engineering,Vijayawada-SEC-04,76.86,Sleeper damage,Low,2026-07-03 15:33,2026-08-17,14,5.4,27,Open
TMS-00320,Engineering,Secunderabad-SEC-01,84.57,Track geometry deviation,Medium,2026-06-14 16:48,2026-07-05,57,4.0,19,Scheduled
TMS-00321,Engineering,Hyderabad-SEC-03,22.44,Fish plate loose,Medium,2026-05-20 21:43,2026-06-10,82,6.6,14,Open
TMS-00322,Engineering,Hyderabad-SEC-07,46.64,Sleeper damage,Medium,2026-07-29 06:10,2026-08-19,12,5.5,39,Open
TMS-00323,Engineering,Guntakal-SEC-04,110.24,Formation failure,Medium,2026-07-17 07:19,2026-08-07,24,6.7,7,Scheduled
TMS-00324,Engineering,Guntakal-SEC-08,83.21,Points & crossing wear,High,2026-07-22 19:42,2026-07-29,33,1.8,26,Open
TMS-00325,Engineering,Hyderabad-SEC-03,83.21,Vegetation encroachment,Medium,2026-08-14 03:04,2026-09-04,0,2.3,13,Scheduled
TMS-00326,Engineering,Guntur-SEC-05,74.33,Fish plate loose,High,2026-06-30 13:29,2026-07-07,55,3.2,2,Open
TMS-00327,Engineering,Guntur-SEC-08,49.1,Rail corrugation,Low,2026-08-07 10:01,2026-09-21,0,4.5,28,Scheduled
TMS-00328,Engineering,Vijayawada-SEC-07,35.05,Rail wear beyond limit,High,2026-07-06 06:12,2026-07-13,49,5.0,16,Open
TMS-00329,Engineering,Guntur-SEC-08,65.97,Weld defect,Medium,2026-08-10 07:20,2026-08-31,0,6.4,38,Open
TMS-00330,Engineering,Secunderabad-SEC-03,91.2,Rail corrugation,Low,2026-05-24 04:13,2026-07-08,54,3.6,36,Open
TMS-00331,Engineering,Vijayawada-SEC-08,35.73,Rail fracture,Medium,2026-07-08 20:16,2026-07-29,33,5.6,30,Open
TMS-00332,Engineering,Vijayawada-SEC-08,25.19,Level crossing surface damage,Medium,2026-05-13 20:49,2026-06-03,89,8.0,39,Scheduled
TMS-00333,Engineering,Vijayawada-SEC-01,94.18,Track geometry deviation,Medium,2026-05-13 01:46,2026-06-03,89,2.2,5,Scheduled
TMS-00334,Engineering,Guntakal-SEC-03,34.72,Rail wear beyond limit,Medium,2026-06-24 13:45,2026-07-15,47,2.2,34,Completed
TMS-00335,Engineering,Guntur-SEC-03,110.25,Rail wear beyond limit,High,2026-06-06 20:31,2026-06-13,79,6.3,43,Open
TMS-00336,Engineering,Vijayawada-SEC-08,91.38,Vegetation encroachment,High,2026-05-13 19:10,2026-05-20,103,6.0,27,Open
TMS-00337,Engineering,Guntur-SEC-05,9.06,Weld defect,High,2026-06-19 00:58,2026-06-26,66,3.9,27,Open
TMS-00338,Engineering,Hyderabad-SEC-06,0.3,Level crossing surface damage,Medium,2026-07-27 10:33,2026-08-17,14,4.4,7,Scheduled
TMS-00339,Engineering,Secunderabad-SEC-05,95.48,Sleeper damage,Medium,2026-07-04 00:53,2026-07-25,37,3.5,15,Completed
TMS-00340,Engineering,Guntakal-SEC-03,40.53,Formation failure,Medium,2026-05-18 16:17,2026-06-08,84,3.3,10,Scheduled
TMS-00341,Engineering,Secunderabad-SEC-03,11.95,Rail corrugation,Low,2026-06-30 11:29,2026-08-14,17,6.3,3,Open
TMS-00342,Engineering,Guntur-SEC-04,24.28,Level crossing surface damage,Medium,2026-05-14 18:14,2026-06-04,88,1.0,10,Completed
TMS-00343,Engineering,Secunderabad-SEC-06,78.55,Rail wear beyond limit,Low,2026-07-24 18:12,2026-09-07,0,7.1,7,Open
TMS-00344,Engineering,Guntakal-SEC-04,87.12,Track geometry deviation,High,2026-05-08 00:22,2026-05-15,108,3.8,29,Scheduled
TMS-00345,Engineering,Vijayawada-SEC-01,71.24,Points & crossing wear,Critical,2026-06-02 20:32,2026-06-04,88,5.8,45,Open
TMS-00346,Engineering,Guntur-SEC-04,83.28,Rail corrugation,Low,2026-08-30 11:29,2026-10-14,0,7.9,6,Open
TMS-00347,Engineering,Guntakal-SEC-04,16.46,Ballast deficiency,High,2026-08-20 20:16,2026-08-27,4,3.6,43,Completed
TMS-00348,Engineering,Vijayawada-SEC-03,52.81,Level crossing surface damage,Medium,2026-08-13 21:30,2026-09-03,0,1.1,15,Scheduled
TMS-00349,Engineering,Vijayawada-SEC-06,10.4,Weld defect,Medium,2026-08-12 09:00,2026-09-02,0,4.1,10,Scheduled
TMS-00350,Engineering,Vijayawada-SEC-01,29.73,Vegetation encroachment,Medium,2026-06-17 10:01,2026-07-08,54,4.0,7,Open
TMS-00351,Engineering,Secunderabad-SEC-02,101.75,Vegetation encroachment,Medium,2026-06-16 02:09,2026-07-07,55,3.0,21,Open
TMS-00352,Engineering,Secunderabad-SEC-04,94.06,Track geometry deviation,High,2026-06-15 05:26,2026-06-22,70,3.7,33,Open
TMS-00353,Engineering,Secunderabad-SEC-01,118.43,Fish plate loose,Medium,2026-08-01 05:48,2026-08-22,9,1.5,10,Open
TMS-00354,Engineering,Vijayawada-SEC-04,91.53,Weld defect,Medium,2026-05-16 03:18,2026-06-06,86,4.8,3,Scheduled
TMS-00355,Engineering,Guntur-SEC-02,60.79,Vegetation encroachment,High,2026-08-30 14:27,2026-09-06,0,7.5,34,Scheduled
TMS-00356,Engineering,Hyderabad-SEC-08,18.32,Weld defect,Critical,2026-07-08 09:21,2026-07-10,52,6.3,21,Open
TMS-00357,Engineering,Guntakal-SEC-05,46.89,Vegetation encroachment,Low,2026-05-06 16:36,2026-06-20,72,2.1,43,Scheduled
TMS-00358,Engineering,Vijayawada-SEC-08,6.95,Weld defect,Medium,2026-08-23 12:42,2026-09-13,0,6.1,29,Open
TMS-00359,Engineering,Vijayawada-SEC-04,14.33,Level crossing surface damage,Critical,2026-06-14 01:50,2026-06-16,76,7.3,10,Scheduled
TMS-00360,Engineering,Guntakal-SEC-01,20.04,Ballast deficiency,Low,2026-08-11 05:55,2026-09-25,0,4.7,19,Scheduled
TMS-00361,Engineering,Hyderabad-SEC-02,7.66,Level crossing surface damage,High,2026-08-16 22:55,2026-08-23,8,4.0,38,Scheduled
TMS-00362,Engineering,Hyderabad-SEC-05,20.03,Ballast deficiency,Medium,2026-06-29 07:25,2026-07-20,42,1.4,18,Scheduled
TMS-00363,Engineering,Hyderabad-SEC-01,0.31,Rail fracture,Medium,2026-05-09 03:06,2026-05-30,93,1.8,17,Open
TMS-00364,Engineering,Secunderabad-SEC-03,66.34,Level crossing surface damage,Low,2026-07-16 10:03,2026-08-30,1,2.3,43,Open
TMS-00365,Engineering,Guntakal-SEC-02,99.12,Formation failure,Medium,2026-07-21 14:57,2026-08-11,20,6.0,25,Open
TMS-00366,Engineering,Secunderabad-SEC-03,114.49,Weld defect,High,2026-06-06 22:04,2026-06-13,79,6.6,31,Completed
TMS-00367,Engineering,Secunderabad-SEC-01,44.27,Rail wear beyond limit,High,2026-05-24 12:41,2026-05-31,92,4.9,38,Scheduled
TMS-00368,Engineering,Guntur-SEC-08,119.73,Track geometry deviation,High,2026-05-29 01:19,2026-06-05,87,3.6,36,Scheduled
TMS-00369,Engineering,Vijayawada-SEC-07,64.99,Vegetation encroachment,Critical,2026-07-31 18:31,2026-08-02,29,5.3,2,Completed
TMS-00370,Engineering,Guntakal-SEC-04,12.47,Points & crossing wear,Medium,2026-08-31 00:04,2026-09-21,0,6.2,17,Open
TMS-00371,Engineering,Vijayawada-SEC-07,107.67,Points & crossing wear,Medium,2026-08-24 18:48,2026-09-14,0,1.7,28,Scheduled
TMS-00372,Engineering,Secunderabad-SEC-07,60.65,Vegetation encroachment,Low,2026-07-15 07:18,2026-08-29,2,1.6,27,Open
TMS-00373,Engineering,Vijayawada-SEC-08,35.0,Fish plate loose,Medium,2026-06-20 21:43,2026-07-11,51,7.7,27,Scheduled
TMS-00374,Engineering,Secunderabad-SEC-05,113.23,Ballast deficiency,High,2026-05-29 12:07,2026-06-05,87,2.9,39,Open
TMS-00375,Engineering,Secunderabad-SEC-08,64.31,Track geometry deviation,Medium,2026-08-18 18:00,2026-09-08,0,3.2,30,Open
TMS-00376,Engineering,Guntakal-SEC-04,99.17,Level crossing surface damage,Critical,2026-07-29 19:38,2026-07-31,31,8.5,40,Open
TMS-00377,Engineering,Guntakal-SEC-07,47.55,Rail fracture,High,2026-05-17 12:03,2026-05-24,99,6.0,45,Open
TMS-00378,Engineering,Guntur-SEC-05,66.71,Points & crossing wear,Critical,2026-05-19 17:40,2026-05-21,102,5.2,17,Open
TMS-00379,Engineering,Vijayawada-SEC-07,15.69,Sleeper damage,High,2026-08-18 18:54,2026-08-25,6,1.4,25,Scheduled
TMS-00380,Engineering,Secunderabad-SEC-05,2.62,Weld defect,Critical,2026-05-03 00:31,2026-05-05,118,6.7,14,Completed
TMS-00381,Engineering,Guntakal-SEC-06,14.7,Rail corrugation,Critical,2026-07-06 19:18,2026-07-08,54,8.8,5,Open
TMS-00382,Engineering,Secunderabad-SEC-02,45.93,Sleeper damage,Low,2026-06-19 08:13,2026-08-03,28,3.8,13,Open
TMS-00383,Engineering,Vijayawada-SEC-02,4.16,Formation failure,High,2026-05-07 17:11,2026-05-14,109,4.1,41,Open
TMS-00384,Engineering,Secunderabad-SEC-04,10.53,Sleeper damage,Medium,2026-07-25 05:50,2026-08-15,16,4.9,10,Open
TMS-00385,Engineering,Hyderabad-SEC-03,95.38,Sleeper damage,High,2026-06-10 04:51,2026-06-17,75,8.0,24,Open
TMS-00386,Engineering,Guntakal-SEC-05,46.61,Ballast deficiency,High,2026-05-23 06:21,2026-05-30,93,5.0,3,Open
TMS-00387,Engineering,Secunderabad-SEC-04,97.04,Rail corrugation,Low,2026-08-03 22:56,2026-09-17,0,6.4,35,Open
TMS-00388,Engineering,Vijayawada-SEC-08,31.98,Level crossing surface damage,Low,2026-06-18 15:31,2026-08-02,29,1.7,5,Scheduled
TMS-00389,Engineering,Guntakal-SEC-07,112.22,Ballast deficiency,Low,2026-08-03 03:02,2026-09-17,0,6.6,13,Open
TMS-00390,Engineering,Guntakal-SEC-07,113.71,Formation failure,Low,2026-07-22 10:56,2026-09-05,0,1.2,11,Scheduled
TMS-00391,Engineering,Secunderabad-SEC-03,10.83,Track geometry deviation,Medium,2026-08-07 06:04,2026-08-28,3,2.2,40,Open
TMS-00392,Engineering,Vijayawada-SEC-05,96.77,Fish plate loose,Critical,2026-06-25 06:35,2026-06-27,65,9.3,13,Completed
TMS-00393,Engineering,Vijayawada-SEC-02,92.92,Points & crossing wear,Critical,2026-05-15 12:13,2026-05-17,106,3.2,25,Completed
TMS-00394,Engineering,Guntakal-SEC-05,16.37,Ballast deficiency,Medium,2026-07-15 09:35,2026-08-05,26,3.4,29,Scheduled
TMS-00395,Engineering,Hyderabad-SEC-04,83.23,Formation failure,High,2026-06-30 00:21,2026-07-07,55,6.0,24,Open
TMS-00396,Engineering,Guntakal-SEC-03,15.28,Level crossing surface damage,Medium,2026-06-17 17:36,2026-07-08,54,6.1,2,Completed
TMS-00397,Engineering,Hyderabad-SEC-05,3.89,Formation failure,Low,2026-06-19 09:44,2026-08-03,28,6.4,22,Completed
TMS-00398,Engineering,Guntur-SEC-08,16.88,Level crossing surface damage,Medium,2026-06-14 15:57,2026-07-05,57,1.7,6,Open
TMS-00399,Engineering,Guntakal-SEC-06,53.6,Rail wear beyond limit,Medium,2026-07-22 17:53,2026-08-12,19,7.7,15,Open
TMS-00400,Engineering,Secunderabad-SEC-01,5.78,Rail corrugation,High,2026-08-23 11:14,2026-08-30,1,1.8,28,Completed
TMS-00401,Engineering,Hyderabad-SEC-03,45.04,Rail corrugation,Medium,2026-05-10 08:55,2026-05-31,92,3.7,38,Scheduled
TMS-00402,Engineering,Secunderabad-SEC-03,35.39,Fish plate loose,High,2026-06-05 15:47,2026-06-12,80,1.5,18,Completed
TMS-00403,Engineering,Secunderabad-SEC-05,65.65,Weld defect,High,2026-08-22 11:33,2026-08-29,2,3.6,23,Scheduled
TMS-00404,Engineering,Vijayawada-SEC-03,72.88,Sleeper damage,Medium,2026-06-14 06:25,2026-07-05,57,4.0,12,Open
TMS-00405,Engineering,Hyderabad-SEC-04,86.64,Level crossing surface damage,Low,2026-07-20 16:30,2026-09-03,0,3.9,36,Open
TMS-00406,Engineering,Hyderabad-SEC-05,65.96,Rail corrugation,High,2026-07-26 13:10,2026-08-02,29,1.3,11,Open
TMS-00407,Engineering,Hyderabad-SEC-07,57.64,Weld defect,Critical,2026-08-31 08:25,2026-09-02,0,8.6,3,Open
TMS-00408,Engineering,Secunderabad-SEC-08,37.0,Sleeper damage,Low,2026-06-11 13:22,2026-07-26,36,4.3,32,Open
TMS-00409,Engineering,Vijayawada-SEC-04,44.52,Sleeper damage,Critical,2026-06-08 14:21,2026-06-10,82,6.4,25,Open
TMS-00410,Engineering,Guntakal-SEC-02,67.71,Ballast deficiency,Medium,2026-08-26 14:24,2026-09-16,0,2.8,44,Open
TMS-00411,Engineering,Hyderabad-SEC-06,27.3,Rail fracture,Low,2026-06-07 11:28,2026-07-22,40,3.9,26,Completed
TMS-00412,Engineering,Hyderabad-SEC-05,105.8,Rail corrugation,Medium,2026-07-09 04:30,2026-07-30,32,7.6,21,Open
TMS-00413,Engineering,Hyderabad-SEC-05,81.3,Formation failure,Medium,2026-05-08 22:44,2026-05-29,94,7.3,11,Open
TMS-00414,Engineering,Vijayawada-SEC-06,97.02,Ballast deficiency,High,2026-05-27 07:39,2026-06-03,89,7.9,4,Open
TMS-00415,Engineering,Vijayawada-SEC-02,100.09,Rail wear beyond limit,High,2026-06-05 08:08,2026-06-12,80,6.8,22,Completed
TMS-00416,Engineering,Hyderabad-SEC-04,39.14,Rail wear beyond limit,Critical,2026-05-06 21:33,2026-05-08,115,6.5,35,Open
TMS-00417,Engineering,Hyderabad-SEC-02,93.8,Weld defect,Low,2026-05-12 23:33,2026-06-26,66,5.4,28,Open
TMS-00418,Engineering,Secunderabad-SEC-07,110.99,Formation failure,Medium,2026-06-20 02:35,2026-07-11,51,7.8,8,Scheduled
TMS-00419,Engineering,Guntakal-SEC-01,45.97,Rail corrugation,Low,2026-05-12 04:29,2026-06-26,66,7.1,38,Scheduled
TMS-00420,Engineering,Hyderabad-SEC-07,81.7,Sleeper damage,High,2026-08-27 17:43,2026-09-03,0,2.0,4,Open
TMS-00421,Engineering,Guntur-SEC-07,110.5,Fish plate loose,Medium,2026-05-11 11:55,2026-06-01,91,1.3,3,Open
TMS-00422,Engineering,Secunderabad-SEC-07,116.7,Track geometry deviation,High,2026-05-22 12:57,2026-05-29,94,6.9,10,Open
TMS-00423,Engineering,Guntur-SEC-03,72.6,Weld defect,Low,2026-05-28 07:52,2026-07-12,50,3.2,14,Open
TMS-00424,Engineering,Guntakal-SEC-08,98.52,Points & crossing wear,Medium,2026-05-07 09:10,2026-05-28,95,6.3,12,Open
TMS-00425,Engineering,Hyderabad-SEC-02,105.52,Rail fracture,Medium,2026-06-02 05:32,2026-06-23,69,6.5,13,Open
TMS-00426,Engineering,Guntur-SEC-06,6.07,Fish plate loose,Low,2026-05-17 16:41,2026-07-01,61,2.7,14,Open
TMS-00427,Engineering,Secunderabad-SEC-08,81.74,Track geometry deviation,Medium,2026-05-18 07:05,2026-06-08,84,5.4,25,Open
TMS-00428,Engineering,Hyderabad-SEC-04,41.97,Ballast deficiency,Low,2026-07-05 17:32,2026-08-19,12,4.3,18,Scheduled
TMS-00429,Engineering,Vijayawada-SEC-03,102.46,Track geometry deviation,High,2026-06-04 20:42,2026-06-11,81,3.7,16,Scheduled
TMS-00430,Engineering,Secunderabad-SEC-02,103.76,Vegetation encroachment,High,2026-06-06 16:28,2026-06-13,79,3.9,2,Open
TMS-00431,Engineering,Vijayawada-SEC-07,30.29,Rail wear beyond limit,High,2026-08-15 00:25,2026-08-22,9,6.6,43,Open
TMS-00432,Engineering,Vijayawada-SEC-06,56.0,Vegetation encroachment,Low,2026-05-09 10:17,2026-06-23,69,4.2,35,Completed
TMS-00433,Engineering,Guntakal-SEC-08,67.37,Formation failure,High,2026-07-12 02:43,2026-07-19,43,4.6,40,Open
TMS-00434,Engineering,Guntakal-SEC-02,76.87,Rail wear beyond limit,Medium,2026-06-05 20:03,2026-06-26,66,3.4,18,Scheduled
TMS-00435,Engineering,Vijayawada-SEC-08,107.96,Formation failure,High,2026-05-09 00:16,2026-05-16,107,2.0,27,Scheduled
TMS-00436,Engineering,Guntakal-SEC-03,31.13,Sleeper damage,Medium,2026-06-05 18:54,2026-06-26,66,5.6,27,Open
TMS-00437,Engineering,Vijayawada-SEC-05,41.18,Level crossing surface damage,Medium,2026-08-27 02:46,2026-09-17,0,5.0,16,Scheduled
TMS-00438,Engineering,Hyderabad-SEC-01,36.02,Ballast deficiency,Low,2026-06-11 06:40,2026-07-26,36,5.7,44,Completed
TMS-00439,Engineering,Guntakal-SEC-01,87.02,Points & crossing wear,Critical,2026-08-08 13:18,2026-08-10,21,3.0,13,Completed
TMS-00440,Engineering,Vijayawada-SEC-07,89.31,Rail wear beyond limit,Medium,2026-05-08 11:46,2026-05-29,94,2.6,28,Scheduled
TMS-00441,Engineering,Secunderabad-SEC-08,56.46,Vegetation encroachment,High,2026-07-20 10:28,2026-07-27,35,3.1,39,Scheduled
TMS-00442,Engineering,Secunderabad-SEC-08,104.1,Sleeper damage,Medium,2026-06-13 21:24,2026-07-04,58,2.4,35,Open
TMS-00443,Engineering,Guntur-SEC-03,118.46,Rail corrugation,High,2026-08-25 18:30,2026-09-01,0,2.4,11,Open
TMS-00444,Engineering,Vijayawada-SEC-04,37.61,Rail fracture,Low,2026-06-01 17:26,2026-07-16,46,4.4,2,Open
TMS-00445,Engineering,Secunderabad-SEC-06,15.53,Sleeper damage,Medium,2026-08-05 17:51,2026-08-26,5,2.1,42,Open
TMS-00446,Engineering,Vijayawada-SEC-05,87.68,Rail fracture,Medium,2026-07-08 06:37,2026-07-29,33,1.3,22,Scheduled
TMS-00447,Engineering,Vijayawada-SEC-08,27.15,Fish plate loose,Critical,2026-06-25 17:03,2026-06-27,65,2.0,21,Open
TMS-00448,Engineering,Secunderabad-SEC-03,35.78,Rail wear beyond limit,Medium,2026-07-13 05:40,2026-08-03,28,2.2,31,Scheduled
TMS-00449,Engineering,Vijayawada-SEC-01,41.13,Rail corrugation,High,2026-06-16 04:55,2026-06-23,69,7.2,24,Scheduled
TMS-00450,Engineering,Vijayawada-SEC-01,25.34,Rail fracture,Critical,2026-08-10 09:18,2026-08-12,19,3.8,39,Open
TMS-00451,Engineering,Guntur-SEC-01,105.19,Rail wear beyond limit,Medium,2026-08-16 10:39,2026-09-06,0,6.5,36,Scheduled
TMS-00452,Engineering,Secunderabad-SEC-02,5.79,Weld defect,Medium,2026-06-16 22:15,2026-07-07,55,5.6,28,Open
TMS-00453,Engineering,Vijayawada-SEC-06,83.42,Vegetation encroachment,High,2026-08-16 04:04,2026-08-23,8,5.9,2,Open
TMS-00454,Engineering,Hyderabad-SEC-07,84.09,Sleeper damage,Medium,2026-06-08 20:19,2026-06-29,63,2.9,8,Open
TMS-00455,Engineering,Guntur-SEC-08,23.84,Track geometry deviation,High,2026-06-13 19:42,2026-06-20,72,6.5,18,Completed
TMS-00456,Engineering,Secunderabad-SEC-03,65.78,Track geometry deviation,Medium,2026-08-06 10:58,2026-08-27,4,3.1,32,Open
TMS-00457,Engineering,Hyderabad-SEC-05,80.28,Ballast deficiency,Medium,2026-08-31 23:32,2026-09-21,0,7.3,7,Scheduled
TMS-00458,Engineering,Guntur-SEC-06,118.64,Rail wear beyond limit,Low,2026-08-22 20:18,2026-10-06,0,5.5,18,Open
TMS-00459,Engineering,Guntakal-SEC-08,96.19,Fish plate loose,Low,2026-08-19 17:38,2026-10-03,0,7.0,29,Scheduled
TMS-00460,Engineering,Vijayawada-SEC-03,39.44,Rail corrugation,Critical,2026-08-19 22:19,2026-08-21,10,3.1,41,Open
TMS-00461,Engineering,Secunderabad-SEC-08,48.09,Rail corrugation,Medium,2026-05-30 20:36,2026-06-20,72,3.4,19,Completed
TMS-00462,Engineering,Vijayawada-SEC-03,13.57,Level crossing surface damage,Low,2026-06-04 06:35,2026-07-19,43,5.5,5,Completed
TMS-00463,Engineering,Guntur-SEC-07,96.27,Vegetation encroachment,High,2026-05-15 18:11,2026-05-22,101,7.4,30,Open
TMS-00464,Engineering,Vijayawada-SEC-01,57.97,Rail corrugation,Medium,2026-07-14 10:56,2026-08-04,27,7.0,9,Completed
TMS-00465,Engineering,Secunderabad-SEC-01,84.55,Vegetation encroachment,Critical,2026-07-06 22:19,2026-07-08,54,7.2,35,Scheduled
TMS-00466,Engineering,Guntakal-SEC-06,62.29,Level crossing surface damage,High,2026-06-19 03:25,2026-06-26,66,7.7,41,Open
TMS-00467,Engineering,Guntur-SEC-01,17.84,Points & crossing wear,Medium,2026-06-08 14:56,2026-06-29,63,5.6,41,Open
TMS-00468,Engineering,Guntur-SEC-08,104.33,Weld defect,Medium,2026-06-10 18:17,2026-07-01,61,4.3,33,Open
TMS-00469,Engineering,Guntur-SEC-01,48.39,Track geometry deviation,Critical,2026-07-20 13:52,2026-07-22,40,3.8,7,Open
TMS-00470,Engineering,Guntur-SEC-05,37.93,Rail corrugation,Medium,2026-05-21 03:08,2026-06-11,81,7.0,43,Open
TMS-00471,Engineering,Secunderabad-SEC-06,95.01,Formation failure,Critical,2026-07-11 08:59,2026-07-13,49,6.4,42,Open
TMS-00472,Engineering,Guntakal-SEC-06,43.6,Rail fracture,High,2026-06-27 03:31,2026-07-04,58,5.7,16,Completed
TMS-00473,Engineering,Guntakal-SEC-08,85.91,Weld defect,Low,2026-07-20 03:36,2026-09-03,0,5.2,8,Scheduled
TMS-00474,Engineering,Guntakal-SEC-03,65.72,Fish plate loose,High,2026-08-03 23:55,2026-08-10,21,6.8,8,Open
TMS-00475,Engineering,Guntur-SEC-03,12.84,Formation failure,High,2026-08-10 06:04,2026-08-17,14,6.0,14,Open
TMS-00476,Engineering,Vijayawada-SEC-05,86.01,Weld defect,High,2026-05-04 09:41,2026-05-11,112,6.8,28,Open
TMS-00477,Engineering,Guntur-SEC-06,79.01,Points & crossing wear,High,2026-06-11 02:33,2026-06-18,74,7.2,10,Completed
TMS-00478,Engineering,Guntur-SEC-04,100.66,Rail corrugation,Medium,2026-08-31 04:41,2026-09-21,0,4.9,34,Scheduled
TMS-00479,Engineering,Vijayawada-SEC-01,12.43,Vegetation encroachment,Medium,2026-05-07 17:32,2026-05-28,95,2.2,40,Scheduled
TMS-00480,Engineering,Hyderabad-SEC-07,109.91,Track geometry deviation,Low,2026-07-21 05:38,2026-09-04,0,3.9,19,Open
TMS-00481,Engineering,Guntur-SEC-03,72.3,Level crossing surface damage,Medium,2026-07-19 13:17,2026-08-09,22,1.9,34,Open
TMS-00482,Engineering,Hyderabad-SEC-04,75.91,Track geometry deviation,Low,2026-06-03 04:03,2026-07-18,44,6.0,15,Scheduled
TMS-00483,Engineering,Vijayawada-SEC-04,60.47,Level crossing surface damage,Low,2026-07-25 11:25,2026-09-08,0,1.9,42,Open
TMS-00484,Engineering,Guntur-SEC-03,80.91,Points & crossing wear,Medium,2026-08-17 11:10,2026-09-07,0,5.1,20,Completed
TMS-00485,Engineering,Vijayawada-SEC-02,6.37,Rail fracture,Medium,2026-07-08 23:32,2026-07-29,33,1.2,14,Open
TMS-00486,Engineering,Vijayawada-SEC-02,100.73,Level crossing surface damage,Low,2026-05-23 18:08,2026-07-07,55,5.8,20,Open
TMS-00487,Engineering,Hyderabad-SEC-08,104.16,Level crossing surface damage,Medium,2026-06-23 22:49,2026-07-14,48,4.2,37,Completed
TMS-00488,Engineering,Guntakal-SEC-03,83.15,Rail fracture,Medium,2026-05-28 00:26,2026-06-18,74,2.7,26,Open
TMS-00489,Engineering,Guntakal-SEC-01,24.37,Rail corrugation,Low,2026-05-23 12:37,2026-07-07,55,1.4,16,Completed
TMS-00490,Engineering,Hyderabad-SEC-07,23.58,Level crossing surface damage,Medium,2026-06-02 00:25,2026-06-23,69,5.1,14,Open
TMS-00491,Engineering,Hyderabad-SEC-01,14.32,Rail fracture,High,2026-08-09 21:17,2026-08-16,15,2.2,29,Open
TMS-00492,Engineering,Secunderabad-SEC-01,39.67,Level crossing surface damage,High,2026-07-29 19:15,2026-08-05,26,6.9,11,Open
TMS-00493,Engineering,Hyderabad-SEC-08,101.18,Rail wear beyond limit,Medium,2026-05-05 12:15,2026-05-26,97,6.4,33,Scheduled
TMS-00494,Engineering,Hyderabad-SEC-02,26.4,Ballast deficiency,Critical,2026-06-22 10:57,2026-06-24,68,7.7,35,Open
TMS-00495,Engineering,Secunderabad-SEC-06,41.93,Track geometry deviation,Medium,2026-06-28 18:11,2026-07-19,43,4.8,44,Open
TMS-00496,Engineering,Hyderabad-SEC-02,56.98,Points & crossing wear,High,2026-07-16 13:18,2026-07-23,39,6.3,43,Open
TMS-00497,Engineering,Hyderabad-SEC-08,110.23,Track geometry deviation,Medium,2026-06-07 11:24,2026-06-28,64,7.3,4,Scheduled
TMS-00498,Engineering,Guntur-SEC-01,30.79,Level crossing surface damage,Low,2026-07-21 10:06,2026-09-04,0,7.6,20,Open
TMS-00499,Engineering,Guntur-SEC-08,5.26,Vegetation encroachment,Medium,2026-06-26 10:20,2026-07-17,45,4.6,14,Open
TMS-00500,Engineering,Hyderabad-SEC-03,63.98,Vegetation encroachment,High,2026-08-21 20:30,2026-08-28,3,7.7,6,Open
TMS-00501,Engineering,Secunderabad-SEC-07,24.67,Level crossing surface damage,Low,2026-06-12 16:14,2026-07-27,35,4.0,29,Scheduled
TMS-00502,Engineering,Guntur-SEC-06,86.02,Rail fracture,Medium,2026-05-03 21:22,2026-05-24,99,2.1,7,Open
TMS-00503,Engineering,Vijayawada-SEC-07,109.32,Sleeper damage,Medium,2026-08-09 14:49,2026-08-30,1,5.0,26,Open
TMS-00504,Engineering,Secunderabad-SEC-08,64.18,Vegetation encroachment,High,2026-07-11 08:14,2026-07-18,44,3.7,41,Open
TMS-00505,Engineering,Guntakal-SEC-07,111.37,Weld defect,Critical,2026-05-28 02:40,2026-05-30,93,8.8,20,Scheduled
TMS-00506,Engineering,Guntur-SEC-05,45.77,Vegetation encroachment,Critical,2026-07-24 01:54,2026-07-26,36,8.1,3,Open
TMS-00507,Engineering,Hyderabad-SEC-03,35.4,Vegetation encroachment,High,2026-06-24 15:59,2026-07-01,61,3.7,11,Open
TMS-00508,Engineering,Hyderabad-SEC-04,104.97,Ballast deficiency,Medium,2026-05-10 00:24,2026-05-31,92,7.6,9,Open
TMS-00509,Engineering,Secunderabad-SEC-06,36.56,Level crossing surface damage,Medium,2026-06-19 02:16,2026-07-10,52,4.8,24,Open
TMS-00510,Engineering,Vijayawada-SEC-04,26.49,Rail wear beyond limit,Low,2026-05-08 00:28,2026-06-22,70,2.0,14,Open
TMS-00511,Engineering,Hyderabad-SEC-04,55.35,Points & crossing wear,Low,2026-06-07 03:20,2026-07-22,40,7.0,6,Open
TMS-00512,Engineering,Guntur-SEC-08,114.18,Fish plate loose,Critical,2026-08-23 14:52,2026-08-25,6,7.8,10,Scheduled
TMS-00513,Engineering,Vijayawada-SEC-05,38.13,Rail corrugation,High,2026-08-01 20:21,2026-08-08,23,1.5,23,Scheduled
TMS-00514,Engineering,Guntakal-SEC-05,115.04,Ballast deficiency,High,2026-07-23 02:43,2026-07-30,32,5.0,2,Open
TMS-00515,Engineering,Guntakal-SEC-02,100.81,Ballast deficiency,Medium,2026-05-23 15:56,2026-06-13,79,5.5,45,Scheduled
TMS-00516,Engineering,Guntakal-SEC-04,58.44,Weld defect,Medium,2026-05-11 06:31,2026-06-01,91,3.5,13,Scheduled
TMS-00517,Engineering,Hyderabad-SEC-03,23.57,Level crossing surface damage,Low,2026-08-21 13:47,2026-10-05,0,2.0,42,Open
TMS-00518,Engineering,Hyderabad-SEC-06,69.47,Formation failure,Low,2026-08-22 23:19,2026-10-06,0,5.4,15,Completed
TMS-00519,Engineering,Guntur-SEC-07,78.47,Ballast deficiency,Medium,2026-06-22 14:30,2026-07-13,49,8.0,25,Open
TMS-00520,Engineering,Guntur-SEC-06,60.13,Weld defect,Medium,2026-05-09 02:32,2026-05-30,93,3.0,27,Open
TMS-00521,Engineering,Hyderabad-SEC-08,82.1,Points & crossing wear,Low,2026-08-30 15:18,2026-10-14,0,6.6,10,Open
TMS-00522,Engineering,Vijayawada-SEC-02,88.31,Rail corrugation,Low,2026-08-09 03:22,2026-09-23,0,5.6,24,Open
TMS-00523,Engineering,Vijayawada-SEC-07,5.14,Track geometry deviation,High,2026-05-26 06:14,2026-06-02,90,2.9,35,Completed
TMS-00524,Engineering,Secunderabad-SEC-03,4.79,Vegetation encroachment,Medium,2026-07-16 09:52,2026-08-06,25,4.2,22,Open
TMS-00525,Engineering,Guntakal-SEC-01,69.44,Formation failure,Low,2026-06-26 00:55,2026-08-10,21,6.8,13,Open
TMS-00526,Engineering,Secunderabad-SEC-05,62.0,Sleeper damage,Medium,2026-07-14 10:42,2026-08-04,27,7.3,16,Open
TMS-00527,Engineering,Hyderabad-SEC-07,0.79,Ballast deficiency,Medium,2026-07-17 11:26,2026-08-07,24,4.4,30,Open
TMS-00528,Engineering,Vijayawada-SEC-04,18.88,Formation failure,Medium,2026-08-22 05:15,2026-09-12,0,2.5,9,Scheduled
TMS-00529,Engineering,Guntur-SEC-07,57.48,Formation failure,Medium,2026-07-09 11:58,2026-07-30,32,4.4,12,Scheduled
TMS-00530,Engineering,Hyderabad-SEC-06,19.34,Vegetation encroachment,High,2026-07-10 23:10,2026-07-17,45,1.9,34,Open
TMS-00531,Engineering,Vijayawada-SEC-04,62.0,Sleeper damage,Critical,2026-06-19 18:39,2026-06-21,71,4.1,40,Completed
TMS-00532,Engineering,Guntakal-SEC-03,113.67,Track geometry deviation,Low,2026-06-11 23:19,2026-07-26,36,6.1,30,Scheduled
TMS-00533,Engineering,Hyderabad-SEC-07,17.13,Formation failure,High,2026-07-02 06:27,2026-07-09,53,6.8,13,Scheduled
TMS-00534,Engineering,Guntur-SEC-06,71.58,Weld defect,High,2026-06-27 14:22,2026-07-04,58,5.8,16,Open
TMS-00535,Engineering,Hyderabad-SEC-01,82.12,Ballast deficiency,Critical,2026-08-15 20:02,2026-08-17,14,6.2,40,Open
TMS-00536,Engineering,Hyderabad-SEC-03,60.4,Weld defect,Medium,2026-07-02 01:37,2026-07-23,39,7.1,7,Open
TMS-00537,Engineering,Guntur-SEC-04,62.65,Fish plate loose,Medium,2026-08-15 02:01,2026-09-05,0,1.0,4,Scheduled
TMS-00538,Engineering,Guntur-SEC-01,42.06,Level crossing surface damage,Low,2026-07-08 15:38,2026-08-22,9,4.4,38,Open
TMS-00539,Engineering,Secunderabad-SEC-06,33.99,Points & crossing wear,Medium,2026-08-14 14:44,2026-09-04,0,2.6,28,Open
TMS-00540,Engineering,Secunderabad-SEC-01,45.0,Track geometry deviation,Medium,2026-08-31 23:44,2026-09-21,0,1.8,22,Open
TMS-00541,Engineering,Guntakal-SEC-01,102.6,Sleeper damage,Medium,2026-08-18 18:21,2026-09-08,0,5.1,38,Open
TMS-00542,Engineering,Hyderabad-SEC-04,57.9,Fish plate loose,Low,2026-07-27 09:31,2026-09-10,0,3.9,37,Scheduled
TMS-00543,Engineering,Guntur-SEC-02,88.29,Vegetation encroachment,Medium,2026-07-30 12:50,2026-08-20,11,6.4,9,Scheduled
TMS-00544,Engineering,Guntakal-SEC-06,96.1,Formation failure,High,2026-07-05 18:06,2026-07-12,50,4.6,45,Scheduled
TMS-00545,Engineering,Secunderabad-SEC-06,98.79,Rail corrugation,Low,2026-08-11 09:50,2026-09-25,0,1.0,40,Open
TMS-00546,Engineering,Secunderabad-SEC-03,86.94,Sleeper damage,High,2026-08-23 14:25,2026-08-30,1,1.6,41,Scheduled
TMS-00547,Engineering,Vijayawada-SEC-04,76.83,Rail corrugation,Critical,2026-07-26 02:14,2026-07-28,34,8.2,2,Open
TMS-00548,Engineering,Hyderabad-SEC-07,61.27,Level crossing surface damage,High,2026-06-08 05:08,2026-06-15,77,1.2,16,Scheduled
TMS-00549,Engineering,Vijayawada-SEC-03,10.42,Rail wear beyond limit,Medium,2026-06-06 22:41,2026-06-27,65,5.6,27,Open
TMS-00550,Engineering,Secunderabad-SEC-05,110.3,Points & crossing wear,Medium,2026-07-12 09:14,2026-08-02,29,4.6,20,Scheduled
TMS-00551,Engineering,Guntakal-SEC-02,27.16,Track geometry deviation,High,2026-06-21 02:46,2026-06-28,64,7.7,31,Completed
TMS-00552,Engineering,Secunderabad-SEC-07,67.04,Points & crossing wear,High,2026-06-19 23:49,2026-06-26,66,3.8,20,Open
TMS-00553,Engineering,Hyderabad-SEC-05,30.02,Rail corrugation,Low,2026-08-17 05:18,2026-10-01,0,7.1,26,Scheduled
TMS-00554,Engineering,Guntur-SEC-06,81.79,Formation failure,Low,2026-05-25 15:08,2026-07-09,53,7.7,3,Open
TMS-00555,Engineering,Vijayawada-SEC-07,81.23,Track geometry deviation,Medium,2026-07-29 21:32,2026-08-19,12,6.5,22,Open
TMS-00556,Engineering,Guntakal-SEC-01,29.79,Weld defect,Medium,2026-07-17 05:11,2026-08-07,24,5.9,27,Scheduled
TMS-00557,Engineering,Guntur-SEC-07,37.66,Track geometry deviation,Critical,2026-05-18 11:32,2026-05-20,103,9.5,38,Open
TMS-00558,Engineering,Vijayawada-SEC-08,104.73,Track geometry deviation,Medium,2026-05-28 17:04,2026-06-18,74,2.4,16,Open
TMS-00559,Engineering,Secunderabad-SEC-08,110.42,Vegetation encroachment,Medium,2026-07-31 01:28,2026-08-21,10,6.5,44,Open
TMS-00560,Engineering,Guntakal-SEC-08,74.48,Rail corrugation,Low,2026-08-31 04:17,2026-10-15,0,6.9,38,Completed
TMS-00561,Engineering,Guntakal-SEC-02,47.75,Formation failure,Low,2026-06-30 17:20,2026-08-14,17,7.4,10,Open
TMS-00562,Engineering,Hyderabad-SEC-01,41.67,Vegetation encroachment,Medium,2026-05-21 08:35,2026-06-11,81,4.8,13,Open
TMS-00563,Engineering,Secunderabad-SEC-01,80.89,Sleeper damage,Medium,2026-08-16 05:07,2026-09-06,0,5.8,39,Open
TMS-00564,Engineering,Guntakal-SEC-01,28.46,Rail corrugation,Low,2026-07-16 01:41,2026-08-30,1,2.3,41,Open
TMS-00565,Engineering,Guntakal-SEC-08,43.81,Sleeper damage,Medium,2026-08-08 05:50,2026-08-29,2,3.9,19,Open
TMS-00566,Engineering,Secunderabad-SEC-07,86.5,Track geometry deviation,Low,2026-06-19 19:13,2026-08-03,28,5.8,37,Open
TMS-00567,Engineering,Vijayawada-SEC-02,56.76,Rail fracture,High,2026-07-14 16:51,2026-07-21,41,7.7,13,Open
TMS-00568,Engineering,Guntur-SEC-08,36.0,Points & crossing wear,Medium,2026-08-14 01:02,2026-09-04,0,6.0,38,Open
TMS-00569,Engineering,Guntur-SEC-07,100.68,Weld defect,Critical,2026-08-19 18:03,2026-08-21,10,8.5,30,Scheduled
TMS-00570,Engineering,Guntakal-SEC-01,41.3,Sleeper damage,Medium,2026-07-29 10:51,2026-08-19,12,4.9,9,Open
TMS-00571,Engineering,Hyderabad-SEC-03,20.94,Rail wear beyond limit,High,2026-06-06 01:57,2026-06-13,79,5.0,24,Open
TMS-00572,Engineering,Secunderabad-SEC-06,45.73,Rail wear beyond limit,Low,2026-06-27 06:15,2026-08-11,20,4.1,31,Scheduled
TMS-00573,Engineering,Guntur-SEC-03,75.75,Formation failure,Medium,2026-08-13 17:53,2026-09-03,0,7.5,27,Completed
TMS-00574,Engineering,Guntakal-SEC-05,78.36,Level crossing surface damage,High,2026-08-22 21:07,2026-08-29,2,2.6,19,Scheduled
TMS-00575,Engineering,Guntakal-SEC-08,89.75,Points & crossing wear,Low,2026-07-12 14:07,2026-08-26,5,6.5,30,Open
TMS-00576,Engineering,Guntakal-SEC-01,112.85,Level crossing surface damage,High,2026-08-08 23:09,2026-08-15,16,2.6,7,Open
TMS-00577,Engineering,Guntur-SEC-07,65.81,Rail fracture,Critical,2026-07-12 20:14,2026-07-14,48,9.5,27,Open
TMS-00578,Engineering,Guntur-SEC-01,37.12,Track geometry deviation,High,2026-08-21 20:12,2026-08-28,3,2.1,20,Open
TMS-00579,Engineering,Secunderabad-SEC-03,79.63,Fish plate loose,Medium,2026-08-15 19:13,2026-09-05,0,2.2,32,Open
TMS-00580,Engineering,Vijayawada-SEC-01,116.35,Level crossing surface damage,Low,2026-05-12 04:19,2026-06-26,66,4.8,36,Open
TMS-00581,Engineering,Hyderabad-SEC-05,52.2,Vegetation encroachment,Medium,2026-06-16 07:22,2026-07-07,55,5.5,42,Open
TMS-00582,Engineering,Secunderabad-SEC-06,53.02,Fish plate loose,Medium,2026-05-07 11:21,2026-05-28,95,2.6,28,Open
TMS-00583,Engineering,Vijayawada-SEC-01,41.27,Rail corrugation,Critical,2026-07-24 23:36,2026-07-26,36,8.5,36,Open
TMS-00584,Engineering,Secunderabad-SEC-01,91.9,Rail wear beyond limit,Low,2026-05-05 06:05,2026-06-19,73,4.3,40,Open
TMS-00585,Engineering,Hyderabad-SEC-04,52.45,Track geometry deviation,Medium,2026-08-31 04:02,2026-09-21,0,3.9,12,Scheduled
TMS-00586,Engineering,Secunderabad-SEC-06,50.67,Track geometry deviation,Low,2026-06-10 09:48,2026-07-25,37,2.5,35,Scheduled
TMS-00587,Engineering,Guntakal-SEC-03,77.81,Points & crossing wear,Low,2026-05-07 01:40,2026-06-21,71,5.8,19,Open
TMS-00588,Engineering,Guntur-SEC-06,74.13,Rail wear beyond limit,High,2026-05-14 21:30,2026-05-21,102,3.0,41,Open
TMS-00589,Engineering,Secunderabad-SEC-02,22.31,Weld defect,High,2026-07-21 23:17,2026-07-28,34,7.8,20,Open
TMS-00590,Engineering,Vijayawada-SEC-02,1.77,Track geometry deviation,Medium,2026-06-01 08:02,2026-06-22,70,2.6,23,Open
TMS-00591,Engineering,Secunderabad-SEC-03,39.63,Ballast deficiency,Low,2026-05-23 05:51,2026-07-07,55,4.2,5,Open
TMS-00592,Engineering,Guntakal-SEC-01,98.07,Rail fracture,Medium,2026-07-12 21:24,2026-08-02,29,2.3,9,Completed
TMS-00593,Engineering,Vijayawada-SEC-08,88.51,Rail fracture,Medium,2026-06-01 14:56,2026-06-22,70,7.8,14,Open
TMS-00594,Engineering,Guntur-SEC-07,46.69,Rail wear beyond limit,Medium,2026-05-25 20:34,2026-06-15,77,7.9,22,Open
TMS-00595,Engineering,Secunderabad-SEC-08,30.4,Vegetation encroachment,Medium,2026-05-30 22:27,2026-06-20,72,4.8,21,Open
TMS-00596,Engineering,Secunderabad-SEC-08,28.32,Sleeper damage,Low,2026-05-10 22:06,2026-06-24,68,2.5,22,Open
TMS-00597,Engineering,Vijayawada-SEC-08,1.07,Rail fracture,Medium,2026-05-22 13:56,2026-06-12,80,3.8,39,Scheduled
TMS-00598,Engineering,Vijayawada-SEC-08,18.92,Weld defect,High,2026-07-02 02:17,2026-07-09,53,6.4,45,Scheduled
TMS-00599,Engineering,Vijayawada-SEC-02,84.16,Weld defect,Critical,2026-05-04 01:14,2026-05-06,117,4.8,10,Open
TMS-00600,Engineering,Guntur-SEC-05,87.98,Rail fracture,Low,2026-07-22 03:40,2026-09-05,0,6.3,26,Open
TMS-00601,Engineering,Guntur-SEC-05,67.08,Points & crossing wear,Low,2026-08-14 14:52,2026-09-28,0,4.4,33,Open
TMS-00602,Engineering,Guntakal-SEC-02,104.12,Formation failure,High,2026-08-08 04:12,2026-08-15,16,6.1,37,Open
TMS-00603,Engineering,Hyderabad-SEC-03,44.05,Rail fracture,Medium,2026-06-25 18:21,2026-07-16,46,6.7,42,Open
TMS-00604,Engineering,Guntakal-SEC-08,93.12,Track geometry deviation,Low,2026-05-30 17:14,2026-07-14,48,5.3,22,Scheduled
TMS-00605,Engineering,Guntur-SEC-08,91.89,Ballast deficiency,Low,2026-06-08 04:22,2026-07-23,39,2.3,41,Open
TMS-00606,Engineering,Secunderabad-SEC-05,5.25,Ballast deficiency,High,2026-07-10 00:39,2026-07-17,45,1.7,13,Completed
TMS-00607,Engineering,Hyderabad-SEC-05,77.01,Sleeper damage,Medium,2026-08-06 20:06,2026-08-27,4,1.7,44,Open
TMS-00608,Engineering,Hyderabad-SEC-07,86.14,Rail fracture,High,2026-06-13 02:30,2026-06-20,72,3.6,15,Scheduled
TMS-00609,Engineering,Guntakal-SEC-08,66.96,Sleeper damage,Medium,2026-05-05 21:05,2026-05-26,97,5.5,25,Scheduled
TMS-00610,Engineering,Secunderabad-SEC-05,100.13,Weld defect,High,2026-08-24 01:32,2026-08-31,0,1.3,15,Completed
TMS-00611,Engineering,Vijayawada-SEC-05,23.17,Vegetation encroachment,Medium,2026-08-19 20:18,2026-09-09,0,4.7,17,Scheduled
TMS-00612,Engineering,Secunderabad-SEC-07,91.95,Formation failure,Medium,2026-08-09 03:40,2026-08-30,1,3.9,24,Scheduled
TMS-00613,Engineering,Vijayawada-SEC-04,66.0,Points & crossing wear,Low,2026-06-03 08:27,2026-07-18,44,2.2,23,Scheduled
TMS-00614,Engineering,Guntakal-SEC-05,66.01,Fish plate loose,Medium,2026-06-24 02:09,2026-07-15,47,3.5,25,Open
TMS-00615,Engineering,Vijayawada-SEC-08,67.58,Track geometry deviation,Low,2026-06-11 08:19,2026-07-26,36,3.3,26,Scheduled
TMS-00616,Engineering,Guntur-SEC-02,0.02,Rail fracture,Medium,2026-05-05 14:44,2026-05-26,97,4.2,20,Scheduled
TMS-00617,Engineering,Guntakal-SEC-04,118.13,Track geometry deviation,Low,2026-06-26 19:04,2026-08-10,21,3.1,22,Open
TMS-00618,Engineering,Hyderabad-SEC-05,111.11,Ballast deficiency,Low,2026-05-18 13:57,2026-07-02,60,4.6,8,Open
TMS-00619,Engineering,Hyderabad-SEC-06,29.98,Rail wear beyond limit,High,2026-07-17 18:18,2026-07-24,38,3.6,21,Open
TMS-00620,Engineering,Guntakal-SEC-05,95.15,Ballast deficiency,Low,2026-07-11 03:16,2026-08-25,6,6.1,33,Completed
TMS-00621,Engineering,Guntakal-SEC-04,4.48,Formation failure,Low,2026-06-04 03:01,2026-07-19,43,1.7,26,Open
TMS-00622,Engineering,Guntur-SEC-03,111.63,Weld defect,High,2026-08-24 11:49,2026-08-31,0,6.7,16,Scheduled
TMS-00623,Engineering,Guntur-SEC-01,6.5,Points & crossing wear,Low,2026-05-15 02:04,2026-06-29,63,5.4,4,Open
TMS-00624,Engineering,Vijayawada-SEC-02,6.06,Level crossing surface damage,High,2026-06-20 18:33,2026-06-27,65,5.9,27,Completed
TMS-00625,Engineering,Guntur-SEC-04,34.77,Sleeper damage,Medium,2026-05-27 02:19,2026-06-17,75,1.6,11,Open
TMS-00626,Engineering,Guntur-SEC-02,31.51,Sleeper damage,Medium,2026-08-21 06:40,2026-09-11,0,1.3,34,Open
TMS-00627,Engineering,Vijayawada-SEC-05,58.54,Vegetation encroachment,Low,2026-06-03 19:15,2026-07-18,44,4.4,38,Open
TMS-00628,Engineering,Guntur-SEC-04,38.81,Formation failure,High,2026-06-14 04:54,2026-06-21,71,1.5,7,Open
TMS-00629,Engineering,Guntakal-SEC-07,71.27,Rail fracture,Medium,2026-07-10 08:34,2026-07-31,31,2.3,21,Open
TMS-00630,Engineering,Hyderabad-SEC-08,17.5,Rail fracture,Low,2026-07-18 01:33,2026-09-01,0,6.6,16,Open
TMS-00631,Engineering,Secunderabad-SEC-08,88.75,Track geometry deviation,Low,2026-07-15 18:19,2026-08-29,2,7.0,41,Completed
TMS-00632,Engineering,Secunderabad-SEC-08,36.61,Rail corrugation,Critical,2026-05-12 13:31,2026-05-14,109,7.6,3,Open
TMS-00633,Engineering,Guntakal-SEC-01,65.86,Formation failure,High,2026-05-29 04:24,2026-06-05,87,4.8,11,Scheduled
TMS-00634,Engineering,Hyderabad-SEC-02,5.22,Ballast deficiency,Medium,2026-06-07 23:19,2026-06-28,64,7.3,5,Open
TMS-00635,Engineering,Secunderabad-SEC-01,7.99,Vegetation encroachment,High,2026-05-22 01:30,2026-05-29,94,4.3,19,Scheduled
TMS-00636,Engineering,Guntur-SEC-01,27.74,Sleeper damage,Low,2026-05-07 10:53,2026-06-21,71,1.1,34,Completed
TMS-00637,Engineering,Secunderabad-SEC-06,22.37,Points & crossing wear,Medium,2026-08-19 12:30,2026-09-09,0,5.2,31,Scheduled
TMS-00638,Engineering,Guntakal-SEC-04,40.03,Sleeper damage,Critical,2026-06-01 23:13,2026-06-03,89,9.4,12,Open
TMS-00639,Engineering,Hyderabad-SEC-01,33.11,Rail fracture,Medium,2026-06-05 11:11,2026-06-26,66,3.1,42,Open
TMS-00640,Engineering,Vijayawada-SEC-07,18.2,Sleeper damage,Low,2026-07-13 22:55,2026-08-27,4,7.6,44,Open
TMS-00641,Engineering,Vijayawada-SEC-07,50.08,Formation failure,Medium,2026-05-30 10:05,2026-06-20,72,5.7,11,Open
TMS-00642,Engineering,Vijayawada-SEC-06,78.3,Formation failure,High,2026-07-23 01:57,2026-07-30,32,4.8,36,Scheduled
TMS-00643,Engineering,Hyderabad-SEC-02,109.15,Sleeper damage,High,2026-08-06 18:58,2026-08-13,18,5.9,11,Scheduled
TMS-00644,Engineering,Secunderabad-SEC-08,22.1,Ballast deficiency,High,2026-06-20 18:14,2026-06-27,65,4.9,3,Scheduled
TMS-00645,Engineering,Guntakal-SEC-02,18.23,Track geometry deviation,Low,2026-05-11 08:55,2026-06-25,67,3.1,8,Open
TMS-00646,Engineering,Hyderabad-SEC-08,27.71,Track geometry deviation,Medium,2026-08-28 01:43,2026-09-18,0,5.2,16,Scheduled
TMS-00647,Engineering,Hyderabad-SEC-01,101.54,Rail corrugation,Medium,2026-07-17 21:06,2026-08-07,24,4.3,43,Open
TMS-00648,Engineering,Vijayawada-SEC-05,27.15,Sleeper damage,Medium,2026-05-14 09:53,2026-06-04,88,2.0,2,Completed
TMS-00649,Engineering,Vijayawada-SEC-06,7.94,Rail corrugation,Medium,2026-07-10 15:53,2026-07-31,31,7.9,41,Open
TMS-00650,Engineering,Secunderabad-SEC-03,72.95,Sleeper damage,Low,2026-07-21 07:20,2026-09-04,0,4.0,22,Open
TMS-00651,Engineering,Secunderabad-SEC-03,62.48,Rail corrugation,Medium,2026-05-03 03:10,2026-05-24,99,4.7,31,Completed
TMS-00652,Engineering,Secunderabad-SEC-03,66.92,Points & crossing wear,Medium,2026-08-26 15:03,2026-09-16,0,3.8,42,Completed
TMS-00653,Engineering,Guntakal-SEC-03,55.36,Sleeper damage,Medium,2026-08-07 13:23,2026-08-28,3,7.2,20,Scheduled
TMS-00654,Engineering,Guntur-SEC-05,10.85,Points & crossing wear,Low,2026-08-25 05:10,2026-10-09,0,4.2,9,Open
TMS-00655,Engineering,Guntur-SEC-05,2.99,Rail corrugation,High,2026-06-18 04:06,2026-06-25,67,3.9,39,Completed
TMS-00656,Engineering,Guntakal-SEC-05,83.01,Level crossing surface damage,Low,2026-05-09 16:38,2026-06-23,69,1.6,12,Scheduled
TMS-00657,Engineering,Guntakal-SEC-08,10.24,Level crossing surface damage,High,2026-08-16 20:40,2026-08-23,8,4.1,26,Scheduled
TMS-00658,Engineering,Guntur-SEC-01,5.27,Ballast deficiency,Low,2026-06-27 01:42,2026-08-11,20,3.7,23,Scheduled
TMS-00659,Engineering,Secunderabad-SEC-04,50.35,Rail wear beyond limit,High,2026-06-08 18:32,2026-06-15,77,2.0,30,Open
TMS-00660,Engineering,Secunderabad-SEC-01,74.71,Rail wear beyond limit,Low,2026-08-08 19:43,2026-09-22,0,7.7,2,Open
TMS-00661,Engineering,Guntur-SEC-08,28.55,Formation failure,Medium,2026-05-14 05:50,2026-06-04,88,1.0,44,Open
TMS-00662,Engineering,Vijayawada-SEC-08,105.86,Rail wear beyond limit,Critical,2026-07-10 07:54,2026-07-12,50,6.8,41,Scheduled
TMS-00663,Engineering,Guntakal-SEC-07,4.41,Rail fracture,Critical,2026-05-19 16:26,2026-05-21,102,3.2,44,Scheduled
TMS-00664,Engineering,Secunderabad-SEC-07,50.03,Ballast deficiency,High,2026-06-15 13:08,2026-06-22,70,1.6,12,Scheduled
TMS-00665,Engineering,Guntur-SEC-06,89.92,Fish plate loose,Medium,2026-06-14 02:20,2026-07-05,57,4.9,4,Open
TMS-00666,Engineering,Secunderabad-SEC-05,91.01,Points & crossing wear,Medium,2026-07-24 12:14,2026-08-14,17,3.7,6,Open
TMS-00667,Engineering,Hyderabad-SEC-02,49.65,Track geometry deviation,Medium,2026-08-14 19:33,2026-09-04,0,2.9,15,Scheduled
TMS-00668,Engineering,Secunderabad-SEC-06,58.04,Level crossing surface damage,Medium,2026-08-18 03:11,2026-09-08,0,5.4,40,Completed
TMS-00669,Engineering,Guntakal-SEC-01,63.05,Formation failure,Medium,2026-06-02 13:32,2026-06-23,69,6.9,24,Completed
TMS-00670,Engineering,Guntur-SEC-08,59.1,Ballast deficiency,Medium,2026-06-14 03:30,2026-07-05,57,6.1,41,Open
TMS-00671,Engineering,Secunderabad-SEC-08,88.5,Track geometry deviation,Critical,2026-07-25 16:57,2026-07-27,35,2.2,41,Completed
TMS-00672,Engineering,Vijayawada-SEC-06,1.36,Track geometry deviation,High,2026-07-10 22:20,2026-07-17,45,4.9,20,Open
TMS-00673,Engineering,Secunderabad-SEC-01,13.66,Fish plate loose,High,2026-08-23 12:47,2026-08-30,1,4.8,23,Open
TMS-00674,Engineering,Vijayawada-SEC-05,39.66,Fish plate loose,Low,2026-06-20 01:34,2026-08-04,27,6.8,45,Open
TMS-00675,Engineering,Guntur-SEC-06,107.05,Points & crossing wear,Medium,2026-07-02 22:42,2026-07-23,39,4.4,23,Open
TMS-00676,Engineering,Hyderabad-SEC-02,35.92,Level crossing surface damage,Low,2026-05-19 08:55,2026-07-03,59,1.4,45,Open
TMS-00677,Engineering,Guntakal-SEC-07,7.95,Ballast deficiency,High,2026-06-24 23:19,2026-07-01,61,5.8,19,Completed
TMS-00678,Engineering,Hyderabad-SEC-05,72.68,Ballast deficiency,Medium,2026-07-19 10:20,2026-08-09,22,6.9,40,Open
TMS-00679,Engineering,Secunderabad-SEC-03,32.58,Weld defect,Medium,2026-05-23 12:46,2026-06-13,79,3.2,33,Completed
TMS-00680,Engineering,Hyderabad-SEC-02,36.28,Weld defect,Low,2026-07-15 07:32,2026-08-29,2,3.1,25,Scheduled
TMS-00681,Engineering,Secunderabad-SEC-02,95.88,Points & crossing wear,Low,2026-05-24 16:38,2026-07-08,54,4.1,11,Open
TMS-00682,Engineering,Guntakal-SEC-05,17.2,Weld defect,Medium,2026-05-05 06:23,2026-05-26,97,4.7,35,Scheduled
TMS-00683,Engineering,Hyderabad-SEC-02,13.9,Rail wear beyond limit,Medium,2026-08-15 16:31,2026-09-05,0,4.2,4,Scheduled
TMS-00684,Engineering,Secunderabad-SEC-07,62.47,Vegetation encroachment,High,2026-06-16 20:49,2026-06-23,69,7.2,21,Open
TMS-00685,Engineering,Vijayawada-SEC-05,23.11,Rail wear beyond limit,Medium,2026-05-26 12:38,2026-06-16,76,2.5,36,Open
TMS-00686,Engineering,Secunderabad-SEC-08,1.83,Formation failure,High,2026-07-06 19:43,2026-07-13,49,2.1,37,Open
TMS-00687,Engineering,Vijayawada-SEC-02,113.19,Rail wear beyond limit,Medium,2026-08-05 04:14,2026-08-26,5,3.2,38,Open
TMS-00688,Engineering,Guntur-SEC-05,6.09,Rail fracture,Medium,2026-08-22 12:39,2026-09-12,0,3.4,32,Completed
TMS-00689,Engineering,Guntur-SEC-02,21.48,Formation failure,Medium,2026-08-25 20:08,2026-09-15,0,1.6,39,Scheduled
TMS-00690,Engineering,Vijayawada-SEC-05,85.55,Vegetation encroachment,Medium,2026-06-04 07:46,2026-06-25,67,3.2,36,Open
TMS-00691,Engineering,Guntur-SEC-06,11.67,Rail wear beyond limit,Medium,2026-05-05 07:02,2026-05-26,97,1.7,45,Scheduled
TMS-00692,Engineering,Vijayawada-SEC-02,103.33,Formation failure,Medium,2026-05-25 07:03,2026-06-15,77,7.6,18,Completed
TMS-00693,Engineering,Guntakal-SEC-05,54.39,Rail fracture,Medium,2026-07-12 17:19,2026-08-02,29,5.7,6,Open
TMS-00694,Engineering,Guntakal-SEC-07,72.53,Ballast deficiency,Medium,2026-07-18 06:34,2026-08-08,23,2.2,34,Open
TMS-00695,Engineering,Guntakal-SEC-04,63.93,Sleeper damage,High,2026-05-19 20:06,2026-05-26,97,5.5,39,Open
TMS-00696,Engineering,Guntur-SEC-01,7.93,Track geometry deviation,Medium,2026-06-13 15:07,2026-07-04,58,7.8,39,Open
TMS-00697,Engineering,Vijayawada-SEC-08,20.77,Vegetation encroachment,Low,2026-07-07 03:20,2026-08-21,10,4.8,6,Scheduled
TMS-00698,Engineering,Hyderabad-SEC-07,55.55,Points & crossing wear,Low,2026-06-01 03:05,2026-07-16,46,1.8,8,Completed
TMS-00699,Engineering,Secunderabad-SEC-07,82.26,Formation failure,Low,2026-08-09 12:47,2026-09-23,0,1.5,26,Open
TMS-00700,Engineering,Hyderabad-SEC-06,108.39,Vegetation encroachment,Critical,2026-06-10 21:45,2026-06-12,80,8.5,2,Scheduled
TMS-00701,Engineering,Hyderabad-SEC-08,69.35,Track geometry deviation,Medium,2026-06-08 18:34,2026-06-29,63,3.0,15,Scheduled
TMS-00702,Engineering,Guntakal-SEC-04,110.22,Sleeper damage,Medium,2026-07-22 13:05,2026-08-12,19,7.4,24,Completed
TMS-00703,Engineering,Vijayawada-SEC-01,102.3,Rail fracture,Medium,2026-06-18 23:42,2026-07-09,53,4.6,25,Completed
TMS-00704,Engineering,Guntakal-SEC-07,13.16,Rail wear beyond limit,Medium,2026-08-25 23:58,2026-09-15,0,6.7,3,Open
TMS-00705,Engineering,Guntur-SEC-01,48.72,Sleeper damage,Medium,2026-06-03 02:30,2026-06-24,68,3.2,36,Open
TMS-00706,Engineering,Guntakal-SEC-08,100.8,Ballast deficiency,High,2026-08-09 06:42,2026-08-16,15,4.9,20,Completed
TMS-00707,Engineering,Secunderabad-SEC-02,17.28,Rail corrugation,High,2026-06-07 19:25,2026-06-14,78,1.5,44,Open
TMS-00708,Engineering,Guntur-SEC-06,107.23,Level crossing surface damage,High,2026-08-14 20:55,2026-08-21,10,6.6,40,Completed
TMS-00709,Engineering,Guntur-SEC-05,46.17,Track geometry deviation,Medium,2026-06-13 17:27,2026-07-04,58,4.0,13,Open
TMS-00710,Engineering,Hyderabad-SEC-01,32.31,Points & crossing wear,Medium,2026-08-31 02:57,2026-09-21,0,6.1,38,Open
TMS-00711,Engineering,Hyderabad-SEC-06,57.78,Level crossing surface damage,Medium,2026-08-27 03:18,2026-09-17,0,3.6,7,Open
TMS-00712,Engineering,Guntakal-SEC-02,55.79,Weld defect,Low,2026-05-30 04:50,2026-07-14,48,7.9,35,Completed
TMS-00713,Engineering,Secunderabad-SEC-05,82.09,Points & crossing wear,Medium,2026-08-20 15:04,2026-09-10,0,6.2,39,Open
TMS-00714,Engineering,Guntur-SEC-06,61.52,Rail corrugation,Medium,2026-08-25 11:29,2026-09-15,0,1.1,38,Scheduled
TMS-00715,Engineering,Guntakal-SEC-03,20.1,Level crossing surface damage,Low,2026-07-09 11:09,2026-08-23,8,6.6,40,Scheduled
TMS-00716,Engineering,Hyderabad-SEC-06,20.29,Rail fracture,High,2026-05-30 03:28,2026-06-06,86,5.4,44,Completed
TMS-00717,Engineering,Vijayawada-SEC-01,60.67,Rail wear beyond limit,Critical,2026-05-20 01:16,2026-05-22,101,5.9,18,Open
TMS-00718,Engineering,Secunderabad-SEC-08,72.46,Formation failure,Low,2026-07-27 13:58,2026-09-10,0,1.1,11,Scheduled
TMS-00719,Engineering,Guntur-SEC-08,21.7,Points & crossing wear,High,2026-07-15 17:36,2026-07-22,40,5.9,4,Open
TMS-00720,Engineering,Guntur-SEC-08,90.33,Sleeper damage,Medium,2026-08-21 18:43,2026-09-11,0,6.8,26,Open
TMS-00721,Engineering,Guntakal-SEC-07,6.52,Rail wear beyond limit,High,2026-07-06 00:47,2026-07-13,49,5.0,9,Open
TMS-00722,Engineering,Hyderabad-SEC-03,28.04,Vegetation encroachment,Medium,2026-07-03 09:28,2026-07-24,38,4.3,26,Open
TMS-00723,Engineering,Guntur-SEC-05,45.84,Fish plate loose,Low,2026-08-13 04:41,2026-09-27,0,1.1,35,Scheduled
TMS-00724,Engineering,Guntur-SEC-04,73.26,Vegetation encroachment,Low,2026-08-26 20:27,2026-10-10,0,5.5,19,Open
TMS-00725,Engineering,Guntur-SEC-06,92.78,Level crossing surface damage,High,2026-07-28 20:25,2026-08-04,27,5.1,17,Scheduled
TMS-00726,Engineering,Vijayawada-SEC-04,37.59,Rail fracture,Medium,2026-06-17 16:54,2026-07-08,54,5.7,45,Open
TMS-00727,Engineering,Guntur-SEC-05,42.18,Level crossing surface damage,Medium,2026-08-23 23:33,2026-09-13,0,4.7,20,Open
TMS-00728,Engineering,Hyderabad-SEC-07,78.79,Track geometry deviation,Medium,2026-08-27 23:08,2026-09-17,0,1.4,40,Scheduled
TMS-00729,Engineering,Guntur-SEC-01,78.77,Vegetation encroachment,Critical,2026-06-02 19:37,2026-06-04,88,6.8,38,Completed
TMS-00730,Engineering,Guntur-SEC-06,79.26,Weld defect,Medium,2026-08-08 19:57,2026-08-29,2,2.8,42,Open
TMS-00731,Engineering,Guntakal-SEC-05,30.88,Weld defect,Medium,2026-07-27 08:27,2026-08-17,14,5.7,19,Scheduled
TMS-00732,Engineering,Guntakal-SEC-01,21.35,Weld defect,High,2026-07-14 09:51,2026-07-21,41,1.4,33,Completed
TMS-00733,Engineering,Secunderabad-SEC-07,17.26,Sleeper damage,Medium,2026-08-06 01:46,2026-08-27,4,5.5,15,Scheduled
TMS-00734,Engineering,Secunderabad-SEC-05,8.45,Level crossing surface damage,Medium,2026-08-18 07:55,2026-09-08,0,1.7,18,Scheduled
TMS-00735,Engineering,Secunderabad-SEC-03,79.75,Rail wear beyond limit,High,2026-08-29 05:52,2026-09-05,0,5.5,11,Scheduled
TMS-00736,Engineering,Guntur-SEC-08,57.38,Sleeper damage,Medium,2026-05-08 09:45,2026-05-29,94,4.6,6,Open
TMS-00737,Engineering,Guntur-SEC-07,14.54,Points & crossing wear,Low,2026-08-31 10:00,2026-10-15,0,6.7,24,Open
TMS-00738,Engineering,Secunderabad-SEC-06,43.84,Fish plate loose,Critical,2026-07-24 09:24,2026-07-26,36,10.0,7,Completed
TMS-00739,Engineering,Secunderabad-SEC-03,116.1,Vegetation encroachment,Medium,2026-05-26 13:26,2026-06-16,76,2.2,14,Open
TMS-00740,Engineering,Secunderabad-SEC-06,106.23,Rail corrugation,Medium,2026-07-13 20:06,2026-08-03,28,3.5,14,Open
TMS-00741,Engineering,Guntur-SEC-08,46.65,Points & crossing wear,Medium,2026-08-07 23:04,2026-08-28,3,5.2,43,Open
TMS-00742,Engineering,Guntakal-SEC-06,6.73,Level crossing surface damage,Low,2026-06-24 07:38,2026-08-08,23,1.1,4,Open
TMS-00743,Engineering,Hyderabad-SEC-03,17.87,Formation failure,Medium,2026-08-04 00:11,2026-08-25,6,4.2,16,Completed
TMS-00744,Engineering,Hyderabad-SEC-08,5.5,Level crossing surface damage,Medium,2026-08-27 18:50,2026-09-17,0,1.1,43,Open
TMS-00745,Engineering,Secunderabad-SEC-07,54.74,Ballast deficiency,Critical,2026-08-09 00:57,2026-08-11,20,4.5,39,Open
TMS-00746,Engineering,Hyderabad-SEC-08,26.47,Track geometry deviation,High,2026-05-19 20:07,2026-05-26,97,5.2,29,Open
TMS-00747,Engineering,Hyderabad-SEC-05,65.51,Fish plate loose,High,2026-05-17 09:21,2026-05-24,99,7.8,15,Scheduled
TMS-00748,Engineering,Vijayawada-SEC-02,90.91,Ballast deficiency,High,2026-06-17 17:41,2026-06-24,68,1.8,25,Scheduled
TMS-00749,Engineering,Secunderabad-SEC-07,94.93,Vegetation encroachment,Low,2026-07-06 15:07,2026-08-20,11,1.3,41,Open
TMS-00750,Engineering,Secunderabad-SEC-01,21.53,Weld defect,Low,2026-08-11 23:25,2026-09-25,0,1.6,43,Scheduled
TMS-00751,Engineering,Guntur-SEC-07,83.08,Track geometry deviation,Medium,2026-07-26 08:50,2026-08-16,15,6.5,11,Scheduled
TMS-00752,Engineering,Hyderabad-SEC-08,83.0,Formation failure,Medium,2026-06-26 07:36,2026-07-17,45,7.6,13,Scheduled
TMS-00753,Engineering,Guntakal-SEC-07,50.25,Points & crossing wear,Medium,2026-06-14 20:47,2026-07-05,57,6.5,17,Open
TMS-00754,Engineering,Hyderabad-SEC-03,60.9,Rail corrugation,Medium,2026-06-25 20:30,2026-07-16,46,7.0,42,Scheduled
TMS-00755,Engineering,Guntur-SEC-07,59.7,Ballast deficiency,High,2026-07-27 22:04,2026-08-03,28,6.6,44,Completed
TMS-00756,Engineering,Guntakal-SEC-01,40.12,Rail corrugation,Medium,2026-08-25 00:31,2026-09-15,0,2.5,4,Open
TMS-00757,Engineering,Guntur-SEC-08,61.79,Weld defect,High,2026-08-25 04:26,2026-09-01,0,6.5,17,Scheduled
TMS-00758,Engineering,Guntakal-SEC-05,27.61,Weld defect,High,2026-06-17 02:53,2026-06-24,68,2.4,22,Open
TMS-00759,Engineering,Vijayawada-SEC-07,8.82,Formation failure,Low,2026-08-01 08:58,2026-09-15,0,3.6,33,Open
TMS-00760,Engineering,Vijayawada-SEC-04,46.48,Ballast deficiency,High,2026-07-07 18:43,2026-07-14,48,5.3,31,Scheduled
TMS-00761,Engineering,Vijayawada-SEC-01,3.85,Formation failure,Low,2026-06-12 10:56,2026-07-27,35,2.4,5,Open
TMS-00762,Engineering,Guntakal-SEC-06,26.38,Rail wear beyond limit,Medium,2026-08-17 07:03,2026-09-07,0,2.2,40,Open
TMS-00763,Engineering,Hyderabad-SEC-05,116.42,Track geometry deviation,Low,2026-05-22 00:46,2026-07-06,56,7.3,7,Open
TMS-00764,Engineering,Guntur-SEC-07,100.44,Rail wear beyond limit,Low,2026-06-26 06:11,2026-08-10,21,2.5,2,Scheduled
TMS-00765,Engineering,Vijayawada-SEC-07,107.02,Formation failure,High,2026-05-29 15:01,2026-06-05,87,4.0,11,Completed
TMS-00766,Engineering,Guntur-SEC-07,88.02,Points & crossing wear,Medium,2026-05-09 23:48,2026-05-30,93,1.3,4,Open
TMS-00767,Engineering,Secunderabad-SEC-07,54.29,Track geometry deviation,Low,2026-07-12 06:33,2026-08-26,5,5.9,7,Scheduled
TMS-00768,Engineering,Guntakal-SEC-03,28.69,Weld defect,Low,2026-08-30 09:11,2026-10-14,0,1.9,3,Open
TMS-00769,Engineering,Hyderabad-SEC-06,2.93,Rail corrugation,Medium,2026-07-23 18:06,2026-08-13,18,7.0,31,Scheduled
TMS-00770,Engineering,Guntur-SEC-06,84.47,Rail fracture,High,2026-05-12 09:14,2026-05-19,104,7.1,42,Open
TMS-00771,Engineering,Guntakal-SEC-02,83.77,Formation failure,Medium,2026-05-09 11:52,2026-05-30,93,3.1,36,Scheduled
TMS-00772,Engineering,Secunderabad-SEC-04,61.77,Vegetation encroachment,Medium,2026-08-05 21:03,2026-08-26,5,3.3,25,Completed
TMS-00773,Engineering,Guntakal-SEC-08,43.97,Vegetation encroachment,Medium,2026-08-17 10:03,2026-09-07,0,5.3,37,Scheduled
TMS-00774,Engineering,Hyderabad-SEC-03,13.63,Rail corrugation,High,2026-06-21 16:32,2026-06-28,64,3.3,39,Completed
TMS-00775,Engineering,Guntakal-SEC-05,42.33,Rail wear beyond limit,Low,2026-06-03 16:21,2026-07-18,44,6.3,34,Scheduled
TMS-00776,Engineering,Guntur-SEC-08,60.17,Weld defect,Critical,2026-07-27 22:01,2026-07-29,33,4.8,32,Scheduled
TMS-00777,Engineering,Guntakal-SEC-08,95.99,Level crossing surface damage,Low,2026-06-06 04:35,2026-07-21,41,4.2,6,Open
TMS-00778,Engineering,Vijayawada-SEC-04,34.6,Weld defect,Critical,2026-05-10 07:19,2026-05-12,111,5.1,8,Open
TMS-00779,Engineering,Hyderabad-SEC-02,114.25,Rail fracture,Medium,2026-08-17 18:36,2026-09-07,0,7.1,20,Open
TMS-00780,Engineering,Guntur-SEC-03,53.26,Vegetation encroachment,Low,2026-06-05 04:17,2026-07-20,42,4.3,3,Open
TMS-00781,Engineering,Hyderabad-SEC-02,77.36,Sleeper damage,Low,2026-08-23 23:11,2026-10-07,0,2.6,39,Open
TMS-00782,Engineering,Hyderabad-SEC-02,101.03,Rail corrugation,Medium,2026-06-10 12:07,2026-07-01,61,5.7,31,Open
TMS-00783,Engineering,Guntur-SEC-07,44.63,Rail wear beyond limit,High,2026-08-15 12:50,2026-08-22,9,2.8,5,Open
TMS-00784,Engineering,Vijayawada-SEC-03,85.42,Rail wear beyond limit,Low,2026-07-26 07:24,2026-09-09,0,5.3,13,Completed
TMS-00785,Engineering,Guntakal-SEC-05,68.94,Rail corrugation,High,2026-05-16 18:24,2026-05-23,100,1.8,18,Open
TMS-00786,Engineering,Guntakal-SEC-07,17.75,Rail corrugation,Medium,2026-08-05 03:31,2026-08-26,5,5.7,36,Completed
TMS-00787,Engineering,Guntur-SEC-08,92.22,Rail corrugation,High,2026-06-24 13:01,2026-07-01,61,1.2,22,Open
TMS-00788,Engineering,Guntakal-SEC-03,56.87,Rail wear beyond limit,Low,2026-05-29 04:06,2026-07-13,49,3.3,38,Scheduled
TMS-00789,Engineering,Guntakal-SEC-06,82.7,Level crossing surface damage,Medium,2026-05-21 03:25,2026-06-11,81,7.5,32,Completed
TMS-00790,Engineering,Hyderabad-SEC-08,100.91,Rail corrugation,High,2026-08-14 03:56,2026-08-21,10,1.2,24,Open
TMS-00791,Engineering,Vijayawada-SEC-07,93.75,Rail wear beyond limit,Medium,2026-08-24 01:51,2026-09-14,0,5.1,14,Open
TMS-00792,Engineering,Hyderabad-SEC-01,47.33,Rail corrugation,Medium,2026-06-24 07:46,2026-07-15,47,7.7,22,Scheduled
TMS-00793,Engineering,Vijayawada-SEC-02,85.92,Sleeper damage,Low,2026-06-27 21:57,2026-08-11,20,3.5,25,Open
TMS-00794,Engineering,Guntur-SEC-05,104.92,Weld defect,High,2026-08-30 13:38,2026-09-06,0,3.2,15,Scheduled
TMS-00795,Engineering,Guntur-SEC-04,87.43,Sleeper damage,Low,2026-07-06 08:52,2026-08-20,11,3.0,10,Completed
TMS-00796,Engineering,Hyderabad-SEC-02,118.4,Weld defect,High,2026-06-16 20:51,2026-06-23,69,3.1,39,Scheduled
TMS-00797,Engineering,Guntur-SEC-03,20.99,Rail corrugation,Medium,2026-08-20 23:45,2026-09-10,0,7.4,38,Scheduled
TMS-00798,Engineering,Hyderabad-SEC-04,58.87,Rail wear beyond limit,High,2026-08-14 16:44,2026-08-21,10,3.7,39,Open
TMS-00799,Engineering,Vijayawada-SEC-02,31.52,Vegetation encroachment,High,2026-06-21 07:07,2026-06-28,64,6.5,42,Open
TMS-00800,Engineering,Vijayawada-SEC-08,3.41,Rail wear beyond limit,Medium,2026-06-09 13:31,2026-06-30,62,4.4,33,Completed
TMS-00801,Engineering,Hyderabad-SEC-05,52.33,Rail wear beyond limit,Medium,2026-08-23 02:11,2026-09-13,0,5.1,42,Scheduled
TMS-00802,Engineering,Secunderabad-SEC-02,101.43,Ballast deficiency,Medium,2026-06-04 19:38,2026-06-25,67,6.1,39,Open
TMS-00803,Engineering,Vijayawada-SEC-03,6.35,Fish plate loose,Low,2026-07-22 07:12,2026-09-05,0,1.9,28,Scheduled
TMS-00804,Engineering,Secunderabad-SEC-05,61.66,Vegetation encroachment,High,2026-07-17 22:13,2026-07-24,38,4.7,13,Scheduled
TMS-00805,Engineering,Guntakal-SEC-04,32.58,Level crossing surface damage,Medium,2026-06-16 17:54,2026-07-07,55,7.1,25,Open
TMS-00806,Engineering,Hyderabad-SEC-02,33.77,Rail corrugation,Low,2026-06-18 11:11,2026-08-02,29,1.1,28,Open
TMS-00807,Engineering,Vijayawada-SEC-07,99.79,Points & crossing wear,High,2026-05-07 18:03,2026-05-14,109,2.1,41,Scheduled
TMS-00808,Engineering,Secunderabad-SEC-08,50.08,Weld defect,Medium,2026-06-25 04:37,2026-07-16,46,5.9,9,Completed
TMS-00809,Engineering,Guntakal-SEC-08,16.68,Rail corrugation,Medium,2026-05-05 23:22,2026-05-26,97,3.2,40,Open
TMS-00810,Engineering,Secunderabad-SEC-08,26.68,Level crossing surface damage,Medium,2026-07-19 17:43,2026-08-09,22,1.2,11,Scheduled
TMS-00811,Engineering,Guntur-SEC-04,82.9,Weld defect,High,2026-07-23 19:26,2026-07-30,32,7.9,6,Open
TMS-00812,Engineering,Hyderabad-SEC-01,71.18,Rail corrugation,Critical,2026-07-01 08:17,2026-07-03,59,2.9,9,Completed
TMS-00813,Engineering,Secunderabad-SEC-07,93.88,Formation failure,High,2026-08-26 21:35,2026-09-02,0,1.1,15,Scheduled
TMS-00814,Engineering,Vijayawada-SEC-02,101.5,Rail wear beyond limit,Medium,2026-08-06 17:16,2026-08-27,4,1.2,39,Open
TMS-00815,Engineering,Hyderabad-SEC-01,68.43,Weld defect,Low,2026-08-11 05:46,2026-09-25,0,5.3,39,Scheduled
TMS-00816,Engineering,Vijayawada-SEC-03,108.2,Points & crossing wear,Medium,2026-06-25 16:05,2026-07-16,46,7.7,2,Completed
TMS-00817,Engineering,Guntur-SEC-07,43.98,Formation failure,Low,2026-08-19 16:12,2026-10-03,0,7.0,13,Open
TMS-00818,Engineering,Guntur-SEC-04,25.71,Track geometry deviation,Low,2026-08-18 17:24,2026-10-02,0,7.9,28,Open
TMS-00819,Engineering,Guntur-SEC-08,91.47,Level crossing surface damage,Medium,2026-07-22 19:29,2026-08-12,19,4.6,20,Scheduled
TMS-00820,Engineering,Guntakal-SEC-03,54.83,Level crossing surface damage,High,2026-08-26 21:00,2026-09-02,0,1.8,21,Scheduled
TMS-00821,Engineering,Guntur-SEC-04,22.65,Weld defect,High,2026-05-16 07:50,2026-05-23,100,3.9,32,Completed
TMS-00822,Engineering,Secunderabad-SEC-07,47.56,Points & crossing wear,Critical,2026-07-15 17:28,2026-07-17,45,7.4,44,Scheduled
TMS-00823,Engineering,Secunderabad-SEC-07,88.97,Ballast deficiency,Medium,2026-08-16 18:46,2026-09-06,0,5.9,6,Open
TMS-00824,Engineering,Guntur-SEC-02,14.73,Sleeper damage,High,2026-08-06 11:40,2026-08-13,18,6.9,33,Open
TMS-00825,Engineering,Guntur-SEC-02,42.73,Vegetation encroachment,Medium,2026-06-01 02:48,2026-06-22,70,6.3,40,Completed
TMS-00826,Engineering,Secunderabad-SEC-07,14.66,Rail corrugation,High,2026-06-30 05:22,2026-07-07,55,6.4,33,Open
TMS-00827,Engineering,Secunderabad-SEC-05,59.78,Rail fracture,Critical,2026-05-03 19:05,2026-05-05,118,7.9,13,Open
TMS-00828,Engineering,Secunderabad-SEC-07,91.22,Vegetation encroachment,High,2026-06-06 12:05,2026-06-13,79,5.4,35,Scheduled
TMS-00829,Engineering,Guntur-SEC-08,60.58,Points & crossing wear,High,2026-05-22 07:01,2026-05-29,94,5.6,23,Completed
TMS-00830,Engineering,Guntur-SEC-04,105.62,Weld defect,Critical,2026-06-23 04:05,2026-06-25,67,8.1,26,Open
TMS-00831,Engineering,Vijayawada-SEC-04,66.8,Rail wear beyond limit,Medium,2026-05-14 10:17,2026-06-04,88,1.3,12,Open
TMS-00832,Engineering,Secunderabad-SEC-08,68.26,Rail corrugation,Medium,2026-08-14 12:37,2026-09-04,0,4.4,44,Scheduled
TMS-00833,Engineering,Vijayawada-SEC-03,60.8,Sleeper damage,Medium,2026-06-23 03:10,2026-07-14,48,4.9,18,Open
TMS-00834,Engineering,Guntakal-SEC-03,38.46,Rail fracture,Medium,2026-07-14 01:32,2026-08-04,27,6.4,39,Open
TMS-00835,Engineering,Secunderabad-SEC-02,91.82,Vegetation encroachment,High,2026-05-16 10:39,2026-05-23,100,6.2,23,Open
TMS-00836,Engineering,Secunderabad-SEC-04,79.35,Track geometry deviation,Low,2026-07-08 11:26,2026-08-22,9,3.9,17,Scheduled
TMS-00837,Engineering,Guntakal-SEC-04,13.74,Ballast deficiency,Low,2026-06-17 20:54,2026-08-01,30,1.5,3,Open
TMS-00838,Engineering,Hyderabad-SEC-01,108.17,Rail wear beyond limit,Medium,2026-08-27 07:13,2026-09-17,0,4.0,3,Scheduled
TMS-00839,Engineering,Guntur-SEC-01,38.69,Weld defect,Low,2026-06-17 23:11,2026-08-01,30,3.6,33,Open
TMS-00840,Engineering,Guntakal-SEC-06,20.0,Rail wear beyond limit,High,2026-06-06 16:30,2026-06-13,79,4.5,25,Completed
TMS-00841,Engineering,Secunderabad-SEC-05,100.85,Points & crossing wear,Medium,2026-08-06 05:54,2026-08-27,4,7.8,15,Open
TMS-00842,Engineering,Vijayawada-SEC-07,74.95,Weld defect,Low,2026-08-25 13:10,2026-10-09,0,3.8,39,Open
TMS-00843,Engineering,Guntur-SEC-07,51.25,Fish plate loose,Critical,2026-07-19 14:02,2026-07-21,41,8.4,6,Scheduled
TMS-00844,Engineering,Hyderabad-SEC-03,37.6,Sleeper damage,Low,2026-07-24 05:37,2026-09-07,0,4.0,27,Open
TMS-00845,Engineering,Secunderabad-SEC-02,75.34,Points & crossing wear,Medium,2026-06-27 07:29,2026-07-18,44,4.8,13,Scheduled
TMS-00846,Engineering,Hyderabad-SEC-08,102.33,Sleeper damage,High,2026-08-04 06:59,2026-08-11,20,5.5,38,Scheduled
TMS-00847,Engineering,Vijayawada-SEC-08,18.06,Vegetation encroachment,High,2026-08-24 04:59,2026-08-31,0,4.2,21,Completed
TMS-00848,Engineering,Vijayawada-SEC-06,101.52,Rail wear beyond limit,Low,2026-07-10 12:23,2026-08-24,7,7.4,20,Scheduled
TMS-00849,Engineering,Vijayawada-SEC-02,23.03,Track geometry deviation,High,2026-07-30 02:06,2026-08-06,25,2.7,21,Open
TMS-00850,Engineering,Vijayawada-SEC-05,19.12,Ballast deficiency,Medium,2026-06-21 08:07,2026-07-12,50,7.3,3,Open
TMS-00851,Engineering,Secunderabad-SEC-03,115.65,Rail corrugation,Medium,2026-05-21 13:53,2026-06-11,81,2.2,3,Open
TMS-00852,Engineering,Secunderabad-SEC-05,108.07,Sleeper damage,High,2026-05-09 20:56,2026-05-16,107,3.1,25,Scheduled
TMS-00853,Engineering,Vijayawada-SEC-01,28.32,Formation failure,Medium,2026-05-10 20:42,2026-05-31,92,6.9,34,Completed
TMS-00854,Engineering,Guntakal-SEC-01,59.57,Weld defect,Low,2026-06-26 02:52,2026-08-10,21,7.5,17,Scheduled
TMS-00855,Engineering,Guntur-SEC-01,96.7,Level crossing surface damage,High,2026-05-25 12:35,2026-06-01,91,5.1,17,Completed
TMS-00856,Engineering,Guntakal-SEC-02,52.74,Rail wear beyond limit,High,2026-08-04 18:44,2026-08-11,20,2.5,39,Open
TMS-00857,Engineering,Hyderabad-SEC-03,50.85,Vegetation encroachment,Medium,2026-06-24 10:21,2026-07-15,47,1.8,17,Completed
TMS-00858,Engineering,Guntakal-SEC-04,2.53,Formation failure,Medium,2026-05-11 18:43,2026-06-01,91,6.0,4,Completed
TMS-00859,Engineering,Vijayawada-SEC-08,30.36,Sleeper damage,Medium,2026-06-08 22:00,2026-06-29,63,6.5,21,Scheduled
TMS-00860,Engineering,Hyderabad-SEC-03,104.03,Rail corrugation,Low,2026-06-03 10:47,2026-07-18,44,5.8,26,Open
TMS-00861,Engineering,Vijayawada-SEC-08,35.69,Ballast deficiency,High,2026-07-12 14:41,2026-07-19,43,7.6,30,Scheduled
TMS-00862,Engineering,Secunderabad-SEC-06,98.78,Rail corrugation,Medium,2026-05-11 00:32,2026-06-01,91,1.2,32,Scheduled
TMS-00863,Engineering,Secunderabad-SEC-07,98.93,Level crossing surface damage,Medium,2026-05-05 11:53,2026-05-26,97,7.1,18,Open
TMS-00864,Engineering,Guntakal-SEC-05,54.39,Rail fracture,Medium,2026-07-17 08:40,2026-08-07,24,6.7,5,Scheduled
TMS-00865,Engineering,Secunderabad-SEC-01,48.08,Vegetation encroachment,Medium,2026-08-08 01:03,2026-08-29,2,5.5,21,Open
TMS-00866,Engineering,Vijayawada-SEC-01,101.64,Vegetation encroachment,High,2026-08-21 19:57,2026-08-28,3,4.6,28,Scheduled
TMS-00867,Engineering,Guntakal-SEC-01,20.82,Formation failure,Medium,2026-07-22 07:33,2026-08-12,19,6.1,22,Scheduled
TMS-00868,Engineering,Guntur-SEC-01,113.37,Formation failure,Medium,2026-08-06 20:55,2026-08-27,4,2.3,16,Open
TMS-00869,Engineering,Secunderabad-SEC-06,116.9,Track geometry deviation,Medium,2026-08-29 03:39,2026-09-19,0,5.4,18,Scheduled
TMS-00870,Engineering,Guntakal-SEC-01,17.91,Fish plate loose,Medium,2026-08-10 22:11,2026-08-31,0,4.0,12,Completed
TMS-00871,Engineering,Guntur-SEC-06,99.27,Rail corrugation,Medium,2026-08-16 23:29,2026-09-06,0,4.0,9,Open
TMS-00872,Engineering,Guntakal-SEC-02,34.56,Rail corrugation,Low,2026-08-05 17:03,2026-09-19,0,6.7,26,Open
TMS-00873,Engineering,Guntakal-SEC-03,87.2,Track geometry deviation,Medium,2026-05-14 16:28,2026-06-04,88,8.0,28,Open
TMS-00874,Engineering,Vijayawada-SEC-08,74.12,Track geometry deviation,Critical,2026-05-22 18:41,2026-05-24,99,9.8,25,Scheduled
TMS-00875,Engineering,Guntakal-SEC-05,116.93,Sleeper damage,Critical,2026-06-10 07:19,2026-06-12,80,5.8,45,Open
TMS-00876,Engineering,Secunderabad-SEC-07,66.84,Rail fracture,Medium,2026-07-13 08:35,2026-08-03,28,2.8,23,Completed
TMS-00877,Engineering,Hyderabad-SEC-07,85.15,Rail fracture,Low,2026-07-02 11:06,2026-08-16,15,7.6,2,Open
TMS-00878,Engineering,Guntakal-SEC-08,15.87,Points & crossing wear,High,2026-06-13 10:07,2026-06-20,72,3.8,4,Scheduled
TMS-00879,Engineering,Guntur-SEC-06,15.83,Fish plate loose,Medium,2026-07-29 17:48,2026-08-19,12,7.5,35,Open
TMS-00880,Engineering,Guntur-SEC-08,104.6,Rail wear beyond limit,High,2026-07-29 19:44,2026-08-05,26,7.8,25,Completed
TMS-00881,Engineering,Guntakal-SEC-01,62.04,Sleeper damage,Medium,2026-07-26 14:25,2026-08-16,15,6.3,12,Open
TMS-00882,Engineering,Guntur-SEC-05,6.39,Ballast deficiency,Medium,2026-06-30 18:29,2026-07-21,41,7.5,5,Open
TMS-00883,Engineering,Guntur-SEC-04,13.92,Rail corrugation,High,2026-08-27 06:52,2026-09-03,0,5.9,4,Open
TMS-00884,Engineering,Vijayawada-SEC-02,14.84,Weld defect,Medium,2026-06-02 03:34,2026-06-23,69,4.5,15,Completed
TMS-00885,Engineering,Hyderabad-SEC-05,106.91,Formation failure,Medium,2026-08-08 17:52,2026-08-29,2,6.8,15,Scheduled
TMS-00886,Engineering,Secunderabad-SEC-05,29.54,Rail corrugation,Low,2026-08-31 04:50,2026-10-15,0,2.3,45,Open
TMS-00887,Engineering,Secunderabad-SEC-08,47.3,Formation failure,High,2026-07-20 23:03,2026-07-27,35,7.9,8,Completed
TMS-00888,Engineering,Guntur-SEC-07,54.49,Rail wear beyond limit,Critical,2026-08-12 22:56,2026-08-14,17,8.6,40,Scheduled
TMS-00889,Engineering,Guntakal-SEC-05,113.69,Level crossing surface damage,Medium,2026-07-20 22:24,2026-08-10,21,7.7,38,Open
TMS-00890,Engineering,Secunderabad-SEC-04,89.26,Points & crossing wear,Low,2026-05-13 22:13,2026-06-27,65,3.0,40,Open
TMS-00891,Engineering,Guntur-SEC-02,10.7,Track geometry deviation,High,2026-07-11 14:42,2026-07-18,44,7.8,12,Open
TMS-00892,Engineering,Vijayawada-SEC-02,14.47,Rail corrugation,Medium,2026-07-11 13:37,2026-08-01,30,7.7,29,Scheduled
TMS-00893,Engineering,Guntakal-SEC-07,79.86,Fish plate loose,Low,2026-05-06 12:42,2026-06-20,72,5.2,34,Open
TMS-00894,Engineering,Guntur-SEC-04,10.83,Sleeper damage,Medium,2026-07-05 09:52,2026-07-26,36,4.9,25,Scheduled
TMS-00895,Engineering,Guntakal-SEC-06,116.79,Vegetation encroachment,Medium,2026-07-07 01:02,2026-07-28,34,1.3,16,Scheduled
TMS-00896,Engineering,Hyderabad-SEC-02,10.08,Rail corrugation,Low,2026-06-01 18:21,2026-07-16,46,4.7,29,Open
TMS-00897,Engineering,Guntakal-SEC-04,100.98,Points & crossing wear,High,2026-05-21 06:36,2026-05-28,95,7.9,29,Open
TMS-00898,Engineering,Secunderabad-SEC-07,61.28,Sleeper damage,Critical,2026-08-25 03:56,2026-08-27,4,2.4,8,Open
TMS-00899,Engineering,Hyderabad-SEC-06,9.81,Points & crossing wear,Low,2026-05-31 03:18,2026-07-15,47,3.5,3,Open
TMS-00900,Engineering,Guntur-SEC-02,5.43,Sleeper damage,High,2026-06-08 07:08,2026-06-15,77,2.3,21,Open
TMS-00901,Engineering,Guntakal-SEC-01,40.96,Ballast deficiency,Low,2026-05-31 07:26,2026-07-15,47,4.1,15,Open
TMS-00902,Engineering,Guntur-SEC-04,64.13,Rail fracture,High,2026-05-28 02:00,2026-06-04,88,5.7,27,Open
TMS-00903,Engineering,Hyderabad-SEC-07,87.11,Rail wear beyond limit,Medium,2026-08-10 00:07,2026-08-31,0,5.8,41,Completed
TMS-00904,Engineering,Guntur-SEC-02,96.56,Weld defect,Medium,2026-06-14 10:51,2026-07-05,57,7.7,10,Open
TMS-00905,Engineering,Vijayawada-SEC-05,103.08,Track geometry deviation,Low,2026-08-07 19:55,2026-09-21,0,5.9,32,Scheduled
TMS-00906,Engineering,Hyderabad-SEC-03,22.91,Rail wear beyond limit,Medium,2026-06-09 15:11,2026-06-30,62,5.4,31,Open
TMS-00907,Engineering,Guntur-SEC-05,115.66,Rail corrugation,High,2026-07-08 23:12,2026-07-15,47,7.3,3,Completed
TMS-00908,Engineering,Guntur-SEC-02,6.11,Rail fracture,High,2026-06-18 15:09,2026-06-25,67,5.0,8,Scheduled
TMS-00909,Engineering,Hyderabad-SEC-06,71.5,Points & crossing wear,Low,2026-06-01 08:16,2026-07-16,46,6.9,20,Open
TMS-00910,Engineering,Guntur-SEC-08,27.83,Rail fracture,Medium,2026-07-11 06:18,2026-08-01,30,6.1,35,Open
TMS-00911,Engineering,Guntur-SEC-03,106.7,Weld defect,Medium,2026-06-19 12:30,2026-07-10,52,2.9,33,Scheduled
TMS-00912,Engineering,Vijayawada-SEC-03,34.56,Track geometry deviation,Medium,2026-06-10 11:22,2026-07-01,61,4.1,32,Open
TMS-00913,Engineering,Guntakal-SEC-06,110.61,Level crossing surface damage,High,2026-08-02 05:31,2026-08-09,22,7.4,44,Open
TMS-00914,Engineering,Guntur-SEC-03,99.97,Vegetation encroachment,Medium,2026-05-10 13:19,2026-05-31,92,3.7,43,Scheduled
TMS-00915,Engineering,Hyderabad-SEC-08,24.87,Level crossing surface damage,Low,2026-05-22 06:48,2026-07-06,56,6.9,7,Scheduled
TMS-00916,Engineering,Secunderabad-SEC-07,95.22,Rail corrugation,High,2026-08-15 17:41,2026-08-22,9,5.2,21,Open
TMS-00917,Engineering,Guntakal-SEC-01,42.85,Ballast deficiency,Low,2026-06-21 22:17,2026-08-05,26,3.5,13,Completed
TMS-00918,Engineering,Guntur-SEC-04,13.68,Track geometry deviation,Critical,2026-05-09 05:40,2026-05-11,112,2.5,9,Scheduled
TMS-00919,Engineering,Secunderabad-SEC-03,92.41,Points & crossing wear,Low,2026-06-30 14:36,2026-08-14,17,6.5,19,Completed
TMS-00920,Engineering,Secunderabad-SEC-04,111.2,Rail corrugation,Medium,2026-05-14 05:14,2026-06-04,88,1.7,31,Completed
TMS-00921,Engineering,Hyderabad-SEC-08,93.86,Weld defect,Low,2026-05-27 19:57,2026-07-11,51,6.5,37,Open
TMS-00922,Engineering,Guntakal-SEC-08,18.84,Rail wear beyond limit,Medium,2026-08-18 17:55,2026-09-08,0,7.1,30,Scheduled
TMS-00923,Engineering,Vijayawada-SEC-01,14.76,Track geometry deviation,High,2026-06-29 20:23,2026-07-06,56,3.5,30,Completed
TMS-00924,Engineering,Guntakal-SEC-06,34.41,Ballast deficiency,High,2026-05-25 23:45,2026-06-01,91,6.7,7,Open
TMS-00925,Engineering,Vijayawada-SEC-02,90.38,Points & crossing wear,Medium,2026-06-01 08:53,2026-06-22,70,5.7,28,Scheduled
TMS-00926,Engineering,Guntur-SEC-06,114.22,Points & crossing wear,Medium,2026-08-14 08:23,2026-09-04,0,3.9,45,Open
TMS-00927,Engineering,Hyderabad-SEC-02,113.24,Weld defect,High,2026-08-28 07:53,2026-09-04,0,1.1,23,Open
TMS-00928,Engineering,Secunderabad-SEC-03,79.22,Vegetation encroachment,Medium,2026-05-25 18:01,2026-06-15,77,3.8,11,Completed
TMS-00929,Engineering,Hyderabad-SEC-02,116.72,Sleeper damage,Low,2026-08-24 01:00,2026-10-08,0,6.6,27,Completed
TMS-00930,Engineering,Guntakal-SEC-05,109.11,Rail fracture,Low,2026-06-03 03:50,2026-07-18,44,6.1,19,Completed
TMS-00931,Engineering,Vijayawada-SEC-06,106.51,Formation failure,Medium,2026-06-14 18:39,2026-07-05,57,4.1,41,Scheduled
TMS-00932,Engineering,Guntur-SEC-02,93.05,Rail wear beyond limit,Low,2026-06-03 11:25,2026-07-18,44,6.5,7,Open
TMS-00933,Engineering,Vijayawada-SEC-01,62.46,Points & crossing wear,Medium,2026-07-20 09:48,2026-08-10,21,6.2,20,Open
TMS-00934,Engineering,Vijayawada-SEC-03,2.81,Points & crossing wear,High,2026-06-27 03:54,2026-07-04,58,3.4,39,Open
TMS-00935,Engineering,Secunderabad-SEC-08,87.84,Fish plate loose,Medium,2026-05-17 12:56,2026-06-07,85,7.9,18,Scheduled
TMS-00936,Engineering,Secunderabad-SEC-08,53.85,Formation failure,Critical,2026-07-17 19:29,2026-07-19,43,7.2,2,Open
TMS-00937,Engineering,Hyderabad-SEC-03,101.34,Track geometry deviation,Medium,2026-08-01 02:49,2026-08-22,9,7.3,24,Open
TMS-00938,Engineering,Hyderabad-SEC-02,88.5,Weld defect,Medium,2026-06-07 03:08,2026-06-28,64,6.0,22,Open
TMS-00939,Engineering,Guntur-SEC-04,99.41,Weld defect,Medium,2026-08-07 10:50,2026-08-28,3,2.0,7,Open
TMS-00940,Engineering,Guntakal-SEC-08,81.22,Sleeper damage,Medium,2026-05-10 19:15,2026-05-31,92,4.1,39,Scheduled
TMS-00941,Engineering,Guntur-SEC-04,119.58,Level crossing surface damage,Low,2026-05-24 09:37,2026-07-08,54,5.1,33,Scheduled
TMS-00942,Engineering,Guntur-SEC-06,15.53,Level crossing surface damage,High,2026-07-09 18:04,2026-07-16,46,1.9,34,Completed
TMS-00943,Engineering,Vijayawada-SEC-03,113.29,Fish plate loose,Medium,2026-08-16 16:15,2026-09-06,0,1.2,9,Scheduled
TMS-00944,Engineering,Secunderabad-SEC-03,62.73,Weld defect,High,2026-07-10 19:58,2026-07-17,45,5.0,25,Open
TMS-00945,Engineering,Vijayawada-SEC-02,17.06,Formation failure,High,2026-07-15 12:57,2026-07-22,40,1.2,28,Open
TMS-00946,Engineering,Guntur-SEC-08,0.25,Points & crossing wear,Low,2026-05-09 12:53,2026-06-23,69,2.5,24,Open
TMS-00947,Engineering,Guntur-SEC-05,108.03,Sleeper damage,Medium,2026-08-26 08:47,2026-09-16,0,3.2,32,Completed
TMS-00948,Engineering,Guntur-SEC-06,91.4,Vegetation encroachment,High,2026-05-17 01:56,2026-05-24,99,2.0,30,Open
TMS-00949,Engineering,Hyderabad-SEC-08,49.16,Track geometry deviation,Critical,2026-05-30 12:09,2026-06-01,91,7.0,27,Open
TMS-00950,Engineering,Vijayawada-SEC-03,84.87,Formation failure,Medium,2026-08-26 07:52,2026-09-16,0,5.5,42,Scheduled
TMS-00951,Engineering,Hyderabad-SEC-04,10.22,Formation failure,Medium,2026-06-02 12:45,2026-06-23,69,1.9,36,Scheduled
TMS-00952,Engineering,Hyderabad-SEC-01,107.62,Weld defect,Medium,2026-08-25 03:14,2026-09-15,0,6.3,44,Completed
TMS-00953,Engineering,Hyderabad-SEC-06,53.31,Points & crossing wear,High,2026-08-08 23:18,2026-08-15,16,2.4,40,Open
TMS-00954,Engineering,Guntakal-SEC-06,52.44,Sleeper damage,Medium,2026-06-17 22:21,2026-07-08,54,7.5,3,Completed
TMS-00955,Engineering,Secunderabad-SEC-07,65.01,Rail wear beyond limit,High,2026-07-22 10:05,2026-07-29,33,1.8,11,Open
TMS-00956,Engineering,Vijayawada-SEC-03,7.07,Fish plate loose,High,2026-05-25 20:44,2026-06-01,91,7.7,13,Open
TMS-00957,Engineering,Guntur-SEC-03,107.16,Rail wear beyond limit,Medium,2026-08-24 13:08,2026-09-14,0,3.2,26,Completed
TMS-00958,Engineering,Hyderabad-SEC-07,70.32,Rail corrugation,Critical,2026-05-08 19:35,2026-05-10,113,3.9,34,Scheduled
TMS-00959,Engineering,Hyderabad-SEC-04,48.85,Rail corrugation,High,2026-07-13 19:48,2026-07-20,42,3.2,3,Open
TMS-00960,Engineering,Secunderabad-SEC-07,29.56,Points & crossing wear,High,2026-08-02 23:19,2026-08-09,22,7.7,43,Scheduled
TMS-00961,Engineering,Hyderabad-SEC-01,24.41,Ballast deficiency,Medium,2026-07-24 03:18,2026-08-14,17,1.6,25,Open
TMS-00962,Engineering,Hyderabad-SEC-04,54.21,Rail fracture,Medium,2026-08-10 15:04,2026-08-31,0,4.0,31,Completed
TMS-00963,Engineering,Secunderabad-SEC-04,112.02,Rail corrugation,Medium,2026-06-13 13:28,2026-07-04,58,2.2,19,Scheduled
TMS-00964,Engineering,Vijayawada-SEC-06,70.22,Points & crossing wear,Low,2026-05-16 10:09,2026-06-30,62,6.9,20,Open
TMS-00965,Engineering,Guntur-SEC-02,83.81,Ballast deficiency,Medium,2026-05-29 04:33,2026-06-19,73,3.1,37,Completed
TMS-00966,Engineering,Guntakal-SEC-05,106.07,Fish plate loose,High,2026-05-11 08:16,2026-05-18,105,4.5,42,Open
TMS-00967,Engineering,Guntakal-SEC-05,41.0,Rail corrugation,High,2026-05-27 07:31,2026-06-03,89,5.6,40,Open
TMS-00968,Engineering,Guntur-SEC-07,0.51,Rail fracture,Medium,2026-05-07 19:07,2026-05-28,95,1.0,45,Open
TMS-00969,Engineering,Secunderabad-SEC-05,64.64,Vegetation encroachment,Low,2026-06-21 06:11,2026-08-05,26,4.8,30,Scheduled
TMS-00970,Engineering,Vijayawada-SEC-04,100.7,Level crossing surface damage,Low,2026-07-17 10:17,2026-08-31,0,3.5,2,Open
TMS-00971,Engineering,Secunderabad-SEC-02,91.01,Vegetation encroachment,Medium,2026-07-15 16:58,2026-08-05,26,2.6,24,Open
TMS-00972,Engineering,Vijayawada-SEC-07,28.11,Rail corrugation,Medium,2026-05-19 01:39,2026-06-09,83,6.7,25,Open
TMS-00973,Engineering,Guntur-SEC-02,13.31,Rail wear beyond limit,High,2026-06-29 01:56,2026-07-06,56,2.4,38,Open
TMS-00974,Engineering,Hyderabad-SEC-07,67.82,Weld defect,High,2026-08-10 03:54,2026-08-17,14,6.2,39,Open
TMS-00975,Engineering,Vijayawada-SEC-07,105.72,Level crossing surface damage,High,2026-08-23 19:21,2026-08-30,1,5.0,19,Open
TMS-00976,Engineering,Hyderabad-SEC-03,73.73,Vegetation encroachment,Low,2026-06-06 23:09,2026-07-21,41,5.9,37,Completed
TMS-00977,Engineering,Secunderabad-SEC-04,102.46,Fish plate loose,Medium,2026-08-31 08:26,2026-09-21,0,7.6,29,Completed
TMS-00978,Engineering,Guntur-SEC-08,43.38,Rail fracture,High,2026-07-10 14:01,2026-07-17,45,4.6,16,Open
TMS-00979,Engineering,Guntur-SEC-02,23.35,Weld defect,Medium,2026-05-06 08:42,2026-05-27,96,3.2,38,Completed
TMS-00980,Engineering,Secunderabad-SEC-05,110.04,Track geometry deviation,Low,2026-05-29 15:47,2026-07-13,49,4.0,12,Open
TMS-00981,Engineering,Guntur-SEC-04,96.97,Formation failure,Medium,2026-08-23 01:12,2026-09-13,0,1.2,42,Completed
TMS-00982,Engineering,Guntakal-SEC-06,99.9,Fish plate loose,High,2026-05-16 14:52,2026-05-23,100,4.3,35,Scheduled
TMS-00983,Engineering,Secunderabad-SEC-07,75.04,Formation failure,Low,2026-05-03 21:20,2026-06-17,75,5.3,9,Open
TMS-00984,Engineering,Secunderabad-SEC-05,93.92,Rail fracture,Medium,2026-08-24 22:47,2026-09-14,0,7.2,30,Open
TMS-00985,Engineering,Secunderabad-SEC-04,67.11,Rail wear beyond limit,Medium,2026-06-14 01:12,2026-07-05,57,1.7,26,Open
TMS-00986,Engineering,Hyderabad-SEC-08,1.27,Sleeper damage,High,2026-06-13 09:01,2026-06-20,72,5.2,31,Scheduled
TMS-00987,Engineering,Secunderabad-SEC-02,54.49,Fish plate loose,Medium,2026-05-11 01:25,2026-06-01,91,3.4,39,Open
TMS-00988,Engineering,Vijayawada-SEC-05,108.52,Ballast deficiency,Medium,2026-08-18 23:33,2026-09-08,0,1.5,42,Open
TMS-00989,Engineering,Vijayawada-SEC-04,29.18,Rail fracture,Medium,2026-07-17 08:40,2026-08-07,24,5.3,5,Open
TMS-00990,Engineering,Guntakal-SEC-07,37.34,Points & crossing wear,Medium,2026-06-18 08:07,2026-07-09,53,5.6,11,Open
TMS-00991,Engineering,Secunderabad-SEC-01,62.12,Vegetation encroachment,High,2026-07-23 02:02,2026-07-30,32,3.6,45,Open
TMS-00992,Engineering,Secunderabad-SEC-04,50.65,Track geometry deviation,Low,2026-08-01 05:32,2026-09-15,0,4.9,14,Scheduled
TMS-00993,Engineering,Guntur-SEC-06,71.97,Fish plate loose,High,2026-08-06 21:30,2026-08-13,18,5.7,39,Scheduled
TMS-00994,Engineering,Secunderabad-SEC-07,54.52,Rail fracture,High,2026-07-20 01:34,2026-07-27,35,3.3,33,Open
TMS-00995,Engineering,Hyderabad-SEC-08,25.58,Rail corrugation,High,2026-08-31 00:44,2026-09-07,0,2.6,23,Completed
TMS-00996,Engineering,Secunderabad-SEC-01,43.54,Weld defect,Medium,2026-07-14 16:31,2026-08-04,27,6.8,24,Open
TMS-00997,Engineering,Hyderabad-SEC-06,109.53,Fish plate loose,High,2026-08-17 18:48,2026-08-24,7,2.4,4,Completed
TMS-00998,Engineering,Guntakal-SEC-01,86.26,Fish plate loose,High,2026-08-06 16:47,2026-08-13,18,2.5,37,Open
TMS-00999,Engineering,Secunderabad-SEC-07,2.52,Vegetation encroachment,High,2026-08-06 23:13,2026-08-13,18,2.8,10,Open
TMS-01000,Engineering,Guntur-SEC-06,28.82,Fish plate loose,High,2026-05-23 19:57,2026-05-30,93,2.5,44,Open
TMS-01001,Engineering,Secunderabad-SEC-05,14.22,Ballast deficiency,Low,2026-06-25 01:18,2026-08-09,22,7.1,14,Open
TMS-01002,Engineering,Vijayawada-SEC-08,110.52,Formation failure,High,2026-07-14 10:22,2026-07-21,41,4.0,39,Open
TMS-01003,Engineering,Secunderabad-SEC-04,75.54,Rail wear beyond limit,Low,2026-06-24 13:17,2026-08-08,23,3.3,10,Completed
TMS-01004,Engineering,Guntur-SEC-07,94.92,Formation failure,High,2026-06-18 06:11,2026-06-25,67,1.6,6,Open
TMS-01005,Engineering,Hyderabad-SEC-02,55.71,Fish plate loose,Low,2026-07-13 00:30,2026-08-27,4,3.6,25,Open
TMS-01006,Engineering,Hyderabad-SEC-06,77.97,Track geometry deviation,Medium,2026-07-01 05:59,2026-07-22,40,5.1,16,Completed
TMS-01007,Engineering,Guntur-SEC-01,68.56,Fish plate loose,Medium,2026-07-05 15:27,2026-07-26,36,3.1,18,Scheduled
TMS-01008,Engineering,Vijayawada-SEC-07,70.08,Rail corrugation,High,2026-08-14 20:56,2026-08-21,10,4.6,34,Scheduled
TMS-01009,Engineering,Guntur-SEC-08,38.04,Sleeper damage,Medium,2026-07-08 07:34,2026-07-29,33,3.9,3,Open
TMS-01010,Engineering,Secunderabad-SEC-06,35.34,Points & crossing wear,Medium,2026-08-02 14:19,2026-08-23,8,3.5,34,Open
TMS-01011,Engineering,Secunderabad-SEC-05,43.23,Points & crossing wear,Low,2026-08-21 13:56,2026-10-05,0,1.7,14,Open
TMS-01012,Engineering,Guntakal-SEC-02,22.88,Formation failure,High,2026-06-06 12:00,2026-06-13,79,6.2,10,Completed
TMS-01013,Engineering,Guntakal-SEC-04,33.82,Fish plate loose,Low,2026-05-27 04:13,2026-07-11,51,1.1,27,Completed
TMS-01014,Engineering,Hyderabad-SEC-01,118.71,Ballast deficiency,Low,2026-05-18 02:53,2026-07-02,60,1.1,27,Open
TMS-01015,Engineering,Hyderabad-SEC-04,90.91,Level crossing surface damage,Medium,2026-05-31 16:21,2026-06-21,71,4.6,31,Open
TMS-01016,Engineering,Guntur-SEC-03,25.15,Rail corrugation,Low,2026-08-21 12:36,2026-10-05,0,4.0,37,Open
TMS-01017,Engineering,Secunderabad-SEC-01,59.98,Vegetation encroachment,Low,2026-08-14 02:58,2026-09-28,0,3.1,24,Open
TMS-01018,Engineering,Hyderabad-SEC-03,35.96,Formation failure,Medium,2026-07-09 08:30,2026-07-30,32,3.8,3,Scheduled
TMS-01019,Engineering,Guntakal-SEC-06,68.18,Formation failure,High,2026-08-27 18:56,2026-09-03,0,7.7,40,Scheduled
TMS-01020,Engineering,Hyderabad-SEC-03,46.37,Rail corrugation,High,2026-07-12 10:07,2026-07-19,43,3.7,8,Open
TMS-01021,Engineering,Secunderabad-SEC-07,80.99,Ballast deficiency,Low,2026-07-05 00:44,2026-08-19,12,1.7,4,Completed
TMS-01022,Engineering,Guntur-SEC-01,34.06,Track geometry deviation,Critical,2026-06-15 06:12,2026-06-17,75,3.6,20,Scheduled
TMS-01023,Engineering,Vijayawada-SEC-03,39.21,Sleeper damage,Critical,2026-08-23 07:26,2026-08-25,6,6.1,27,Open
TMS-01024,Engineering,Secunderabad-SEC-05,46.68,Track geometry deviation,Medium,2026-08-17 19:17,2026-09-07,0,4.3,10,Completed
TMS-01025,Engineering,Vijayawada-SEC-03,72.45,Rail wear beyond limit,Low,2026-07-23 08:15,2026-09-06,0,5.7,39,Open
TMS-01026,Engineering,Vijayawada-SEC-02,53.49,Sleeper damage,High,2026-06-01 07:17,2026-06-08,84,1.1,40,Completed
TMS-01027,Engineering,Guntur-SEC-06,55.52,Rail fracture,Low,2026-06-25 12:01,2026-08-09,22,7.2,7,Open
TMS-01028,Engineering,Guntakal-SEC-04,46.93,Ballast deficiency,High,2026-05-11 07:23,2026-05-18,105,6.9,28,Open
TMS-01029,Engineering,Vijayawada-SEC-04,83.82,Weld defect,Medium,2026-05-08 01:30,2026-05-29,94,4.2,27,Scheduled
TMS-01030,Engineering,Hyderabad-SEC-03,35.03,Weld defect,Low,2026-08-26 15:16,2026-10-10,0,2.1,15,Completed
TMS-01031,Engineering,Secunderabad-SEC-07,60.53,Fish plate loose,High,2026-07-10 03:52,2026-07-17,45,3.6,28,Open
TMS-01032,Engineering,Secunderabad-SEC-05,76.66,Vegetation encroachment,Medium,2026-07-30 16:27,2026-08-20,11,4.2,31,Open
TMS-01033,Engineering,Secunderabad-SEC-01,30.07,Level crossing surface damage,Low,2026-05-28 09:27,2026-07-12,50,3.8,10,Open
TMS-01034,Engineering,Hyderabad-SEC-04,78.84,Level crossing surface damage,Medium,2026-05-28 07:05,2026-06-18,74,1.5,30,Open
TMS-01035,Engineering,Secunderabad-SEC-02,72.84,Ballast deficiency,Low,2026-05-18 13:50,2026-07-02,60,2.2,20,Open
TMS-01036,Engineering,Secunderabad-SEC-01,81.29,Ballast deficiency,High,2026-05-29 09:46,2026-06-05,87,5.7,30,Open
TMS-01037,Engineering,Guntur-SEC-05,83.61,Vegetation encroachment,Low,2026-08-04 22:44,2026-09-18,0,4.7,35,Scheduled
TMS-01038,Engineering,Secunderabad-SEC-04,71.78,Rail fracture,Medium,2026-06-01 20:15,2026-06-22,70,3.2,26,Scheduled
TMS-01039,Engineering,Secunderabad-SEC-06,1.92,Rail fracture,Medium,2026-05-05 14:54,2026-05-26,97,2.7,2,Open
TMS-01040,Engineering,Vijayawada-SEC-03,86.88,Rail fracture,High,2026-08-07 21:42,2026-08-14,17,7.2,28,Open
TMS-01041,Engineering,Hyderabad-SEC-08,24.85,Points & crossing wear,High,2026-05-19 12:05,2026-05-26,97,5.4,27,Completed
TMS-01042,Engineering,Vijayawada-SEC-04,1.8,Vegetation encroachment,High,2026-08-16 15:32,2026-08-23,8,3.5,22,Open
TMS-01043,Engineering,Guntakal-SEC-02,77.99,Fish plate loose,High,2026-08-04 07:17,2026-08-11,20,5.6,4,Open
TMS-01044,Engineering,Secunderabad-SEC-07,85.5,Formation failure,High,2026-08-04 09:01,2026-08-11,20,5.2,12,Open
TMS-01045,Engineering,Guntur-SEC-01,81.35,Level crossing surface damage,High,2026-08-19 02:09,2026-08-26,5,5.4,10,Open
TMS-01046,Engineering,Secunderabad-SEC-05,40.21,Formation failure,Low,2026-06-11 12:25,2026-07-26,36,5.7,39,Open
TMS-01047,Engineering,Secunderabad-SEC-01,27.91,Formation failure,Medium,2026-06-27 00:40,2026-07-18,44,4.5,9,Open
TMS-01048,Engineering,Secunderabad-SEC-04,16.51,Rail corrugation,Low,2026-05-29 08:23,2026-07-13,49,5.3,20,Open
TMS-01049,Engineering,Hyderabad-SEC-07,118.63,Rail corrugation,Medium,2026-07-14 16:33,2026-08-04,27,2.7,23,Open
TMS-01050,Engineering,Guntur-SEC-03,77.77,Rail wear beyond limit,Low,2026-07-22 00:34,2026-09-05,0,1.3,3,Open
TMS-01051,Engineering,Secunderabad-SEC-04,108.8,Vegetation encroachment,High,2026-05-30 11:56,2026-06-06,86,2.4,17,Completed
TMS-01052,Engineering,Guntakal-SEC-05,22.03,Vegetation encroachment,Medium,2026-06-03 15:54,2026-06-24,68,3.7,2,Open
TMS-01053,Engineering,Vijayawada-SEC-02,112.59,Ballast deficiency,Low,2026-06-30 21:27,2026-08-14,17,1.4,7,Open
TMS-01054,Engineering,Guntur-SEC-06,37.38,Level crossing surface damage,High,2026-06-22 16:33,2026-06-29,63,1.5,14,Open
TMS-01055,Engineering,Guntur-SEC-05,116.13,Track geometry deviation,High,2026-08-09 01:56,2026-08-16,15,3.0,19,Completed
TMS-01056,Engineering,Guntur-SEC-01,20.13,Rail corrugation,Low,2026-07-01 21:05,2026-08-15,16,3.5,29,Open
TMS-01057,Engineering,Guntur-SEC-07,2.38,Sleeper damage,Low,2026-05-29 08:13,2026-07-13,49,6.7,29,Completed
TMS-01058,Engineering,Vijayawada-SEC-04,30.88,Rail corrugation,Medium,2026-05-26 13:04,2026-06-16,76,2.1,21,Open
TMS-01059,Engineering,Vijayawada-SEC-01,85.78,Track geometry deviation,Medium,2026-07-14 03:31,2026-08-04,27,1.5,11,Completed
TMS-01060,Engineering,Guntakal-SEC-08,58.97,Sleeper damage,Low,2026-08-31 23:31,2026-10-15,0,6.1,27,Completed
TMS-01061,Engineering,Hyderabad-SEC-06,8.55,Rail fracture,Medium,2026-07-15 10:01,2026-08-05,26,5.5,9,Open
TMS-01062,Engineering,Guntakal-SEC-01,92.55,Level crossing surface damage,High,2026-06-20 18:05,2026-06-27,65,4.1,24,Open
TMS-01063,Engineering,Guntur-SEC-01,111.18,Level crossing surface damage,Medium,2026-06-30 00:52,2026-07-21,41,5.9,17,Open
TMS-01064,Engineering,Vijayawada-SEC-02,31.36,Rail corrugation,Medium,2026-08-27 10:50,2026-09-17,0,5.7,45,Open
TMS-01065,Engineering,Vijayawada-SEC-03,1.48,Weld defect,Medium,2026-07-31 02:04,2026-08-21,10,5.6,43,Scheduled
TMS-01066,Engineering,Secunderabad-SEC-06,62.22,Track geometry deviation,Medium,2026-07-13 09:31,2026-08-03,28,7.8,29,Open
TMS-01067,Engineering,Hyderabad-SEC-03,79.02,Sleeper damage,Medium,2026-07-08 14:47,2026-07-29,33,4.5,39,Open
TMS-01068,Engineering,Guntakal-SEC-07,97.71,Rail wear beyond limit,High,2026-07-10 20:45,2026-07-17,45,5.0,15,Completed
TMS-01069,Engineering,Guntur-SEC-08,0.19,Weld defect,Critical,2026-07-12 12:46,2026-07-14,48,3.3,28,Open
TMS-01070,Engineering,Guntakal-SEC-08,22.37,Ballast deficiency,Medium,2026-06-09 13:30,2026-06-30,62,2.2,14,Open
TMS-01071,Engineering,Vijayawada-SEC-04,24.11,Level crossing surface damage,Medium,2026-06-28 19:59,2026-07-19,43,6.7,13,Completed
TMS-01072,Engineering,Guntur-SEC-05,75.22,Formation failure,Low,2026-08-07 14:33,2026-09-21,0,7.1,8,Completed
TMS-01073,Engineering,Guntakal-SEC-02,7.71,Rail fracture,High,2026-08-10 21:05,2026-08-17,14,3.6,39,Open
TMS-01074,Engineering,Secunderabad-SEC-01,79.84,Rail fracture,Critical,2026-06-30 20:19,2026-07-02,60,4.1,8,Open
TMS-01075,Engineering,Guntakal-SEC-02,111.86,Rail corrugation,Medium,2026-05-22 23:44,2026-06-12,80,4.6,23,Scheduled
TMS-01076,Engineering,Guntakal-SEC-05,98.02,Fish plate loose,Medium,2026-07-19 10:30,2026-08-09,22,3.4,44,Open
TMS-01077,Engineering,Secunderabad-SEC-07,0.37,Level crossing surface damage,Low,2026-06-14 21:54,2026-07-29,33,7.1,27,Scheduled
TMS-01078,Engineering,Hyderabad-SEC-02,33.54,Level crossing surface damage,Critical,2026-05-10 18:56,2026-05-12,111,3.0,17,Open
TMS-01079,Engineering,Vijayawada-SEC-05,0.38,Vegetation encroachment,Low,2026-06-13 00:00,2026-07-28,34,4.6,22,Open
TMS-01080,Engineering,Guntur-SEC-05,28.03,Rail corrugation,Low,2026-07-16 22:20,2026-08-30,1,6.2,27,Scheduled
TMS-01081,Engineering,Guntur-SEC-07,118.42,Level crossing surface damage,High,2026-05-22 21:02,2026-05-29,94,7.6,8,Scheduled
TMS-01082,Engineering,Hyderabad-SEC-02,105.15,Level crossing surface damage,High,2026-07-25 01:53,2026-08-01,30,2.0,34,Open
TMS-01083,Engineering,Hyderabad-SEC-04,118.47,Rail corrugation,High,2026-06-29 20:49,2026-07-06,56,5.7,12,Completed
TMS-01084,Engineering,Vijayawada-SEC-06,20.45,Vegetation encroachment,Medium,2026-08-17 06:26,2026-09-07,0,2.7,7,Open
TMS-01085,Engineering,Guntur-SEC-01,91.96,Track geometry deviation,High,2026-06-01 22:56,2026-06-08,84,7.5,18,Scheduled
TMS-01086,Engineering,Guntur-SEC-08,10.85,Level crossing surface damage,Medium,2026-05-09 19:31,2026-05-30,93,7.5,23,Completed
TMS-01087,Engineering,Guntakal-SEC-06,45.24,Level crossing surface damage,Low,2026-05-04 03:01,2026-06-18,74,5.2,26,Scheduled
TMS-01088,Engineering,Vijayawada-SEC-07,26.83,Weld defect,Low,2026-05-23 03:32,2026-07-07,55,4.1,20,Open
TMS-01089,Engineering,Secunderabad-SEC-08,68.74,Ballast deficiency,Medium,2026-08-20 11:36,2026-09-10,0,7.6,22,Completed
TMS-01090,Engineering,Vijayawada-SEC-05,101.65,Sleeper damage,High,2026-06-19 23:56,2026-06-26,66,5.1,22,Scheduled
TMS-01091,Engineering,Vijayawada-SEC-07,12.79,Rail fracture,Medium,2026-05-21 19:24,2026-06-11,81,5.2,36,Completed
TMS-01092,Engineering,Vijayawada-SEC-07,59.98,Rail corrugation,Low,2026-07-22 18:43,2026-09-05,0,3.1,11,Scheduled
TMS-01093,Engineering,Secunderabad-SEC-08,32.81,Level crossing surface damage,Medium,2026-08-13 22:44,2026-09-03,0,3.2,38,Open
TMS-01094,Engineering,Guntur-SEC-01,7.06,Fish plate loose,Medium,2026-05-17 16:08,2026-06-07,85,5.9,11,Completed
TMS-01095,Engineering,Vijayawada-SEC-04,102.81,Level crossing surface damage,Medium,2026-08-05 15:48,2026-08-26,5,1.4,27,Open
TMS-01096,Engineering,Guntakal-SEC-06,50.69,Rail corrugation,Low,2026-05-19 18:12,2026-07-03,59,4.8,24,Scheduled
TMS-01097,Engineering,Vijayawada-SEC-05,84.13,Points & crossing wear,Medium,2026-07-12 21:23,2026-08-02,29,3.0,27,Open
TMS-01098,Engineering,Guntakal-SEC-04,54.9,Ballast deficiency,Low,2026-07-21 02:52,2026-09-04,0,1.4,38,Open
TMS-01099,Engineering,Vijayawada-SEC-06,96.52,Track geometry deviation,High,2026-06-03 06:26,2026-06-10,82,2.0,43,Open
TMS-01100,Engineering,Vijayawada-SEC-02,45.19,Sleeper damage,High,2026-05-31 03:02,2026-06-07,85,6.5,45,Completed
TMS-01101,Engineering,Vijayawada-SEC-04,113.41,Weld defect,Critical,2026-05-05 21:56,2026-05-07,116,9.8,34,Scheduled
TMS-01102,Engineering,Guntur-SEC-02,29.4,Weld defect,Low,2026-06-17 08:12,2026-08-01,30,5.4,17,Open
TMS-01103,Engineering,Guntur-SEC-01,93.1,Vegetation encroachment,Low,2026-07-24 02:17,2026-09-07,0,5.6,44,Open
TMS-01104,Engineering,Guntur-SEC-05,44.08,Weld defect,Medium,2026-07-03 00:19,2026-07-24,38,5.4,9,Open
TMS-01105,Engineering,Secunderabad-SEC-02,70.42,Formation failure,Medium,2026-06-30 00:38,2026-07-21,41,4.6,32,Open
TMS-01106,Engineering,Guntur-SEC-07,119.99,Level crossing surface damage,Low,2026-05-28 20:33,2026-07-12,50,2.3,29,Open
TMS-01107,Engineering,Hyderabad-SEC-03,22.19,Level crossing surface damage,High,2026-08-15 20:22,2026-08-22,9,6.0,3,Open
TMS-01108,Engineering,Secunderabad-SEC-05,62.27,Formation failure,Low,2026-05-19 04:28,2026-07-03,59,4.7,36,Scheduled
TMS-01109,Engineering,Secunderabad-SEC-08,21.68,Formation failure,High,2026-05-22 00:16,2026-05-29,94,6.3,13,Open
TMS-01110,Engineering,Vijayawada-SEC-06,78.32,Weld defect,High,2026-07-05 12:33,2026-07-12,50,1.9,37,Open
TMS-01111,Engineering,Guntakal-SEC-04,43.63,Points & crossing wear,Critical,2026-05-27 22:43,2026-05-29,94,3.0,12,Open
TMS-01112,Engineering,Hyderabad-SEC-02,108.55,Rail wear beyond limit,Critical,2026-05-03 00:02,2026-05-05,118,4.4,44,Open
TMS-01113,Engineering,Guntakal-SEC-07,72.74,Points & crossing wear,Medium,2026-08-14 02:59,2026-09-04,0,3.2,15,Scheduled
TMS-01114,Engineering,Guntakal-SEC-04,102.73,Track geometry deviation,High,2026-06-08 22:22,2026-06-15,77,2.3,10,Scheduled
TMS-01115,Engineering,Hyderabad-SEC-08,50.64,Points & crossing wear,Medium,2026-08-04 02:27,2026-08-25,6,1.9,18,Open
TMS-01116,Engineering,Guntakal-SEC-01,81.18,Level crossing surface damage,Medium,2026-06-09 18:03,2026-06-30,62,1.6,11,Open
TMS-01117,Engineering,Vijayawada-SEC-05,85.73,Formation failure,Medium,2026-08-22 01:04,2026-09-12,0,8.0,44,Scheduled
TMS-01118,Engineering,Guntakal-SEC-05,119.09,Sleeper damage,High,2026-06-27 01:58,2026-07-04,58,6.8,26,Open
TMS-01119,Engineering,Secunderabad-SEC-08,82.08,Sleeper damage,Critical,2026-06-15 14:59,2026-06-17,75,3.0,6,Open
TMS-01120,Engineering,Vijayawada-SEC-02,104.26,Track geometry deviation,Low,2026-08-20 10:47,2026-10-04,0,6.4,19,Open
TMS-01121,Engineering,Secunderabad-SEC-08,21.09,Level crossing surface damage,Medium,2026-07-14 15:54,2026-08-04,27,1.7,21,Scheduled
TMS-01122,Engineering,Hyderabad-SEC-05,103.85,Points & crossing wear,Critical,2026-05-20 06:10,2026-05-22,101,4.8,19,Scheduled
TMS-01123,Engineering,Guntur-SEC-01,21.68,Level crossing surface damage,High,2026-05-09 22:15,2026-05-16,107,7.6,45,Completed
TMS-01124,Engineering,Guntur-SEC-07,71.08,Rail wear beyond limit,Medium,2026-06-24 03:54,2026-07-15,47,6.9,2,Scheduled
TMS-01125,Engineering,Hyderabad-SEC-05,88.25,Rail fracture,Medium,2026-06-01 18:20,2026-06-22,70,2.0,42,Completed
TMS-01126,Engineering,Guntur-SEC-06,21.97,Fish plate loose,Medium,2026-06-02 14:55,2026-06-23,69,3.9,31,Open
TMS-01127,Engineering,Vijayawada-SEC-07,36.62,Weld defect,Medium,2026-07-27 08:25,2026-08-17,14,6.0,21,Open
TMS-01128,Engineering,Vijayawada-SEC-08,113.38,Ballast deficiency,Medium,2026-07-22 20:43,2026-08-12,19,1.5,38,Open
TMS-01129,Engineering,Secunderabad-SEC-01,115.46,Sleeper damage,Medium,2026-05-28 13:35,2026-06-18,74,4.4,45,Open
TMS-01130,Engineering,Hyderabad-SEC-03,83.75,Sleeper damage,Medium,2026-05-30 19:01,2026-06-20,72,4.6,2,Scheduled
TMS-01131,Engineering,Guntakal-SEC-07,29.31,Level crossing surface damage,Medium,2026-05-07 23:44,2026-05-28,95,5.9,44,Completed
TMS-01132,Engineering,Guntur-SEC-05,115.76,Vegetation encroachment,Medium,2026-05-18 04:46,2026-06-08,84,1.3,35,Completed
TMS-01133,Engineering,Guntakal-SEC-07,114.3,Sleeper damage,Medium,2026-08-09 21:15,2026-08-30,1,1.9,33,Open
TMS-01134,Engineering,Hyderabad-SEC-03,102.09,Weld defect,High,2026-07-15 19:52,2026-07-22,40,5.8,20,Open
TMS-01135,Engineering,Hyderabad-SEC-05,47.23,Rail wear beyond limit,High,2026-07-25 14:21,2026-08-01,30,6.2,43,Open
TMS-01136,Engineering,Guntur-SEC-08,6.9,Rail fracture,Low,2026-05-09 22:42,2026-06-23,69,7.2,41,Open
TMS-01137,Engineering,Vijayawada-SEC-04,48.25,Rail fracture,High,2026-07-24 11:06,2026-07-31,31,3.4,8,Open
TMS-01138,Engineering,Guntur-SEC-03,14.86,Rail corrugation,Medium,2026-08-06 20:54,2026-08-27,4,7.3,2,Open
TMS-01139,Engineering,Guntakal-SEC-04,43.74,Ballast deficiency,High,2026-06-08 14:53,2026-06-15,77,3.8,36,Completed
TMS-01140,Engineering,Vijayawada-SEC-01,42.45,Sleeper damage,Medium,2026-08-18 08:01,2026-09-08,0,4.1,2,Open
TMS-01141,Engineering,Vijayawada-SEC-01,47.35,Level crossing surface damage,High,2026-05-12 16:46,2026-05-19,104,3.0,23,Completed
TMS-01142,Engineering,Guntakal-SEC-02,14.26,Rail corrugation,Low,2026-08-11 16:45,2026-09-25,0,7.7,37,Open
TMS-01143,Engineering,Guntur-SEC-02,60.22,Level crossing surface damage,High,2026-06-05 19:21,2026-06-12,80,6.4,26,Open
TMS-01144,Engineering,Secunderabad-SEC-01,92.09,Track geometry deviation,High,2026-08-18 23:13,2026-08-25,6,3.4,5,Scheduled
TMS-01145,Engineering,Guntur-SEC-04,57.62,Rail wear beyond limit,Low,2026-07-19 08:21,2026-09-02,0,6.2,33,Open
TMS-01146,Engineering,Vijayawada-SEC-04,29.94,Weld defect,Medium,2026-07-08 14:58,2026-07-29,33,6.1,18,Completed
TMS-01147,Engineering,Secunderabad-SEC-07,84.14,Points & crossing wear,High,2026-07-31 08:22,2026-08-07,24,5.9,41,Open
TMS-01148,Engineering,Secunderabad-SEC-08,15.88,Rail fracture,Medium,2026-05-14 02:28,2026-06-04,88,2.0,19,Completed
TMS-01149,Engineering,Secunderabad-SEC-06,103.72,Sleeper damage,Medium,2026-05-05 18:40,2026-05-26,97,5.3,28,Open
TMS-01150,Engineering,Guntur-SEC-04,57.5,Points & crossing wear,Low,2026-06-03 00:56,2026-07-18,44,2.6,29,Scheduled
TMS-01151,Engineering,Guntakal-SEC-07,85.39,Track geometry deviation,High,2026-07-24 19:59,2026-07-31,31,3.0,22,Completed
TMS-01152,Engineering,Guntakal-SEC-05,25.44,Rail corrugation,Critical,2026-08-08 22:30,2026-08-10,21,7.3,19,Completed
TMS-01153,Engineering,Guntakal-SEC-08,40.11,Weld defect,High,2026-08-19 08:18,2026-08-26,5,7.6,8,Scheduled
TMS-01154,Engineering,Guntakal-SEC-08,88.96,Fish plate loose,Low,2026-06-05 03:54,2026-07-20,42,1.9,39,Open
TMS-01155,Engineering,Guntur-SEC-01,10.47,Weld defect,Medium,2026-07-15 15:19,2026-08-05,26,2.5,10,Scheduled
TMS-01156,Engineering,Vijayawada-SEC-05,23.15,Rail corrugation,Critical,2026-06-15 19:37,2026-06-17,75,9.7,8,Open
TMS-01157,Engineering,Vijayawada-SEC-05,64.03,Ballast deficiency,High,2026-06-23 01:27,2026-06-30,62,6.1,4,Open
TMS-01158,Engineering,Hyderabad-SEC-04,117.02,Fish plate loose,Medium,2026-07-09 03:57,2026-07-30,32,7.2,30,Scheduled
TMS-01159,Engineering,Hyderabad-SEC-01,94.91,Ballast deficiency,Critical,2026-08-16 08:07,2026-08-18,13,5.4,40,Open
TMS-01160,Engineering,Vijayawada-SEC-05,88.89,Sleeper damage,Critical,2026-08-15 13:27,2026-08-17,14,6.5,33,Scheduled
TMS-01161,Engineering,Hyderabad-SEC-01,46.1,Sleeper damage,Low,2026-05-12 05:18,2026-06-26,66,2.2,27,Scheduled
TMS-01162,Engineering,Hyderabad-SEC-06,83.61,Points & crossing wear,Critical,2026-08-05 17:17,2026-08-07,24,6.6,31,Open
TMS-01163,Engineering,Guntakal-SEC-03,84.99,Points & crossing wear,High,2026-05-31 04:52,2026-06-07,85,7.0,9,Open
TMS-01164,Engineering,Vijayawada-SEC-02,113.05,Rail wear beyond limit,High,2026-08-26 04:34,2026-09-02,0,1.3,10,Open
TMS-01165,Engineering,Vijayawada-SEC-06,64.15,Rail fracture,Medium,2026-05-22 22:07,2026-06-12,80,2.7,43,Open
TMS-01166,Engineering,Hyderabad-SEC-04,31.68,Ballast deficiency,High,2026-06-15 10:33,2026-06-22,70,7.6,28,Completed
TMS-01167,Engineering,Secunderabad-SEC-01,98.87,Track geometry deviation,Low,2026-07-25 12:10,2026-09-08,0,5.4,19,Open
TMS-01168,Engineering,Hyderabad-SEC-06,12.77,Level crossing surface damage,Medium,2026-08-29 04:26,2026-09-19,0,7.1,26,Completed
TMS-01169,Engineering,Guntur-SEC-05,26.48,Rail wear beyond limit,Medium,2026-07-30 01:11,2026-08-20,11,4.9,15,Scheduled
TMS-01170,Engineering,Guntur-SEC-04,44.24,Rail corrugation,High,2026-05-20 09:36,2026-05-27,96,2.6,7,Open
TMS-01171,Engineering,Hyderabad-SEC-05,58.86,Level crossing surface damage,Low,2026-07-04 17:15,2026-08-18,13,2.2,13,Scheduled
TMS-01172,Engineering,Guntur-SEC-02,82.48,Track geometry deviation,High,2026-08-29 12:42,2026-09-05,0,2.2,6,Open
TMS-01173,Engineering,Guntur-SEC-02,12.03,Points & crossing wear,Medium,2026-07-08 15:04,2026-07-29,33,5.5,10,Scheduled
TMS-01174,Engineering,Secunderabad-SEC-02,13.2,Rail fracture,Medium,2026-05-20 23:34,2026-06-10,82,3.6,43,Completed
TMS-01175,Engineering,Hyderabad-SEC-07,1.62,Rail fracture,Low,2026-08-15 14:57,2026-09-29,0,2.9,8,Open
TMS-01176,Engineering,Vijayawada-SEC-01,57.65,Formation failure,Low,2026-05-19 11:40,2026-07-03,59,1.6,30,Completed
TMS-01177,Engineering,Hyderabad-SEC-03,83.04,Vegetation encroachment,Medium,2026-07-23 11:55,2026-08-13,18,2.7,36,Open
TMS-01178,Engineering,Hyderabad-SEC-01,106.37,Sleeper damage,High,2026-05-18 22:22,2026-05-25,98,3.1,11,Open
TMS-01179,Engineering,Guntakal-SEC-07,78.64,Track geometry deviation,High,2026-08-03 23:07,2026-08-10,21,3.7,45,Open
TMS-01180,Engineering,Vijayawada-SEC-07,12.21,Rail wear beyond limit,Medium,2026-05-10 19:54,2026-05-31,92,7.9,24,Open
TMS-01181,Engineering,Secunderabad-SEC-06,107.47,Formation failure,Medium,2026-07-20 19:41,2026-08-10,21,7.5,11,Open
TMS-01182,Engineering,Vijayawada-SEC-02,107.17,Vegetation encroachment,Medium,2026-06-25 11:48,2026-07-16,46,5.8,21,Scheduled
TMS-01183,Engineering,Guntur-SEC-08,79.41,Rail wear beyond limit,Low,2026-07-26 11:18,2026-09-09,0,2.9,6,Scheduled
TMS-01184,Engineering,Vijayawada-SEC-02,46.87,Level crossing surface damage,Low,2026-05-13 18:35,2026-06-27,65,2.0,32,Completed
TMS-01185,Engineering,Vijayawada-SEC-02,10.85,Ballast deficiency,Medium,2026-08-17 02:57,2026-09-07,0,6.1,13,Scheduled
TMS-01186,Engineering,Guntur-SEC-03,72.21,Vegetation encroachment,Medium,2026-07-17 12:22,2026-08-07,24,4.4,23,Open
TMS-01187,Engineering,Hyderabad-SEC-04,59.65,Points & crossing wear,Low,2026-05-03 00:11,2026-06-17,75,3.7,33,Open
TMS-01188,Engineering,Guntur-SEC-03,63.23,Level crossing surface damage,Medium,2026-05-18 15:37,2026-06-08,84,5.1,16,Scheduled
TMS-01189,Engineering,Secunderabad-SEC-02,43.49,Rail corrugation,Critical,2026-08-01 10:49,2026-08-03,28,10.0,10,Completed
TMS-01190,Engineering,Vijayawada-SEC-01,35.36,Ballast deficiency,Medium,2026-08-24 11:16,2026-09-14,0,6.9,37,Completed
TMS-01191,Engineering,Secunderabad-SEC-04,89.64,Weld defect,High,2026-05-07 08:40,2026-05-14,109,6.8,11,Open
TMS-01192,Engineering,Hyderabad-SEC-06,8.85,Formation failure,Medium,2026-08-28 08:32,2026-09-18,0,5.9,12,Open
TMS-01193,Engineering,Hyderabad-SEC-05,99.73,Sleeper damage,Critical,2026-07-16 18:51,2026-07-18,44,2.6,11,Scheduled
TMS-01194,Engineering,Guntakal-SEC-04,56.42,Level crossing surface damage,Medium,2026-07-02 18:53,2026-07-23,39,5.9,23,Open
TMS-01195,Engineering,Secunderabad-SEC-03,72.5,Ballast deficiency,High,2026-06-10 23:31,2026-06-17,75,2.1,34,Open
TMS-01196,Engineering,Hyderabad-SEC-04,85.37,Rail wear beyond limit,Medium,2026-07-12 08:34,2026-08-02,29,7.1,38,Open
TMS-01197,Engineering,Secunderabad-SEC-06,62.58,Ballast deficiency,Medium,2026-06-02 15:43,2026-06-23,69,2.1,15,Open
TMS-01198,Engineering,Hyderabad-SEC-04,72.61,Weld defect,Medium,2026-08-24 16:01,2026-09-14,0,6.8,31,Open
TMS-01199,Engineering,Secunderabad-SEC-04,96.4,Vegetation encroachment,Medium,2026-06-09 00:37,2026-06-30,62,3.7,29,Open
TMS-01200,Engineering,Guntakal-SEC-06,3.37,Rail wear beyond limit,Critical,2026-08-18 20:11,2026-08-20,11,6.8,12,Open
TMS-01201,Engineering,Guntakal-SEC-04,22.53,Track geometry deviation,Medium,2026-08-23 16:17,2026-09-13,0,6.3,42,Completed
TMS-01202,Engineering,Secunderabad-SEC-03,67.65,Rail corrugation,Critical,2026-08-01 14:12,2026-08-03,28,6.6,4,Open
TMS-01203,Engineering,Guntakal-SEC-03,115.05,Points & crossing wear,Critical,2026-08-20 12:45,2026-08-22,9,4.9,14,Open
TMS-01204,Engineering,Secunderabad-SEC-07,39.76,Level crossing surface damage,Low,2026-07-12 11:02,2026-08-26,5,5.9,34,Open
TMS-01205,Engineering,Guntur-SEC-07,70.36,Rail fracture,Critical,2026-05-20 18:31,2026-05-22,101,8.4,20,Open
TMS-01206,Engineering,Vijayawada-SEC-07,106.13,Vegetation encroachment,Critical,2026-06-05 07:08,2026-06-07,85,7.0,43,Open
TMS-01207,Engineering,Hyderabad-SEC-07,78.17,Fish plate loose,Low,2026-06-01 18:08,2026-07-16,46,4.5,30,Scheduled
TMS-01208,Engineering,Guntur-SEC-04,4.8,Level crossing surface damage,Medium,2026-07-19 13:24,2026-08-09,22,7.0,45,Open
TMS-01209,Engineering,Hyderabad-SEC-05,75.33,Rail corrugation,Medium,2026-08-05 01:46,2026-08-26,5,7.7,8,Completed
TMS-01210,Engineering,Secunderabad-SEC-06,59.87,Rail corrugation,Medium,2026-08-13 12:43,2026-09-03,0,7.8,22,Open
TMS-01211,Engineering,Guntakal-SEC-07,10.71,Ballast deficiency,Critical,2026-07-25 18:07,2026-07-27,35,6.6,31,Open
TMS-01212,Engineering,Vijayawada-SEC-01,112.78,Formation failure,Low,2026-07-02 14:40,2026-08-16,15,4.1,33,Open
TMS-01213,Engineering,Vijayawada-SEC-01,52.9,Points & crossing wear,Medium,2026-05-14 13:33,2026-06-04,88,7.0,41,Completed
TMS-01214,Engineering,Guntakal-SEC-01,105.29,Vegetation encroachment,Medium,2026-07-15 20:57,2026-08-05,26,4.5,4,Scheduled
TMS-01215,Engineering,Hyderabad-SEC-04,0.95,Weld defect,Medium,2026-06-10 21:55,2026-07-01,61,2.7,20,Open
TMS-01216,Engineering,Guntur-SEC-06,80.3,Fish plate loose,Low,2026-06-20 09:27,2026-08-04,27,2.6,31,Open
TMS-01217,Engineering,Secunderabad-SEC-07,110.1,Sleeper damage,High,2026-06-24 07:04,2026-07-01,61,2.3,29,Open
TMS-01218,Engineering,Guntur-SEC-08,25.52,Level crossing surface damage,High,2026-07-20 21:39,2026-07-27,35,8.0,32,Open
TMS-01219,Engineering,Vijayawada-SEC-02,76.83,Fish plate loose,Medium,2026-07-04 22:36,2026-07-25,37,7.6,38,Open
TMS-01220,Engineering,Guntur-SEC-04,117.43,Track geometry deviation,Critical,2026-06-16 10:09,2026-06-18,74,8.5,5,Open
TMS-01221,Engineering,Secunderabad-SEC-06,17.01,Rail wear beyond limit,High,2026-08-29 08:36,2026-09-05,0,5.4,27,Open
TMS-01222,Engineering,Guntakal-SEC-01,22.09,Rail fracture,Low,2026-05-12 07:33,2026-06-26,66,4.7,7,Completed
TMS-01223,Engineering,Vijayawada-SEC-05,41.91,Sleeper damage,Low,2026-07-08 11:32,2026-08-22,9,3.1,32,Open
TMS-01224,Engineering,Hyderabad-SEC-05,46.7,Rail fracture,Low,2026-06-04 18:08,2026-07-19,43,4.1,37,Scheduled
TMS-01225,Engineering,Hyderabad-SEC-08,17.35,Vegetation encroachment,Critical,2026-06-16 16:46,2026-06-18,74,7.3,22,Open
TMS-01226,Engineering,Guntakal-SEC-05,13.63,Vegetation encroachment,Low,2026-05-09 07:18,2026-06-23,69,4.5,28,Open
TMS-01227,Engineering,Vijayawada-SEC-01,76.12,Vegetation encroachment,Low,2026-05-31 23:51,2026-07-15,47,7.6,39,Open
TMS-01228,Engineering,Vijayawada-SEC-03,72.11,Track geometry deviation,Medium,2026-08-04 17:10,2026-08-25,6,4.8,24,Open
TMS-01229,Engineering,Guntakal-SEC-08,1.94,Rail wear beyond limit,Low,2026-08-07 02:59,2026-09-21,0,3.6,34,Completed
TMS-01230,Engineering,Guntur-SEC-03,42.21,Points & crossing wear,Medium,2026-08-16 05:49,2026-09-06,0,4.2,29,Open
TMS-01231,Engineering,Guntur-SEC-04,44.77,Points & crossing wear,High,2026-05-26 11:46,2026-06-02,90,2.2,40,Open
TMS-01232,Engineering,Guntur-SEC-04,76.09,Level crossing surface damage,High,2026-07-07 10:06,2026-07-14,48,5.6,41,Completed
TMS-01233,Engineering,Secunderabad-SEC-07,10.76,Rail fracture,Low,2026-05-08 20:23,2026-06-22,70,6.6,41,Completed
TMS-01234,Engineering,Hyderabad-SEC-03,11.96,Rail corrugation,Medium,2026-08-18 05:55,2026-09-08,0,5.4,34,Scheduled
TMS-01235,Engineering,Guntur-SEC-06,66.19,Weld defect,Low,2026-08-27 13:26,2026-10-11,0,2.5,14,Completed
TMS-01236,Engineering,Guntur-SEC-03,108.96,Vegetation encroachment,Low,2026-08-16 11:14,2026-09-30,0,7.4,27,Open
TMS-01237,Engineering,Guntakal-SEC-01,36.89,Sleeper damage,Medium,2026-07-15 15:50,2026-08-05,26,2.9,45,Open
TMS-01238,Engineering,Guntakal-SEC-08,100.89,Points & crossing wear,Critical,2026-05-08 08:54,2026-05-10,113,2.2,40,Open
TMS-01239,Engineering,Guntur-SEC-02,23.12,Vegetation encroachment,Low,2026-08-10 03:10,2026-09-24,0,2.7,27,Completed
TMS-01240,Engineering,Guntur-SEC-01,117.28,Ballast deficiency,Medium,2026-05-21 02:57,2026-06-11,81,7.6,27,Completed
TMS-01241,Engineering,Vijayawada-SEC-01,60.51,Vegetation encroachment,Medium,2026-06-26 18:13,2026-07-17,45,1.7,38,Scheduled
TMS-01242,Engineering,Vijayawada-SEC-03,113.84,Track geometry deviation,Low,2026-05-16 01:09,2026-06-30,62,6.9,7,Open
TMS-01243,Engineering,Secunderabad-SEC-02,74.17,Points & crossing wear,Medium,2026-07-07 23:34,2026-07-28,34,5.2,7,Scheduled
TMS-01244,Engineering,Guntakal-SEC-07,22.39,Vegetation encroachment,Low,2026-08-28 19:14,2026-10-12,0,5.4,16,Open
TMS-01245,Engineering,Guntur-SEC-01,92.45,Vegetation encroachment,Medium,2026-06-24 15:04,2026-07-15,47,6.6,5,Open
TMS-01246,Engineering,Hyderabad-SEC-06,104.03,Weld defect,Medium,2026-05-04 18:45,2026-05-25,98,5.5,31,Completed
TMS-01247,Engineering,Vijayawada-SEC-04,11.13,Rail corrugation,High,2026-08-16 20:06,2026-08-23,8,2.8,25,Completed
TMS-01248,Engineering,Guntur-SEC-03,8.83,Vegetation encroachment,High,2026-08-05 09:46,2026-08-12,19,6.6,6,Open
TMS-01249,Engineering,Guntur-SEC-05,97.03,Ballast deficiency,Low,2026-07-09 10:20,2026-08-23,8,5.4,21,Open
TMS-01250,Engineering,Secunderabad-SEC-08,117.11,Fish plate loose,Medium,2026-08-09 03:20,2026-08-30,1,7.0,32,Completed
TMS-01251,Engineering,Guntakal-SEC-01,111.19,Track geometry deviation,Critical,2026-06-16 04:06,2026-06-18,74,6.2,40,Open
TMS-01252,Engineering,Guntakal-SEC-08,13.77,Track geometry deviation,Medium,2026-08-29 05:08,2026-09-19,0,2.1,3,Open
TMS-01253,Engineering,Guntakal-SEC-02,32.84,Track geometry deviation,Medium,2026-08-03 20:57,2026-08-24,7,7.6,7,Open
TMS-01254,Engineering,Guntur-SEC-08,52.33,Sleeper damage,High,2026-06-22 00:15,2026-06-29,63,6.2,14,Open
TMS-01255,Engineering,Hyderabad-SEC-06,37.39,Track geometry deviation,Low,2026-08-06 13:45,2026-09-20,0,1.7,33,Open
TMS-01256,Engineering,Guntakal-SEC-05,74.75,Formation failure,Medium,2026-07-05 08:34,2026-07-26,36,2.9,26,Open
TMS-01257,Engineering,Secunderabad-SEC-05,53.93,Rail fracture,Medium,2026-06-20 11:09,2026-07-11,51,5.4,34,Open
TMS-01258,Engineering,Hyderabad-SEC-02,42.27,Rail fracture,Medium,2026-07-10 13:18,2026-07-31,31,7.1,9,Open
TMS-01259,Engineering,Secunderabad-SEC-05,25.82,Fish plate loose,Low,2026-07-21 08:22,2026-09-04,0,3.5,25,Open
TMS-01260,Engineering,Guntakal-SEC-06,25.65,Formation failure,Critical,2026-07-22 19:32,2026-07-24,38,7.5,22,Completed
TMS-01261,Engineering,Hyderabad-SEC-02,26.1,Points & crossing wear,Medium,2026-06-21 21:35,2026-07-12,50,5.2,19,Scheduled
TMS-01262,Engineering,Guntur-SEC-04,38.13,Fish plate loose,Medium,2026-05-10 21:16,2026-05-31,92,5.5,14,Open
TMS-01263,Engineering,Guntur-SEC-03,14.31,Rail corrugation,Medium,2026-05-21 06:01,2026-06-11,81,7.9,12,Scheduled
TMS-01264,Engineering,Secunderabad-SEC-02,77.24,Formation failure,High,2026-06-17 10:03,2026-06-24,68,1.1,2,Completed
TMS-01265,Engineering,Hyderabad-SEC-03,110.16,Rail fracture,Low,2026-07-26 19:13,2026-09-09,0,3.8,23,Scheduled
TMS-01266,Engineering,Guntakal-SEC-04,32.96,Fish plate loose,Critical,2026-08-23 06:53,2026-08-25,6,8.4,27,Open
TMS-01267,Engineering,Guntakal-SEC-04,83.57,Rail corrugation,Medium,2026-05-24 12:35,2026-06-14,78,1.3,33,Completed
TMS-01268,Engineering,Secunderabad-SEC-07,3.51,Rail fracture,Low,2026-05-07 19:34,2026-06-21,71,7.6,2,Open
TMS-01269,Engineering,Guntakal-SEC-08,97.94,Points & crossing wear,High,2026-07-21 08:08,2026-07-28,34,1.6,2,Completed
TMS-01270,Engineering,Secunderabad-SEC-08,5.76,Rail wear beyond limit,High,2026-05-12 22:05,2026-05-19,104,6.5,6,Open
TMS-01271,Engineering,Vijayawada-SEC-03,110.98,Formation failure,Low,2026-06-04 01:41,2026-07-19,43,3.7,31,Open
TMS-01272,Engineering,Guntur-SEC-03,76.43,Vegetation encroachment,Low,2026-07-22 18:36,2026-09-05,0,7.2,9,Open
TMS-01273,Engineering,Guntakal-SEC-02,38.63,Level crossing surface damage,Medium,2026-08-01 02:57,2026-08-22,9,4.4,32,Open
TMS-01274,Engineering,Vijayawada-SEC-08,79.14,Level crossing surface damage,Medium,2026-07-29 13:12,2026-08-19,12,3.5,15,Scheduled
TMS-01275,Engineering,Vijayawada-SEC-06,56.18,Sleeper damage,Critical,2026-08-22 05:59,2026-08-24,7,2.1,14,Open
TMS-01276,Engineering,Hyderabad-SEC-01,103.02,Rail wear beyond limit,Low,2026-07-19 16:24,2026-09-02,0,6.3,31,Scheduled
TMS-01277,Engineering,Guntakal-SEC-08,46.27,Rail corrugation,High,2026-05-15 05:37,2026-05-22,101,1.9,41,Open
TMS-01278,Engineering,Vijayawada-SEC-03,82.35,Formation failure,High,2026-05-24 09:25,2026-05-31,92,2.9,43,Open
TMS-01279,Engineering,Guntur-SEC-06,22.44,Rail fracture,Medium,2026-07-03 20:05,2026-07-24,38,2.7,32,Scheduled
TMS-01280,Engineering,Secunderabad-SEC-06,42.53,Track geometry deviation,High,2026-07-05 11:11,2026-07-12,50,7.5,11,Open
TMS-01281,Engineering,Guntakal-SEC-08,11.74,Vegetation encroachment,High,2026-07-07 05:30,2026-07-14,48,4.1,26,Scheduled
TMS-01282,Engineering,Hyderabad-SEC-07,33.11,Formation failure,High,2026-07-08 16:56,2026-07-15,47,3.8,33,Open
TMS-01283,Engineering,Vijayawada-SEC-07,13.82,Rail fracture,Medium,2026-08-18 22:11,2026-09-08,0,7.7,38,Open
TMS-01284,Engineering,Hyderabad-SEC-08,83.94,Sleeper damage,High,2026-08-23 04:37,2026-08-30,1,2.6,27,Open
TMS-01285,Engineering,Vijayawada-SEC-06,41.72,Rail wear beyond limit,Medium,2026-08-03 14:13,2026-08-24,7,2.2,40,Open
TMS-01286,Engineering,Hyderabad-SEC-08,57.21,Rail wear beyond limit,High,2026-08-31 20:34,2026-09-07,0,7.4,17,Open
TMS-01287,Engineering,Guntur-SEC-06,17.02,Rail fracture,High,2026-06-05 21:28,2026-06-12,80,3.3,44,Open
TMS-01288,Engineering,Secunderabad-SEC-05,20.49,Rail fracture,High,2026-07-20 23:14,2026-07-27,35,2.8,40,Open
TMS-01289,Engineering,Guntur-SEC-07,13.13,Rail fracture,Critical,2026-07-02 02:46,2026-07-04,58,9.0,38,Scheduled
TMS-01290,Engineering,Vijayawada-SEC-02,93.03,Weld defect,Medium,2026-07-25 15:41,2026-08-15,16,2.2,21,Completed
TMS-01291,Engineering,Hyderabad-SEC-03,30.88,Rail corrugation,Medium,2026-07-20 07:31,2026-08-10,21,3.5,18,Open
TMS-01292,Engineering,Hyderabad-SEC-02,92.94,Formation failure,High,2026-08-30 11:09,2026-09-06,0,3.3,32,Open
TMS-01293,Engineering,Guntur-SEC-03,102.75,Vegetation encroachment,Medium,2026-06-05 05:05,2026-06-26,66,1.1,11,Open
TMS-01294,Engineering,Guntur-SEC-04,43.13,Level crossing surface damage,Medium,2026-08-28 15:06,2026-09-18,0,5.9,7,Open
TMS-01295,Engineering,Hyderabad-SEC-03,107.91,Rail corrugation,High,2026-07-14 00:44,2026-07-21,41,2.9,35,Open
TMS-01296,Engineering,Guntur-SEC-03,113.43,Rail wear beyond limit,Low,2026-05-07 11:17,2026-06-21,71,3.7,21,Open
TMS-01297,Engineering,Secunderabad-SEC-08,52.02,Rail corrugation,Medium,2026-06-18 05:03,2026-07-09,53,6.8,38,Completed
TMS-01298,Engineering,Guntur-SEC-08,111.27,Ballast deficiency,High,2026-05-22 11:21,2026-05-29,94,7.8,31,Scheduled
TMS-01299,Engineering,Guntakal-SEC-04,58.42,Weld defect,Medium,2026-06-26 13:26,2026-07-17,45,5.7,20,Open
TMS-01300,Engineering,Secunderabad-SEC-04,58.6,Rail fracture,High,2026-08-26 16:05,2026-09-02,0,5.2,29,Open
TMS-01301,Engineering,Guntakal-SEC-03,94.23,Points & crossing wear,Critical,2026-05-17 23:58,2026-05-19,104,3.1,44,Completed
TMS-01302,Engineering,Vijayawada-SEC-02,119.51,Track geometry deviation,Low,2026-06-21 18:21,2026-08-05,26,6.0,29,Scheduled
TMS-01303,Engineering,Guntakal-SEC-07,29.85,Vegetation encroachment,High,2026-08-21 13:24,2026-08-28,3,4.3,42,Open
TMS-01304,Engineering,Hyderabad-SEC-07,37.29,Formation failure,Low,2026-07-11 20:25,2026-08-25,6,7.4,29,Scheduled
TMS-01305,Engineering,Guntakal-SEC-01,16.28,Points & crossing wear,High,2026-07-21 02:56,2026-07-28,34,6.4,14,Open
TMS-01306,Engineering,Hyderabad-SEC-03,22.0,Sleeper damage,Medium,2026-08-21 13:10,2026-09-11,0,5.4,8,Open
TMS-01307,Engineering,Guntakal-SEC-07,56.21,Sleeper damage,Medium,2026-07-06 12:35,2026-07-27,35,5.8,31,Open
TMS-01308,Engineering,Guntur-SEC-03,10.61,Ballast deficiency,Critical,2026-07-10 07:12,2026-07-12,50,6.5,41,Completed
TMS-01309,Engineering,Hyderabad-SEC-08,65.19,Formation failure,Medium,2026-05-23 15:09,2026-06-13,79,3.6,20,Open
TMS-01310,Engineering,Guntur-SEC-06,96.9,Points & crossing wear,High,2026-05-15 09:42,2026-05-22,101,5.7,31,Completed
TMS-01311,Engineering,Secunderabad-SEC-07,40.02,Weld defect,High,2026-08-21 22:00,2026-08-28,3,7.9,20,Scheduled
TMS-01312,Engineering,Hyderabad-SEC-06,80.93,Level crossing surface damage,Low,2026-06-04 11:56,2026-07-19,43,1.9,5,Scheduled
TMS-01313,Engineering,Vijayawada-SEC-01,26.83,Vegetation encroachment,Medium,2026-06-26 18:45,2026-07-17,45,7.8,42,Completed
TMS-01314,Engineering,Secunderabad-SEC-01,96.67,Formation failure,High,2026-07-24 01:07,2026-07-31,31,7.9,14,Open
TMS-01315,Engineering,Secunderabad-SEC-07,29.66,Weld defect,Medium,2026-08-31 18:25,2026-09-21,0,1.8,32,Open
TMS-01316,Engineering,Guntakal-SEC-04,48.55,Ballast deficiency,Medium,2026-06-28 07:50,2026-07-19,43,7.5,17,Completed
TMS-01317,Engineering,Hyderabad-SEC-08,14.78,Ballast deficiency,Low,2026-06-23 14:31,2026-08-07,24,5.8,42,Open
TMS-01318,Engineering,Hyderabad-SEC-03,24.04,Rail corrugation,High,2026-08-13 00:03,2026-08-20,11,4.6,20,Open
TMS-01319,Engineering,Guntur-SEC-02,46.3,Weld defect,Medium,2026-08-19 02:33,2026-09-09,0,5.7,31,Open
TMS-01320,Engineering,Hyderabad-SEC-05,46.73,Formation failure,Critical,2026-07-08 18:36,2026-07-10,52,5.7,21,Open
TMS-01321,Engineering,Guntakal-SEC-07,115.54,Rail corrugation,Medium,2026-06-09 00:04,2026-06-30,62,1.3,31,Open
TMS-01322,Engineering,Vijayawada-SEC-06,41.86,Level crossing surface damage,Medium,2026-08-11 10:58,2026-09-01,0,7.0,35,Open
TMS-01323,Engineering,Hyderabad-SEC-05,40.71,Level crossing surface damage,Medium,2026-08-23 17:38,2026-09-13,0,3.5,10,Open
TMS-01324,Engineering,Guntur-SEC-07,45.18,Rail corrugation,High,2026-05-26 00:01,2026-06-02,90,3.8,40,Scheduled
TMS-01325,Engineering,Vijayawada-SEC-01,83.73,Formation failure,Low,2026-06-19 05:32,2026-08-03,28,4.7,39,Open
TMS-01326,Engineering,Vijayawada-SEC-03,27.8,Vegetation encroachment,Critical,2026-06-13 09:17,2026-06-15,77,2.2,8,Open
TMS-01327,Engineering,Vijayawada-SEC-08,12.65,Ballast deficiency,High,2026-06-06 06:39,2026-06-13,79,2.6,26,Scheduled
TMS-01328,Engineering,Secunderabad-SEC-03,101.62,Weld defect,Critical,2026-07-09 21:39,2026-07-11,51,4.0,30,Scheduled
TMS-01329,Engineering,Guntakal-SEC-05,12.92,Rail corrugation,Low,2026-06-15 01:00,2026-07-30,32,7.5,26,Open
TMS-01330,Engineering,Guntur-SEC-08,52.5,Rail wear beyond limit,Medium,2026-06-11 03:06,2026-07-02,60,2.4,16,Open
TMS-01331,Engineering,Vijayawada-SEC-05,10.32,Rail fracture,Low,2026-08-11 08:11,2026-09-25,0,6.7,42,Completed
TMS-01332,Engineering,Secunderabad-SEC-01,43.15,Sleeper damage,Critical,2026-08-19 16:35,2026-08-21,10,3.1,38,Open
TMS-01333,Engineering,Hyderabad-SEC-02,59.54,Track geometry deviation,High,2026-08-22 11:35,2026-08-29,2,6.1,38,Completed
TMS-01334,Engineering,Vijayawada-SEC-01,96.19,Rail corrugation,Medium,2026-06-28 11:10,2026-07-19,43,7.3,29,Scheduled
TMS-01335,Engineering,Hyderabad-SEC-02,35.79,Weld defect,Medium,2026-05-12 21:25,2026-06-02,90,1.9,33,Open
TMS-01336,Engineering,Guntakal-SEC-03,110.67,Rail wear beyond limit,High,2026-06-16 04:19,2026-06-23,69,2.6,26,Scheduled
TMS-01337,Engineering,Hyderabad-SEC-05,28.97,Points & crossing wear,Low,2026-08-23 18:15,2026-10-07,0,1.5,41,Open
TMS-01338,Engineering,Secunderabad-SEC-08,69.93,Rail wear beyond limit,Critical,2026-07-11 01:28,2026-07-13,49,7.6,43,Open
TMS-01339,Engineering,Secunderabad-SEC-04,16.71,Points & crossing wear,High,2026-07-19 08:39,2026-07-26,36,3.3,23,Completed
TMS-01340,Engineering,Hyderabad-SEC-05,108.52,Level crossing surface damage,High,2026-06-08 21:43,2026-06-15,77,1.5,4,Open
TMS-01341,Engineering,Secunderabad-SEC-06,106.5,Rail corrugation,Medium,2026-08-22 08:50,2026-09-12,0,5.3,10,Open
TMS-01342,Engineering,Guntakal-SEC-07,51.78,Rail wear beyond limit,Critical,2026-08-26 20:12,2026-08-28,3,6.1,16,Open
TMS-01343,Engineering,Hyderabad-SEC-03,72.98,Sleeper damage,Low,2026-08-24 23:02,2026-10-08,0,6.7,45,Scheduled
TMS-01344,Engineering,Guntur-SEC-01,83.45,Sleeper damage,Medium,2026-08-29 03:53,2026-09-19,0,3.7,29,Open
TMS-01345,Engineering,Guntakal-SEC-08,42.21,Fish plate loose,High,2026-08-17 08:03,2026-08-24,7,5.3,29,Completed
TMS-01346,Engineering,Guntur-SEC-03,89.7,Points & crossing wear,Critical,2026-08-01 15:33,2026-08-03,28,2.1,38,Open
TMS-01347,Engineering,Secunderabad-SEC-04,9.19,Ballast deficiency,Low,2026-05-21 23:27,2026-07-05,57,2.7,30,Open
TMS-01348,Engineering,Vijayawada-SEC-08,119.77,Ballast deficiency,High,2026-08-26 12:33,2026-09-02,0,5.6,40,Open
TMS-01349,Engineering,Hyderabad-SEC-03,24.7,Level crossing surface damage,Medium,2026-06-08 19:32,2026-06-29,63,1.5,24,Completed
TMS-01350,Engineering,Guntakal-SEC-08,93.63,Rail wear beyond limit,Medium,2026-05-14 15:58,2026-06-04,88,3.1,43,Open
TMS-01351,Engineering,Secunderabad-SEC-07,6.48,Sleeper damage,High,2026-05-09 14:15,2026-05-16,107,4.8,41,Open
TMS-01352,Engineering,Hyderabad-SEC-02,27.66,Level crossing surface damage,Low,2026-08-21 16:35,2026-10-05,0,6.9,37,Open
TMS-01353,Engineering,Guntur-SEC-05,77.99,Rail corrugation,Critical,2026-07-15 18:49,2026-07-17,45,3.9,9,Open
TMS-01354,Engineering,Guntakal-SEC-04,99.26,Weld defect,High,2026-05-16 22:46,2026-05-23,100,5.1,5,Open
TMS-01355,Engineering,Guntur-SEC-01,53.28,Track geometry deviation,Medium,2026-06-14 10:01,2026-07-05,57,7.0,15,Open
TMS-01356,Engineering,Secunderabad-SEC-03,64.99,Fish plate loose,Medium,2026-06-08 08:18,2026-06-29,63,5.6,3,Completed
TMS-01357,Engineering,Hyderabad-SEC-06,25.99,Rail fracture,Low,2026-05-27 11:45,2026-07-11,51,7.4,23,Scheduled
TMS-01358,Engineering,Secunderabad-SEC-04,96.89,Points & crossing wear,Low,2026-06-13 08:11,2026-07-28,34,6.5,26,Completed
TMS-01359,Engineering,Guntur-SEC-06,50.86,Level crossing surface damage,Low,2026-05-04 13:32,2026-06-18,74,7.6,38,Scheduled
TMS-01360,Engineering,Vijayawada-SEC-08,15.82,Rail fracture,Low,2026-07-29 18:04,2026-09-12,0,4.3,19,Scheduled
TMS-01361,Engineering,Guntakal-SEC-03,40.5,Sleeper damage,Low,2026-07-27 20:53,2026-09-10,0,6.4,4,Scheduled
TMS-01362,Engineering,Hyderabad-SEC-07,1.48,Rail wear beyond limit,Medium,2026-07-16 14:12,2026-08-06,25,6.5,38,Scheduled
TMS-01363,Engineering,Secunderabad-SEC-02,52.79,Rail corrugation,Low,2026-05-16 14:22,2026-06-30,62,4.1,4,Completed
TMS-01364,Engineering,Secunderabad-SEC-04,69.55,Weld defect,Low,2026-07-01 00:46,2026-08-15,16,2.5,19,Completed
TMS-01365,Engineering,Guntakal-SEC-01,91.92,Rail wear beyond limit,Low,2026-06-22 12:34,2026-08-06,25,4.1,18,Completed
TMS-01366,Engineering,Hyderabad-SEC-08,78.72,Track geometry deviation,Medium,2026-08-15 15:43,2026-09-05,0,2.0,9,Scheduled
TMS-01367,Engineering,Secunderabad-SEC-03,66.41,Track geometry deviation,Low,2026-08-08 05:33,2026-09-22,0,5.1,5,Completed
TMS-01368,Engineering,Guntakal-SEC-07,64.85,Rail fracture,Critical,2026-07-29 14:37,2026-07-31,31,8.8,40,Open
TMS-01369,Engineering,Secunderabad-SEC-05,28.44,Fish plate loose,Medium,2026-08-18 21:10,2026-09-08,0,1.8,38,Open
TMS-01370,Engineering,Guntakal-SEC-03,17.17,Fish plate loose,Critical,2026-05-18 08:51,2026-05-20,103,5.4,40,Scheduled
TMS-01371,Engineering,Guntakal-SEC-03,74.63,Ballast deficiency,Low,2026-07-20 09:08,2026-09-03,0,3.6,25,Open
TMS-01372,Engineering,Hyderabad-SEC-07,25.38,Fish plate loose,Low,2026-05-04 18:32,2026-06-18,74,1.2,34,Scheduled
TMS-01373,Engineering,Vijayawada-SEC-06,45.46,Formation failure,Low,2026-05-29 05:29,2026-07-13,49,6.0,4,Scheduled
TMS-01374,Engineering,Secunderabad-SEC-05,115.04,Track geometry deviation,Low,2026-08-12 10:07,2026-09-26,0,5.5,38,Open
TMS-01375,Engineering,Secunderabad-SEC-08,101.71,Points & crossing wear,Medium,2026-06-19 01:03,2026-07-10,52,3.9,5,Scheduled
TMS-01376,Engineering,Vijayawada-SEC-05,100.32,Rail wear beyond limit,Medium,2026-06-08 04:54,2026-06-29,63,3.2,17,Open
TMS-01377,Engineering,Secunderabad-SEC-08,83.17,Rail corrugation,High,2026-05-21 10:49,2026-05-28,95,3.2,28,Open
TMS-01378,Engineering,Guntur-SEC-07,72.63,Rail corrugation,Medium,2026-07-17 03:35,2026-08-07,24,7.4,28,Open
TMS-01379,Engineering,Guntur-SEC-03,80.89,Vegetation encroachment,Low,2026-05-18 19:26,2026-07-02,60,2.7,10,Scheduled
TMS-01380,Engineering,Guntur-SEC-03,50.52,Ballast deficiency,High,2026-05-22 13:33,2026-05-29,94,1.8,38,Open
TMS-01381,Engineering,Secunderabad-SEC-01,20.01,Sleeper damage,Low,2026-05-11 16:47,2026-06-25,67,7.1,18,Scheduled
TMS-01382,Engineering,Secunderabad-SEC-03,100.06,Rail fracture,Medium,2026-06-01 06:53,2026-06-22,70,1.9,12,Completed
TMS-01383,Engineering,Guntur-SEC-04,42.52,Sleeper damage,Low,2026-08-15 05:15,2026-09-29,0,7.4,37,Open
TMS-01384,Engineering,Guntakal-SEC-06,70.98,Formation failure,High,2026-07-25 19:39,2026-08-01,30,6.8,8,Completed
TMS-01385,Engineering,Guntur-SEC-05,109.28,Vegetation encroachment,Medium,2026-08-26 21:18,2026-09-16,0,3.5,30,Scheduled
TMS-01386,Engineering,Vijayawada-SEC-04,86.84,Formation failure,Low,2026-07-07 13:28,2026-08-21,10,5.9,34,Open
TMS-01387,Engineering,Guntur-SEC-06,45.52,Rail corrugation,Medium,2026-05-09 23:43,2026-05-30,93,3.6,13,Open
TMS-01388,Engineering,Guntakal-SEC-04,59.2,Rail fracture,Low,2026-06-17 13:49,2026-08-01,30,1.7,38,Open
TMS-01389,Engineering,Guntakal-SEC-03,38.74,Fish plate loose,Medium,2026-06-25 02:53,2026-07-16,46,7.5,13,Completed
TMS-01390,Engineering,Hyderabad-SEC-08,37.72,Fish plate loose,Medium,2026-08-26 16:19,2026-09-16,0,2.9,20,Open
TMS-01391,Engineering,Vijayawada-SEC-03,34.62,Rail wear beyond limit,Medium,2026-07-26 14:01,2026-08-16,15,2.6,40,Scheduled
TMS-01392,Engineering,Vijayawada-SEC-06,66.26,Points & crossing wear,Medium,2026-05-05 15:33,2026-05-26,97,2.0,12,Open
TMS-01393,Engineering,Vijayawada-SEC-05,0.8,Rail fracture,Low,2026-05-08 22:33,2026-06-22,70,4.8,25,Open
TMS-01394,Engineering,Vijayawada-SEC-01,99.72,Rail wear beyond limit,Medium,2026-05-03 03:12,2026-05-24,99,4.1,9,Scheduled
TMS-01395,Engineering,Guntakal-SEC-01,10.42,Ballast deficiency,Medium,2026-05-06 19:38,2026-05-27,96,4.0,19,Scheduled
TMS-01396,Engineering,Vijayawada-SEC-07,87.28,Fish plate loose,Low,2026-08-17 11:07,2026-10-01,0,6.2,12,Open
TMS-01397,Engineering,Secunderabad-SEC-05,84.82,Fish plate loose,Medium,2026-07-27 07:29,2026-08-17,14,4.6,4,Open
TMS-01398,Engineering,Secunderabad-SEC-03,113.9,Vegetation encroachment,High,2026-05-04 05:01,2026-05-11,112,6.9,2,Open
TMS-01399,Engineering,Vijayawada-SEC-05,31.83,Ballast deficiency,Low,2026-06-17 10:18,2026-08-01,30,2.5,33,Completed
TMS-01400,Engineering,Secunderabad-SEC-06,114.1,Level crossing surface damage,High,2026-05-30 05:54,2026-06-06,86,2.4,15,Open
TMS-01401,Engineering,Vijayawada-SEC-04,4.66,Level crossing surface damage,Medium,2026-08-23 06:08,2026-09-13,0,2.5,18,Scheduled
TMS-01402,Engineering,Hyderabad-SEC-02,78.83,Ballast deficiency,High,2026-06-12 02:44,2026-06-19,73,3.4,21,Completed
TMS-01403,Engineering,Guntur-SEC-02,71.74,Points & crossing wear,Medium,2026-05-11 13:21,2026-06-01,91,4.4,32,Open
TMS-01404,Engineering,Guntakal-SEC-03,50.35,Rail corrugation,Low,2026-08-03 19:54,2026-09-17,0,7.3,22,Open
TMS-01405,Engineering,Secunderabad-SEC-08,41.71,Sleeper damage,High,2026-07-08 19:47,2026-07-15,47,7.7,10,Scheduled
TMS-01406,Engineering,Secunderabad-SEC-02,34.91,Points & crossing wear,Medium,2026-07-01 06:11,2026-07-22,40,5.8,15,Completed
TMS-01407,Engineering,Guntakal-SEC-01,81.0,Sleeper damage,Critical,2026-05-23 09:06,2026-05-25,98,8.2,27,Completed
TMS-01408,Engineering,Guntur-SEC-08,87.38,Fish plate loose,High,2026-07-08 09:29,2026-07-15,47,1.4,42,Completed
TMS-01409,Engineering,Vijayawada-SEC-03,64.32,Vegetation encroachment,Medium,2026-07-23 07:42,2026-08-13,18,5.0,9,Completed
TMS-01410,Engineering,Secunderabad-SEC-02,114.03,Rail fracture,High,2026-06-14 01:45,2026-06-21,71,5.2,26,Open
TMS-01411,Engineering,Hyderabad-SEC-04,7.62,Rail fracture,Low,2026-06-02 11:51,2026-07-17,45,6.4,35,Open
TMS-01412,Engineering,Guntur-SEC-02,103.17,Track geometry deviation,Low,2026-06-24 16:46,2026-08-08,23,6.9,20,Completed
TMS-01413,Engineering,Vijayawada-SEC-08,112.8,Rail fracture,High,2026-05-07 10:23,2026-05-14,109,2.5,3,Scheduled
TMS-01414,Engineering,Secunderabad-SEC-03,18.83,Rail wear beyond limit,Medium,2026-06-25 20:16,2026-07-16,46,6.5,3,Open
TMS-01415,Engineering,Guntur-SEC-01,78.63,Ballast deficiency,Critical,2026-05-25 14:59,2026-05-27,96,8.0,19,Completed
TMS-01416,Engineering,Guntur-SEC-03,2.42,Level crossing surface damage,Medium,2026-08-22 21:18,2026-09-12,0,5.9,36,Scheduled
TMS-01417,Engineering,Vijayawada-SEC-05,99.78,Rail wear beyond limit,Medium,2026-08-12 20:31,2026-09-02,0,6.5,22,Open
TMS-01418,Engineering,Secunderabad-SEC-07,31.71,Vegetation encroachment,High,2026-05-28 23:08,2026-06-04,88,4.2,38,Open
TMS-01419,Engineering,Hyderabad-SEC-04,33.43,Rail wear beyond limit,Critical,2026-07-25 08:21,2026-07-27,35,9.7,36,Open
TMS-01420,Engineering,Guntakal-SEC-08,91.52,Level crossing surface damage,Low,2026-07-14 23:22,2026-08-28,3,6.1,8,Open
TMS-01421,Engineering,Guntakal-SEC-08,57.22,Weld defect,Medium,2026-06-19 23:05,2026-07-10,52,2.6,43,Open
TMS-01422,Engineering,Vijayawada-SEC-03,24.92,Rail corrugation,Low,2026-08-13 01:03,2026-09-27,0,1.7,39,Open
TMS-01423,Engineering,Hyderabad-SEC-05,91.27,Rail fracture,Medium,2026-08-13 09:19,2026-09-03,0,4.3,33,Open
TMS-01424,Engineering,Hyderabad-SEC-05,71.85,Rail fracture,Low,2026-07-23 11:41,2026-09-06,0,1.3,19,Scheduled
TMS-01425,Engineering,Guntakal-SEC-05,115.14,Track geometry deviation,Low,2026-05-27 03:31,2026-07-11,51,4.8,22,Open
TMS-01426,Engineering,Secunderabad-SEC-06,110.55,Sleeper damage,Medium,2026-07-01 05:16,2026-07-22,40,6.2,6,Open
TMS-01427,Engineering,Vijayawada-SEC-03,23.68,Weld defect,High,2026-05-27 23:30,2026-06-03,89,6.2,4,Completed
TMS-01428,Engineering,Vijayawada-SEC-01,89.88,Points & crossing wear,Medium,2026-06-29 17:47,2026-07-20,42,4.7,28,Open
TMS-01429,Engineering,Guntakal-SEC-02,62.7,Formation failure,Medium,2026-07-25 19:43,2026-08-15,16,3.1,25,Scheduled
TMS-01430,Engineering,Hyderabad-SEC-08,114.24,Fish plate loose,High,2026-08-10 18:50,2026-08-17,14,5.8,35,Scheduled
TMS-01431,Engineering,Vijayawada-SEC-01,19.71,Level crossing surface damage,High,2026-07-02 07:08,2026-07-09,53,3.3,32,Open
TMS-01432,Engineering,Secunderabad-SEC-01,37.42,Track geometry deviation,High,2026-07-09 17:28,2026-07-16,46,1.5,14,Scheduled
TMS-01433,Engineering,Guntur-SEC-06,71.33,Weld defect,High,2026-06-24 07:18,2026-07-01,61,1.4,24,Scheduled
TMS-01434,Engineering,Vijayawada-SEC-05,32.95,Sleeper damage,High,2026-05-10 15:46,2026-05-17,106,1.1,39,Scheduled
TMS-01435,Engineering,Hyderabad-SEC-04,64.92,Vegetation encroachment,Low,2026-07-15 01:15,2026-08-29,2,7.5,14,Open
TMS-01436,Engineering,Guntakal-SEC-01,67.64,Ballast deficiency,Medium,2026-08-12 20:15,2026-09-02,0,3.0,35,Scheduled
TMS-01437,Engineering,Hyderabad-SEC-06,72.57,Level crossing surface damage,High,2026-05-25 10:03,2026-06-01,91,6.4,41,Scheduled
TMS-01438,Engineering,Vijayawada-SEC-06,10.96,Formation failure,High,2026-07-02 16:22,2026-07-09,53,6.5,11,Open
TMS-01439,Engineering,Secunderabad-SEC-04,16.44,Rail corrugation,High,2026-07-02 23:59,2026-07-09,53,7.3,29,Scheduled
TMS-01440,Engineering,Hyderabad-SEC-04,47.19,Sleeper damage,Medium,2026-07-21 12:59,2026-08-11,20,1.8,32,Open
TMS-01441,Engineering,Hyderabad-SEC-07,101.06,Ballast deficiency,High,2026-05-16 04:59,2026-05-23,100,1.5,42,Completed
TMS-01442,Engineering,Guntur-SEC-08,83.41,Rail wear beyond limit,Low,2026-06-01 18:47,2026-07-16,46,4.9,45,Open
TMS-01443,Engineering,Guntakal-SEC-08,102.64,Vegetation encroachment,Medium,2026-05-08 08:08,2026-05-29,94,2.2,24,Scheduled
TMS-01444,Engineering,Vijayawada-SEC-05,45.89,Ballast deficiency,Medium,2026-08-04 01:32,2026-08-25,6,8.0,2,Open
TMS-01445,Engineering,Guntakal-SEC-06,11.29,Fish plate loose,High,2026-07-16 04:50,2026-07-23,39,5.1,18,Open
TMS-01446,Engineering,Guntur-SEC-07,47.8,Level crossing surface damage,High,2026-08-30 01:54,2026-09-06,0,5.5,18,Open
TMS-01447,Engineering,Guntur-SEC-07,119.67,Vegetation encroachment,Low,2026-08-24 03:10,2026-10-08,0,7.0,31,Open
TMS-01448,Engineering,Secunderabad-SEC-03,44.34,Formation failure,Low,2026-07-02 00:25,2026-08-16,15,6.7,11,Scheduled
TMS-01449,Engineering,Secunderabad-SEC-08,6.73,Vegetation encroachment,Critical,2026-08-09 19:12,2026-08-11,20,8.7,5,Open
TMS-01450,Engineering,Hyderabad-SEC-08,88.49,Fish plate loose,High,2026-05-14 04:11,2026-05-21,102,7.0,45,Completed
TMS-01451,Engineering,Guntakal-SEC-08,61.96,Vegetation encroachment,Low,2026-07-22 17:50,2026-09-05,0,5.1,27,Open
TMS-01452,Engineering,Hyderabad-SEC-01,17.7,Rail wear beyond limit,Critical,2026-06-07 21:45,2026-06-09,83,8.6,7,Open
TMS-01453,Engineering,Guntur-SEC-03,20.76,Level crossing surface damage,Medium,2026-08-26 13:58,2026-09-16,0,5.8,2,Open
TMS-01454,Engineering,Secunderabad-SEC-06,67.94,Rail corrugation,High,2026-06-21 11:13,2026-06-28,64,4.3,7,Open
TMS-01455,Engineering,Hyderabad-SEC-06,75.19,Rail fracture,Medium,2026-08-20 17:21,2026-09-10,0,2.3,12,Scheduled
TMS-01456,Engineering,Vijayawada-SEC-08,36.93,Vegetation encroachment,Medium,2026-08-04 00:46,2026-08-25,6,1.6,43,Completed
TMS-01457,Engineering,Guntakal-SEC-04,6.4,Level crossing surface damage,Medium,2026-05-13 17:02,2026-06-03,89,6.2,20,Open
TMS-01458,Engineering,Vijayawada-SEC-05,32.74,Track geometry deviation,High,2026-08-14 03:25,2026-08-21,10,2.6,13,Completed
TMS-01459,Engineering,Hyderabad-SEC-06,43.63,Vegetation encroachment,High,2026-07-29 07:59,2026-08-05,26,4.4,35,Open
TMS-01460,Engineering,Guntur-SEC-01,18.68,Formation failure,Critical,2026-06-12 17:47,2026-06-14,78,8.7,15,Completed
TMS-01461,Engineering,Guntakal-SEC-03,24.89,Level crossing surface damage,Medium,2026-07-07 11:22,2026-07-28,34,5.8,34,Scheduled
TMS-01462,Engineering,Guntakal-SEC-01,26.19,Rail wear beyond limit,Critical,2026-05-28 14:12,2026-05-30,93,8.2,4,Completed
TMS-01463,Engineering,Guntur-SEC-06,70.42,Fish plate loose,Medium,2026-06-26 00:01,2026-07-17,45,4.3,38,Open
TMS-01464,Engineering,Guntakal-SEC-07,104.32,Rail fracture,High,2026-06-17 22:46,2026-06-24,68,1.7,12,Open
TMS-01465,Engineering,Guntakal-SEC-07,36.75,Rail corrugation,Medium,2026-07-20 11:44,2026-08-10,21,1.7,36,Open
TMS-01466,Engineering,Hyderabad-SEC-05,83.34,Level crossing surface damage,Low,2026-08-29 08:00,2026-10-13,0,4.2,27,Open
TMS-01467,Engineering,Guntur-SEC-07,81.43,Rail wear beyond limit,Medium,2026-07-31 14:48,2026-08-21,10,5.2,4,Completed
TMS-01468,Engineering,Hyderabad-SEC-01,12.94,Sleeper damage,Low,2026-05-11 15:28,2026-06-25,67,7.3,19,Completed
TMS-01469,Engineering,Guntakal-SEC-04,106.39,Level crossing surface damage,Critical,2026-07-11 02:24,2026-07-13,49,6.1,35,Open
TMS-01470,Engineering,Secunderabad-SEC-04,116.44,Rail wear beyond limit,High,2026-06-20 18:55,2026-06-27,65,3.3,11,Completed
TMS-01471,Engineering,Vijayawada-SEC-02,24.05,Ballast deficiency,High,2026-07-04 09:34,2026-07-11,51,1.0,21,Open
TMS-01472,Engineering,Vijayawada-SEC-08,18.5,Points & crossing wear,Low,2026-08-08 15:24,2026-09-22,0,4.1,25,Open
TMS-01473,Engineering,Guntur-SEC-02,83.85,Rail corrugation,Critical,2026-08-11 11:26,2026-08-13,18,6.4,44,Open
TMS-01474,Engineering,Vijayawada-SEC-01,38.2,Ballast deficiency,Low,2026-07-03 15:09,2026-08-17,14,1.7,27,Scheduled
TMS-01475,Engineering,Guntur-SEC-04,71.63,Points & crossing wear,Low,2026-05-09 13:41,2026-06-23,69,6.1,6,Open
TMS-01476,Engineering,Vijayawada-SEC-04,92.14,Fish plate loose,Critical,2026-06-07 02:38,2026-06-09,83,9.1,25,Open
TMS-01477,Engineering,Secunderabad-SEC-05,77.47,Ballast deficiency,Medium,2026-05-18 23:56,2026-06-08,84,6.3,33,Open
TMS-01478,Engineering,Vijayawada-SEC-04,51.09,Rail wear beyond limit,Medium,2026-08-04 13:00,2026-08-25,6,3.4,21,Open
TMS-01479,Engineering,Guntur-SEC-03,21.54,Sleeper damage,Critical,2026-05-18 06:30,2026-05-20,103,9.7,45,Open
TMS-01480,Engineering,Secunderabad-SEC-07,78.7,Sleeper damage,Low,2026-08-18 07:04,2026-10-02,0,3.4,2,Open
TMS-01481,Engineering,Secunderabad-SEC-01,58.34,Vegetation encroachment,Medium,2026-08-15 03:04,2026-09-05,0,5.8,27,Open
TMS-01482,Engineering,Secunderabad-SEC-08,72.44,Rail corrugation,Medium,2026-08-25 12:58,2026-09-15,0,6.2,34,Open
TMS-01483,Engineering,Secunderabad-SEC-08,94.26,Sleeper damage,Low,2026-07-02 11:48,2026-08-16,15,7.8,36,Scheduled
TMS-01484,Engineering,Hyderabad-SEC-06,30.94,Points & crossing wear,High,2026-05-12 21:05,2026-05-19,104,3.4,41,Scheduled
TMS-01485,Engineering,Secunderabad-SEC-08,104.15,Rail corrugation,Critical,2026-07-04 08:09,2026-07-06,56,4.3,25,Open
TMS-01486,Engineering,Guntakal-SEC-03,92.02,Rail fracture,High,2026-06-16 10:33,2026-06-23,69,3.4,36,Open
TMS-01487,Engineering,Guntakal-SEC-04,76.32,Formation failure,Medium,2026-07-25 11:00,2026-08-15,16,4.1,9,Open
TMS-01488,Engineering,Secunderabad-SEC-06,64.2,Ballast deficiency,Medium,2026-08-27 04:39,2026-09-17,0,2.7,11,Scheduled
TMS-01489,Engineering,Hyderabad-SEC-08,29.29,Level crossing surface damage,High,2026-07-07 13:59,2026-07-14,48,4.2,35,Scheduled
TMS-01490,Engineering,Hyderabad-SEC-07,117.22,Vegetation encroachment,High,2026-08-26 21:12,2026-09-02,0,1.3,8,Open
TMS-01491,Engineering,Guntakal-SEC-04,50.7,Rail fracture,High,2026-05-31 21:07,2026-06-07,85,5.5,13,Completed
TMS-01492,Engineering,Guntur-SEC-04,115.82,Track geometry deviation,Medium,2026-07-30 00:13,2026-08-20,11,1.6,38,Open
TMS-01493,Engineering,Vijayawada-SEC-08,83.31,Rail fracture,Medium,2026-07-24 01:35,2026-08-14,17,7.0,25,Scheduled
TMS-01494,Engineering,Vijayawada-SEC-04,33.22,Vegetation encroachment,High,2026-08-04 08:05,2026-08-11,20,5.8,4,Scheduled
TMS-01495,Engineering,Guntur-SEC-03,24.86,Sleeper damage,Medium,2026-05-07 17:24,2026-05-28,95,2.9,44,Open
TMS-01496,Engineering,Guntakal-SEC-05,11.66,Track geometry deviation,Medium,2026-07-28 07:09,2026-08-18,13,7.8,3,Scheduled
TMS-01497,Engineering,Hyderabad-SEC-07,99.24,Formation failure,Medium,2026-08-03 21:40,2026-08-24,7,6.1,28,Scheduled
TMS-01498,Engineering,Secunderabad-SEC-01,41.15,Fish plate loose,Medium,2026-07-20 04:17,2026-08-10,21,7.5,24,Completed
TMS-01499,Engineering,Hyderabad-SEC-03,83.73,Vegetation encroachment,Low,2026-08-12 07:10,2026-09-26,0,4.5,26,Open
TMS-01500,Engineering,Hyderabad-SEC-04,118.19,Weld defect,Low,2026-08-27 03:11,2026-10-11,0,5.4,15,Scheduled
TMS-01501,Engineering,Guntur-SEC-05,80.94,Rail fracture,High,2026-06-25 10:33,2026-07-02,60,6.3,11,Scheduled
TMS-01502,Engineering,Secunderabad-SEC-02,90.17,Rail wear beyond limit,Medium,2026-08-10 01:16,2026-08-31,0,4.0,37,Scheduled
TMS-01503,Engineering,Hyderabad-SEC-07,113.86,Weld defect,Low,2026-08-01 10:20,2026-09-15,0,1.9,8,Open
TMS-01504,Engineering,Vijayawada-SEC-03,92.02,Level crossing surface damage,Medium,2026-08-04 19:58,2026-08-25,6,2.3,27,Scheduled
TMS-01505,Engineering,Guntakal-SEC-05,92.46,Vegetation encroachment,Medium,2026-07-17 16:04,2026-08-07,24,5.2,8,Scheduled
TMS-01506,Engineering,Hyderabad-SEC-03,63.9,Track geometry deviation,Low,2026-06-05 00:56,2026-07-20,42,3.2,27,Open
TMS-01507,Engineering,Vijayawada-SEC-04,48.01,Rail fracture,Low,2026-07-03 13:34,2026-08-17,14,4.1,36,Completed
TMS-01508,Engineering,Secunderabad-SEC-07,46.0,Vegetation encroachment,Medium,2026-05-26 07:06,2026-06-16,76,5.8,28,Completed
TMS-01509,Engineering,Vijayawada-SEC-01,73.16,Points & crossing wear,Medium,2026-07-10 17:07,2026-07-31,31,5.3,7,Scheduled
TMS-01510,Engineering,Vijayawada-SEC-08,19.98,Vegetation encroachment,Low,2026-05-30 09:07,2026-07-14,48,3.3,32,Scheduled
TMS-01511,Engineering,Guntur-SEC-01,66.25,Track geometry deviation,Medium,2026-07-15 23:10,2026-08-05,26,7.2,12,Open
TMS-01512,Engineering,Vijayawada-SEC-05,38.73,Rail wear beyond limit,High,2026-05-31 15:17,2026-06-07,85,7.6,6,Completed
TMS-01513,Engineering,Hyderabad-SEC-07,53.24,Track geometry deviation,Medium,2026-08-05 02:58,2026-08-26,5,2.7,13,Completed
TMS-01514,Engineering,Guntakal-SEC-06,104.65,Ballast deficiency,High,2026-06-28 00:38,2026-07-05,57,5.2,17,Open
TMS-01515,Engineering,Guntur-SEC-03,104.05,Rail corrugation,Medium,2026-08-23 23:44,2026-09-13,0,5.8,26,Open
TMS-01516,Engineering,Hyderabad-SEC-07,77.65,Points & crossing wear,Low,2026-07-09 14:31,2026-08-23,8,4.8,3,Open
TMS-01517,Engineering,Secunderabad-SEC-03,43.6,Level crossing surface damage,High,2026-05-18 21:49,2026-05-25,98,3.8,34,Scheduled
TMS-01518,Engineering,Guntakal-SEC-01,90.95,Formation failure,Low,2026-07-06 08:23,2026-08-20,11,1.7,9,Scheduled
TMS-01519,Engineering,Vijayawada-SEC-08,95.47,Track geometry deviation,Medium,2026-07-16 08:58,2026-08-06,25,2.0,18,Open
TMS-01520,Engineering,Vijayawada-SEC-08,90.84,Fish plate loose,Medium,2026-06-10 21:18,2026-07-01,61,6.0,20,Scheduled
TMS-01521,Engineering,Hyderabad-SEC-07,4.29,Ballast deficiency,Medium,2026-07-20 07:36,2026-08-10,21,5.0,11,Open
TMS-01522,Engineering,Guntakal-SEC-03,36.8,Level crossing surface damage,Low,2026-08-28 15:57,2026-10-12,0,4.9,12,Scheduled
TMS-01523,Engineering,Vijayawada-SEC-02,89.25,Level crossing surface damage,Medium,2026-07-23 06:41,2026-08-13,18,5.7,10,Open
TMS-01524,Engineering,Vijayawada-SEC-06,69.99,Ballast deficiency,High,2026-07-25 10:00,2026-08-01,30,2.6,39,Open
TMS-01525,Engineering,Guntur-SEC-02,57.24,Ballast deficiency,Medium,2026-07-16 05:28,2026-08-06,25,8.0,24,Scheduled
TMS-01526,Engineering,Guntur-SEC-08,77.81,Points & crossing wear,High,2026-06-17 05:45,2026-06-24,68,3.6,32,Open
TMS-01527,Engineering,Guntakal-SEC-06,26.98,Track geometry deviation,Critical,2026-05-09 10:10,2026-05-11,112,9.6,16,Open
TMS-01528,Engineering,Guntur-SEC-06,68.33,Vegetation encroachment,Medium,2026-06-15 19:38,2026-07-06,56,3.5,2,Completed
TMS-01529,Engineering,Guntakal-SEC-08,79.71,Sleeper damage,Low,2026-05-15 04:55,2026-06-29,63,6.2,42,Open
TMS-01530,Engineering,Hyderabad-SEC-03,101.59,Points & crossing wear,Critical,2026-07-20 05:31,2026-07-22,40,6.4,7,Completed
TMS-01531,Engineering,Guntakal-SEC-01,95.67,Ballast deficiency,Medium,2026-08-24 07:44,2026-09-14,0,2.7,43,Completed
TMS-01532,Engineering,Guntakal-SEC-02,66.24,Weld defect,High,2026-08-02 07:23,2026-08-09,22,7.9,14,Scheduled
TMS-01533,Engineering,Guntakal-SEC-04,7.3,Track geometry deviation,Low,2026-05-06 21:40,2026-06-20,72,1.9,17,Scheduled
TMS-01534,Engineering,Secunderabad-SEC-04,38.26,Vegetation encroachment,Medium,2026-06-18 06:37,2026-07-09,53,4.8,6,Open
TMS-01535,Engineering,Hyderabad-SEC-03,70.73,Formation failure,Critical,2026-08-17 07:54,2026-08-19,12,3.6,33,Open
TMS-01536,Engineering,Guntur-SEC-05,93.29,Track geometry deviation,Medium,2026-08-30 02:49,2026-09-20,0,7.3,39,Completed
TMS-01537,Engineering,Guntur-SEC-03,72.16,Rail corrugation,Low,2026-06-14 07:23,2026-07-29,33,2.8,42,Open
TMS-01538,Engineering,Guntakal-SEC-04,31.7,Points & crossing wear,Medium,2026-06-28 06:24,2026-07-19,43,7.7,17,Open
TMS-01539,Engineering,Secunderabad-SEC-08,117.27,Ballast deficiency,Medium,2026-06-06 03:33,2026-06-27,65,5.4,33,Open
TMS-01540,Engineering,Secunderabad-SEC-05,91.25,Vegetation encroachment,Medium,2026-05-09 05:26,2026-05-30,93,2.1,21,Open
TMS-01541,Engineering,Vijayawada-SEC-04,23.23,Weld defect,High,2026-05-13 07:51,2026-05-20,103,5.8,16,Open
TMS-01542,Engineering,Secunderabad-SEC-07,82.17,Formation failure,High,2026-06-28 12:52,2026-07-05,57,4.7,15,Scheduled
TMS-01543,Engineering,Vijayawada-SEC-03,102.28,Formation failure,High,2026-08-12 12:12,2026-08-19,12,6.4,44,Open
TMS-01544,Engineering,Guntakal-SEC-02,27.45,Rail wear beyond limit,Medium,2026-06-26 06:45,2026-07-17,45,6.5,32,Completed
TMS-01545,Engineering,Guntakal-SEC-07,99.51,Fish plate loose,Medium,2026-05-17 12:56,2026-06-07,85,3.1,30,Open
TMS-01546,Engineering,Guntur-SEC-02,6.64,Sleeper damage,Low,2026-06-20 09:40,2026-08-04,27,1.0,24,Scheduled
TMS-01547,Engineering,Vijayawada-SEC-05,25.03,Level crossing surface damage,Low,2026-08-14 07:21,2026-09-28,0,1.1,18,Open
TMS-01548,Engineering,Guntakal-SEC-05,66.97,Level crossing surface damage,High,2026-07-15 23:08,2026-07-22,40,6.5,14,Scheduled
TMS-01549,Engineering,Secunderabad-SEC-05,29.18,Fish plate loose,Medium,2026-06-13 05:41,2026-07-04,58,2.9,32,Completed
TMS-01550,Engineering,Guntur-SEC-01,82.54,Level crossing surface damage,Low,2026-06-17 06:53,2026-08-01,30,7.6,33,Open
TMS-01551,Engineering,Guntakal-SEC-06,33.13,Fish plate loose,Medium,2026-06-15 02:39,2026-07-06,56,1.7,30,Completed
TMS-01552,Engineering,Guntakal-SEC-05,117.26,Level crossing surface damage,High,2026-08-17 06:49,2026-08-24,7,6.2,28,Completed
TMS-01553,Engineering,Hyderabad-SEC-04,10.56,Track geometry deviation,Medium,2026-05-12 18:31,2026-06-02,90,5.0,22,Scheduled
TMS-01554,Engineering,Secunderabad-SEC-02,16.86,Weld defect,Medium,2026-05-26 14:30,2026-06-16,76,6.7,22,Completed
TMS-01555,Engineering,Guntakal-SEC-05,56.2,Rail corrugation,Medium,2026-07-16 07:46,2026-08-06,25,2.5,25,Open
TMS-01556,Engineering,Secunderabad-SEC-02,16.83,Vegetation encroachment,High,2026-06-06 14:34,2026-06-13,79,6.2,28,Open
TMS-01557,Engineering,Secunderabad-SEC-04,109.56,Points & crossing wear,Low,2026-05-20 06:17,2026-07-04,58,6.8,25,Open
TMS-01558,Engineering,Guntakal-SEC-05,94.82,Rail corrugation,Low,2026-07-07 22:49,2026-08-21,10,7.1,20,Scheduled
TMS-01559,Engineering,Hyderabad-SEC-04,93.67,Points & crossing wear,Medium,2026-06-11 21:33,2026-07-02,60,5.0,12,Scheduled
TMS-01560,Engineering,Vijayawada-SEC-05,90.23,Vegetation encroachment,Medium,2026-05-15 20:48,2026-06-05,87,4.3,29,Completed
TMS-01561,Engineering,Vijayawada-SEC-02,78.05,Weld defect,Low,2026-07-03 07:34,2026-08-17,14,8.0,13,Scheduled
TMS-01562,Engineering,Guntur-SEC-04,106.73,Sleeper damage,Medium,2026-07-19 07:28,2026-08-09,22,5.8,38,Open
TMS-01563,Engineering,Guntur-SEC-04,18.06,Track geometry deviation,Critical,2026-06-13 09:48,2026-06-15,77,3.8,39,Scheduled
TMS-01564,Engineering,Hyderabad-SEC-05,111.04,Level crossing surface damage,Medium,2026-07-21 04:37,2026-08-11,20,5.7,38,Open
TMS-01565,Engineering,Secunderabad-SEC-02,64.01,Rail fracture,High,2026-05-25 18:36,2026-06-01,91,2.3,10,Open
TMS-01566,Engineering,Vijayawada-SEC-06,24.2,Ballast deficiency,Low,2026-08-23 12:04,2026-10-07,0,7.5,29,Completed
TMS-01567,Engineering,Guntur-SEC-05,14.77,Sleeper damage,Low,2026-08-02 16:05,2026-09-16,0,1.2,3,Open
TMS-01568,Engineering,Guntur-SEC-02,23.84,Sleeper damage,Medium,2026-05-28 16:24,2026-06-18,74,4.1,39,Completed
TMS-01569,Engineering,Hyderabad-SEC-02,14.6,Track geometry deviation,Medium,2026-08-20 17:37,2026-09-10,0,5.0,9,Completed
TMS-01570,Engineering,Guntur-SEC-03,22.92,Weld defect,Medium,2026-05-29 01:58,2026-06-19,73,8.0,34,Open
TMS-01571,Engineering,Secunderabad-SEC-01,45.6,Sleeper damage,High,2026-07-30 05:28,2026-08-06,25,4.2,27,Completed
TMS-01572,Engineering,Secunderabad-SEC-05,52.1,Vegetation encroachment,Medium,2026-08-19 11:05,2026-09-09,0,3.2,21,Open
TMS-01573,Engineering,Guntur-SEC-07,1.9,Rail wear beyond limit,Medium,2026-06-03 20:55,2026-06-24,68,6.7,43,Completed
TMS-01574,Engineering,Secunderabad-SEC-01,15.35,Ballast deficiency,Low,2026-08-26 18:52,2026-10-10,0,2.2,10,Scheduled
TMS-01575,Engineering,Guntakal-SEC-03,44.6,Sleeper damage,Critical,2026-05-26 22:34,2026-05-28,95,8.4,12,Open
TMS-01576,Engineering,Vijayawada-SEC-04,43.81,Weld defect,Low,2026-08-09 05:07,2026-09-23,0,6.2,12,Open
TMS-01577,Engineering,Guntakal-SEC-01,74.63,Rail fracture,Medium,2026-08-05 12:51,2026-08-26,5,3.6,3,Open
TMS-01578,Engineering,Guntur-SEC-03,5.58,Sleeper damage,Critical,2026-05-10 06:52,2026-05-12,111,9.0,40,Scheduled
TMS-01579,Engineering,Vijayawada-SEC-07,11.05,Weld defect,High,2026-08-10 18:14,2026-08-17,14,3.4,9,Completed
TMS-01580,Engineering,Vijayawada-SEC-01,102.83,Vegetation encroachment,Low,2026-07-03 08:53,2026-08-17,14,4.8,2,Open
TMS-01581,Engineering,Guntakal-SEC-08,114.83,Vegetation encroachment,High,2026-07-02 14:38,2026-07-09,53,5.6,8,Open
TMS-01582,Engineering,Vijayawada-SEC-01,96.65,Ballast deficiency,High,2026-05-28 03:12,2026-06-04,88,2.5,16,Scheduled
TMS-01583,Engineering,Hyderabad-SEC-08,12.63,Track geometry deviation,Medium,2026-05-28 20:32,2026-06-18,74,3.0,18,Open
TMS-01584,Engineering,Hyderabad-SEC-06,62.39,Formation failure,High,2026-06-08 13:02,2026-06-15,77,7.8,19,Scheduled
TMS-01585,Engineering,Hyderabad-SEC-06,88.37,Rail fracture,Medium,2026-08-15 12:03,2026-09-05,0,5.6,26,Scheduled
TMS-01586,Engineering,Secunderabad-SEC-03,100.25,Track geometry deviation,Low,2026-05-22 16:47,2026-07-06,56,1.1,12,Open
TMS-01587,Engineering,Vijayawada-SEC-05,75.45,Formation failure,Medium,2026-08-30 03:10,2026-09-20,0,7.0,27,Open
TMS-01588,Engineering,Secunderabad-SEC-08,89.4,Vegetation encroachment,Medium,2026-08-04 07:30,2026-08-25,6,4.8,34,Completed
TMS-01589,Engineering,Guntur-SEC-08,92.64,Rail corrugation,High,2026-07-19 17:12,2026-07-26,36,6.6,44,Open
TMS-01590,Engineering,Guntakal-SEC-08,51.18,Rail fracture,Low,2026-05-14 11:32,2026-06-28,64,2.8,36,Open
TMS-01591,Engineering,Guntakal-SEC-03,15.16,Fish plate loose,Low,2026-08-02 07:20,2026-09-16,0,1.8,21,Open
TMS-01592,Engineering,Vijayawada-SEC-04,47.71,Points & crossing wear,Low,2026-06-22 20:58,2026-08-06,25,7.8,14,Open
TMS-01593,Engineering,Guntakal-SEC-07,63.07,Ballast deficiency,Low,2026-06-05 15:55,2026-07-20,42,2.4,38,Completed
TMS-01594,Engineering,Vijayawada-SEC-07,83.24,Points & crossing wear,Low,2026-06-25 22:17,2026-08-09,22,3.5,12,Open
TMS-01595,Engineering,Vijayawada-SEC-07,101.19,Level crossing surface damage,Medium,2026-08-19 17:58,2026-09-09,0,7.0,11,Open
TMS-01596,Engineering,Guntur-SEC-02,35.58,Points & crossing wear,Low,2026-06-14 08:33,2026-07-29,33,2.9,28,Completed
TMS-01597,Engineering,Secunderabad-SEC-01,8.98,Level crossing surface damage,High,2026-07-03 12:16,2026-07-10,52,7.6,37,Scheduled
TMS-01598,Engineering,Guntur-SEC-03,16.84,Rail corrugation,Medium,2026-08-05 01:40,2026-08-26,5,1.5,12,Scheduled
TMS-01599,Engineering,Guntur-SEC-03,46.92,Track geometry deviation,Medium,2026-05-20 15:10,2026-06-10,82,2.1,17,Completed
TMS-01600,Engineering,Guntur-SEC-02,14.82,Level crossing surface damage,Low,2026-08-22 15:45,2026-10-06,0,2.9,39,Completed
TMS-01601,Engineering,Guntakal-SEC-05,1.29,Weld defect,Medium,2026-08-12 16:30,2026-09-02,0,5.7,35,Open
TMS-01602,Engineering,Guntur-SEC-05,35.86,Weld defect,Medium,2026-08-18 01:06,2026-09-08,0,2.6,36,Scheduled
TMS-01603,Engineering,Guntakal-SEC-06,105.03,Rail fracture,Critical,2026-07-04 18:24,2026-07-06,56,9.8,26,Completed
TMS-01604,Engineering,Vijayawada-SEC-03,105.15,Level crossing surface damage,Medium,2026-07-30 19:53,2026-08-20,11,4.0,33,Scheduled
TMS-01605,Engineering,Hyderabad-SEC-07,115.17,Fish plate loose,High,2026-08-03 04:57,2026-08-10,21,8.0,17,Completed
TMS-01606,Engineering,Guntur-SEC-03,6.8,Weld defect,Low,2026-06-07 05:59,2026-07-22,40,7.7,19,Completed
TMS-01607,Engineering,Guntakal-SEC-06,50.36,Rail wear beyond limit,Low,2026-05-30 13:57,2026-07-14,48,5.5,24,Open
TMS-01608,Engineering,Hyderabad-SEC-06,52.05,Rail wear beyond limit,High,2026-08-19 06:19,2026-08-26,5,4.5,8,Completed
TMS-01609,Engineering,Guntur-SEC-01,72.8,Vegetation encroachment,Medium,2026-05-18 06:14,2026-06-08,84,6.9,26,Open
TMS-01610,Engineering,Secunderabad-SEC-07,69.08,Weld defect,Low,2026-08-18 02:30,2026-10-02,0,5.5,17,Open
TMS-01611,Engineering,Secunderabad-SEC-03,41.68,Rail corrugation,Medium,2026-06-06 02:00,2026-06-27,65,3.8,31,Scheduled
TMS-01612,Engineering,Guntur-SEC-04,80.29,Rail fracture,Low,2026-06-26 22:38,2026-08-10,21,6.7,15,Scheduled
TMS-01613,Engineering,Guntur-SEC-03,96.23,Level crossing surface damage,Low,2026-08-28 01:02,2026-10-12,0,1.7,31,Completed
TMS-01614,Engineering,Vijayawada-SEC-08,33.2,Rail fracture,Low,2026-07-30 10:56,2026-09-13,0,3.4,22,Open
TMS-01615,Engineering,Hyderabad-SEC-04,92.5,Points & crossing wear,Low,2026-06-11 14:25,2026-07-26,36,2.1,43,Open
TMS-01616,Engineering,Guntur-SEC-08,102.8,Fish plate loose,Low,2026-07-11 11:18,2026-08-25,6,2.2,24,Scheduled
TMS-01617,Engineering,Secunderabad-SEC-06,76.73,Fish plate loose,High,2026-05-29 15:42,2026-06-05,87,3.1,41,Open
TMS-01618,Engineering,Guntur-SEC-08,42.07,Rail corrugation,High,2026-08-08 10:04,2026-08-15,16,7.0,25,Scheduled
TMS-01619,Engineering,Guntakal-SEC-04,109.06,Level crossing surface damage,Critical,2026-08-10 12:14,2026-08-12,19,3.5,43,Scheduled
TMS-01620,Engineering,Secunderabad-SEC-05,23.83,Weld defect,Medium,2026-05-27 03:36,2026-06-17,75,3.8,40,Completed
TMS-01621,Engineering,Guntakal-SEC-06,63.94,Sleeper damage,Low,2026-06-08 09:16,2026-07-23,39,2.0,10,Completed
TMS-01622,Engineering,Guntakal-SEC-05,119.93,Rail corrugation,Medium,2026-08-18 13:17,2026-09-08,0,7.8,4,Open
TMS-01623,Engineering,Vijayawada-SEC-07,29.44,Track geometry deviation,Critical,2026-08-12 14:01,2026-08-14,17,3.8,30,Scheduled
TMS-01624,Engineering,Secunderabad-SEC-02,102.9,Rail corrugation,Critical,2026-08-04 18:42,2026-08-06,25,3.9,30,Open
TMS-01625,Engineering,Hyderabad-SEC-02,69.71,Vegetation encroachment,High,2026-06-22 03:19,2026-06-29,63,2.3,38,Completed
TMS-01626,Engineering,Guntakal-SEC-01,51.76,Fish plate loose,Medium,2026-07-13 14:28,2026-08-03,28,7.9,17,Open
TMS-01627,Engineering,Vijayawada-SEC-08,95.47,Formation failure,Low,2026-07-17 21:11,2026-08-31,0,1.9,10,Open
TMS-01628,Engineering,Secunderabad-SEC-07,96.87,Formation failure,Medium,2026-05-06 05:31,2026-05-27,96,4.7,16,Scheduled
TMS-01629,Engineering,Vijayawada-SEC-07,55.83,Formation failure,Low,2026-06-01 00:31,2026-07-16,46,6.7,5,Open
TMS-01630,Engineering,Vijayawada-SEC-03,2.65,Rail corrugation,Medium,2026-07-06 05:54,2026-07-27,35,1.5,37,Scheduled
TMS-01631,Engineering,Secunderabad-SEC-05,81.84,Weld defect,Medium,2026-05-09 11:20,2026-05-30,93,5.9,19,Scheduled
TMS-01632,Engineering,Vijayawada-SEC-01,118.34,Track geometry deviation,Medium,2026-05-09 22:59,2026-05-30,93,4.4,44,Open
TMS-01633,Engineering,Hyderabad-SEC-01,113.55,Ballast deficiency,High,2026-06-24 12:54,2026-07-01,61,5.0,36,Completed
TMS-01634,Engineering,Secunderabad-SEC-04,85.45,Fish plate loose,Low,2026-06-17 12:33,2026-08-01,30,7.8,39,Open
TMS-01635,Engineering,Vijayawada-SEC-03,87.91,Track geometry deviation,Critical,2026-08-22 01:39,2026-08-24,7,5.3,40,Scheduled
TMS-01636,Engineering,Secunderabad-SEC-08,39.81,Weld defect,Critical,2026-08-09 17:24,2026-08-11,20,9.4,27,Scheduled
TMS-01637,Engineering,Guntur-SEC-07,16.62,Fish plate loose,Low,2026-06-05 09:53,2026-07-20,42,3.7,13,Open
TMS-01638,Engineering,Guntur-SEC-08,10.89,Rail wear beyond limit,Medium,2026-07-17 17:32,2026-08-07,24,7.2,27,Open
TMS-01639,Engineering,Secunderabad-SEC-07,62.86,Rail fracture,Medium,2026-07-18 00:26,2026-08-08,23,3.4,40,Open
TMS-01640,Engineering,Secunderabad-SEC-01,115.63,Points & crossing wear,Medium,2026-06-21 21:50,2026-07-12,50,1.7,2,Open
TMS-01641,Engineering,Hyderabad-SEC-05,44.98,Weld defect,Critical,2026-07-13 12:50,2026-07-15,47,9.2,13,Open
TMS-01642,Engineering,Guntakal-SEC-07,11.64,Vegetation encroachment,High,2026-06-13 05:51,2026-06-20,72,2.5,11,Scheduled
TMS-01643,Engineering,Vijayawada-SEC-04,60.88,Rail corrugation,Low,2026-06-19 17:33,2026-08-03,28,5.9,3,Scheduled
TMS-01644,Engineering,Secunderabad-SEC-08,96.86,Rail wear beyond limit,Low,2026-05-04 04:25,2026-06-18,74,6.6,20,Open
TMS-01645,Engineering,Secunderabad-SEC-07,59.72,Formation failure,Medium,2026-06-05 17:25,2026-06-26,66,2.2,11,Completed
TMS-01646,Engineering,Hyderabad-SEC-04,99.81,Rail corrugation,Low,2026-05-06 11:42,2026-06-20,72,7.5,9,Scheduled
TMS-01647,Engineering,Guntur-SEC-08,22.6,Sleeper damage,High,2026-08-23 11:40,2026-08-30,1,2.0,4,Open
TMS-01648,Engineering,Hyderabad-SEC-06,11.85,Points & crossing wear,Low,2026-05-06 06:30,2026-06-20,72,7.4,7,Scheduled
TMS-01649,Engineering,Hyderabad-SEC-02,47.3,Points & crossing wear,Medium,2026-07-21 04:48,2026-08-11,20,5.9,43,Open
TMS-01650,Engineering,Guntur-SEC-04,48.51,Sleeper damage,Medium,2026-07-21 19:04,2026-08-11,20,2.4,7,Open
TMS-01651,Engineering,Guntur-SEC-01,36.71,Rail wear beyond limit,High,2026-06-30 20:12,2026-07-07,55,4.4,45,Scheduled
TMS-01652,Engineering,Hyderabad-SEC-06,89.74,Formation failure,High,2026-06-25 22:29,2026-07-02,60,1.6,36,Open
TMS-01653,Engineering,Guntakal-SEC-04,46.19,Fish plate loose,Medium,2026-07-22 22:15,2026-08-12,19,1.3,36,Open
TMS-01654,Engineering,Vijayawada-SEC-04,61.05,Vegetation encroachment,Medium,2026-05-18 08:12,2026-06-08,84,4.7,4,Completed
TMS-01655,Engineering,Guntakal-SEC-05,8.76,Track geometry deviation,Low,2026-08-19 07:21,2026-10-03,0,7.2,33,Open
TMS-01656,Engineering,Vijayawada-SEC-06,108.04,Weld defect,Critical,2026-06-11 01:40,2026-06-13,79,9.4,20,Open
TMS-01657,Engineering,Vijayawada-SEC-07,44.61,Sleeper damage,Low,2026-08-01 11:57,2026-09-15,0,7.9,4,Open
TMS-01658,Engineering,Guntur-SEC-04,81.65,Level crossing surface damage,Medium,2026-06-16 15:02,2026-07-07,55,2.8,42,Open
TMS-01659,Engineering,Secunderabad-SEC-01,49.91,Sleeper damage,Medium,2026-05-03 00:12,2026-05-24,99,2.9,26,Open
TMS-01660,Engineering,Hyderabad-SEC-07,1.25,Level crossing surface damage,Low,2026-05-08 17:06,2026-06-22,70,4.4,27,Open
TMS-01661,Engineering,Secunderabad-SEC-05,76.51,Weld defect,High,2026-05-25 07:38,2026-06-01,91,5.8,12,Completed
TMS-01662,Engineering,Guntakal-SEC-01,114.64,Level crossing surface damage,High,2026-06-30 21:34,2026-07-07,55,3.3,27,Open
TMS-01663,Engineering,Secunderabad-SEC-08,47.39,Track geometry deviation,Low,2026-07-26 13:38,2026-09-09,0,2.8,7,Scheduled
TMS-01664,Engineering,Guntur-SEC-07,57.46,Weld defect,High,2026-06-29 16:41,2026-07-06,56,8.0,16,Open
TMS-01665,Engineering,Secunderabad-SEC-05,29.01,Formation failure,Critical,2026-07-13 17:17,2026-07-15,47,7.5,25,Open
TMS-01666,Engineering,Hyderabad-SEC-01,92.01,Track geometry deviation,Medium,2026-08-13 07:54,2026-09-03,0,1.3,15,Scheduled
TMS-01667,Engineering,Guntakal-SEC-01,110.62,Fish plate loose,Critical,2026-08-26 03:17,2026-08-28,3,3.2,31,Open
TMS-01668,Engineering,Guntakal-SEC-03,60.67,Track geometry deviation,Medium,2026-06-10 21:56,2026-07-01,61,2.1,13,Scheduled
TMS-01669,Engineering,Guntur-SEC-05,8.33,Track geometry deviation,Medium,2026-07-20 00:02,2026-08-10,21,1.2,40,Open
TMS-01670,Engineering,Secunderabad-SEC-04,13.36,Weld defect,High,2026-06-21 18:08,2026-06-28,64,7.7,28,Open
TMS-01671,Engineering,Guntakal-SEC-05,44.44,Ballast deficiency,Medium,2026-08-29 01:28,2026-09-19,0,6.1,8,Scheduled
TMS-01672,Engineering,Guntur-SEC-01,92.24,Weld defect,Critical,2026-08-31 10:07,2026-09-02,0,2.5,16,Scheduled
TMS-01673,Engineering,Guntur-SEC-07,112.47,Vegetation encroachment,Medium,2026-08-27 03:28,2026-09-17,0,1.1,26,Open
TMS-01674,Engineering,Guntur-SEC-08,73.51,Fish plate loose,Medium,2026-06-14 09:55,2026-07-05,57,6.2,42,Open
TMS-01675,Engineering,Vijayawada-SEC-07,17.33,Vegetation encroachment,Medium,2026-05-06 18:25,2026-05-27,96,7.2,13,Completed
TMS-01676,Engineering,Secunderabad-SEC-02,51.81,Rail wear beyond limit,Low,2026-07-13 14:38,2026-08-27,4,3.6,11,Open
TMS-01677,Engineering,Vijayawada-SEC-01,100.82,Fish plate loose,Low,2026-07-10 04:17,2026-08-24,7,7.9,15,Completed
TMS-01678,Engineering,Guntur-SEC-01,55.62,Fish plate loose,Medium,2026-07-09 08:47,2026-07-30,32,4.2,22,Scheduled
TMS-01679,Engineering,Vijayawada-SEC-05,68.21,Level crossing surface damage,High,2026-08-14 04:42,2026-08-21,10,2.5,44,Scheduled
TMS-01680,Engineering,Guntur-SEC-03,44.98,Rail wear beyond limit,Medium,2026-07-16 07:07,2026-08-06,25,6.3,15,Open
TMS-01681,Engineering,Hyderabad-SEC-08,49.45,Track geometry deviation,Medium,2026-07-02 20:02,2026-07-23,39,4.2,15,Open
TMS-01682,Engineering,Guntur-SEC-04,21.64,Rail corrugation,Medium,2026-05-10 18:17,2026-05-31,92,7.6,3,Scheduled
TMS-01683,Engineering,Hyderabad-SEC-05,92.31,Vegetation encroachment,Medium,2026-07-13 03:20,2026-08-03,28,2.9,27,Scheduled
TMS-01684,Engineering,Vijayawada-SEC-08,104.16,Ballast deficiency,High,2026-05-21 16:47,2026-05-28,95,3.2,33,Open
TMS-01685,Engineering,Secunderabad-SEC-03,81.14,Weld defect,Medium,2026-05-04 01:42,2026-05-25,98,5.4,7,Open
TMS-01686,Engineering,Guntakal-SEC-07,24.36,Ballast deficiency,High,2026-05-06 22:04,2026-05-13,110,1.6,15,Open
TMS-01687,Engineering,Guntur-SEC-05,57.01,Level crossing surface damage,Medium,2026-08-23 10:47,2026-09-13,0,3.2,13,Open
TMS-01688,Engineering,Vijayawada-SEC-03,49.82,Points & crossing wear,High,2026-08-19 03:32,2026-08-26,5,7.2,41,Open
TMS-01689,Engineering,Guntakal-SEC-02,82.8,Track geometry deviation,Medium,2026-06-21 03:53,2026-07-12,50,5.9,9,Scheduled
TMS-01690,Engineering,Guntur-SEC-01,56.74,Rail corrugation,Critical,2026-08-13 07:48,2026-08-15,16,2.3,12,Scheduled
TMS-01691,Engineering,Vijayawada-SEC-04,53.68,Rail fracture,Low,2026-06-17 10:48,2026-08-01,30,5.1,33,Completed
TMS-01692,Engineering,Guntakal-SEC-08,8.27,Ballast deficiency,Low,2026-06-20 11:28,2026-08-04,27,7.9,41,Open
TMS-01693,Engineering,Vijayawada-SEC-05,115.39,Fish plate loose,High,2026-07-12 18:33,2026-07-19,43,7.5,20,Scheduled
TMS-01694,Engineering,Guntur-SEC-08,1.91,Formation failure,Medium,2026-05-23 20:58,2026-06-13,79,7.9,28,Completed
TMS-01695,Engineering,Hyderabad-SEC-02,108.51,Rail fracture,High,2026-07-16 14:47,2026-07-23,39,3.0,33,Open
TMS-01696,Engineering,Guntakal-SEC-01,53.87,Sleeper damage,Medium,2026-08-10 22:06,2026-08-31,0,5.9,23,Open
TMS-01697,Engineering,Hyderabad-SEC-04,3.76,Formation failure,Medium,2026-05-28 00:05,2026-06-18,74,1.6,2,Scheduled
TMS-01698,Engineering,Guntur-SEC-01,46.61,Level crossing surface damage,Medium,2026-08-29 12:58,2026-09-19,0,7.3,45,Open
TMS-01699,Engineering,Guntur-SEC-04,48.86,Fish plate loose,Medium,2026-07-14 11:46,2026-08-04,27,4.6,10,Completed
TMS-01700,Engineering,Guntakal-SEC-02,10.0,Rail corrugation,Medium,2026-05-31 14:28,2026-06-21,71,4.4,44,Open
TMS-01701,Engineering,Secunderabad-SEC-02,97.29,Weld defect,Low,2026-06-07 12:23,2026-07-22,40,7.3,17,Open
TMS-01702,Engineering,Secunderabad-SEC-06,103.64,Rail fracture,High,2026-07-15 21:38,2026-07-22,40,6.6,2,Scheduled
TMS-01703,Engineering,Guntur-SEC-06,75.72,Fish plate loose,Critical,2026-07-19 01:31,2026-07-21,41,6.7,44,Open
TMS-01704,Engineering,Secunderabad-SEC-06,22.27,Level crossing surface damage,Medium,2026-08-16 21:57,2026-09-06,0,2.4,7,Open
TMS-01705,Engineering,Guntur-SEC-01,38.45,Points & crossing wear,High,2026-05-22 15:30,2026-05-29,94,6.0,14,Open
TMS-01706,Engineering,Guntakal-SEC-03,87.79,Formation failure,Medium,2026-08-06 05:58,2026-08-27,4,2.3,5,Open
TMS-01707,Engineering,Guntakal-SEC-01,17.27,Points & crossing wear,Critical,2026-06-28 23:46,2026-06-30,62,9.8,38,Completed
TMS-01708,Engineering,Vijayawada-SEC-04,101.83,Track geometry deviation,Medium,2026-06-03 19:29,2026-06-24,68,1.5,12,Open
TMS-01709,Engineering,Guntakal-SEC-03,26.19,Rail wear beyond limit,High,2026-05-16 02:26,2026-05-23,100,3.9,24,Scheduled
TMS-01710,Engineering,Guntakal-SEC-01,33.77,Ballast deficiency,Medium,2026-06-25 23:44,2026-07-16,46,7.8,6,Open
TMS-01711,Engineering,Guntur-SEC-04,9.59,Level crossing surface damage,Low,2026-06-29 11:28,2026-08-13,18,1.4,30,Open
TMS-01712,Engineering,Guntakal-SEC-08,83.77,Formation failure,High,2026-05-28 20:47,2026-06-04,88,6.4,45,Completed
TMS-01713,Engineering,Guntakal-SEC-07,89.06,Rail corrugation,Medium,2026-06-20 14:26,2026-07-11,51,3.2,25,Open
TMS-01714,Engineering,Vijayawada-SEC-05,27.37,Ballast deficiency,High,2026-05-26 06:11,2026-06-02,90,8.0,4,Scheduled
TMS-01715,Engineering,Guntur-SEC-02,55.63,Rail corrugation,Low,2026-07-10 07:04,2026-08-24,7,3.3,30,Open
TMS-01716,Engineering,Vijayawada-SEC-01,94.59,Sleeper damage,Medium,2026-05-29 09:57,2026-06-19,73,1.2,42,Open
TMS-01717,Engineering,Vijayawada-SEC-04,18.12,Ballast deficiency,Medium,2026-07-16 23:29,2026-08-06,25,6.7,15,Open
TMS-01718,Engineering,Secunderabad-SEC-02,59.68,Ballast deficiency,High,2026-07-12 06:48,2026-07-19,43,3.4,21,Completed
TMS-01719,Engineering,Hyderabad-SEC-07,86.85,Sleeper damage,High,2026-05-14 03:59,2026-05-21,102,2.3,29,Completed
TMS-01720,Engineering,Secunderabad-SEC-07,8.03,Fish plate loose,Low,2026-08-11 06:15,2026-09-25,0,1.4,32,Scheduled
TMS-01721,Engineering,Vijayawada-SEC-06,49.96,Rail fracture,Medium,2026-08-13 15:26,2026-09-03,0,4.5,21,Scheduled
TMS-01722,Engineering,Hyderabad-SEC-08,14.62,Ballast deficiency,High,2026-07-19 01:02,2026-07-26,36,5.3,35,Open
TMS-01723,Engineering,Guntakal-SEC-08,67.84,Rail corrugation,Low,2026-05-31 10:24,2026-07-15,47,7.0,6,Open
TMS-01724,Engineering,Vijayawada-SEC-07,109.22,Fish plate loose,High,2026-07-15 08:49,2026-07-22,40,7.6,42,Completed
TMS-01725,Engineering,Guntakal-SEC-06,83.8,Ballast deficiency,Medium,2026-07-02 13:47,2026-07-23,39,5.0,22,Scheduled
TMS-01726,Engineering,Vijayawada-SEC-08,58.63,Rail corrugation,Medium,2026-06-19 15:39,2026-07-10,52,5.3,3,Open
TMS-01727,Engineering,Guntakal-SEC-05,9.76,Rail corrugation,Medium,2026-05-11 20:31,2026-06-01,91,2.0,31,Scheduled
TMS-01728,Engineering,Vijayawada-SEC-05,94.95,Rail wear beyond limit,Critical,2026-05-09 14:18,2026-05-11,112,5.1,11,Open
TMS-01729,Engineering,Secunderabad-SEC-01,39.27,Formation failure,Medium,2026-05-24 21:51,2026-06-14,78,2.6,32,Scheduled
TMS-01730,Engineering,Guntakal-SEC-05,72.57,Points & crossing wear,Low,2026-05-23 14:04,2026-07-07,55,4.4,14,Completed
TMS-01731,Engineering,Secunderabad-SEC-08,35.47,Rail fracture,Low,2026-06-10 17:08,2026-07-25,37,5.2,14,Open
TMS-01732,Engineering,Secunderabad-SEC-01,35.78,Track geometry deviation,High,2026-06-28 13:42,2026-07-05,57,3.6,11,Open
TMS-01733,Engineering,Guntakal-SEC-08,55.79,Ballast deficiency,Medium,2026-08-28 00:16,2026-09-18,0,3.9,30,Scheduled
TMS-01734,Engineering,Secunderabad-SEC-07,112.43,Rail corrugation,Medium,2026-06-21 18:17,2026-07-12,50,6.3,19,Open
TMS-01735,Engineering,Guntakal-SEC-05,114.73,Weld defect,High,2026-06-15 07:29,2026-06-22,70,5.1,5,Completed
TMS-01736,Engineering,Guntur-SEC-01,66.02,Vegetation encroachment,Medium,2026-06-22 06:37,2026-07-13,49,3.2,29,Scheduled
TMS-01737,Engineering,Secunderabad-SEC-03,77.23,Fish plate loose,High,2026-07-12 17:31,2026-07-19,43,6.9,38,Scheduled
TMS-01738,Engineering,Vijayawada-SEC-01,59.6,Weld defect,Critical,2026-08-26 05:22,2026-08-28,3,7.7,10,Open
TMS-01739,Engineering,Guntakal-SEC-08,116.68,Fish plate loose,Low,2026-06-26 18:03,2026-08-10,21,2.6,7,Open
TMS-01740,Engineering,Hyderabad-SEC-02,49.96,Sleeper damage,Medium,2026-05-27 21:28,2026-06-17,75,4.8,11,Open
TMS-01741,Engineering,Guntakal-SEC-01,27.29,Rail fracture,Medium,2026-08-20 16:27,2026-09-10,0,1.8,43,Scheduled
TMS-01742,Engineering,Guntur-SEC-07,5.09,Track geometry deviation,Medium,2026-08-28 22:05,2026-09-18,0,5.9,16,Completed
TMS-01743,Engineering,Guntur-SEC-02,2.31,Rail wear beyond limit,Medium,2026-05-12 18:59,2026-06-02,90,3.3,33,Open
TMS-01744,Engineering,Hyderabad-SEC-06,4.32,Track geometry deviation,Medium,2026-06-01 08:53,2026-06-22,70,1.3,39,Open
TMS-01745,Engineering,Vijayawada-SEC-03,47.66,Ballast deficiency,Medium,2026-07-18 21:03,2026-08-08,23,3.6,36,Open
TMS-01746,Engineering,Hyderabad-SEC-01,46.61,Track geometry deviation,High,2026-06-12 01:19,2026-06-19,73,4.9,40,Open
TMS-01747,Engineering,Guntakal-SEC-03,54.2,Rail corrugation,Low,2026-08-06 12:05,2026-09-20,0,3.7,40,Completed
TMS-01748,Engineering,Secunderabad-SEC-08,5.0,Weld defect,Low,2026-06-07 05:21,2026-07-22,40,2.4,15,Open
TMS-01749,Engineering,Hyderabad-SEC-06,98.14,Fish plate loose,Low,2026-06-20 13:07,2026-08-04,27,5.7,31,Open
TMS-01750,Engineering,Guntakal-SEC-01,26.02,Rail fracture,Medium,2026-06-12 15:37,2026-07-03,59,7.2,21,Open
TMS-01751,Engineering,Guntur-SEC-01,86.4,Rail corrugation,Low,2026-05-17 17:24,2026-07-01,61,2.4,27,Scheduled
TMS-01752,Engineering,Vijayawada-SEC-08,9.32,Weld defect,Medium,2026-08-10 06:05,2026-08-31,0,5.2,2,Completed
TMS-01753,Engineering,Secunderabad-SEC-01,36.41,Sleeper damage,Low,2026-06-13 22:10,2026-07-28,34,7.6,38,Completed
TMS-01754,Engineering,Guntur-SEC-04,89.02,Fish plate loose,Medium,2026-08-19 22:03,2026-09-09,0,5.5,6,Open
TMS-01755,Engineering,Secunderabad-SEC-08,36.25,Rail wear beyond limit,High,2026-06-09 23:11,2026-06-16,76,1.2,31,Completed
TMS-01756,Engineering,Secunderabad-SEC-02,105.63,Rail corrugation,High,2026-05-10 16:32,2026-05-17,106,5.5,13,Open
TMS-01757,Engineering,Hyderabad-SEC-04,32.78,Rail fracture,Medium,2026-08-20 15:27,2026-09-10,0,7.2,38,Open
TMS-01758,Engineering,Guntur-SEC-01,3.59,Rail corrugation,High,2026-05-30 18:25,2026-06-06,86,3.8,29,Completed
TMS-01759,Engineering,Secunderabad-SEC-03,78.79,Rail wear beyond limit,Low,2026-07-10 17:37,2026-08-24,7,5.0,20,Scheduled
TMS-01760,Engineering,Vijayawada-SEC-05,28.18,Rail corrugation,Critical,2026-08-06 14:16,2026-08-08,23,4.2,2,Completed
TMS-01761,Engineering,Guntur-SEC-08,95.04,Level crossing surface damage,Low,2026-08-26 03:29,2026-10-10,0,4.0,5,Open
TMS-01762,Engineering,Hyderabad-SEC-03,19.67,Vegetation encroachment,Medium,2026-08-20 02:13,2026-09-10,0,6.7,25,Scheduled
TMS-01763,Engineering,Guntur-SEC-03,20.88,Sleeper damage,High,2026-06-23 18:41,2026-06-30,62,5.5,25,Open
TMS-01764,Engineering,Guntur-SEC-08,81.09,Sleeper damage,High,2026-07-18 13:21,2026-07-25,37,5.7,25,Completed
TMS-01765,Engineering,Guntakal-SEC-07,77.46,Rail corrugation,High,2026-08-20 02:04,2026-08-27,4,2.0,36,Completed
TMS-01766,Engineering,Vijayawada-SEC-02,71.86,Points & crossing wear,High,2026-08-10 22:26,2026-08-17,14,7.4,42,Completed
TMS-01767,Engineering,Vijayawada-SEC-06,98.96,Sleeper damage,High,2026-08-11 03:06,2026-08-18,13,6.7,7,Completed
TMS-01768,Engineering,Hyderabad-SEC-02,12.46,Rail fracture,Low,2026-05-11 19:55,2026-06-25,67,4.8,18,Completed
TMS-01769,Engineering,Guntakal-SEC-06,58.7,Fish plate loose,Medium,2026-06-07 18:00,2026-06-28,64,5.8,25,Open
TMS-01770,Engineering,Hyderabad-SEC-05,42.14,Sleeper damage,Medium,2026-07-12 04:57,2026-08-02,29,3.7,8,Open
TMS-01771,Engineering,Vijayawada-SEC-05,85.94,Points & crossing wear,High,2026-06-10 07:28,2026-06-17,75,5.9,8,Open
TMS-01772,Engineering,Guntur-SEC-02,36.34,Track geometry deviation,Medium,2026-05-06 21:22,2026-05-27,96,3.1,36,Scheduled
TMS-01773,Engineering,Secunderabad-SEC-08,24.85,Vegetation encroachment,Critical,2026-05-19 17:02,2026-05-21,102,2.2,6,Open
TMS-01774,Engineering,Guntur-SEC-02,1.27,Formation failure,Medium,2026-07-05 19:40,2026-07-26,36,3.5,21,Open
TMS-01775,Engineering,Guntur-SEC-07,76.23,Formation failure,High,2026-07-15 16:24,2026-07-22,40,5.3,4,Scheduled
TMS-01776,Engineering,Guntur-SEC-07,103.34,Sleeper damage,High,2026-08-27 05:47,2026-09-03,0,1.2,36,Scheduled
TMS-01777,Engineering,Guntur-SEC-08,119.36,Sleeper damage,Medium,2026-07-08 02:37,2026-07-29,33,3.5,4,Completed
TMS-01778,Engineering,Secunderabad-SEC-06,29.45,Level crossing surface damage,Medium,2026-05-26 20:50,2026-06-16,76,4.8,42,Completed
TMS-01779,Engineering,Guntur-SEC-07,4.12,Rail wear beyond limit,Medium,2026-07-04 10:10,2026-07-25,37,2.7,37,Scheduled
TMS-01780,Engineering,Secunderabad-SEC-01,82.06,Formation failure,High,2026-05-14 07:34,2026-05-21,102,3.9,45,Scheduled
TMS-01781,Engineering,Guntur-SEC-06,32.97,Formation failure,Medium,2026-05-04 05:33,2026-05-25,98,4.5,26,Completed
TMS-01782,Engineering,Secunderabad-SEC-08,83.79,Rail corrugation,Medium,2026-06-24 00:11,2026-07-15,47,2.8,13,Completed
TMS-01783,Engineering,Guntur-SEC-04,13.16,Ballast deficiency,Critical,2026-07-25 18:04,2026-07-27,35,6.8,6,Open
TMS-01784,Engineering,Vijayawada-SEC-04,92.7,Rail fracture,Critical,2026-06-30 14:55,2026-07-02,60,8.2,21,Open
TMS-01785,Engineering,Guntur-SEC-05,97.01,Weld defect,Low,2026-07-19 02:45,2026-09-02,0,2.6,8,Open
TMS-01786,Engineering,Guntakal-SEC-08,95.32,Sleeper damage,Medium,2026-08-15 01:57,2026-09-05,0,4.1,3,Scheduled
TMS-01787,Engineering,Guntur-SEC-07,4.02,Sleeper damage,Medium,2026-05-09 10:35,2026-05-30,93,1.7,37,Scheduled
TMS-01788,Engineering,Guntakal-SEC-07,56.96,Points & crossing wear,Critical,2026-08-23 21:37,2026-08-25,6,9.0,17,Completed
TMS-01789,Engineering,Hyderabad-SEC-05,22.41,Track geometry deviation,High,2026-05-11 18:59,2026-05-18,105,2.1,30,Scheduled
TMS-01790,Engineering,Vijayawada-SEC-04,69.85,Weld defect,Medium,2026-06-23 10:24,2026-07-14,48,4.3,37,Open
TMS-01791,Engineering,Guntur-SEC-02,1.34,Rail fracture,High,2026-08-06 18:38,2026-08-13,18,6.2,34,Scheduled
TMS-01792,Engineering,Secunderabad-SEC-01,36.4,Ballast deficiency,Medium,2026-08-17 04:54,2026-09-07,0,5.1,22,Completed
TMS-01793,Engineering,Guntur-SEC-07,57.39,Track geometry deviation,Low,2026-05-13 06:30,2026-06-27,65,2.3,8,Open
TMS-01794,Engineering,Secunderabad-SEC-05,17.53,Ballast deficiency,Medium,2026-06-22 00:56,2026-07-13,49,7.0,34,Open
TMS-01795,Engineering,Secunderabad-SEC-05,67.94,Track geometry deviation,Medium,2026-05-26 21:31,2026-06-16,76,7.9,42,Scheduled
TMS-01796,Engineering,Guntakal-SEC-01,48.77,Sleeper damage,Medium,2026-05-16 01:13,2026-06-06,86,2.6,4,Completed
TMS-01797,Engineering,Guntakal-SEC-08,46.89,Formation failure,Critical,2026-05-24 09:37,2026-05-26,97,7.4,16,Scheduled
TMS-01798,Engineering,Guntur-SEC-03,77.52,Vegetation encroachment,Medium,2026-08-15 06:32,2026-09-05,0,6.5,12,Open
TMS-01799,Engineering,Hyderabad-SEC-07,3.71,Weld defect,Medium,2026-06-26 13:31,2026-07-17,45,1.5,37,Open
TMS-01800,Engineering,Guntakal-SEC-02,47.19,Rail corrugation,Low,2026-05-09 18:42,2026-06-23,69,1.3,43,Completed
TMS-01801,Engineering,Guntakal-SEC-05,110.32,Rail corrugation,High,2026-05-06 11:34,2026-05-13,110,4.7,34,Open
TMS-01802,Engineering,Hyderabad-SEC-07,71.92,Formation failure,Medium,2026-05-27 02:32,2026-06-17,75,7.5,10,Open
TMS-01803,Engineering,Hyderabad-SEC-08,75.76,Rail wear beyond limit,Low,2026-08-20 06:10,2026-10-04,0,4.7,42,Open
TMS-01804,Engineering,Guntakal-SEC-05,108.87,Formation failure,Medium,2026-07-28 13:28,2026-08-18,13,2.6,14,Open
TMS-01805,Engineering,Guntur-SEC-03,33.42,Formation failure,Low,2026-07-23 17:00,2026-09-06,0,4.6,29,Scheduled
TMS-01806,Engineering,Guntakal-SEC-03,22.8,Vegetation encroachment,Low,2026-08-07 01:40,2026-09-21,0,2.0,25,Scheduled
TMS-01807,Engineering,Hyderabad-SEC-02,20.81,Level crossing surface damage,High,2026-06-22 12:18,2026-06-29,63,4.2,20,Scheduled
TMS-01808,Engineering,Vijayawada-SEC-04,106.47,Rail corrugation,Low,2026-08-05 02:13,2026-09-19,0,6.8,25,Open
TMS-01809,Engineering,Guntakal-SEC-06,17.56,Formation failure,Low,2026-07-01 14:08,2026-08-15,16,4.2,6,Open
TMS-01810,Engineering,Vijayawada-SEC-05,97.44,Rail wear beyond limit,Low,2026-07-14 03:57,2026-08-28,3,1.0,33,Open
TMS-01811,Engineering,Guntur-SEC-03,23.9,Rail fracture,Low,2026-06-22 02:45,2026-08-06,25,4.6,29,Scheduled
TMS-01812,Engineering,Guntakal-SEC-05,14.33,Ballast deficiency,High,2026-06-30 02:19,2026-07-07,55,4.1,9,Open
TMS-01813,Engineering,Secunderabad-SEC-07,65.82,Rail wear beyond limit,Critical,2026-05-21 22:00,2026-05-23,100,2.6,10,Scheduled
TMS-01814,Engineering,Hyderabad-SEC-05,7.19,Weld defect,High,2026-05-05 08:35,2026-05-12,111,7.2,23,Completed
TMS-01815,Engineering,Vijayawada-SEC-07,74.2,Formation failure,High,2026-05-31 13:54,2026-06-07,85,2.7,19,Completed
TMS-01816,Engineering,Guntakal-SEC-05,91.48,Ballast deficiency,High,2026-07-17 15:23,2026-07-24,38,4.9,26,Open
TMS-01817,Engineering,Hyderabad-SEC-08,117.44,Rail wear beyond limit,Low,2026-06-14 23:21,2026-07-29,33,1.6,33,Open
TMS-01818,Engineering,Vijayawada-SEC-03,107.03,Track geometry deviation,High,2026-07-31 09:12,2026-08-07,24,4.2,19,Open
TMS-01819,Engineering,Guntur-SEC-01,53.54,Track geometry deviation,Medium,2026-08-01 12:46,2026-08-22,9,7.0,8,Completed
TMS-01820,Engineering,Guntur-SEC-01,102.07,Sleeper damage,Medium,2026-07-10 07:49,2026-07-31,31,6.2,3,Open
TMS-01821,Engineering,Hyderabad-SEC-02,41.07,Rail fracture,Low,2026-07-28 16:31,2026-09-11,0,4.4,33,Open
TMS-01822,Engineering,Secunderabad-SEC-05,72.11,Level crossing surface damage,Medium,2026-07-13 07:54,2026-08-03,28,3.6,45,Open
TMS-01823,Engineering,Guntur-SEC-02,32.9,Level crossing surface damage,High,2026-05-23 09:17,2026-05-30,93,3.2,20,Completed
TMS-01824,Engineering,Hyderabad-SEC-05,29.29,Level crossing surface damage,Low,2026-07-14 02:08,2026-08-28,3,7.7,6,Open
TMS-01825,Engineering,Guntur-SEC-01,2.46,Sleeper damage,Medium,2026-05-21 23:12,2026-06-11,81,3.4,30,Completed
TMS-01826,Engineering,Guntakal-SEC-08,109.39,Rail wear beyond limit,High,2026-08-20 08:04,2026-08-27,4,2.6,32,Open
TMS-01827,Engineering,Vijayawada-SEC-05,101.51,Sleeper damage,Medium,2026-08-03 02:40,2026-08-24,7,5.2,25,Open
TMS-01828,Engineering,Hyderabad-SEC-08,83.44,Rail fracture,Medium,2026-08-02 20:43,2026-08-23,8,2.1,18,Open
TMS-01829,Engineering,Guntur-SEC-04,33.42,Ballast deficiency,Medium,2026-05-04 14:42,2026-05-25,98,3.1,16,Open
TMS-01830,Engineering,Hyderabad-SEC-08,6.26,Vegetation encroachment,Critical,2026-08-10 05:02,2026-08-12,19,9.0,13,Open
TMS-01831,Engineering,Vijayawada-SEC-05,72.32,Weld defect,Low,2026-07-02 08:35,2026-08-16,15,2.7,6,Scheduled
TMS-01832,Engineering,Hyderabad-SEC-04,91.3,Level crossing surface damage,Medium,2026-07-28 17:29,2026-08-18,13,6.5,13,Open
TMS-01833,Engineering,Vijayawada-SEC-03,91.96,Points & crossing wear,High,2026-05-04 17:11,2026-05-11,112,1.1,3,Open
TMS-01834,Engineering,Guntur-SEC-07,18.71,Ballast deficiency,Medium,2026-05-09 21:55,2026-05-30,93,2.2,17,Completed
TMS-01835,Engineering,Vijayawada-SEC-08,54.59,Level crossing surface damage,Medium,2026-05-17 10:37,2026-06-07,85,3.0,9,Scheduled
TMS-01836,Engineering,Guntur-SEC-01,16.31,Rail wear beyond limit,Medium,2026-08-11 00:41,2026-09-01,0,1.3,31,Open
TMS-01837,Engineering,Hyderabad-SEC-02,55.99,Vegetation encroachment,Medium,2026-06-30 09:37,2026-07-21,41,6.1,35,Open
TMS-01838,Engineering,Guntakal-SEC-01,62.82,Sleeper damage,Medium,2026-06-15 02:58,2026-07-06,56,6.2,12,Open
TMS-01839,Engineering,Hyderabad-SEC-07,119.37,Rail wear beyond limit,Low,2026-06-29 19:24,2026-08-13,18,2.4,9,Scheduled
TMS-01840,Engineering,Guntakal-SEC-05,58.47,Rail fracture,Medium,2026-07-10 10:04,2026-07-31,31,3.6,15,Open
TMS-01841,Engineering,Vijayawada-SEC-01,77.89,Rail wear beyond limit,Medium,2026-06-11 18:38,2026-07-02,60,5.1,27,Open
TMS-01842,Engineering,Guntur-SEC-02,55.96,Rail corrugation,Low,2026-08-29 15:43,2026-10-13,0,2.8,25,Completed
TMS-01843,Engineering,Vijayawada-SEC-02,107.64,Weld defect,Medium,2026-07-03 19:15,2026-07-24,38,1.4,20,Open
TMS-01844,Engineering,Guntur-SEC-04,9.37,Rail wear beyond limit,Low,2026-07-18 07:04,2026-09-01,0,7.2,24,Completed
TMS-01845,Engineering,Guntur-SEC-07,8.13,Fish plate loose,Critical,2026-06-22 06:37,2026-06-24,68,9.9,14,Open
TMS-01846,Engineering,Hyderabad-SEC-04,32.35,Rail fracture,Critical,2026-06-28 17:57,2026-06-30,62,2.8,34,Open
TMS-01847,Engineering,Hyderabad-SEC-08,55.23,Formation failure,Critical,2026-06-26 10:28,2026-06-28,64,5.2,22,Open
TMS-01848,Engineering,Guntur-SEC-08,52.01,Points & crossing wear,Medium,2026-08-25 05:10,2026-09-15,0,7.2,4,Scheduled
TMS-01849,Engineering,Vijayawada-SEC-02,111.95,Sleeper damage,Medium,2026-06-22 03:22,2026-07-13,49,8.0,23,Scheduled
TMS-01850,Engineering,Vijayawada-SEC-05,11.18,Sleeper damage,High,2026-07-06 00:52,2026-07-13,49,2.0,19,Open
TMS-01851,Engineering,Vijayawada-SEC-05,50.21,Track geometry deviation,High,2026-08-26 22:23,2026-09-02,0,7.7,28,Scheduled
TMS-01852,Engineering,Vijayawada-SEC-06,0.07,Weld defect,Medium,2026-05-10 18:28,2026-05-31,92,5.0,12,Completed
TMS-01853,Engineering,Vijayawada-SEC-03,110.98,Rail corrugation,Low,2026-07-29 06:25,2026-09-12,0,2.5,9,Open
TMS-01854,Engineering,Guntur-SEC-07,114.68,Rail wear beyond limit,Medium,2026-07-04 11:31,2026-07-25,37,7.9,38,Scheduled
TMS-01855,Engineering,Vijayawada-SEC-02,80.13,Level crossing surface damage,Medium,2026-05-10 11:57,2026-05-31,92,3.3,39,Open
TMS-01856,Engineering,Secunderabad-SEC-02,52.06,Rail wear beyond limit,Low,2026-07-27 02:22,2026-09-10,0,2.7,23,Completed
TMS-01857,Engineering,Secunderabad-SEC-04,114.25,Rail wear beyond limit,Low,2026-07-24 05:50,2026-09-07,0,7.9,18,Open
TMS-01858,Engineering,Vijayawada-SEC-08,55.72,Ballast deficiency,High,2026-08-13 03:47,2026-08-20,11,6.5,8,Scheduled
TMS-01859,Engineering,Hyderabad-SEC-05,39.75,Weld defect,Medium,2026-06-28 10:47,2026-07-19,43,3.8,17,Open
TMS-01860,Engineering,Secunderabad-SEC-04,52.27,Sleeper damage,Low,2026-07-01 21:35,2026-08-15,16,7.5,11,Open
TMS-01861,Engineering,Vijayawada-SEC-08,58.38,Rail corrugation,Low,2026-08-28 11:50,2026-10-12,0,1.8,27,Scheduled
TMS-01862,Engineering,Hyderabad-SEC-08,96.54,Fish plate loose,Low,2026-07-11 08:20,2026-08-25,6,3.0,12,Scheduled
TMS-01863,Engineering,Secunderabad-SEC-06,95.54,Rail fracture,Low,2026-06-17 10:16,2026-08-01,30,1.7,11,Open
TMS-01864,Engineering,Vijayawada-SEC-02,119.02,Rail fracture,Low,2026-06-29 20:38,2026-08-13,18,6.6,32,Open
TMS-01865,Engineering,Guntakal-SEC-07,79.93,Weld defect,Low,2026-08-14 13:23,2026-09-28,0,3.6,4,Open
TMS-01866,Engineering,Secunderabad-SEC-06,118.58,Formation failure,Critical,2026-07-23 11:58,2026-07-25,37,10.0,2,Completed
TMS-01867,Engineering,Guntur-SEC-08,12.9,Formation failure,Low,2026-08-07 17:48,2026-09-21,0,6.8,20,Scheduled
TMS-01868,Engineering,Secunderabad-SEC-05,55.48,Rail wear beyond limit,Low,2026-06-25 21:23,2026-08-09,22,3.0,12,Scheduled
TMS-01869,Engineering,Guntakal-SEC-03,3.84,Fish plate loose,Critical,2026-06-03 05:15,2026-06-05,87,6.9,44,Open
TMS-01870,Engineering,Guntakal-SEC-03,78.42,Sleeper damage,Medium,2026-07-02 07:31,2026-07-23,39,4.6,28,Completed
TMS-01871,Engineering,Guntur-SEC-06,17.85,Ballast deficiency,Medium,2026-08-01 12:44,2026-08-22,9,2.5,4,Open
TMS-01872,Engineering,Vijayawada-SEC-01,17.92,Weld defect,High,2026-06-17 19:42,2026-06-24,68,8.0,20,Scheduled
TMS-01873,Engineering,Guntur-SEC-04,49.19,Vegetation encroachment,Medium,2026-06-04 12:21,2026-06-25,67,6.0,44,Completed
TMS-01874,Engineering,Guntur-SEC-07,78.74,Fish plate loose,High,2026-06-22 02:36,2026-06-29,63,6.0,12,Open
TMS-01875,Engineering,Guntakal-SEC-01,46.75,Rail corrugation,Critical,2026-07-18 21:35,2026-07-20,42,8.7,31,Scheduled
TMS-01876,Engineering,Guntur-SEC-04,79.01,Formation failure,Medium,2026-07-12 12:13,2026-08-02,29,6.7,13,Open
TMS-01877,Engineering,Guntur-SEC-08,105.06,Fish plate loose,Low,2026-05-23 18:01,2026-07-07,55,3.9,11,Open
TMS-01878,Engineering,Guntakal-SEC-02,108.88,Level crossing surface damage,Medium,2026-08-14 15:15,2026-09-04,0,4.5,13,Open
TMS-01879,Engineering,Hyderabad-SEC-08,44.76,Rail fracture,Medium,2026-05-25 23:39,2026-06-15,77,6.0,8,Open
TMS-01880,Engineering,Hyderabad-SEC-01,32.81,Sleeper damage,High,2026-05-18 05:45,2026-05-25,98,2.0,35,Completed
TMS-01881,Engineering,Secunderabad-SEC-03,54.59,Level crossing surface damage,High,2026-06-14 01:42,2026-06-21,71,6.4,39,Open
TMS-01882,Engineering,Guntur-SEC-03,70.72,Weld defect,Critical,2026-06-24 07:22,2026-06-26,66,4.7,32,Completed
TMS-01883,Engineering,Vijayawada-SEC-07,110.77,Formation failure,Low,2026-07-09 07:07,2026-08-23,8,5.3,16,Open
TMS-01884,Engineering,Hyderabad-SEC-06,30.5,Rail wear beyond limit,Low,2026-07-24 00:15,2026-09-07,0,6.7,2,Open
TMS-01885,Engineering,Guntur-SEC-02,0.27,Rail fracture,Low,2026-08-26 15:55,2026-10-10,0,4.1,6,Completed
TMS-01886,Engineering,Guntur-SEC-03,1.96,Level crossing surface damage,Low,2026-07-27 04:30,2026-09-10,0,4.8,42,Scheduled
TMS-01887,Engineering,Hyderabad-SEC-06,25.61,Vegetation encroachment,Medium,2026-05-25 02:08,2026-06-15,77,4.5,37,Open
TMS-01888,Engineering,Guntakal-SEC-06,21.27,Vegetation encroachment,Low,2026-08-17 15:27,2026-10-01,0,3.7,14,Open
TMS-01889,Engineering,Guntur-SEC-07,2.48,Ballast deficiency,High,2026-07-08 21:05,2026-07-15,47,2.7,18,Open
TMS-01890,Engineering,Vijayawada-SEC-06,87.5,Fish plate loose,Medium,2026-07-25 14:38,2026-08-15,16,7.3,8,Scheduled
TMS-01891,Engineering,Secunderabad-SEC-05,9.15,Ballast deficiency,Low,2026-07-26 12:43,2026-09-09,0,5.8,9,Completed
TMS-01892,Engineering,Guntakal-SEC-02,115.82,Weld defect,Critical,2026-08-31 15:16,2026-09-02,0,8.2,30,Open
TMS-01893,Engineering,Hyderabad-SEC-08,33.4,Weld defect,Medium,2026-06-28 04:32,2026-07-19,43,1.9,24,Scheduled
TMS-01894,Engineering,Guntakal-SEC-01,87.04,Formation failure,Medium,2026-07-17 17:34,2026-08-07,24,2.3,7,Completed
TMS-01895,Engineering,Hyderabad-SEC-03,23.3,Vegetation encroachment,High,2026-08-11 18:41,2026-08-18,13,4.7,24,Open
TMS-01896,Engineering,Hyderabad-SEC-01,93.1,Sleeper damage,Low,2026-05-14 09:49,2026-06-28,64,4.0,15,Open
TMS-01897,Engineering,Secunderabad-SEC-05,117.14,Level crossing surface damage,Medium,2026-06-13 00:47,2026-07-04,58,5.1,16,Completed
TMS-01898,Engineering,Guntakal-SEC-05,77.1,Track geometry deviation,Medium,2026-05-04 06:00,2026-05-25,98,4.2,4,Open
TMS-01899,Engineering,Guntakal-SEC-08,77.85,Sleeper damage,Medium,2026-08-07 23:51,2026-08-28,3,1.1,2,Completed
TMS-01900,Engineering,Hyderabad-SEC-07,62.46,Weld defect,Critical,2026-05-13 07:07,2026-05-15,108,8.7,39,Open
TMS-01901,Engineering,Guntakal-SEC-06,14.37,Rail fracture,Low,2026-06-29 03:50,2026-08-13,18,6.1,42,Open
TMS-01902,Engineering,Secunderabad-SEC-07,6.59,Rail wear beyond limit,Low,2026-07-23 04:26,2026-09-06,0,3.1,44,Completed
TMS-01903,Engineering,Guntakal-SEC-02,40.79,Sleeper damage,Low,2026-08-14 14:35,2026-09-28,0,8.0,6,Completed
TMS-01904,Engineering,Guntur-SEC-03,2.73,Rail wear beyond limit,Medium,2026-07-16 21:15,2026-08-06,25,6.2,22,Open
TMS-01905,Engineering,Secunderabad-SEC-07,43.5,Weld defect,Low,2026-08-20 18:59,2026-10-04,0,5.2,18,Scheduled
TMS-01906,Engineering,Secunderabad-SEC-06,27.78,Rail wear beyond limit,High,2026-07-22 19:29,2026-07-29,33,2.5,21,Completed
TMS-01907,Engineering,Hyderabad-SEC-04,112.23,Level crossing surface damage,Low,2026-06-22 04:17,2026-08-06,25,1.6,36,Open
TMS-01908,Engineering,Secunderabad-SEC-03,37.43,Sleeper damage,High,2026-06-22 00:02,2026-06-29,63,7.3,7,Scheduled
TMS-01909,Engineering,Hyderabad-SEC-06,0.48,Rail corrugation,High,2026-07-28 22:06,2026-08-04,27,1.7,4,Open
TMS-01910,Engineering,Hyderabad-SEC-06,112.76,Track geometry deviation,Medium,2026-07-16 09:13,2026-08-06,25,2.8,7,Open
TMS-01911,Engineering,Secunderabad-SEC-07,75.7,Rail fracture,Low,2026-08-08 00:23,2026-09-22,0,5.9,32,Open
TMS-01912,Engineering,Hyderabad-SEC-01,28.63,Sleeper damage,High,2026-06-02 19:23,2026-06-09,83,7.7,2,Scheduled
TMS-01913,Engineering,Vijayawada-SEC-05,59.12,Track geometry deviation,Medium,2026-05-11 14:02,2026-06-01,91,6.1,5,Open
TMS-01914,Engineering,Guntakal-SEC-07,16.35,Formation failure,High,2026-06-14 09:51,2026-06-21,71,4.7,28,Completed
TMS-01915,Engineering,Secunderabad-SEC-08,84.83,Rail wear beyond limit,High,2026-07-26 14:11,2026-08-02,29,7.0,43,Scheduled
TMS-01916,Engineering,Guntakal-SEC-01,82.96,Formation failure,Medium,2026-08-31 19:49,2026-09-21,0,2.3,13,Completed
TMS-01917,Engineering,Secunderabad-SEC-03,27.7,Track geometry deviation,Low,2026-06-18 19:37,2026-08-02,29,2.7,4,Scheduled
TMS-01918,Engineering,Secunderabad-SEC-08,68.95,Vegetation encroachment,High,2026-06-05 09:37,2026-06-12,80,2.5,15,Scheduled
TMS-01919,Engineering,Guntur-SEC-05,17.33,Level crossing surface damage,Medium,2026-05-17 23:29,2026-06-07,85,3.4,43,Scheduled
TMS-01920,Engineering,Hyderabad-SEC-02,81.64,Rail corrugation,High,2026-05-12 10:34,2026-05-19,104,3.9,44,Open
TMS-01921,Engineering,Vijayawada-SEC-08,58.79,Rail wear beyond limit,High,2026-06-11 18:41,2026-06-18,74,3.5,29,Open
TMS-01922,Engineering,Secunderabad-SEC-04,89.8,Points & crossing wear,Medium,2026-08-31 08:13,2026-09-21,0,1.4,20,Open
TMS-01923,Engineering,Guntur-SEC-04,92.29,Rail corrugation,High,2026-08-17 13:32,2026-08-24,7,3.0,35,Open
TMS-01924,Engineering,Vijayawada-SEC-05,82.61,Rail wear beyond limit,High,2026-07-04 11:20,2026-07-11,51,2.6,32,Completed
TMS-01925,Engineering,Vijayawada-SEC-01,2.06,Track geometry deviation,Medium,2026-07-28 18:09,2026-08-18,13,4.1,43,Open
TMS-01926,Engineering,Secunderabad-SEC-08,32.12,Fish plate loose,Medium,2026-08-03 03:54,2026-08-24,7,7.5,35,Open
TMS-01927,Engineering,Guntakal-SEC-04,89.57,Rail fracture,Low,2026-08-19 14:06,2026-10-03,0,4.6,6,Scheduled
TMS-01928,Engineering,Vijayawada-SEC-08,90.93,Vegetation encroachment,High,2026-05-10 20:06,2026-05-17,106,3.0,37,Completed
TMS-01929,Engineering,Hyderabad-SEC-02,0.4,Rail fracture,Low,2026-06-19 04:42,2026-08-03,28,5.4,22,Scheduled
TMS-01930,Engineering,Guntur-SEC-07,23.21,Weld defect,Medium,2026-05-25 03:50,2026-06-15,77,3.4,21,Scheduled
TMS-01931,Engineering,Vijayawada-SEC-05,75.46,Vegetation encroachment,Medium,2026-07-08 14:51,2026-07-29,33,2.9,40,Scheduled
TMS-01932,Engineering,Vijayawada-SEC-08,38.97,Fish plate loose,Medium,2026-07-17 20:30,2026-08-07,24,5.4,24,Open
TMS-01933,Engineering,Hyderabad-SEC-04,1.97,Weld defect,High,2026-08-01 04:36,2026-08-08,23,2.6,8,Scheduled
TMS-01934,Engineering,Guntur-SEC-06,49.48,Level crossing surface damage,Medium,2026-08-14 15:34,2026-09-04,0,1.3,6,Open
TMS-01935,Engineering,Vijayawada-SEC-06,26.22,Weld defect,Medium,2026-06-22 07:56,2026-07-13,49,2.5,4,Open
TMS-01936,Engineering,Hyderabad-SEC-06,106.78,Track geometry deviation,Medium,2026-05-06 02:36,2026-05-27,96,7.9,7,Open
TMS-01937,Engineering,Hyderabad-SEC-07,64.43,Vegetation encroachment,High,2026-08-01 01:43,2026-08-08,23,6.6,17,Open
TMS-01938,Engineering,Secunderabad-SEC-01,111.15,Rail corrugation,Medium,2026-06-04 13:54,2026-06-25,67,5.6,15,Scheduled
TMS-01939,Engineering,Vijayawada-SEC-07,110.98,Rail wear beyond limit,High,2026-05-10 11:57,2026-05-17,106,4.5,2,Open
TMS-01940,Engineering,Vijayawada-SEC-03,3.23,Weld defect,Low,2026-07-18 11:00,2026-09-01,0,4.9,42,Scheduled
TMS-01941,Engineering,Vijayawada-SEC-07,88.5,Level crossing surface damage,High,2026-06-07 13:58,2026-06-14,78,6.8,13,Open
TMS-01942,Engineering,Guntur-SEC-05,27.08,Ballast deficiency,High,2026-08-05 16:48,2026-08-12,19,4.2,4,Open
TMS-01943,Engineering,Guntakal-SEC-04,100.17,Sleeper damage,Medium,2026-05-07 16:34,2026-05-28,95,6.3,11,Scheduled
TMS-01944,Engineering,Guntakal-SEC-08,4.22,Ballast deficiency,Medium,2026-05-17 18:12,2026-06-07,85,1.1,45,Completed
TMS-01945,Engineering,Secunderabad-SEC-05,18.45,Weld defect,Critical,2026-07-09 20:02,2026-07-11,51,3.3,29,Open
TMS-01946,Engineering,Hyderabad-SEC-04,106.06,Points & crossing wear,High,2026-05-19 17:56,2026-05-26,97,4.6,39,Completed
TMS-01947,Engineering,Vijayawada-SEC-03,99.45,Formation failure,Low,2026-05-06 02:40,2026-06-20,72,7.2,36,Scheduled
TMS-01948,Engineering,Guntur-SEC-05,33.5,Rail wear beyond limit,Medium,2026-08-04 07:39,2026-08-25,6,5.3,40,Open
TMS-01949,Engineering,Hyderabad-SEC-03,55.78,Weld defect,High,2026-05-30 23:16,2026-06-06,86,3.1,39,Open
TMS-01950,Engineering,Hyderabad-SEC-03,113.95,Weld defect,Low,2026-06-04 19:23,2026-07-19,43,2.6,37,Open
TMS-01951,Engineering,Vijayawada-SEC-01,6.34,Ballast deficiency,Medium,2026-05-07 00:20,2026-05-28,95,6.2,36,Completed
TMS-01952,Engineering,Hyderabad-SEC-07,65.24,Weld defect,High,2026-05-21 19:23,2026-05-28,95,1.4,17,Open
TMS-01953,Engineering,Guntakal-SEC-01,39.85,Ballast deficiency,Medium,2026-08-21 11:39,2026-09-11,0,1.7,13,Open
TMS-01954,Engineering,Secunderabad-SEC-06,62.15,Formation failure,High,2026-06-30 16:31,2026-07-07,55,6.5,30,Open
TMS-01955,Engineering,Guntakal-SEC-05,55.31,Vegetation encroachment,Medium,2026-05-31 00:55,2026-06-21,71,6.2,19,Completed
TMS-01956,Engineering,Secunderabad-SEC-02,93.04,Level crossing surface damage,Critical,2026-07-19 22:54,2026-07-21,41,2.1,3,Completed
TMS-01957,Engineering,Hyderabad-SEC-06,9.73,Level crossing surface damage,Critical,2026-05-31 22:53,2026-06-02,90,3.3,14,Open
TMS-01958,Engineering,Guntakal-SEC-08,6.87,Vegetation encroachment,Medium,2026-05-20 20:25,2026-06-10,82,7.3,40,Open
TMS-01959,Engineering,Hyderabad-SEC-01,77.47,Rail wear beyond limit,High,2026-08-12 11:08,2026-08-19,12,5.7,18,Open
TMS-01960,Engineering,Guntur-SEC-07,34.46,Points & crossing wear,Medium,2026-06-23 18:36,2026-07-14,48,5.0,6,Open
TMS-01961,Engineering,Guntakal-SEC-05,45.53,Rail fracture,Medium,2026-05-18 13:28,2026-06-08,84,6.5,34,Open
TMS-01962,Engineering,Guntakal-SEC-01,106.3,Sleeper damage,Medium,2026-08-28 22:23,2026-09-18,0,1.0,24,Scheduled
TMS-01963,Engineering,Vijayawada-SEC-02,48.62,Formation failure,Medium,2026-08-20 10:50,2026-09-10,0,2.9,9,Open
TMS-01964,Engineering,Guntakal-SEC-08,79.36,Fish plate loose,Medium,2026-08-12 14:11,2026-09-02,0,7.9,21,Completed
TMS-01965,Engineering,Secunderabad-SEC-03,75.0,Rail fracture,Medium,2026-05-23 02:59,2026-06-13,79,1.3,28,Open
TMS-01966,Engineering,Hyderabad-SEC-08,42.61,Rail fracture,Low,2026-07-10 02:04,2026-08-24,7,4.9,41,Scheduled
TMS-01967,Engineering,Guntakal-SEC-02,96.24,Weld defect,High,2026-05-03 04:51,2026-05-10,113,1.5,27,Open
TMS-01968,Engineering,Secunderabad-SEC-01,31.39,Level crossing surface damage,Low,2026-06-25 19:28,2026-08-09,22,7.4,18,Completed
TMS-01969,Engineering,Vijayawada-SEC-08,61.88,Sleeper damage,Medium,2026-06-10 17:32,2026-07-01,61,4.3,14,Open
TMS-01970,Engineering,Secunderabad-SEC-05,16.98,Sleeper damage,High,2026-08-23 09:26,2026-08-30,1,2.1,41,Scheduled
TMS-01971,Engineering,Guntakal-SEC-04,48.92,Ballast deficiency,Medium,2026-05-31 17:46,2026-06-21,71,5.5,3,Open
TMS-01972,Engineering,Hyderabad-SEC-02,51.71,Weld defect,Medium,2026-07-09 19:14,2026-07-30,32,6.1,21,Completed
TMS-01973,Engineering,Guntur-SEC-01,35.0,Vegetation encroachment,Medium,2026-07-30 21:00,2026-08-20,11,1.3,26,Open
TMS-01974,Engineering,Secunderabad-SEC-03,22.39,Track geometry deviation,Low,2026-05-27 10:23,2026-07-11,51,7.1,45,Open
TMS-01975,Engineering,Secunderabad-SEC-02,80.24,Rail corrugation,High,2026-06-23 17:11,2026-06-30,62,7.7,26,Open
TMS-01976,Engineering,Hyderabad-SEC-02,60.63,Rail fracture,Low,2026-05-22 13:48,2026-07-06,56,4.6,16,Scheduled
TMS-01977,Engineering,Vijayawada-SEC-04,99.65,Rail wear beyond limit,Medium,2026-07-15 15:12,2026-08-05,26,4.5,23,Scheduled
TMS-01978,Engineering,Guntakal-SEC-06,4.5,Vegetation encroachment,Medium,2026-08-14 07:02,2026-09-04,0,5.9,42,Open
TMS-01979,Engineering,Vijayawada-SEC-06,116.37,Fish plate loose,High,2026-05-14 13:23,2026-05-21,102,7.4,14,Completed
TMS-01980,Engineering,Guntur-SEC-02,87.41,Ballast deficiency,High,2026-07-30 02:37,2026-08-06,25,6.0,8,Open
TMS-01981,Engineering,Secunderabad-SEC-08,65.33,Formation failure,Medium,2026-06-01 02:09,2026-06-22,70,4.3,14,Open
TMS-01982,Engineering,Vijayawada-SEC-01,48.6,Fish plate loose,Medium,2026-08-20 01:01,2026-09-10,0,4.4,16,Open
TMS-01983,Engineering,Hyderabad-SEC-08,91.36,Rail corrugation,Medium,2026-07-10 22:44,2026-07-31,31,7.7,22,Completed
TMS-01984,Engineering,Hyderabad-SEC-04,86.43,Points & crossing wear,Low,2026-08-19 07:11,2026-10-03,0,7.0,2,Open
TMS-01985,Engineering,Secunderabad-SEC-02,70.33,Fish plate loose,Low,2026-08-08 16:24,2026-09-22,0,8.0,28,Open
TMS-01986,Engineering,Guntur-SEC-01,40.06,Vegetation encroachment,Medium,2026-08-15 02:15,2026-09-05,0,1.1,33,Open
TMS-01987,Engineering,Guntur-SEC-03,110.0,Formation failure,High,2026-07-26 02:17,2026-08-02,29,6.1,45,Open
TMS-01988,Engineering,Secunderabad-SEC-04,9.15,Formation failure,Low,2026-07-15 01:48,2026-08-29,2,1.9,6,Completed
TMS-01989,Engineering,Secunderabad-SEC-07,64.71,Track geometry deviation,Medium,2026-05-12 04:51,2026-06-02,90,5.0,16,Open
TMS-01990,Engineering,Guntur-SEC-03,23.36,Level crossing surface damage,Low,2026-07-01 11:30,2026-08-15,16,5.1,12,Completed
TMS-01991,Engineering,Guntur-SEC-05,33.0,Fish plate loose,Medium,2026-06-15 02:05,2026-07-06,56,1.5,28,Open
TMS-01992,Engineering,Guntakal-SEC-03,15.61,Points & crossing wear,Medium,2026-07-30 22:40,2026-08-20,11,7.0,28,Completed
TMS-01993,Engineering,Guntakal-SEC-06,28.52,Sleeper damage,Medium,2026-08-26 10:38,2026-09-16,0,6.4,29,Open
TMS-01994,Engineering,Vijayawada-SEC-01,51.18,Rail fracture,Medium,2026-05-22 22:18,2026-06-12,80,1.7,4,Completed
TMS-01995,Engineering,Guntur-SEC-01,47.74,Formation failure,Medium,2026-05-12 21:59,2026-06-02,90,2.4,7,Completed
TMS-01996,Engineering,Secunderabad-SEC-05,38.45,Level crossing surface damage,Medium,2026-05-26 23:00,2026-06-16,76,5.8,15,Open
TMS-01997,Engineering,Secunderabad-SEC-04,98.09,Points & crossing wear,High,2026-08-09 16:02,2026-08-16,15,3.4,37,Open
TMS-01998,Engineering,Guntur-SEC-04,91.57,Vegetation encroachment,Medium,2026-06-19 20:02,2026-07-10,52,6.9,11,Scheduled
TMS-01999,Engineering,Secunderabad-SEC-08,29.05,Points & crossing wear,High,2026-06-25 14:23,2026-07-02,60,7.7,2,Scheduled
TMS-02000,Engineering,Hyderabad-SEC-04,88.4,Points & crossing wear,High,2026-07-05 16:56,2026-07-12,50,2.7,10,Open
TMS-02001,Engineering,Secunderabad-SEC-08,6.41,Vegetation encroachment,Medium,2026-08-04 15:29,2026-08-25,6,5.3,25,Open
TMS-02002,Engineering,Guntakal-SEC-08,119.18,Formation failure,Medium,2026-06-04 23:20,2026-06-25,67,1.3,6,Completed
TMS-02003,Engineering,Guntur-SEC-05,119.03,Formation failure,High,2026-07-26 03:05,2026-08-02,29,1.1,12,Open
TMS-02004,Engineering,Hyderabad-SEC-08,68.73,Sleeper damage,Medium,2026-06-16 03:08,2026-07-07,55,5.4,44,Open
TMS-02005,Engineering,Guntur-SEC-06,10.76,Points & crossing wear,Medium,2026-06-22 00:38,2026-07-13,49,5.2,20,Open
TMS-02006,Engineering,Hyderabad-SEC-05,29.78,Fish plate loose,Medium,2026-05-23 10:40,2026-06-13,79,5.5,38,Open
TMS-02007,Engineering,Vijayawada-SEC-05,114.39,Track geometry deviation,Low,2026-08-29 05:46,2026-10-13,0,5.0,8,Open
TMS-02008,Engineering,Guntur-SEC-04,48.51,Points & crossing wear,High,2026-05-24 15:52,2026-05-31,92,2.0,5,Open
TMS-02009,Engineering,Guntur-SEC-02,76.83,Rail corrugation,Low,2026-06-03 23:09,2026-07-18,44,4.3,28,Completed
TMS-02010,Engineering,Guntakal-SEC-04,67.4,Level crossing surface damage,Medium,2026-08-28 00:37,2026-09-18,0,6.2,16,Open
TMS-02011,Engineering,Guntakal-SEC-08,78.02,Points & crossing wear,Medium,2026-08-03 12:08,2026-08-24,7,5.2,10,Scheduled
TMS-02012,Engineering,Secunderabad-SEC-01,107.67,Sleeper damage,Low,2026-06-21 23:21,2026-08-05,26,7.9,44,Open
TMS-02013,Engineering,Hyderabad-SEC-04,96.55,Ballast deficiency,Medium,2026-08-13 03:22,2026-09-03,0,3.4,27,Scheduled
TMS-02014,Engineering,Guntakal-SEC-02,11.22,Points & crossing wear,Medium,2026-07-17 04:10,2026-08-07,24,4.0,26,Scheduled
TMS-02015,Engineering,Vijayawada-SEC-06,1.79,Rail corrugation,Medium,2026-07-18 09:11,2026-08-08,23,7.5,29,Open
TMS-02016,Engineering,Guntakal-SEC-05,68.58,Weld defect,Low,2026-05-17 18:41,2026-07-01,61,6.7,18,Completed
TMS-02017,Engineering,Hyderabad-SEC-06,95.55,Rail wear beyond limit,Medium,2026-05-24 14:16,2026-06-14,78,2.0,34,Open
TMS-02018,Engineering,Vijayawada-SEC-03,57.41,Track geometry deviation,Low,2026-05-08 22:31,2026-06-22,70,6.8,2,Open
TMS-02019,Engineering,Guntur-SEC-01,7.51,Rail fracture,Medium,2026-05-14 05:17,2026-06-04,88,3.7,9,Completed
TMS-02020,Engineering,Vijayawada-SEC-05,97.72,Fish plate loose,Medium,2026-05-26 09:54,2026-06-16,76,1.5,3,Open
TMS-02021,Engineering,Guntakal-SEC-02,9.61,Vegetation encroachment,Medium,2026-08-23 10:20,2026-09-13,0,5.3,40,Open
TMS-02022,Engineering,Vijayawada-SEC-04,103.55,Points & crossing wear,Critical,2026-05-29 12:17,2026-05-31,92,5.3,14,Completed
TMS-02023,Engineering,Guntakal-SEC-08,26.46,Rail wear beyond limit,Medium,2026-07-06 00:37,2026-07-27,35,2.0,19,Open
TMS-02024,Engineering,Vijayawada-SEC-03,6.98,Rail corrugation,Medium,2026-06-29 07:57,2026-07-20,42,3.0,10,Scheduled
TMS-02025,Engineering,Guntakal-SEC-07,2.34,Weld defect,Medium,2026-05-26 09:00,2026-06-16,76,5.2,33,Scheduled
TMS-02026,Engineering,Vijayawada-SEC-03,67.85,Formation failure,Low,2026-05-18 06:44,2026-07-02,60,7.5,6,Scheduled
TMS-02027,Engineering,Hyderabad-SEC-03,31.54,Track geometry deviation,Medium,2026-07-29 23:10,2026-08-19,12,4.7,14,Open
TMS-02028,Engineering,Guntakal-SEC-05,42.95,Ballast deficiency,Low,2026-08-02 20:45,2026-09-16,0,7.7,14,Open
TMS-02029,Engineering,Guntur-SEC-06,1.28,Ballast deficiency,Medium,2026-07-11 20:02,2026-08-01,30,7.5,45,Open
TMS-02030,Engineering,Guntur-SEC-04,28.56,Points & crossing wear,Critical,2026-06-15 18:03,2026-06-17,75,2.9,44,Open
TMS-02031,Engineering,Guntur-SEC-01,14.55,Track geometry deviation,Medium,2026-07-03 05:57,2026-07-24,38,7.8,30,Open
TMS-02032,Engineering,Secunderabad-SEC-04,87.12,Ballast deficiency,High,2026-06-07 04:09,2026-06-14,78,2.9,39,Open
TMS-02033,Engineering,Secunderabad-SEC-07,51.74,Rail wear beyond limit,High,2026-08-13 09:35,2026-08-20,11,1.3,5,Open
TMS-02034,Engineering,Hyderabad-SEC-03,12.99,Ballast deficiency,Low,2026-08-05 14:53,2026-09-19,0,3.8,31,Scheduled
TMS-02035,Engineering,Secunderabad-SEC-01,100.07,Vegetation encroachment,High,2026-06-29 05:18,2026-07-06,56,2.3,7,Completed
TMS-02036,Engineering,Vijayawada-SEC-05,31.33,Sleeper damage,Medium,2026-05-09 02:33,2026-05-30,93,2.3,12,Scheduled
TMS-02037,Engineering,Guntur-SEC-05,28.06,Sleeper damage,Low,2026-07-19 06:06,2026-09-02,0,5.8,16,Completed
TMS-02038,Engineering,Vijayawada-SEC-04,65.22,Fish plate loose,Low,2026-06-23 15:09,2026-08-07,24,6.9,28,Open
TMS-02039,Engineering,Secunderabad-SEC-02,59.14,Level crossing surface damage,Low,2026-08-02 03:09,2026-09-16,0,7.7,39,Open
TMS-02040,Engineering,Secunderabad-SEC-08,54.43,Level crossing surface damage,Medium,2026-06-11 08:23,2026-07-02,60,7.5,5,Open
TMS-02041,Engineering,Vijayawada-SEC-02,103.21,Rail fracture,High,2026-05-03 05:55,2026-05-10,113,3.8,25,Scheduled
TMS-02042,Engineering,Vijayawada-SEC-03,21.65,Vegetation encroachment,High,2026-07-14 04:19,2026-07-21,41,5.6,24,Open
TMS-02043,Engineering,Guntakal-SEC-08,1.78,Fish plate loose,Low,2026-08-11 20:51,2026-09-25,0,5.8,36,Completed
TMS-02044,Engineering,Vijayawada-SEC-02,87.9,Points & crossing wear,Medium,2026-05-04 20:10,2026-05-25,98,3.8,43,Scheduled
TMS-02045,Engineering,Hyderabad-SEC-05,47.75,Rail corrugation,Low,2026-08-09 21:21,2026-09-23,0,2.0,40,Completed
TMS-02046,Engineering,Vijayawada-SEC-08,51.6,Formation failure,Medium,2026-06-21 02:29,2026-07-12,50,5.8,36,Open
TMS-02047,Engineering,Secunderabad-SEC-03,102.1,Rail fracture,Low,2026-06-23 23:24,2026-08-07,24,1.9,40,Scheduled
TMS-02048,Engineering,Guntakal-SEC-01,60.88,Rail wear beyond limit,Medium,2026-08-02 04:15,2026-08-23,8,6.0,43,Open
TMS-02049,Engineering,Hyderabad-SEC-01,66.42,Weld defect,High,2026-05-11 01:57,2026-05-18,105,6.1,43,Open
TMS-02050,Engineering,Secunderabad-SEC-03,83.43,Rail corrugation,Medium,2026-07-18 07:32,2026-08-08,23,4.6,7,Open
TMS-02051,Engineering,Guntur-SEC-01,57.31,Points & crossing wear,Low,2026-08-09 15:26,2026-09-23,0,3.8,44,Open
TMS-02052,Engineering,Secunderabad-SEC-05,115.62,Weld defect,Medium,2026-05-04 01:35,2026-05-25,98,3.7,42,Scheduled
TMS-02053,Engineering,Hyderabad-SEC-03,17.99,Formation failure,Medium,2026-07-03 05:58,2026-07-24,38,4.4,38,Completed
TMS-02054,Engineering,Vijayawada-SEC-01,38.41,Formation failure,Medium,2026-06-28 05:53,2026-07-19,43,2.1,14,Open
TMS-02055,Engineering,Hyderabad-SEC-02,0.08,Vegetation encroachment,Low,2026-05-28 22:36,2026-07-12,50,4.7,13,Scheduled
TMS-02056,Engineering,Secunderabad-SEC-02,79.63,Fish plate loose,Medium,2026-05-22 15:21,2026-06-12,80,5.9,26,Open
TMS-02057,Engineering,Secunderabad-SEC-02,80.76,Ballast deficiency,Medium,2026-06-13 11:55,2026-07-04,58,5.0,19,Completed
TMS-02058,Engineering,Vijayawada-SEC-04,112.11,Sleeper damage,Low,2026-08-09 11:31,2026-09-23,0,2.9,31,Scheduled
TMS-02059,Engineering,Guntakal-SEC-03,22.28,Track geometry deviation,Medium,2026-08-06 18:53,2026-08-27,4,6.7,42,Completed
TMS-02060,Engineering,Guntur-SEC-02,99.64,Track geometry deviation,Medium,2026-06-05 04:36,2026-06-26,66,6.9,14,Open
TMS-02061,Engineering,Vijayawada-SEC-03,31.29,Vegetation encroachment,Low,2026-05-08 03:09,2026-06-22,70,3.4,45,Completed
TMS-02062,Engineering,Guntur-SEC-07,21.35,Fish plate loose,Low,2026-08-08 04:35,2026-09-22,0,6.1,26,Open
TMS-02063,Engineering,Vijayawada-SEC-07,41.2,Formation failure,Medium,2026-06-19 17:44,2026-07-10,52,5.1,45,Open
TMS-02064,Engineering,Guntakal-SEC-08,43.9,Vegetation encroachment,High,2026-08-03 05:37,2026-08-10,21,6.0,33,Open
TMS-02065,Engineering,Guntur-SEC-08,92.76,Rail wear beyond limit,High,2026-07-13 03:39,2026-07-20,42,5.3,18,Open
TMS-02066,Engineering,Hyderabad-SEC-01,98.92,Weld defect,Medium,2026-08-07 12:50,2026-08-28,3,1.8,9,Completed
TMS-02067,Engineering,Guntakal-SEC-06,69.84,Rail wear beyond limit,High,2026-06-16 06:22,2026-06-23,69,2.4,4,Open
TMS-02068,Engineering,Guntakal-SEC-03,54.44,Fish plate loose,Medium,2026-07-16 16:20,2026-08-06,25,1.6,22,Open
TMS-02069,Engineering,Guntur-SEC-03,57.1,Points & crossing wear,Medium,2026-08-04 17:40,2026-08-25,6,7.2,8,Open
TMS-02070,Engineering,Hyderabad-SEC-08,31.89,Ballast deficiency,Low,2026-07-08 07:42,2026-08-22,9,1.3,43,Completed
TMS-02071,Engineering,Guntur-SEC-06,45.95,Points & crossing wear,Critical,2026-07-26 20:49,2026-07-28,34,4.8,9,Scheduled
TMS-02072,Engineering,Vijayawada-SEC-01,90.93,Rail fracture,Medium,2026-06-25 06:46,2026-07-16,46,5.2,19,Open
TMS-02073,Engineering,Guntakal-SEC-07,48.26,Ballast deficiency,Medium,2026-08-01 05:16,2026-08-22,9,7.0,23,Scheduled
TMS-02074,Engineering,Hyderabad-SEC-06,60.77,Rail corrugation,Medium,2026-05-07 08:24,2026-05-28,95,7.7,36,Open
TMS-02075,Engineering,Hyderabad-SEC-01,40.47,Level crossing surface damage,High,2026-07-24 17:53,2026-07-31,31,5.9,44,Open
TMS-02076,Engineering,Guntakal-SEC-08,95.59,Fish plate loose,Medium,2026-06-12 11:38,2026-07-03,59,4.0,41,Open
TMS-02077,Engineering,Secunderabad-SEC-08,116.12,Level crossing surface damage,High,2026-06-28 19:18,2026-07-05,57,5.3,29,Completed
TMS-02078,Engineering,Secunderabad-SEC-03,5.14,Rail wear beyond limit,Low,2026-08-28 19:02,2026-10-12,0,1.0,25,Scheduled
TMS-02079,Engineering,Vijayawada-SEC-08,15.74,Weld defect,Low,2026-06-17 00:25,2026-08-01,30,1.5,22,Completed
TMS-02080,Engineering,Secunderabad-SEC-03,62.61,Vegetation encroachment,Critical,2026-08-23 16:24,2026-08-25,6,4.7,42,Open
TMS-02081,Engineering,Guntakal-SEC-03,102.13,Points & crossing wear,Medium,2026-05-29 17:22,2026-06-19,73,3.0,41,Open
TMS-02082,Engineering,Guntur-SEC-08,115.57,Level crossing surface damage,Low,2026-06-17 01:25,2026-08-01,30,4.4,16,Open
TMS-02083,Engineering,Guntakal-SEC-03,77.18,Ballast deficiency,Low,2026-05-08 00:47,2026-06-22,70,6.0,2,Open
TMS-02084,Engineering,Guntakal-SEC-08,34.55,Weld defect,Low,2026-05-15 05:14,2026-06-29,63,5.9,35,Open
TMS-02085,Engineering,Secunderabad-SEC-07,88.45,Track geometry deviation,Medium,2026-05-19 17:42,2026-06-09,83,6.7,6,Open
TMS-02086,Engineering,Guntakal-SEC-04,74.89,Rail fracture,Low,2026-06-15 18:47,2026-07-30,32,5.5,26,Scheduled
TMS-02087,Engineering,Guntur-SEC-08,19.22,Level crossing surface damage,Medium,2026-05-10 20:43,2026-05-31,92,3.9,37,Open
TMS-02088,Engineering,Hyderabad-SEC-02,84.74,Vegetation encroachment,High,2026-08-28 04:36,2026-09-04,0,4.3,31,Open
TMS-02089,Engineering,Guntakal-SEC-08,67.44,Rail wear beyond limit,Medium,2026-08-08 11:15,2026-08-29,2,3.2,32,Open
TMS-02090,Engineering,Hyderabad-SEC-08,10.83,Vegetation encroachment,Low,2026-08-12 03:12,2026-09-26,0,3.3,31,Open
TMS-02091,Engineering,Secunderabad-SEC-04,65.92,Ballast deficiency,High,2026-06-08 03:50,2026-06-15,77,1.7,30,Completed
TMS-02092,Engineering,Vijayawada-SEC-06,23.8,Level crossing surface damage,High,2026-06-10 06:55,2026-06-17,75,4.2,15,Completed
TMS-02093,Engineering,Secunderabad-SEC-02,39.1,Ballast deficiency,Low,2026-06-09 02:47,2026-07-24,38,7.7,11,Scheduled
TMS-02094,Engineering,Vijayawada-SEC-03,114.64,Level crossing surface damage,High,2026-06-20 01:36,2026-06-27,65,3.9,29,Scheduled
TMS-02095,Engineering,Hyderabad-SEC-04,66.08,Track geometry deviation,Critical,2026-06-08 02:41,2026-06-10,82,4.4,12,Open
TMS-02096,Engineering,Hyderabad-SEC-03,24.38,Points & crossing wear,Low,2026-07-16 15:05,2026-08-30,1,7.0,21,Open
TMS-02097,Engineering,Guntur-SEC-08,26.26,Sleeper damage,Medium,2026-08-16 06:11,2026-09-06,0,4.2,20,Open
TMS-02098,Engineering,Hyderabad-SEC-05,97.29,Rail corrugation,High,2026-08-29 03:12,2026-09-05,0,7.1,41,Scheduled
TMS-02099,Engineering,Hyderabad-SEC-06,52.66,Ballast deficiency,Low,2026-08-17 17:25,2026-10-01,0,5.2,38,Open
TMS-02100,Engineering,Hyderabad-SEC-07,56.22,Points & crossing wear,Critical,2026-08-23 18:05,2026-08-25,6,4.0,33,Scheduled
TMS-02101,Engineering,Vijayawada-SEC-01,69.55,Points & crossing wear,Medium,2026-08-04 06:08,2026-08-25,6,6.7,35,Open
TMS-02102,Engineering,Secunderabad-SEC-07,16.17,Fish plate loose,Low,2026-08-12 22:58,2026-09-26,0,6.3,27,Scheduled
TMS-02103,Engineering,Secunderabad-SEC-03,31.84,Points & crossing wear,Medium,2026-05-31 22:01,2026-06-21,71,2.2,33,Scheduled
TMS-02104,Engineering,Hyderabad-SEC-05,52.6,Vegetation encroachment,Medium,2026-05-03 07:02,2026-05-24,99,4.5,15,Scheduled
TMS-02105,Engineering,Vijayawada-SEC-08,76.49,Sleeper damage,Medium,2026-05-31 10:26,2026-06-21,71,3.5,5,Scheduled
TMS-02106,Engineering,Guntakal-SEC-04,28.35,Sleeper damage,High,2026-05-05 22:31,2026-05-12,111,2.9,43,Open
TMS-02107,Engineering,Guntakal-SEC-07,100.22,Ballast deficiency,High,2026-06-19 03:06,2026-06-26,66,4.2,15,Completed
TMS-02108,Engineering,Hyderabad-SEC-05,20.1,Level crossing surface damage,Critical,2026-06-19 20:35,2026-06-21,71,3.2,39,Scheduled
TMS-02109,Engineering,Guntakal-SEC-02,78.45,Level crossing surface damage,Critical,2026-06-08 23:07,2026-06-10,82,3.6,34,Open
TMS-02110,Engineering,Guntur-SEC-07,9.92,Vegetation encroachment,Low,2026-06-14 16:51,2026-07-29,33,5.0,39,Open
TMS-02111,Engineering,Vijayawada-SEC-02,87.81,Weld defect,High,2026-06-15 19:48,2026-06-22,70,1.3,15,Open
TMS-02112,Engineering,Vijayawada-SEC-01,6.42,Formation failure,Medium,2026-05-13 07:14,2026-06-03,89,6.3,45,Open
TMS-02113,Engineering,Vijayawada-SEC-04,5.02,Formation failure,Medium,2026-08-17 10:04,2026-09-07,0,1.9,4,Open
TMS-02114,Engineering,Guntur-SEC-05,111.89,Track geometry deviation,Medium,2026-05-31 11:30,2026-06-21,71,7.5,41,Scheduled
TMS-02115,Engineering,Guntur-SEC-01,40.48,Points & crossing wear,High,2026-08-04 22:39,2026-08-11,20,2.3,2,Scheduled
TMS-02116,Engineering,Hyderabad-SEC-02,12.44,Rail wear beyond limit,Low,2026-07-04 00:18,2026-08-18,13,6.7,13,Open
TMS-02117,Engineering,Hyderabad-SEC-02,16.87,Fish plate loose,Low,2026-07-26 23:10,2026-09-09,0,5.8,2,Scheduled
TMS-02118,Engineering,Vijayawada-SEC-01,2.05,Formation failure,High,2026-07-21 19:05,2026-07-28,34,3.0,14,Scheduled
TMS-02119,Engineering,Secunderabad-SEC-05,97.26,Level crossing surface damage,Medium,2026-07-16 11:15,2026-08-06,25,6.9,43,Open
TMS-02120,Engineering,Guntakal-SEC-07,15.38,Level crossing surface damage,Medium,2026-05-04 16:11,2026-05-25,98,5.0,39,Open
TMS-02121,Engineering,Vijayawada-SEC-02,33.06,Sleeper damage,High,2026-08-29 20:27,2026-09-05,0,4.2,24,Open
TMS-02122,Engineering,Vijayawada-SEC-01,25.44,Rail fracture,Medium,2026-06-23 10:38,2026-07-14,48,6.3,18,Completed
TMS-02123,Engineering,Secunderabad-SEC-04,50.7,Fish plate loose,Critical,2026-05-10 18:18,2026-05-12,111,9.9,41,Open
TMS-02124,Engineering,Hyderabad-SEC-07,74.33,Rail corrugation,Medium,2026-08-02 03:42,2026-08-23,8,1.4,7,Open
TMS-02125,Engineering,Vijayawada-SEC-01,103.2,Points & crossing wear,Critical,2026-05-13 02:29,2026-05-15,108,3.8,43,Completed
TMS-02126,Engineering,Vijayawada-SEC-03,99.33,Vegetation encroachment,High,2026-08-18 11:32,2026-08-25,6,7.7,42,Scheduled
TMS-02127,Engineering,Secunderabad-SEC-02,73.94,Sleeper damage,Critical,2026-08-03 13:36,2026-08-05,26,2.5,33,Scheduled
TMS-02128,Engineering,Guntakal-SEC-04,74.75,Fish plate loose,Medium,2026-05-25 00:42,2026-06-15,77,4.0,30,Scheduled
TMS-02129,Engineering,Vijayawada-SEC-04,113.49,Rail wear beyond limit,Medium,2026-05-24 11:19,2026-06-14,78,4.0,32,Completed
TMS-02130,Engineering,Secunderabad-SEC-03,66.59,Weld defect,Medium,2026-08-14 14:51,2026-09-04,0,1.0,34,Open
TMS-02131,Engineering,Guntur-SEC-03,66.46,Weld defect,Low,2026-08-05 23:01,2026-09-19,0,6.2,30,Open
TMS-02132,Engineering,Secunderabad-SEC-03,65.32,Points & crossing wear,Medium,2026-05-26 20:43,2026-06-16,76,4.0,8,Completed
TMS-02133,Engineering,Secunderabad-SEC-02,104.21,Weld defect,Medium,2026-06-07 10:39,2026-06-28,64,2.0,23,Scheduled
TMS-02134,Engineering,Guntur-SEC-05,12.2,Rail fracture,High,2026-07-03 20:55,2026-07-10,52,1.3,31,Scheduled
TMS-02135,Engineering,Guntakal-SEC-03,43.33,Points & crossing wear,Low,2026-07-20 21:05,2026-09-03,0,6.7,19,Open
TMS-02136,Engineering,Secunderabad-SEC-02,2.09,Sleeper damage,High,2026-08-06 09:24,2026-08-13,18,5.9,13,Open
TMS-02137,Engineering,Guntur-SEC-04,71.54,Rail corrugation,Medium,2026-05-13 04:46,2026-06-03,89,4.1,3,Open
TMS-02138,Engineering,Vijayawada-SEC-05,72.84,Ballast deficiency,High,2026-06-21 23:48,2026-06-28,64,8.0,30,Completed
TMS-02139,Engineering,Vijayawada-SEC-02,9.47,Formation failure,Low,2026-05-16 08:04,2026-06-30,62,4.1,6,Open
TMS-02140,Engineering,Secunderabad-SEC-03,6.91,Rail wear beyond limit,Medium,2026-05-17 18:58,2026-06-07,85,4.3,27,Open
TMS-02141,Engineering,Secunderabad-SEC-02,90.61,Weld defect,Low,2026-08-19 12:41,2026-10-03,0,5.4,5,Open
TMS-02142,Engineering,Secunderabad-SEC-02,89.88,Rail wear beyond limit,High,2026-06-30 06:59,2026-07-07,55,2.8,39,Open
TMS-02143,Engineering,Guntakal-SEC-02,68.9,Fish plate loose,Critical,2026-05-25 03:54,2026-05-27,96,7.7,17,Scheduled
TMS-02144,Engineering,Guntakal-SEC-01,73.27,Points & crossing wear,High,2026-06-02 21:36,2026-06-09,83,2.2,4,Completed
TMS-02145,Engineering,Guntur-SEC-02,94.0,Points & crossing wear,Low,2026-07-24 00:27,2026-09-07,0,6.8,33,Scheduled
TMS-02146,Engineering,Secunderabad-SEC-08,97.64,Sleeper damage,High,2026-06-10 21:37,2026-06-17,75,5.1,40,Scheduled
TMS-02147,Engineering,Secunderabad-SEC-07,17.81,Rail corrugation,Medium,2026-07-25 20:17,2026-08-15,16,3.7,20,Completed
TMS-02148,Engineering,Vijayawada-SEC-04,91.46,Sleeper damage,Medium,2026-06-30 06:31,2026-07-21,41,2.7,13,Open
TMS-02149,Engineering,Hyderabad-SEC-06,68.22,Weld defect,Medium,2026-06-04 05:14,2026-06-25,67,5.2,41,Open
TMS-02150,Engineering,Vijayawada-SEC-03,106.01,Vegetation encroachment,Medium,2026-08-30 21:33,2026-09-20,0,7.4,10,Open
TMS-02151,Engineering,Hyderabad-SEC-03,101.31,Weld defect,Medium,2026-07-03 22:08,2026-07-24,38,6.7,7,Open
TMS-02152,Engineering,Guntakal-SEC-01,11.41,Points & crossing wear,Medium,2026-05-16 18:14,2026-06-06,86,5.6,7,Open
TMS-02153,Engineering,Hyderabad-SEC-06,53.83,Ballast deficiency,Medium,2026-06-05 01:36,2026-06-26,66,5.2,9,Open
TMS-02154,Engineering,Hyderabad-SEC-06,115.75,Vegetation encroachment,Medium,2026-07-06 23:11,2026-07-27,35,4.8,34,Open
TMS-02155,Engineering,Guntakal-SEC-01,36.49,Ballast deficiency,Low,2026-05-18 21:25,2026-07-02,60,7.5,12,Scheduled
TMS-02156,Engineering,Vijayawada-SEC-07,68.53,Rail corrugation,Medium,2026-07-05 11:02,2026-07-26,36,6.2,34,Open
TMS-02157,Engineering,Secunderabad-SEC-02,31.14,Rail fracture,Medium,2026-05-04 23:34,2026-05-25,98,1.4,28,Open
TMS-02158,Engineering,Vijayawada-SEC-05,45.63,Weld defect,Low,2026-07-02 20:35,2026-08-16,15,2.3,21,Scheduled
TMS-02159,Engineering,Hyderabad-SEC-01,106.92,Vegetation encroachment,Medium,2026-08-20 00:24,2026-09-10,0,7.5,39,Open
TMS-02160,Engineering,Hyderabad-SEC-01,18.05,Level crossing surface damage,Medium,2026-08-10 02:09,2026-08-31,0,4.9,27,Scheduled
TMS-02161,Engineering,Secunderabad-SEC-03,70.66,Track geometry deviation,Medium,2026-06-07 06:37,2026-06-28,64,1.4,9,Open
TMS-02162,Engineering,Guntakal-SEC-07,51.26,Rail corrugation,Low,2026-05-22 20:46,2026-07-06,56,4.0,37,Scheduled
TMS-02163,Engineering,Hyderabad-SEC-04,66.98,Fish plate loose,High,2026-08-09 06:15,2026-08-16,15,7.3,26,Open
TMS-02164,Engineering,Guntur-SEC-02,21.81,Vegetation encroachment,Medium,2026-05-24 07:14,2026-06-14,78,7.0,4,Completed
TMS-02165,Engineering,Hyderabad-SEC-08,45.16,Points & crossing wear,Medium,2026-05-05 08:38,2026-05-26,97,3.0,17,Scheduled
TMS-02166,Engineering,Hyderabad-SEC-01,37.49,Weld defect,Medium,2026-05-04 01:43,2026-05-25,98,2.9,30,Open
TMS-02167,Engineering,Guntakal-SEC-07,69.6,Track geometry deviation,High,2026-06-21 11:41,2026-06-28,64,2.0,42,Open
TMS-02168,Engineering,Hyderabad-SEC-05,115.22,Track geometry deviation,High,2026-06-23 04:05,2026-06-30,62,4.5,19,Open
TMS-02169,Engineering,Guntur-SEC-04,16.5,Rail wear beyond limit,High,2026-06-24 05:43,2026-07-01,61,1.3,27,Open
TMS-02170,Engineering,Guntur-SEC-04,2.65,Weld defect,Medium,2026-05-27 04:48,2026-06-17,75,5.0,7,Open
TMS-02171,Engineering,Vijayawada-SEC-08,42.93,Formation failure,Medium,2026-08-04 19:53,2026-08-25,6,6.3,42,Completed
TMS-02172,Engineering,Vijayawada-SEC-06,57.01,Sleeper damage,Medium,2026-05-18 16:33,2026-06-08,84,1.8,2,Open
TMS-02173,Engineering,Hyderabad-SEC-01,11.33,Fish plate loose,Low,2026-07-31 22:24,2026-09-14,0,3.2,3,Completed
TMS-02174,Engineering,Guntakal-SEC-01,14.95,Weld defect,Low,2026-07-16 13:51,2026-08-30,1,4.5,29,Open
TMS-02175,Engineering,Hyderabad-SEC-05,49.97,Weld defect,Medium,2026-08-27 16:57,2026-09-17,0,2.9,32,Scheduled
TMS-02176,Engineering,Guntakal-SEC-01,71.35,Formation failure,Low,2026-07-01 21:37,2026-08-15,16,1.9,36,Scheduled
TMS-02177,Engineering,Guntur-SEC-02,55.41,Points & crossing wear,Low,2026-06-23 04:18,2026-08-07,24,6.1,11,Open
TMS-02178,Engineering,Secunderabad-SEC-07,94.47,Fish plate loose,High,2026-08-21 07:52,2026-08-28,3,4.6,41,Open
TMS-02179,Engineering,Guntur-SEC-04,73.98,Points & crossing wear,Medium,2026-07-12 01:11,2026-08-02,29,2.9,41,Completed
TMS-02180,Engineering,Guntur-SEC-05,37.39,Points & crossing wear,Medium,2026-07-31 02:49,2026-08-21,10,5.3,26,Scheduled
TMS-02181,Engineering,Guntakal-SEC-05,96.43,Rail fracture,High,2026-06-04 20:42,2026-06-11,81,5.1,9,Open
TMS-02182,Engineering,Guntur-SEC-07,119.36,Track geometry deviation,Medium,2026-08-14 02:11,2026-09-04,0,1.4,26,Completed
TMS-02183,Engineering,Guntur-SEC-04,81.93,Rail fracture,High,2026-08-26 11:12,2026-09-02,0,4.3,16,Completed
TMS-02184,Engineering,Guntakal-SEC-05,29.83,Level crossing surface damage,Low,2026-06-24 03:47,2026-08-08,23,2.4,43,Open
TMS-02185,Engineering,Secunderabad-SEC-04,45.48,Rail fracture,High,2026-06-27 02:54,2026-07-04,58,3.6,5,Open
TMS-02186,Engineering,Guntakal-SEC-04,63.64,Formation failure,Medium,2026-06-09 00:17,2026-06-30,62,6.6,18,Open
TMS-02187,Engineering,Guntakal-SEC-02,94.26,Level crossing surface damage,Low,2026-07-25 10:17,2026-09-08,0,5.8,37,Scheduled
TMS-02188,Engineering,Guntur-SEC-04,31.46,Rail fracture,Medium,2026-07-07 05:53,2026-07-28,34,3.3,21,Open
TMS-02189,Engineering,Hyderabad-SEC-03,107.1,Formation failure,Medium,2026-05-13 10:44,2026-06-03,89,4.1,30,Scheduled
TMS-02190,Engineering,Hyderabad-SEC-01,96.63,Rail fracture,Low,2026-07-23 12:23,2026-09-06,0,2.3,29,Open
TMS-02191,Engineering,Guntur-SEC-01,93.99,Vegetation encroachment,High,2026-05-14 10:32,2026-05-21,102,3.8,13,Scheduled
TMS-02192,Engineering,Guntakal-SEC-06,72.44,Fish plate loose,Critical,2026-07-19 13:28,2026-07-21,41,5.2,16,Completed
TMS-02193,Engineering,Vijayawada-SEC-04,18.26,Ballast deficiency,High,2026-08-30 08:30,2026-09-06,0,2.3,30,Open
TMS-02194,Engineering,Guntur-SEC-02,16.12,Fish plate loose,Medium,2026-05-11 06:35,2026-06-01,91,4.3,41,Open
TMS-02195,Engineering,Secunderabad-SEC-07,11.08,Points & crossing wear,Critical,2026-08-28 20:13,2026-08-30,1,4.2,18,Open
TMS-02196,Engineering,Hyderabad-SEC-03,1.8,Rail corrugation,Medium,2026-06-26 00:43,2026-07-17,45,1.4,39,Open
TMS-02197,Engineering,Vijayawada-SEC-01,23.51,Weld defect,Medium,2026-07-12 06:28,2026-08-02,29,7.9,13,Scheduled
TMS-02198,Engineering,Secunderabad-SEC-01,111.72,Rail wear beyond limit,Medium,2026-05-11 10:57,2026-06-01,91,6.5,30,Open
TMS-02199,Engineering,Guntur-SEC-04,9.14,Level crossing surface damage,Low,2026-06-01 09:07,2026-07-16,46,7.0,9,Completed
TMS-02200,Engineering,Guntur-SEC-07,41.06,Sleeper damage,Medium,2026-08-25 16:34,2026-09-15,0,2.6,24,Scheduled
