train_id,train_type,section_id,date,arrival_time,departure_time,direction,priority_category,scheduled_status
TRN-10001,Passenger,Guntakal-SEC-08,2026-09-19,23:17,22:45,UP,P3 - Medium Priority,On Time
TRN-10002,Mail/Express,Hyderabad-SEC-08,2026-09-25,01:18,00:50,DOWN,P2 - High Priority,On Time
TRN-10003,Freight Container,Hyderabad-SEC-06,2026-09-09,04:28,03:50,UP,P4 - Normal Freight,On Time
TRN-10004,Freight Mineral,Guntakal-SEC-06,2026-09-07,22:49,22:10,DOWN,P4 - Normal Freight,On Time
TRN-10005,Passenger,Hyderabad-SEC-03,2026-10-16,05:21,04:50,DOWN,P3 - Medium Priority,On Time
TRN-10006,Freight Hazardous,Hyderabad-SEC-08,2026-09-01,19:43,19:10,DOWN,P3 - Priority Freight,On Time
TRN-10007,Freight Mineral,Vijayawada-SEC-03,2026-10-20,04:08,03:30,UP,P4 - Normal Freight,Expected Delay +15m
TRN-10008,Freight Container,Guntakal-SEC-07,2026-09-10,02:28,01:50,DOWN,P4 - Normal Freight,On Time
TRN-10009,Freight Mineral,Hyderabad-SEC-04,2026-10-06,06:51,06:15,UP,P4 - Normal Freight,On Time
TRN-10010,Superfast Passenger,Hyderabad-SEC-04,2026-10-08,05:50,05:30,UP,P1 - Super High Priority,On Time
TRN-10011,Freight Hazardous,Secunderabad-SEC-06,2026-09-11,10:33,10:00,DOWN,P3 - Priority Freight,On Time
TRN-10012,Freight Container,Hyderabad-SEC-01,2026-10-21,18:31,18:00,UP,P4 - Normal Freight,On Time
TRN-10013,Passenger,Guntur-SEC-03,2026-09-04,21:06,20:30,UP,P3 - Medium Priority,On Time
TRN-10014,Passenger,Hyderabad-SEC-02,2026-09-23,09:46,09:10,DOWN,P3 - Medium Priority,On Time
TRN-10015,Freight Auto,Guntur-SEC-05,2026-09-19,20:58,20:20,DOWN,P4 - Normal Freight,Expected Delay +15m
TRN-10016,Freight Mineral,Vijayawada-SEC-03,2026-09-08,08:24,07:45,DOWN,P4 - Normal Freight,Expected Delay +15m
TRN-10017,Mail/Express,Vijayawada-SEC-06,2026-09-24,23:21,22:50,UP,P2 - High Priority,On Time
TRN-10018,Passenger,Hyderabad-SEC-01,2026-09-09,14:20,13:45,UP,P3 - Medium Priority,On Time
TRN-10019,Freight Container,Hyderabad-SEC-05,2026-09-09,09:19,08:45,UP,P4 - Normal Freight,On Time
TRN-10020,Passenger,Guntakal-SEC-08,2026-09-28,22:04,21:30,DOWN,P3 - Medium Priority,On Time
TRN-10021,Passenger,Vijayawada-SEC-04,2026-09-27,05:52,05:20,UP,P3 - Medium Priority,On Time
TRN-10022,Freight Mineral,Vijayawada-SEC-01,2026-09-14,11:05,10:30,UP,P4 - Normal Freight,On Time
TRN-10023,Freight Mineral,Vijayawada-SEC-05,2026-09-18,01:09,00:30,DOWN,P4 - Normal Freight,On Time
TRN-10024,Premium Passenger,Guntakal-SEC-06,2026-10-15,00:44,00:20,UP,P1 - Super High Priority,On Time
TRN-10025,Superfast Passenger,Guntakal-SEC-04,2026-10-12,13:43,13:20,UP,P1 - Super High Priority,Expected Delay +15m
TRN-10026,Freight Mineral,Secunderabad-SEC-08,2026-10-04,21:25,20:45,DOWN,P4 - Normal Freight,On Time
TRN-10027,Superfast Passenger,Hyderabad-SEC-08,2026-09-07,11:43,11:20,DOWN,P1 - Super High Priority,On Time
TRN-10028,Freight Container,Secunderabad-SEC-04,2026-09-21,11:52,11:15,UP,P4 - Normal Freight,On Time
TRN-10029,Freight Mineral,Secunderabad-SEC-08,2026-09-25,03:29,02:50,DOWN,P4 - Normal Freight,On Time
TRN-10030,Freight Auto,Secunderabad-SEC-01,2026-09-19,02:42,02:10,UP,P4 - Normal Freight,On Time
TRN-10031,Mail/Express,Vijayawada-SEC-05,2026-09-02,08:50,08:20,UP,P2 - High Priority,On Time
TRN-10032,Freight Auto,Guntakal-SEC-07,2026-09-20,03:42,03:10,UP,P4 - Normal Freight,On Time
TRN-10033,Freight Container,Secunderabad-SEC-01,2026-09-23,22:48,22:10,DOWN,P4 - Normal Freight,Regulated
TRN-10034,Freight Mineral,Vijayawada-SEC-06,2026-10-07,10:54,10:15,UP,P4 - Normal Freight,On Time
TRN-10035,Freight Container,Vijayawada-SEC-08,2026-09-02,09:42,09:10,DOWN,P4 - Normal Freight,Expected Delay +15m
TRN-10036,Freight Auto,Vijayawada-SEC-05,2026-09-19,20:47,20:15,DOWN,P4 - Normal Freight,On Time
TRN-10037,Freight Mineral,Guntur-SEC-05,2026-09-02,21:25,20:45,DOWN,P4 - Normal Freight,Expected Delay +30m
TRN-10038,Freight Container,Hyderabad-SEC-03,2026-09-26,07:43,07:10,DOWN,P4 - Normal Freight,On Time
TRN-10039,Freight Auto,Vijayawada-SEC-01,2026-10-13,04:20,03:45,DOWN,P4 - Normal Freight,On Time
TRN-10040,Premium Passenger,Guntakal-SEC-01,2026-09-25,12:30,12:10,DOWN,P1 - Super High Priority,On Time
TRN-10041,Freight Hazardous,Hyderabad-SEC-01,2026-10-14,21:21,20:45,DOWN,P3 - Priority Freight,On Time
TRN-10042,Freight Hazardous,Guntur-SEC-05,2026-10-08,08:40,08:00,DOWN,P3 - Priority Freight,On Time
TRN-10043,Freight Mineral,Hyderabad-SEC-02,2026-09-19,15:54,15:15,DOWN,P4 - Normal Freight,Regulated
TRN-10044,Superfast Passenger,Guntakal-SEC-04,2026-09-16,01:37,01:15,DOWN,P1 - Super High Priority,On Time
TRN-10045,Freight Container,Guntur-SEC-01,2026-10-01,17:51,17:15,UP,P4 - Normal Freight,On Time
TRN-10046,Premium Passenger,Guntur-SEC-01,2026-09-21,00:35,00:15,UP,P1 - Super High Priority,On Time
TRN-10047,Freight Mineral,Hyderabad-SEC-01,2026-09-15,01:02,00:20,UP,P4 - Normal Freight,On Time
TRN-10048,Mail/Express,Hyderabad-SEC-06,2026-10-06,02:41,02:10,DOWN,P2 - High Priority,On Time
TRN-10049,Freight Mineral,Vijayawada-SEC-06,2026-09-25,18:31,17:50,DOWN,P4 - Normal Freight,On Time
TRN-10050,Freight Container,Hyderabad-SEC-02,2026-10-18,02:46,02:15,DOWN,P4 - Normal Freight,On Time
TRN-10051,Premium Passenger,Hyderabad-SEC-02,2026-09-28,09:39,09:15,DOWN,P1 - Super High Priority,Expected Delay +15m
TRN-10052,Passenger,Guntakal-SEC-04,2026-09-09,09:56,09:20,DOWN,P3 - Medium Priority,On Time
TRN-10053,Premium Passenger,Secunderabad-SEC-03,2026-10-16,16:39,16:15,UP,P1 - Super High Priority,On Time
TRN-10054,Passenger,Vijayawada-SEC-02,2026-09-08,20:21,19:50,DOWN,P3 - Medium Priority,On Time
TRN-10055,Superfast Passenger,Secunderabad-SEC-06,2026-09-15,18:31,18:10,DOWN,P1 - Super High Priority,On Time
TRN-10056,Freight Mineral,Vijayawada-SEC-08,2026-09-12,09:28,08:50,DOWN,P4 - Normal Freight,On Time
TRN-10057,Premium Passenger,Guntakal-SEC-06,2026-09-14,01:31,01:10,DOWN,P1 - Super High Priority,On Time
TRN-10058,Freight Mineral,Hyderabad-SEC-03,2026-10-11,08:25,07:45,UP,P4 - Normal Freight,On Time
TRN-10059,Freight Hazardous,Vijayawada-SEC-01,2026-09-03,15:44,15:10,DOWN,P3 - Priority Freight,Expected Delay +15m
TRN-10060,Freight Auto,Guntur-SEC-06,2026-09-04,01:46,01:10,UP,P4 - Normal Freight,On Time
TRN-10061,Premium Passenger,Hyderabad-SEC-07,2026-09-06,12:43,12:20,DOWN,P1 - Super High Priority,On Time
TRN-10062,Passenger,Vijayawada-SEC-04,2026-10-17,20:19,19:50,UP,P3 - Medium Priority,Expected Delay +15m
TRN-10063,Mail/Express,Guntur-SEC-02,2026-09-24,18:01,17:30,DOWN,P2 - High Priority,On Time
TRN-10064,Superfast Passenger,Vijayawada-SEC-08,2026-09-23,14:34,14:10,UP,P1 - Super High Priority,On Time
TRN-10065,Superfast Passenger,Secunderabad-SEC-01,2026-09-07,23:52,23:30,UP,P1 - Super High Priority,On Time
TRN-10066,Freight Auto,Hyderabad-SEC-08,2026-10-03,23:23,22:50,DOWN,P4 - Normal Freight,On Time
TRN-10067,Freight Mineral,Hyderabad-SEC-02,2026-09-26,13:50,13:15,DOWN,P4 - Normal Freight,On Time
TRN-10068,Freight Container,Hyderabad-SEC-08,2026-09-13,04:52,04:20,DOWN,P4 - Normal Freight,On Time
TRN-10069,Freight Hazardous,Vijayawada-SEC-04,2026-09-28,01:47,01:10,DOWN,P3 - Priority Freight,On Time
TRN-10070,Mail/Express,Guntakal-SEC-01,2026-10-15,04:44,04:15,UP,P2 - High Priority,On Time
TRN-10071,Freight Mineral,Vijayawada-SEC-03,2026-09-26,21:30,20:50,DOWN,P4 - Normal Freight,On Time
TRN-10072,Freight Auto,Guntur-SEC-02,2026-09-24,02:47,02:15,DOWN,P4 - Normal Freight,On Time
TRN-10073,Mail/Express,Guntur-SEC-03,2026-09-18,06:37,06:10,DOWN,P2 - High Priority,On Time
TRN-10074,Freight Auto,Secunderabad-SEC-05,2026-09-17,16:58,16:20,DOWN,P4 - Normal Freight,Expected Delay +30m
TRN-10075,Freight Hazardous,Vijayawada-SEC-02,2026-10-06,02:49,02:10,DOWN,P3 - Priority Freight,On Time
TRN-10076,Mail/Express,Vijayawada-SEC-07,2026-09-04,01:48,01:20,UP,P2 - High Priority,On Time
TRN-10077,Freight Mineral,Guntakal-SEC-02,2026-09-03,14:20,13:45,UP,P4 - Normal Freight,On Time
TRN-10078,Passenger,Secunderabad-SEC-04,2026-09-08,04:49,04:15,UP,P3 - Medium Priority,On Time
TRN-10079,Freight Container,Hyderabad-SEC-03,2026-09-18,20:25,19:50,DOWN,P4 - Normal Freight,Expected Delay +15m
TRN-10080,Freight Hazardous,Guntakal-SEC-07,2026-09-04,01:54,01:20,DOWN,P3 - Priority Freight,On Time
TRN-10081,Freight Hazardous,Guntur-SEC-03,2026-09-21,19:30,18:50,UP,P3 - Priority Freight,On Time
TRN-10082,Freight Hazardous,Hyderabad-SEC-06,2026-10-01,08:04,07:30,UP,P3 - Priority Freight,On Time
TRN-10083,Superfast Passenger,Secunderabad-SEC-04,2026-10-10,15:31,15:10,UP,P1 - Super High Priority,On Time
TRN-10084,Freight Auto,Guntakal-SEC-06,2026-09-15,20:17,19:45,DOWN,P4 - Normal Freight,Expected Delay +30m
TRN-10085,Freight Auto,Hyderabad-SEC-08,2026-09-10,17:02,16:30,UP,P4 - Normal Freight,On Time
TRN-10086,Freight Auto,Vijayawada-SEC-02,2026-09-19,18:22,17:45,DOWN,P4 - Normal Freight,On Time
TRN-10087,Premium Passenger,Guntur-SEC-01,2026-10-14,14:22,14:00,UP,P1 - Super High Priority,On Time
TRN-10088,Superfast Passenger,Guntur-SEC-04,2026-10-18,05:40,05:15,DOWN,P1 - Super High Priority,On Time
TRN-10089,Mail/Express,Hyderabad-SEC-08,2026-09-03,10:50,10:20,DOWN,P2 - High Priority,On Time
TRN-10090,Freight Mineral,Vijayawada-SEC-06,2026-10-07,01:01,00:20,DOWN,P4 - Normal Freight,Expected Delay +15m
TRN-10091,Superfast Passenger,Hyderabad-SEC-04,2026-10-08,02:08,01:45,DOWN,P1 - Super High Priority,Expected Delay +30m
TRN-10092,Passenger,Hyderabad-SEC-07,2026-10-15,12:05,11:30,DOWN,P3 - Medium Priority,On Time
TRN-10093,Freight Container,Secunderabad-SEC-04,2026-09-10,08:56,08:20,DOWN,P4 - Normal Freight,On Time
TRN-10094,Freight Auto,Hyderabad-SEC-04,2026-09-08,22:48,22:15,DOWN,P4 - Normal Freight,On Time
TRN-10095,Freight Mineral,Vijayawada-SEC-05,2026-10-16,00:52,00:15,DOWN,P4 - Normal Freight,Expected Delay +15m
TRN-10096,Freight Auto,Secunderabad-SEC-01,2026-09-16,01:46,01:15,UP,P4 - Normal Freight,On Time
TRN-10097,Premium Passenger,Guntur-SEC-06,2026-09-07,08:40,08:20,UP,P1 - Super High Priority,On Time
TRN-10098,Superfast Passenger,Vijayawada-SEC-08,2026-09-20,19:38,19:15,UP,P1 - Super High Priority,On Time
TRN-10099,Superfast Passenger,Guntakal-SEC-02,2026-09-18,19:21,19:00,DOWN,P1 - Super High Priority,On Time
TRN-10100,Freight Hazardous,Guntur-SEC-01,2026-09-28,05:40,05:00,UP,P3 - Priority Freight,On Time
TRN-10101,Freight Mineral,Guntur-SEC-07,2026-09-02,12:46,12:10,UP,P4 - Normal Freight,On Time
TRN-10102,Premium Passenger,Guntur-SEC-03,2026-09-17,13:10,12:50,DOWN,P1 - Super High Priority,On Time
TRN-10103,Freight Container,Guntur-SEC-01,2026-10-17,11:55,11:20,DOWN,P4 - Normal Freight,Expected Delay +30m
TRN-10104,Freight Hazardous,Guntur-SEC-07,2026-09-26,14:33,14:00,DOWN,P3 - Priority Freight,On Time
TRN-10105,Freight Hazardous,Hyderabad-SEC-03,2026-10-07,05:05,04:30,UP,P3 - Priority Freight,On Time
TRN-10106,Passenger,Vijayawada-SEC-04,2026-10-09,06:51,06:20,UP,P3 - Medium Priority,On Time
TRN-10107,Mail/Express,Secunderabad-SEC-02,2026-10-03,08:30,08:00,DOWN,P2 - High Priority,Expected Delay +30m
TRN-10108,Mail/Express,Hyderabad-SEC-05,2026-09-01,06:35,06:10,UP,P2 - High Priority,On Time
TRN-10109,Freight Container,Hyderabad-SEC-02,2026-10-10,06:47,06:15,DOWN,P4 - Normal Freight,On Time
TRN-10110,Freight Hazardous,Guntur-SEC-01,2026-09-14,20:36,20:00,DOWN,P3 - Priority Freight,Regulated
TRN-10111,Passenger,Vijayawada-SEC-03,2026-09-27,05:25,04:50,DOWN,P3 - Medium Priority,On Time
TRN-10112,Mail/Express,Guntur-SEC-02,2026-10-21,17:46,17:15,UP,P2 - High Priority,On Time
TRN-10113,Freight Mineral,Guntur-SEC-05,2026-10-15,04:30,03:50,UP,P4 - Normal Freight,On Time
TRN-10114,Mail/Express,Guntakal-SEC-06,2026-09-14,22:00,21:30,UP,P2 - High Priority,On Time
TRN-10115,Superfast Passenger,Hyderabad-SEC-01,2026-09-27,21:47,21:20,UP,P1 - Super High Priority,Regulated
TRN-10116,Superfast Passenger,Secunderabad-SEC-03,2026-10-16,16:56,16:30,DOWN,P1 - Super High Priority,On Time
TRN-10117,Freight Auto,Hyderabad-SEC-04,2026-10-14,21:03,20:30,DOWN,P4 - Normal Freight,On Time
TRN-10118,Mail/Express,Secunderabad-SEC-01,2026-10-12,02:45,02:20,UP,P2 - High Priority,On Time
TRN-10119,Freight Auto,Vijayawada-SEC-05,2026-09-12,08:52,08:20,UP,P4 - Normal Freight,On Time
TRN-10120,Passenger,Secunderabad-SEC-01,2026-09-29,12:14,11:45,UP,P3 - Medium Priority,On Time
TRN-10121,Freight Auto,Hyderabad-SEC-02,2026-10-07,07:47,07:15,UP,P4 - Normal Freight,On Time
TRN-10122,Freight Auto,Secunderabad-SEC-03,2026-09-13,20:08,19:30,DOWN,P4 - Normal Freight,On Time
TRN-10123,Mail/Express,Secunderabad-SEC-04,2026-09-30,05:45,05:20,UP,P2 - High Priority,On Time
TRN-10124,Premium Passenger,Guntur-SEC-07,2026-09-22,10:37,10:15,UP,P1 - Super High Priority,On Time
TRN-10125,Freight Auto,Vijayawada-SEC-06,2026-09-30,00:36,00:00,DOWN,P4 - Normal Freight,On Time
TRN-10126,Freight Hazardous,Secunderabad-SEC-02,2026-09-13,23:46,23:10,UP,P3 - Priority Freight,Regulated
TRN-10127,Freight Container,Hyderabad-SEC-08,2026-09-22,14:02,13:30,UP,P4 - Normal Freight,On Time
TRN-10128,Freight Mineral,Vijayawada-SEC-03,2026-09-10,00:07,23:30,UP,P4 - Normal Freight,On Time
TRN-10129,Freight Hazardous,Guntur-SEC-01,2026-09-22,09:18,08:45,UP,P3 - Priority Freight,On Time
TRN-10130,Freight Mineral,Guntur-SEC-04,2026-09-24,21:08,20:30,UP,P4 - Normal Freight,On Time
TRN-10131,Mail/Express,Guntakal-SEC-01,2026-09-28,16:59,16:30,UP,P2 - High Priority,On Time
TRN-10132,Freight Container,Secunderabad-SEC-02,2026-10-14,17:08,16:30,UP,P4 - Normal Freight,On Time
TRN-10133,Freight Mineral,Hyderabad-SEC-02,2026-09-16,06:00,05:20,UP,P4 - Normal Freight,On Time
TRN-10134,Superfast Passenger,Vijayawada-SEC-07,2026-09-08,19:05,18:45,DOWN,P1 - Super High Priority,On Time
TRN-10135,Premium Passenger,Vijayawada-SEC-05,2026-09-28,12:15,11:50,DOWN,P1 - Super High Priority,On Time
TRN-10136,Superfast Passenger,Secunderabad-SEC-07,2026-09-15,10:36,10:10,DOWN,P1 - Super High Priority,On Time
TRN-10137,Freight Mineral,Guntakal-SEC-07,2026-09-09,20:12,19:30,DOWN,P4 - Normal Freight,On Time
TRN-10138,Freight Container,Secunderabad-SEC-01,2026-10-15,11:25,10:50,DOWN,P4 - Normal Freight,Expected Delay +15m
TRN-10139,Premium Passenger,Hyderabad-SEC-05,2026-09-07,08:06,07:45,UP,P1 - Super High Priority,On Time
TRN-10140,Superfast Passenger,Secunderabad-SEC-01,2026-09-06,16:30,16:10,DOWN,P1 - Super High Priority,On Time
TRN-10141,Superfast Passenger,Secunderabad-SEC-01,2026-09-05,23:46,23:20,DOWN,P1 - Super High Priority,On Time
TRN-10142,Freight Container,Secunderabad-SEC-05,2026-09-30,14:44,14:10,UP,P4 - Normal Freight,On Time
TRN-10143,Freight Hazardous,Hyderabad-SEC-02,2026-09-14,11:38,11:00,DOWN,P3 - Priority Freight,Expected Delay +15m
TRN-10144,Freight Container,Vijayawada-SEC-03,2026-09-23,22:21,21:45,DOWN,P4 - Normal Freight,On Time
TRN-10145,Freight Auto,Vijayawada-SEC-01,2026-10-03,20:45,20:10,UP,P4 - Normal Freight,On Time
TRN-10146,Freight Auto,Guntur-SEC-01,2026-09-16,13:51,13:15,UP,P4 - Normal Freight,On Time
TRN-10147,Passenger,Hyderabad-SEC-05,2026-10-01,20:03,19:30,UP,P3 - Medium Priority,Expected Delay +15m
TRN-10148,Freight Hazardous,Guntur-SEC-03,2026-10-01,16:55,16:15,DOWN,P3 - Priority Freight,On Time
TRN-10149,Premium Passenger,Hyderabad-SEC-07,2026-10-11,02:37,02:15,DOWN,P1 - Super High Priority,On Time
TRN-10150,Passenger,Guntakal-SEC-04,2026-09-08,09:01,08:30,UP,P3 - Medium Priority,On Time
TRN-10151,Superfast Passenger,Guntur-SEC-05,2026-10-14,07:11,06:50,UP,P1 - Super High Priority,On Time
TRN-10152,Freight Hazardous,Hyderabad-SEC-02,2026-09-03,14:36,14:00,UP,P3 - Priority Freight,On Time
TRN-10153,Mail/Express,Guntakal-SEC-07,2026-09-05,13:31,13:00,DOWN,P2 - High Priority,On Time
TRN-10154,Freight Mineral,Hyderabad-SEC-01,2026-09-25,08:26,07:50,DOWN,P4 - Normal Freight,On Time
TRN-10155,Freight Container,Secunderabad-SEC-03,2026-10-03,00:23,23:50,UP,P4 - Normal Freight,On Time
TRN-10156,Mail/Express,Vijayawada-SEC-01,2026-09-15,06:34,06:10,UP,P2 - High Priority,On Time
TRN-10157,Mail/Express,Vijayawada-SEC-08,2026-09-02,18:57,18:30,UP,P2 - High Priority,On Time
TRN-10158,Freight Hazardous,Guntakal-SEC-08,2026-09-23,13:27,12:50,DOWN,P3 - Priority Freight,On Time
TRN-10159,Freight Mineral,Vijayawada-SEC-05,2026-09-07,22:24,21:45,UP,P4 - Normal Freight,On Time
TRN-10160,Freight Hazardous,Guntakal-SEC-07,2026-09-10,12:05,11:30,DOWN,P3 - Priority Freight,Expected Delay +15m
TRN-10161,Freight Container,Vijayawada-SEC-07,2026-09-03,11:52,11:15,UP,P4 - Normal Freight,Expected Delay +15m
TRN-10162,Freight Mineral,Vijayawada-SEC-06,2026-09-02,15:53,15:15,DOWN,P4 - Normal Freight,Regulated
TRN-10163,Freight Auto,Secunderabad-SEC-08,2026-09-21,22:28,21:50,UP,P4 - Normal Freight,Regulated
TRN-10164,Passenger,Guntur-SEC-03,2026-10-19,07:19,06:50,UP,P3 - Medium Priority,On Time
TRN-10165,Passenger,Secunderabad-SEC-03,2026-09-20,17:51,17:15,UP,P3 - Medium Priority,On Time
TRN-10166,Mail/Express,Guntakal-SEC-06,2026-09-27,19:59,19:30,DOWN,P2 - High Priority,On Time
TRN-10167,Freight Container,Vijayawada-SEC-03,2026-10-18,10:20,09:45,DOWN,P4 - Normal Freight,On Time
TRN-10168,Superfast Passenger,Guntakal-SEC-03,2026-10-10,15:20,15:00,UP,P1 - Super High Priority,On Time
TRN-10169,Freight Auto,Guntur-SEC-01,2026-09-16,07:21,06:45,UP,P4 - Normal Freight,Expected Delay +30m
TRN-10170,Freight Hazardous,Vijayawada-SEC-02,2026-10-09,14:51,14:15,DOWN,P3 - Priority Freight,Expected Delay +15m
TRN-10171,Premium Passenger,Hyderabad-SEC-07,2026-10-01,13:56,13:30,DOWN,P1 - Super High Priority,On Time
TRN-10172,Freight Auto,Vijayawada-SEC-03,2026-10-19,03:46,03:15,UP,P4 - Normal Freight,Expected Delay +15m
TRN-10173,Passenger,Vijayawada-SEC-02,2026-09-20,09:51,09:15,UP,P3 - Medium Priority,On Time
TRN-10174,Freight Hazardous,Guntur-SEC-03,2026-09-02,12:10,11:30,UP,P3 - Priority Freight,On Time
TRN-10175,Freight Container,Guntakal-SEC-04,2026-09-01,06:28,05:50,UP,P4 - Normal Freight,On Time
TRN-10176,Freight Hazardous,Vijayawada-SEC-05,2026-09-14,06:20,05:45,UP,P3 - Priority Freight,On Time
TRN-10177,Passenger,Hyderabad-SEC-06,2026-09-11,00:26,23:50,UP,P3 - Medium Priority,On Time
TRN-10178,Freight Auto,Guntur-SEC-03,2026-10-06,15:05,14:30,DOWN,P4 - Normal Freight,On Time
TRN-10179,Freight Container,Secunderabad-SEC-02,2026-09-10,22:42,22:10,DOWN,P4 - Normal Freight,On Time
TRN-10180,Passenger,Guntakal-SEC-05,2026-09-08,20:59,20:30,UP,P3 - Medium Priority,On Time
TRN-10181,Passenger,Hyderabad-SEC-03,2026-10-03,09:00,08:30,DOWN,P3 - Medium Priority,On Time
TRN-10182,Superfast Passenger,Secunderabad-SEC-04,2026-10-17,00:33,00:10,UP,P1 - Super High Priority,On Time
TRN-10183,Mail/Express,Vijayawada-SEC-01,2026-09-19,21:51,21:20,DOWN,P2 - High Priority,On Time
TRN-10184,Mail/Express,Vijayawada-SEC-07,2026-09-27,07:14,06:45,UP,P2 - High Priority,On Time
TRN-10185,Premium Passenger,Vijayawada-SEC-03,2026-10-17,18:10,17:50,UP,P1 - Super High Priority,On Time
TRN-10186,Mail/Express,Vijayawada-SEC-01,2026-09-01,09:29,09:00,UP,P2 - High Priority,On Time
TRN-10187,Freight Auto,Guntakal-SEC-02,2026-10-06,21:53,21:15,UP,P4 - Normal Freight,On Time
TRN-10188,Freight Hazardous,Guntakal-SEC-05,2026-10-16,23:21,22:45,UP,P3 - Priority Freight,On Time
TRN-10189,Mail/Express,Secunderabad-SEC-07,2026-09-18,10:42,10:15,UP,P2 - High Priority,Expected Delay +15m
TRN-10190,Mail/Express,Hyderabad-SEC-07,2026-10-12,19:51,19:20,UP,P2 - High Priority,Expected Delay +15m
TRN-10191,Superfast Passenger,Hyderabad-SEC-04,2026-10-20,11:22,11:00,DOWN,P1 - Super High Priority,On Time
TRN-10192,Premium Passenger,Hyderabad-SEC-08,2026-09-12,08:13,07:50,UP,P1 - Super High Priority,Expected Delay +30m
TRN-10193,Freight Mineral,Guntur-SEC-02,2026-09-03,18:06,17:30,DOWN,P4 - Normal Freight,Expected Delay +30m
TRN-10194,Freight Container,Vijayawada-SEC-05,2026-10-17,05:17,04:45,UP,P4 - Normal Freight,Expected Delay +15m
TRN-10195,Freight Mineral,Hyderabad-SEC-01,2026-09-22,02:53,02:15,UP,P4 - Normal Freight,On Time
TRN-10196,Premium Passenger,Guntur-SEC-05,2026-09-17,16:04,15:45,UP,P1 - Super High Priority,On Time
TRN-10197,Mail/Express,Hyderabad-SEC-07,2026-09-25,14:46,14:20,DOWN,P2 - High Priority,On Time
TRN-10198,Premium Passenger,Secunderabad-SEC-07,2026-09-13,06:35,06:10,UP,P1 - Super High Priority,On Time
TRN-10199,Freight Hazardous,Secunderabad-SEC-05,2026-09-21,06:29,05:50,UP,P3 - Priority Freight,On Time
TRN-10200,Superfast Passenger,Hyderabad-SEC-07,2026-10-19,22:20,22:00,UP,P1 - Super High Priority,On Time
TRN-10201,Freight Mineral,Secunderabad-SEC-05,2026-09-22,04:02,03:20,UP,P4 - Normal Freight,Expected Delay +15m
TRN-10202,Superfast Passenger,Hyderabad-SEC-05,2026-10-01,03:40,03:20,DOWN,P1 - Super High Priority,On Time
TRN-10203,Passenger,Vijayawada-SEC-07,2026-09-27,05:14,04:45,DOWN,P3 - Medium Priority,Regulated
TRN-10204,Superfast Passenger,Guntur-SEC-06,2026-10-19,18:42,18:20,DOWN,P1 - Super High Priority,On Time
TRN-10205,Superfast Passenger,Guntur-SEC-02,2026-10-03,02:40,02:15,DOWN,P1 - Super High Priority,On Time
TRN-10206,Mail/Express,Secunderabad-SEC-05,2026-10-20,07:42,07:15,UP,P2 - High Priority,On Time
TRN-10207,Freight Container,Guntur-SEC-01,2026-09-13,12:18,11:45,UP,P4 - Normal Freight,On Time
TRN-10208,Freight Container,Guntur-SEC-03,2026-10-13,20:53,20:20,UP,P4 - Normal Freight,On Time
TRN-10209,Mail/Express,Guntur-SEC-04,2026-09-06,08:15,07:45,DOWN,P2 - High Priority,On Time
TRN-10210,Freight Container,Vijayawada-SEC-07,2026-09-03,17:26,16:50,UP,P4 - Normal Freight,On Time
TRN-10211,Mail/Express,Guntur-SEC-04,2026-10-17,16:09,15:45,UP,P2 - High Priority,On Time
TRN-10212,Mail/Express,Secunderabad-SEC-08,2026-09-10,03:25,03:00,DOWN,P2 - High Priority,On Time
TRN-10213,Premium Passenger,Guntur-SEC-06,2026-10-15,14:40,14:20,DOWN,P1 - Super High Priority,On Time
TRN-10214,Freight Hazardous,Guntur-SEC-04,2026-09-13,12:05,11:30,UP,P3 - Priority Freight,On Time
TRN-10215,Premium Passenger,Guntakal-SEC-08,2026-09-27,19:51,19:30,UP,P1 - Super High Priority,Regulated
TRN-10216,Freight Container,Secunderabad-SEC-05,2026-10-14,18:47,18:15,DOWN,P4 - Normal Freight,On Time
TRN-10217,Mail/Express,Hyderabad-SEC-04,2026-10-03,05:57,05:30,UP,P2 - High Priority,On Time
TRN-10218,Superfast Passenger,Guntur-SEC-08,2026-09-17,11:12,10:50,DOWN,P1 - Super High Priority,On Time
TRN-10219,Freight Hazardous,Vijayawada-SEC-03,2026-10-07,07:20,06:45,UP,P3 - Priority Freight,Expected Delay +15m
TRN-10220,Freight Mineral,Hyderabad-SEC-03,2026-09-20,03:39,03:00,DOWN,P4 - Normal Freight,On Time
TRN-10221,Freight Container,Guntakal-SEC-06,2026-10-06,02:50,02:15,DOWN,P4 - Normal Freight,On Time
TRN-10222,Freight Auto,Guntur-SEC-02,2026-09-18,11:01,10:30,DOWN,P4 - Normal Freight,On Time
TRN-10223,Superfast Passenger,Secunderabad-SEC-06,2026-09-26,10:40,10:15,DOWN,P1 - Super High Priority,Expected Delay +15m
TRN-10224,Mail/Express,Guntur-SEC-08,2026-10-18,05:18,04:50,DOWN,P2 - High Priority,On Time
TRN-10225,Freight Mineral,Guntur-SEC-02,2026-09-20,02:58,02:20,DOWN,P4 - Normal Freight,On Time
TRN-10226,Freight Mineral,Guntakal-SEC-08,2026-10-04,16:45,16:10,UP,P4 - Normal Freight,On Time
TRN-10227,Freight Hazardous,Guntur-SEC-03,2026-10-20,00:39,00:00,DOWN,P3 - Priority Freight,On Time
TRN-10228,Freight Auto,Secunderabad-SEC-01,2026-10-09,16:36,16:00,DOWN,P4 - Normal Freight,On Time
TRN-10229,Passenger,Vijayawada-SEC-04,2026-09-10,18:34,18:00,UP,P3 - Medium Priority,On Time
TRN-10230,Superfast Passenger,Hyderabad-SEC-07,2026-09-14,14:37,14:15,DOWN,P1 - Super High Priority,Expected Delay +30m
TRN-10231,Superfast Passenger,Guntakal-SEC-02,2026-10-01,20:51,20:30,DOWN,P1 - Super High Priority,On Time
TRN-10232,Freight Container,Guntur-SEC-04,2026-09-16,09:28,08:50,UP,P4 - Normal Freight,On Time
TRN-10233,Passenger,Vijayawada-SEC-06,2026-10-13,05:49,05:20,DOWN,P3 - Medium Priority,Expected Delay +30m
TRN-10234,Freight Hazardous,Vijayawada-SEC-03,2026-09-26,11:22,10:45,DOWN,P3 - Priority Freight,On Time
TRN-10235,Superfast Passenger,Secunderabad-SEC-07,2026-09-05,04:43,04:20,DOWN,P1 - Super High Priority,On Time
TRN-10236,Passenger,Guntakal-SEC-08,2026-09-16,09:21,08:50,DOWN,P3 - Medium Priority,Expected Delay +15m
TRN-10237,Freight Hazardous,Guntakal-SEC-07,2026-09-08,13:25,12:50,UP,P3 - Priority Freight,On Time
TRN-10238,Freight Mineral,Guntur-SEC-02,2026-10-05,19:21,18:45,DOWN,P4 - Normal Freight,On Time
TRN-10239,Freight Container,Secunderabad-SEC-03,2026-10-19,08:21,07:45,UP,P4 - Normal Freight,On Time
TRN-10240,Freight Hazardous,Hyderabad-SEC-07,2026-09-11,02:21,01:45,UP,P3 - Priority Freight,On Time
TRN-10241,Superfast Passenger,Guntakal-SEC-07,2026-10-14,10:10,09:45,DOWN,P1 - Super High Priority,On Time
TRN-10242,Superfast Passenger,Guntur-SEC-08,2026-10-05,13:32,13:10,UP,P1 - Super High Priority,On Time
TRN-10243,Superfast Passenger,Guntakal-SEC-04,2026-09-01,09:36,09:10,DOWN,P1 - Super High Priority,On Time
TRN-10244,Premium Passenger,Guntakal-SEC-03,2026-09-19,15:26,15:00,UP,P1 - Super High Priority,On Time
TRN-10245,Freight Hazardous,Guntur-SEC-07,2026-10-15,17:55,17:15,UP,P3 - Priority Freight,Expected Delay +30m
TRN-10246,Freight Container,Hyderabad-SEC-07,2026-09-22,08:51,08:15,UP,P4 - Normal Freight,On Time
TRN-10247,Freight Container,Secunderabad-SEC-03,2026-09-01,10:47,10:10,UP,P4 - Normal Freight,On Time
TRN-10248,Freight Auto,Vijayawada-SEC-04,2026-10-21,23:22,22:45,DOWN,P4 - Normal Freight,On Time
TRN-10249,Superfast Passenger,Guntur-SEC-06,2026-09-11,00:50,00:30,UP,P1 - Super High Priority,On Time
TRN-10250,Freight Container,Guntur-SEC-05,2026-10-02,09:02,08:30,DOWN,P4 - Normal Freight,On Time
TRN-10251,Freight Container,Vijayawada-SEC-04,2026-10-02,12:38,12:00,DOWN,P4 - Normal Freight,On Time
TRN-10252,Mail/Express,Guntur-SEC-06,2026-10-11,07:42,07:15,DOWN,P2 - High Priority,On Time
TRN-10253,Passenger,Hyderabad-SEC-05,2026-10-08,17:45,17:15,UP,P3 - Medium Priority,On Time
TRN-10254,Freight Container,Secunderabad-SEC-01,2026-09-07,14:23,13:50,DOWN,P4 - Normal Freight,On Time
TRN-10255,Mail/Express,Secunderabad-SEC-04,2026-09-16,15:45,15:15,DOWN,P2 - High Priority,On Time
TRN-10256,Freight Auto,Hyderabad-SEC-03,2026-10-13,10:21,09:45,UP,P4 - Normal Freight,On Time
TRN-10257,Freight Hazardous,Secunderabad-SEC-05,2026-10-12,14:05,13:30,UP,P3 - Priority Freight,On Time
TRN-10258,Passenger,Guntur-SEC-05,2026-10-12,18:39,18:10,UP,P3 - Medium Priority,On Time
TRN-10259,Freight Mineral,Hyderabad-SEC-02,2026-09-11,19:45,19:10,DOWN,P4 - Normal Freight,On Time
TRN-10260,Freight Hazardous,Vijayawada-SEC-01,2026-09-25,15:36,15:00,DOWN,P3 - Priority Freight,On Time
TRN-10261,Superfast Passenger,Hyderabad-SEC-04,2026-10-20,05:10,04:50,DOWN,P1 - Super High Priority,On Time
TRN-10262,Premium Passenger,Hyderabad-SEC-07,2026-09-28,09:44,09:20,DOWN,P1 - Super High Priority,On Time
TRN-10263,Freight Container,Secunderabad-SEC-03,2026-09-19,03:17,02:45,DOWN,P4 - Normal Freight,On Time
TRN-10264,Freight Hazardous,Guntakal-SEC-04,2026-09-07,09:54,09:20,DOWN,P3 - Priority Freight,On Time
TRN-10265,Superfast Passenger,Guntur-SEC-04,2026-10-02,02:37,02:15,UP,P1 - Super High Priority,On Time
TRN-10266,Passenger,Secunderabad-SEC-05,2026-09-28,12:20,11:50,DOWN,P3 - Medium Priority,On Time
TRN-10267,Passenger,Hyderabad-SEC-01,2026-10-11,23:02,22:30,UP,P3 - Medium Priority,On Time
TRN-10268,Freight Container,Guntakal-SEC-02,2026-09-18,01:49,01:15,DOWN,P4 - Normal Freight,Expected Delay +15m
TRN-10269,Mail/Express,Guntakal-SEC-08,2026-09-25,00:58,00:30,UP,P2 - High Priority,On Time
TRN-10270,Premium Passenger,Guntakal-SEC-06,2026-09-08,07:54,07:30,UP,P1 - Super High Priority,On Time
TRN-10271,Freight Container,Secunderabad-SEC-05,2026-09-11,13:53,13:15,DOWN,P4 - Normal Freight,Expected Delay +30m
TRN-10272,Freight Mineral,Hyderabad-SEC-02,2026-09-30,18:57,18:15,DOWN,P4 - Normal Freight,Regulated
TRN-10273,Freight Mineral,Hyderabad-SEC-05,2026-10-01,19:48,19:10,DOWN,P4 - Normal Freight,On Time
TRN-10274,Passenger,Guntur-SEC-06,2026-10-06,07:16,06:45,UP,P3 - Medium Priority,On Time
TRN-10275,Passenger,Secunderabad-SEC-06,2026-10-07,04:31,04:00,DOWN,P3 - Medium Priority,On Time
TRN-10276,Freight Mineral,Guntakal-SEC-07,2026-10-06,18:55,18:15,UP,P4 - Normal Freight,On Time
TRN-10277,Premium Passenger,Guntur-SEC-04,2026-10-08,02:09,01:45,DOWN,P1 - Super High Priority,On Time
TRN-10278,Superfast Passenger,Guntakal-SEC-06,2026-10-16,23:36,23:10,DOWN,P1 - Super High Priority,Expected Delay +15m
TRN-10279,Superfast Passenger,Vijayawada-SEC-02,2026-09-30,00:31,00:10,DOWN,P1 - Super High Priority,Expected Delay +30m
TRN-10280,Mail/Express,Guntakal-SEC-02,2026-09-21,18:44,18:20,DOWN,P2 - High Priority,On Time
TRN-10281,Premium Passenger,Secunderabad-SEC-05,2026-09-09,21:22,21:00,DOWN,P1 - Super High Priority,Expected Delay +30m
TRN-10282,Mail/Express,Guntur-SEC-01,2026-09-11,11:15,10:45,DOWN,P2 - High Priority,On Time
TRN-10283,Freight Container,Guntakal-SEC-02,2026-10-04,14:16,13:45,DOWN,P4 - Normal Freight,On Time
TRN-10284,Mail/Express,Guntakal-SEC-05,2026-10-09,16:00,15:30,DOWN,P2 - High Priority,Expected Delay +15m
TRN-10285,Freight Hazardous,Vijayawada-SEC-08,2026-09-17,03:59,03:20,UP,P3 - Priority Freight,Expected Delay +30m
TRN-10286,Superfast Passenger,Guntakal-SEC-07,2026-10-12,13:31,13:10,UP,P1 - Super High Priority,On Time
TRN-10287,Freight Auto,Guntakal-SEC-03,2026-09-17,00:05,23:30,UP,P4 - Normal Freight,On Time
TRN-10288,Freight Mineral,Hyderabad-SEC-07,2026-10-15,18:26,17:45,DOWN,P4 - Normal Freight,On Time
TRN-10289,Freight Hazardous,Guntakal-SEC-04,2026-09-28,01:48,01:15,DOWN,P3 - Priority Freight,On Time
TRN-10290,Premium Passenger,Hyderabad-SEC-01,2026-10-04,09:29,09:10,UP,P1 - Super High Priority,On Time
TRN-10291,Freight Auto,Vijayawada-SEC-01,2026-09-01,14:05,13:30,UP,P4 - Normal Freight,Expected Delay +15m
TRN-10292,Premium Passenger,Hyderabad-SEC-08,2026-09-16,18:11,17:50,DOWN,P1 - Super High Priority,On Time
TRN-10293,Premium Passenger,Secunderabad-SEC-05,2026-10-10,06:40,06:20,DOWN,P1 - Super High Priority,On Time
TRN-10294,Mail/Express,Hyderabad-SEC-05,2026-09-10,07:45,07:15,DOWN,P2 - High Priority,On Time
TRN-10295,Freight Auto,Vijayawada-SEC-01,2026-09-07,15:19,14:45,DOWN,P4 - Normal Freight,On Time
TRN-10296,Superfast Passenger,Hyderabad-SEC-08,2026-10-13,04:54,04:30,DOWN,P1 - Super High Priority,On Time
TRN-10297,Premium Passenger,Guntur-SEC-07,2026-10-12,09:06,08:45,DOWN,P1 - Super High Priority,On Time
TRN-10298,Freight Auto,Guntakal-SEC-07,2026-10-21,04:21,03:50,DOWN,P4 - Normal Freight,On Time
TRN-10299,Premium Passenger,Guntakal-SEC-03,2026-09-26,23:35,23:15,DOWN,P1 - Super High Priority,On Time
TRN-10300,Passenger,Secunderabad-SEC-05,2026-09-01,17:50,17:15,DOWN,P3 - Medium Priority,Expected Delay +15m
TRN-10301,Freight Auto,Hyderabad-SEC-01,2026-09-07,13:47,13:15,UP,P4 - Normal Freight,On Time
TRN-10302,Passenger,Guntur-SEC-01,2026-10-04,07:21,06:45,UP,P3 - Medium Priority,On Time
TRN-10303,Freight Container,Secunderabad-SEC-01,2026-09-12,03:02,02:30,UP,P4 - Normal Freight,On Time
TRN-10304,Freight Mineral,Secunderabad-SEC-05,2026-09-06,13:27,12:50,DOWN,P4 - Normal Freight,Expected Delay +15m
TRN-10305,Passenger,Vijayawada-SEC-03,2026-09-18,07:48,07:15,UP,P3 - Medium Priority,On Time
TRN-10306,Mail/Express,Guntur-SEC-01,2026-09-30,23:46,23:20,UP,P2 - High Priority,On Time
TRN-10307,Superfast Passenger,Vijayawada-SEC-07,2026-09-27,05:55,05:30,DOWN,P1 - Super High Priority,On Time
TRN-10308,Premium Passenger,Secunderabad-SEC-04,2026-09-07,22:38,22:15,DOWN,P1 - Super High Priority,On Time
TRN-10309,Premium Passenger,Guntur-SEC-07,2026-10-18,05:13,04:50,DOWN,P1 - Super High Priority,On Time
TRN-10310,Freight Auto,Vijayawada-SEC-04,2026-09-14,13:01,12:30,UP,P4 - Normal Freight,Expected Delay +30m
TRN-10311,Freight Hazardous,Hyderabad-SEC-05,2026-09-27,06:47,06:10,DOWN,P3 - Priority Freight,On Time
TRN-10312,Premium Passenger,Vijayawada-SEC-02,2026-09-09,08:43,08:20,DOWN,P1 - Super High Priority,On Time
TRN-10313,Mail/Express,Guntur-SEC-02,2026-10-10,07:09,06:45,UP,P2 - High Priority,On Time
TRN-10314,Freight Hazardous,Vijayawada-SEC-04,2026-10-03,08:38,08:00,DOWN,P3 - Priority Freight,On Time
TRN-10315,Premium Passenger,Hyderabad-SEC-01,2026-10-14,16:41,16:15,UP,P1 - Super High Priority,On Time
TRN-10316,Freight Container,Guntakal-SEC-07,2026-09-07,08:51,08:20,DOWN,P4 - Normal Freight,On Time
TRN-10317,Freight Auto,Hyderabad-SEC-02,2026-09-18,11:54,11:20,DOWN,P4 - Normal Freight,On Time
TRN-10318,Superfast Passenger,Vijayawada-SEC-04,2026-09-07,21:37,21:15,DOWN,P1 - Super High Priority,On Time
TRN-10319,Freight Auto,Guntur-SEC-03,2026-09-10,08:48,08:10,DOWN,P4 - Normal Freight,On Time
TRN-10320,Freight Container,Guntur-SEC-01,2026-10-15,08:47,08:15,UP,P4 - Normal Freight,Expected Delay +15m
TRN-10321,Freight Mineral,Guntakal-SEC-08,2026-09-23,08:56,08:20,DOWN,P4 - Normal Freight,On Time
TRN-10322,Premium Passenger,Secunderabad-SEC-04,2026-09-20,07:09,06:50,UP,P1 - Super High Priority,On Time
TRN-10323,Superfast Passenger,Secunderabad-SEC-03,2026-09-11,01:43,01:20,UP,P1 - Super High Priority,On Time
TRN-10324,Premium Passenger,Hyderabad-SEC-01,2026-09-05,00:30,00:10,UP,P1 - Super High Priority,On Time
TRN-10325,Freight Container,Guntakal-SEC-01,2026-09-30,00:47,00:15,DOWN,P4 - Normal Freight,On Time
TRN-10326,Premium Passenger,Hyderabad-SEC-05,2026-09-25,07:54,07:30,UP,P1 - Super High Priority,On Time
TRN-10327,Mail/Express,Guntakal-SEC-05,2026-10-08,05:14,04:50,DOWN,P2 - High Priority,On Time
TRN-10328,Freight Container,Hyderabad-SEC-08,2026-10-05,08:52,08:20,UP,P4 - Normal Freight,On Time
TRN-10329,Passenger,Vijayawada-SEC-05,2026-09-21,03:03,02:30,DOWN,P3 - Medium Priority,On Time
TRN-10330,Freight Container,Guntakal-SEC-04,2026-10-07,19:06,18:30,DOWN,P4 - Normal Freight,On Time
TRN-10331,Premium Passenger,Secunderabad-SEC-01,2026-10-21,08:46,08:20,DOWN,P1 - Super High Priority,Regulated
TRN-10332,Freight Container,Secunderabad-SEC-06,2026-10-04,03:58,03:20,UP,P4 - Normal Freight,On Time
TRN-10333,Freight Hazardous,Hyderabad-SEC-03,2026-09-18,15:10,14:30,DOWN,P3 - Priority Freight,Expected Delay +15m
TRN-10334,Passenger,Vijayawada-SEC-01,2026-09-15,18:46,18:10,DOWN,P3 - Medium Priority,On Time
TRN-10335,Mail/Express,Guntakal-SEC-02,2026-09-25,06:48,06:20,UP,P2 - High Priority,On Time
TRN-10336,Passenger,Hyderabad-SEC-05,2026-09-20,15:16,14:45,UP,P3 - Medium Priority,On Time
TRN-10337,Mail/Express,Guntakal-SEC-01,2026-10-13,14:14,13:50,UP,P2 - High Priority,On Time
TRN-10338,Mail/Express,Guntakal-SEC-07,2026-10-05,20:58,20:30,DOWN,P2 - High Priority,Expected Delay +15m
TRN-10339,Freight Hazardous,Secunderabad-SEC-08,2026-10-10,04:45,04:10,DOWN,P3 - Priority Freight,On Time
TRN-10340,Mail/Express,Secunderabad-SEC-03,2026-10-19,05:46,05:20,UP,P2 - High Priority,On Time
TRN-10341,Premium Passenger,Guntur-SEC-01,2026-10-16,00:26,00:00,UP,P1 - Super High Priority,On Time
TRN-10342,Superfast Passenger,Hyderabad-SEC-01,2026-10-16,04:52,04:30,UP,P1 - Super High Priority,On Time
TRN-10343,Freight Auto,Secunderabad-SEC-01,2026-09-04,13:28,12:50,DOWN,P4 - Normal Freight,On Time
TRN-10344,Freight Mineral,Guntur-SEC-04,2026-09-26,02:29,01:50,DOWN,P4 - Normal Freight,On Time
TRN-10345,Freight Mineral,Hyderabad-SEC-07,2026-10-01,15:51,15:10,UP,P4 - Normal Freight,On Time
TRN-10346,Freight Auto,Vijayawada-SEC-04,2026-09-17,10:20,09:45,UP,P4 - Normal Freight,On Time
TRN-10347,Freight Mineral,Guntakal-SEC-03,2026-09-01,08:46,08:10,UP,P4 - Normal Freight,On Time
TRN-10348,Freight Mineral,Vijayawada-SEC-08,2026-10-16,00:29,23:50,DOWN,P4 - Normal Freight,On Time
TRN-10349,Passenger,Secunderabad-SEC-02,2026-10-09,12:01,11:30,UP,P3 - Medium Priority,On Time
TRN-10350,Passenger,Hyderabad-SEC-05,2026-10-12,20:51,20:15,UP,P3 - Medium Priority,On Time
TRN-10351,Premium Passenger,Vijayawada-SEC-02,2026-09-19,13:34,13:10,UP,P1 - Super High Priority,Expected Delay +15m
TRN-10352,Freight Hazardous,Guntur-SEC-06,2026-09-28,02:22,01:45,DOWN,P3 - Priority Freight,On Time
TRN-10353,Freight Auto,Guntakal-SEC-05,2026-10-02,00:25,23:50,DOWN,P4 - Normal Freight,On Time
TRN-10354,Freight Mineral,Guntur-SEC-08,2026-09-18,00:30,23:50,UP,P4 - Normal Freight,On Time
TRN-10355,Freight Auto,Hyderabad-SEC-01,2026-10-11,23:33,23:00,UP,P4 - Normal Freight,On Time
TRN-10356,Freight Hazardous,Vijayawada-SEC-01,2026-09-09,08:51,08:15,DOWN,P3 - Priority Freight,On Time
TRN-10357,Freight Hazardous,Guntakal-SEC-07,2026-09-17,17:43,17:10,DOWN,P3 - Priority Freight,Expected Delay +30m
TRN-10358,Freight Container,Secunderabad-SEC-07,2026-09-04,19:06,18:30,UP,P4 - Normal Freight,On Time
TRN-10359,Freight Mineral,Guntakal-SEC-08,2026-10-18,17:39,17:00,UP,P4 - Normal Freight,Regulated
TRN-10360,Superfast Passenger,Secunderabad-SEC-01,2026-09-29,23:42,23:15,UP,P1 - Super High Priority,On Time
TRN-10361,Superfast Passenger,Secunderabad-SEC-05,2026-09-11,20:27,20:00,UP,P1 - Super High Priority,On Time
TRN-10362,Freight Mineral,Hyderabad-SEC-06,2026-10-14,18:50,18:10,UP,P4 - Normal Freight,On Time
TRN-10363,Freight Auto,Guntur-SEC-03,2026-10-10,21:52,21:20,UP,P4 - Normal Freight,On Time
TRN-10364,Superfast Passenger,Hyderabad-SEC-01,2026-09-19,08:42,08:20,UP,P1 - Super High Priority,On Time
TRN-10365,Freight Auto,Hyderabad-SEC-01,2026-09-05,09:52,09:20,UP,P4 - Normal Freight,On Time
TRN-10366,Premium Passenger,Guntakal-SEC-02,2026-09-23,13:36,13:15,UP,P1 - Super High Priority,On Time
TRN-10367,Freight Auto,Secunderabad-SEC-02,2026-09-08,10:03,09:30,DOWN,P4 - Normal Freight,On Time
TRN-10368,Freight Hazardous,Secunderabad-SEC-04,2026-10-14,16:23,15:45,DOWN,P3 - Priority Freight,On Time
TRN-10369,Freight Container,Guntur-SEC-07,2026-09-13,02:24,01:50,UP,P4 - Normal Freight,On Time
TRN-10370,Freight Hazardous,Guntakal-SEC-06,2026-09-01,18:33,18:00,DOWN,P3 - Priority Freight,On Time
TRN-10371,Premium Passenger,Guntakal-SEC-03,2026-09-22,03:50,03:30,DOWN,P1 - Super High Priority,On Time
TRN-10372,Freight Mineral,Guntakal-SEC-02,2026-09-03,13:25,12:50,DOWN,P4 - Normal Freight,On Time
TRN-10373,Freight Auto,Vijayawada-SEC-02,2026-09-10,13:32,13:00,DOWN,P4 - Normal Freight,On Time
TRN-10374,Freight Container,Secunderabad-SEC-07,2026-09-16,09:53,09:20,UP,P4 - Normal Freight,On Time
TRN-10375,Freight Mineral,Guntur-SEC-04,2026-10-20,04:53,04:15,DOWN,P4 - Normal Freight,On Time
TRN-10376,Passenger,Hyderabad-SEC-01,2026-09-29,04:04,03:30,DOWN,P3 - Medium Priority,Regulated
TRN-10377,Premium Passenger,Secunderabad-SEC-02,2026-09-21,15:24,15:00,UP,P1 - Super High Priority,On Time
TRN-10378,Freight Container,Guntur-SEC-06,2026-09-14,23:47,23:15,DOWN,P4 - Normal Freight,On Time
TRN-10379,Mail/Express,Guntur-SEC-07,2026-09-20,15:47,15:20,UP,P2 - High Priority,On Time
TRN-10380,Freight Container,Guntur-SEC-06,2026-09-22,01:02,00:30,UP,P4 - Normal Freight,On Time
TRN-10381,Freight Hazardous,Secunderabad-SEC-04,2026-09-10,15:54,15:15,DOWN,P3 - Priority Freight,On Time
TRN-10382,Freight Container,Guntur-SEC-04,2026-09-23,03:49,03:15,UP,P4 - Normal Freight,On Time
TRN-10383,Freight Mineral,Secunderabad-SEC-02,2026-09-19,15:35,15:00,DOWN,P4 - Normal Freight,On Time
TRN-10384,Freight Container,Guntur-SEC-01,2026-09-20,10:21,09:45,UP,P4 - Normal Freight,On Time
TRN-10385,Mail/Express,Guntakal-SEC-01,2026-09-09,01:47,01:20,UP,P2 - High Priority,On Time
TRN-10386,Mail/Express,Guntakal-SEC-04,2026-09-04,12:00,11:30,UP,P2 - High Priority,Expected Delay +15m
TRN-10387,Freight Auto,Secunderabad-SEC-03,2026-09-15,00:58,00:20,DOWN,P4 - Normal Freight,Expected Delay +30m
TRN-10388,Freight Auto,Hyderabad-SEC-04,2026-09-17,22:23,21:45,DOWN,P4 - Normal Freight,On Time
TRN-10389,Mail/Express,Secunderabad-SEC-01,2026-10-14,19:39,19:10,DOWN,P2 - High Priority,Expected Delay +15m
TRN-10390,Premium Passenger,Secunderabad-SEC-02,2026-10-13,02:06,01:45,DOWN,P1 - Super High Priority,On Time
TRN-10391,Freight Auto,Guntur-SEC-06,2026-10-16,03:47,03:15,DOWN,P4 - Normal Freight,On Time
TRN-10392,Superfast Passenger,Secunderabad-SEC-05,2026-10-04,05:47,05:20,DOWN,P1 - Super High Priority,On Time
TRN-10393,Premium Passenger,Hyderabad-SEC-02,2026-10-06,21:37,21:15,UP,P1 - Super High Priority,On Time
TRN-10394,Premium Passenger,Secunderabad-SEC-03,2026-09-14,17:04,16:45,DOWN,P1 - Super High Priority,Expected Delay +15m
TRN-10395,Freight Container,Secunderabad-SEC-08,2026-10-01,01:02,00:30,UP,P4 - Normal Freight,On Time
TRN-10396,Premium Passenger,Hyderabad-SEC-08,2026-09-17,16:55,16:30,DOWN,P1 - Super High Priority,On Time
TRN-10397,Freight Hazardous,Guntakal-SEC-01,2026-09-09,06:33,06:00,UP,P3 - Priority Freight,On Time
TRN-10398,Freight Mineral,Secunderabad-SEC-08,2026-10-11,08:32,07:50,UP,P4 - Normal Freight,On Time
TRN-10399,Premium Passenger,Guntakal-SEC-05,2026-09-03,16:20,16:00,UP,P1 - Super High Priority,On Time
TRN-10400,Superfast Passenger,Vijayawada-SEC-08,2026-09-13,00:07,23:45,DOWN,P1 - Super High Priority,On Time
TRN-10401,Passenger,Vijayawada-SEC-02,2026-09-21,06:06,05:30,DOWN,P3 - Medium Priority,On Time
TRN-10402,Freight Container,Guntur-SEC-07,2026-09-14,13:22,12:50,UP,P4 - Normal Freight,On Time
TRN-10403,Freight Container,Guntakal-SEC-06,2026-09-03,20:37,20:00,DOWN,P4 - Normal Freight,On Time
TRN-10404,Superfast Passenger,Secunderabad-SEC-02,2026-09-30,21:41,21:15,DOWN,P1 - Super High Priority,On Time
TRN-10405,Passenger,Vijayawada-SEC-03,2026-09-05,16:42,16:10,DOWN,P3 - Medium Priority,Expected Delay +30m
TRN-10406,Freight Container,Guntur-SEC-01,2026-09-11,08:42,08:10,DOWN,P4 - Normal Freight,On Time
TRN-10407,Mail/Express,Vijayawada-SEC-06,2026-10-09,04:24,04:00,DOWN,P2 - High Priority,On Time
TRN-10408,Superfast Passenger,Secunderabad-SEC-08,2026-09-17,09:52,09:30,UP,P1 - Super High Priority,On Time
TRN-10409,Superfast Passenger,Hyderabad-SEC-03,2026-10-11,13:22,13:00,UP,P1 - Super High Priority,On Time
TRN-10410,Freight Mineral,Guntakal-SEC-04,2026-09-25,23:27,22:45,UP,P4 - Normal Freight,On Time
TRN-10411,Freight Mineral,Vijayawada-SEC-06,2026-10-07,08:50,08:10,UP,P4 - Normal Freight,Expected Delay +15m
TRN-10412,Freight Hazardous,Secunderabad-SEC-01,2026-09-22,00:55,00:20,UP,P3 - Priority Freight,On Time
TRN-10413,Premium Passenger,Secunderabad-SEC-04,2026-10-16,06:25,06:00,UP,P1 - Super High Priority,On Time
TRN-10414,Superfast Passenger,Secunderabad-SEC-08,2026-10-12,07:25,07:00,DOWN,P1 - Super High Priority,On Time
TRN-10415,Freight Hazardous,Guntakal-SEC-08,2026-09-07,02:51,02:15,DOWN,P3 - Priority Freight,On Time
TRN-10416,Premium Passenger,Secunderabad-SEC-02,2026-09-09,13:11,12:50,DOWN,P1 - Super High Priority,On Time
TRN-10417,Freight Hazardous,Vijayawada-SEC-05,2026-09-09,08:08,07:30,UP,P3 - Priority Freight,On Time
TRN-10418,Freight Hazardous,Guntur-SEC-03,2026-10-20,12:06,11:30,UP,P3 - Priority Freight,On Time
TRN-10419,Superfast Passenger,Hyderabad-SEC-01,2026-10-17,20:37,20:15,UP,P1 - Super High Priority,On Time
TRN-10420,Freight Hazardous,Hyderabad-SEC-01,2026-09-05,19:37,19:00,UP,P3 - Priority Freight,On Time
TRN-10421,Passenger,Secunderabad-SEC-08,2026-10-02,19:00,18:30,DOWN,P3 - Medium Priority,Expected Delay +15m
TRN-10422,Passenger,Hyderabad-SEC-03,2026-09-30,02:04,01:30,UP,P3 - Medium Priority,On Time
TRN-10423,Premium Passenger,Guntakal-SEC-08,2026-10-19,10:40,10:15,UP,P1 - Super High Priority,Expected Delay +15m
TRN-10424,Freight Container,Hyderabad-SEC-05,2026-09-02,05:52,05:20,DOWN,P4 - Normal Freight,On Time
TRN-10425,Freight Container,Secunderabad-SEC-07,2026-10-06,08:48,08:15,DOWN,P4 - Normal Freight,On Time
TRN-10426,Freight Hazardous,Guntakal-SEC-07,2026-10-20,04:48,04:15,DOWN,P3 - Priority Freight,On Time
TRN-10427,Freight Hazardous,Guntakal-SEC-06,2026-09-27,06:23,05:50,UP,P3 - Priority Freight,Expected Delay +30m
TRN-10428,Mail/Express,Vijayawada-SEC-05,2026-09-17,03:24,03:00,DOWN,P2 - High Priority,On Time
TRN-10429,Superfast Passenger,Hyderabad-SEC-08,2026-09-25,06:56,06:30,DOWN,P1 - Super High Priority,On Time
TRN-10430,Mail/Express,Guntur-SEC-02,2026-09-04,09:13,08:45,DOWN,P2 - High Priority,On Time
TRN-10431,Freight Mineral,Guntakal-SEC-03,2026-10-18,02:54,02:15,DOWN,P4 - Normal Freight,Expected Delay +15m
TRN-10432,Mail/Express,Guntur-SEC-06,2026-09-16,22:41,22:15,DOWN,P2 - High Priority,On Time
TRN-10433,Mail/Express,Hyderabad-SEC-01,2026-10-01,08:50,08:20,UP,P2 - High Priority,Regulated
TRN-10434,Passenger,Hyderabad-SEC-07,2026-10-12,03:39,03:10,DOWN,P3 - Medium Priority,On Time
TRN-10435,Superfast Passenger,Guntakal-SEC-03,2026-10-12,07:42,07:15,DOWN,P1 - Super High Priority,On Time
TRN-10436,Freight Auto,Guntur-SEC-05,2026-09-02,09:22,08:45,UP,P4 - Normal Freight,On Time
TRN-10437,Freight Auto,Secunderabad-SEC-08,2026-09-11,22:54,22:20,UP,P4 - Normal Freight,Regulated
TRN-10438,Passenger,Secunderabad-SEC-07,2026-10-08,22:42,22:10,UP,P3 - Medium Priority,On Time
TRN-10439,Freight Hazardous,Vijayawada-SEC-04,2026-10-19,05:47,05:10,DOWN,P3 - Priority Freight,On Time
TRN-10440,Freight Auto,Guntur-SEC-07,2026-09-25,17:18,16:45,UP,P4 - Normal Freight,On Time
TRN-10441,Freight Hazardous,Secunderabad-SEC-01,2026-09-19,06:49,06:10,DOWN,P3 - Priority Freight,On Time
TRN-10442,Freight Auto,Secunderabad-SEC-02,2026-10-16,00:48,00:10,UP,P4 - Normal Freight,On Time
TRN-10443,Passenger,Hyderabad-SEC-02,2026-09-21,01:14,00:45,DOWN,P3 - Medium Priority,Expected Delay +15m
TRN-10444,Freight Hazardous,Guntakal-SEC-07,2026-09-17,19:19,18:45,DOWN,P3 - Priority Freight,On Time
TRN-10445,Freight Auto,Guntur-SEC-06,2026-10-14,21:28,20:50,DOWN,P4 - Normal Freight,Expected Delay +15m
TRN-10446,Freight Hazardous,Hyderabad-SEC-06,2026-10-05,22:55,22:15,DOWN,P3 - Priority Freight,On Time
TRN-10447,Superfast Passenger,Vijayawada-SEC-07,2026-09-16,06:26,06:00,UP,P1 - Super High Priority,On Time
TRN-10448,Mail/Express,Guntur-SEC-01,2026-09-06,11:42,11:15,DOWN,P2 - High Priority,On Time
TRN-10449,Superfast Passenger,Secunderabad-SEC-03,2026-09-04,05:47,05:20,UP,P1 - Super High Priority,On Time
TRN-10450,Superfast Passenger,Guntur-SEC-02,2026-09-02,11:31,11:10,UP,P1 - Super High Priority,On Time
TRN-10451,Freight Mineral,Secunderabad-SEC-05,2026-09-11,15:00,14:20,DOWN,P4 - Normal Freight,On Time
TRN-10452,Premium Passenger,Vijayawada-SEC-05,2026-10-08,01:46,01:20,UP,P1 - Super High Priority,On Time
TRN-10453,Freight Auto,Hyderabad-SEC-05,2026-09-11,13:08,12:30,UP,P4 - Normal Freight,On Time
TRN-10454,Passenger,Guntur-SEC-02,2026-10-01,07:55,07:20,UP,P3 - Medium Priority,On Time
TRN-10455,Premium Passenger,Guntur-SEC-06,2026-09-02,11:09,10:45,DOWN,P1 - Super High Priority,On Time
TRN-10456,Passenger,Vijayawada-SEC-08,2026-09-30,08:34,08:00,UP,P3 - Medium Priority,Expected Delay +15m
TRN-10457,Mail/Express,Vijayawada-SEC-05,2026-10-11,21:54,21:30,DOWN,P2 - High Priority,On Time
TRN-10458,Freight Container,Hyderabad-SEC-04,2026-10-05,03:22,02:50,DOWN,P4 - Normal Freight,On Time
TRN-10459,Mail/Express,Secunderabad-SEC-06,2026-09-06,13:37,13:10,UP,P2 - High Priority,On Time
TRN-10460,Passenger,Hyderabad-SEC-05,2026-09-15,12:22,11:50,DOWN,P3 - Medium Priority,On Time
TRN-10461,Superfast Passenger,Vijayawada-SEC-07,2026-09-29,21:44,21:20,UP,P1 - Super High Priority,On Time
TRN-10462,Premium Passenger,Guntakal-SEC-05,2026-10-10,04:45,04:20,DOWN,P1 - Super High Priority,Expected Delay +15m
TRN-10463,Superfast Passenger,Vijayawada-SEC-06,2026-09-01,15:05,14:45,DOWN,P1 - Super High Priority,On Time
TRN-10464,Freight Mineral,Secunderabad-SEC-05,2026-10-15,07:56,07:20,UP,P4 - Normal Freight,On Time
TRN-10465,Passenger,Secunderabad-SEC-05,2026-10-07,10:44,10:10,UP,P3 - Medium Priority,On Time
TRN-10466,Mail/Express,Secunderabad-SEC-05,2026-09-19,17:39,17:10,UP,P2 - High Priority,On Time
TRN-10467,Mail/Express,Secunderabad-SEC-04,2026-09-15,03:39,03:10,UP,P2 - High Priority,On Time
TRN-10468,Freight Auto,Guntur-SEC-01,2026-09-10,14:37,14:00,UP,P4 - Normal Freight,On Time
TRN-10469,Freight Hazardous,Guntakal-SEC-08,2026-10-17,07:24,06:50,UP,P3 - Priority Freight,On Time
TRN-10470,Premium Passenger,Hyderabad-SEC-08,2026-10-13,17:39,17:15,DOWN,P1 - Super High Priority,On Time
TRN-10471,Superfast Passenger,Secunderabad-SEC-06,2026-09-15,18:41,18:20,UP,P1 - Super High Priority,On Time
TRN-10472,Freight Container,Secunderabad-SEC-05,2026-10-11,21:05,20:30,DOWN,P4 - Normal Freight,Expected Delay +30m
TRN-10473,Passenger,Guntakal-SEC-02,2026-09-28,22:19,21:45,UP,P3 - Medium Priority,On Time
TRN-10474,Mail/Express,Hyderabad-SEC-04,2026-09-01,06:21,05:50,DOWN,P2 - High Priority,Expected Delay +15m
TRN-10475,Mail/Express,Secunderabad-SEC-05,2026-09-12,22:44,22:15,DOWN,P2 - High Priority,On Time
TRN-10476,Mail/Express,Guntur-SEC-02,2026-10-19,11:45,11:20,UP,P2 - High Priority,On Time
TRN-10477,Freight Mineral,Vijayawada-SEC-07,2026-10-02,13:50,13:15,DOWN,P4 - Normal Freight,On Time
TRN-10478,Passenger,Vijayawada-SEC-08,2026-09-27,04:43,04:10,DOWN,P3 - Medium Priority,On Time
TRN-10479,Freight Auto,Guntur-SEC-02,2026-10-13,06:06,05:30,UP,P4 - Normal Freight,Expected Delay +15m
TRN-10480,Freight Container,Guntakal-SEC-06,2026-10-18,23:41,23:10,DOWN,P4 - Normal Freight,On Time
TRN-10481,Freight Auto,Hyderabad-SEC-01,2026-10-16,22:36,22:00,UP,P4 - Normal Freight,Expected Delay +30m
TRN-10482,Freight Auto,Hyderabad-SEC-07,2026-10-12,01:05,00:30,UP,P4 - Normal Freight,On Time
TRN-10483,Freight Mineral,Secunderabad-SEC-04,2026-10-03,09:00,08:20,DOWN,P4 - Normal Freight,Expected Delay +30m
TRN-10484,Freight Hazardous,Hyderabad-SEC-02,2026-10-05,17:55,17:20,DOWN,P3 - Priority Freight,On Time
TRN-10485,Superfast Passenger,Hyderabad-SEC-04,2026-10-05,20:41,20:20,UP,P1 - Super High Priority,Expected Delay +15m
TRN-10486,Superfast Passenger,Hyderabad-SEC-04,2026-09-23,20:09,19:45,UP,P1 - Super High Priority,On Time
TRN-10487,Freight Auto,Vijayawada-SEC-04,2026-09-15,23:21,22:50,DOWN,P4 - Normal Freight,On Time
TRN-10488,Freight Mineral,Hyderabad-SEC-01,2026-10-12,22:58,22:20,DOWN,P4 - Normal Freight,On Time
TRN-10489,Freight Container,Vijayawada-SEC-07,2026-10-04,06:37,06:00,UP,P4 - Normal Freight,On Time
TRN-10490,Passenger,Guntakal-SEC-03,2026-09-15,19:52,19:20,UP,P3 - Medium Priority,On Time
TRN-10491,Passenger,Guntur-SEC-03,2026-10-21,04:51,04:20,DOWN,P3 - Medium Priority,Expected Delay +15m
TRN-10492,Mail/Express,Vijayawada-SEC-06,2026-10-19,12:13,11:45,DOWN,P2 - High Priority,On Time
TRN-10493,Freight Container,Guntur-SEC-03,2026-10-15,19:21,18:50,DOWN,P4 - Normal Freight,On Time
TRN-10494,Passenger,Guntur-SEC-07,2026-09-14,18:48,18:15,DOWN,P3 - Medium Priority,On Time
TRN-10495,Mail/Express,Hyderabad-SEC-04,2026-10-05,17:16,16:50,DOWN,P2 - High Priority,On Time
TRN-10496,Premium Passenger,Guntakal-SEC-03,2026-09-02,10:07,09:45,DOWN,P1 - Super High Priority,Regulated
TRN-10497,Mail/Express,Guntur-SEC-02,2026-09-22,03:41,03:10,DOWN,P2 - High Priority,Expected Delay +15m
TRN-10498,Freight Mineral,Guntur-SEC-02,2026-09-15,01:35,01:00,UP,P4 - Normal Freight,On Time
TRN-10499,Superfast Passenger,Hyderabad-SEC-02,2026-10-06,20:37,20:10,DOWN,P1 - Super High Priority,On Time
TRN-10500,Superfast Passenger,Guntur-SEC-03,2026-10-15,18:44,18:20,UP,P1 - Super High Priority,On Time
TRN-10501,Premium Passenger,Guntur-SEC-02,2026-10-06,16:04,15:45,DOWN,P1 - Super High Priority,On Time
TRN-10502,Passenger,Guntakal-SEC-08,2026-10-19,15:46,15:15,UP,P3 - Medium Priority,On Time
TRN-10503,Mail/Express,Secunderabad-SEC-02,2026-10-15,19:44,19:15,DOWN,P2 - High Priority,On Time
TRN-10504,Freight Hazardous,Vijayawada-SEC-08,2026-09-09,15:49,15:10,UP,P3 - Priority Freight,On Time
TRN-10505,Freight Mineral,Guntakal-SEC-04,2026-10-15,00:55,00:15,DOWN,P4 - Normal Freight,On Time
TRN-10506,Freight Hazardous,Guntakal-SEC-02,2026-10-12,08:54,08:20,UP,P3 - Priority Freight,On Time
TRN-10507,Passenger,Secunderabad-SEC-07,2026-09-04,16:15,15:45,UP,P3 - Medium Priority,On Time
TRN-10508,Freight Mineral,Guntur-SEC-03,2026-09-23,18:25,17:50,DOWN,P4 - Normal Freight,On Time
TRN-10509,Freight Container,Vijayawada-SEC-05,2026-09-12,02:08,01:30,DOWN,P4 - Normal Freight,On Time
TRN-10510,Passenger,Hyderabad-SEC-04,2026-09-27,04:20,03:50,UP,P3 - Medium Priority,On Time
TRN-10511,Mail/Express,Secunderabad-SEC-07,2026-09-18,21:31,21:00,UP,P2 - High Priority,On Time
TRN-10512,Freight Container,Secunderabad-SEC-06,2026-09-10,14:53,14:20,UP,P4 - Normal Freight,On Time
TRN-10513,Freight Mineral,Vijayawada-SEC-07,2026-10-21,16:27,15:50,DOWN,P4 - Normal Freight,On Time
TRN-10514,Premium Passenger,Vijayawada-SEC-06,2026-09-18,19:24,19:00,UP,P1 - Super High Priority,On Time
TRN-10515,Freight Container,Hyderabad-SEC-08,2026-09-17,18:55,18:20,DOWN,P4 - Normal Freight,On Time
TRN-10516,Passenger,Vijayawada-SEC-05,2026-10-12,11:06,10:30,UP,P3 - Medium Priority,On Time
TRN-10517,Mail/Express,Guntur-SEC-06,2026-09-02,21:19,20:50,UP,P2 - High Priority,On Time
TRN-10518,Freight Container,Guntur-SEC-03,2026-10-02,05:38,05:00,UP,P4 - Normal Freight,On Time
TRN-10519,Premium Passenger,Guntur-SEC-03,2026-09-29,03:11,02:45,UP,P1 - Super High Priority,On Time
TRN-10520,Premium Passenger,Secunderabad-SEC-08,2026-09-15,18:56,18:30,UP,P1 - Super High Priority,On Time
TRN-10521,Freight Container,Hyderabad-SEC-03,2026-09-24,11:21,10:50,DOWN,P4 - Normal Freight,On Time
TRN-10522,Superfast Passenger,Guntakal-SEC-08,2026-09-20,10:44,10:20,UP,P1 - Super High Priority,On Time
TRN-10523,Mail/Express,Hyderabad-SEC-02,2026-09-19,15:36,15:10,UP,P2 - High Priority,Expected Delay +15m
TRN-10524,Mail/Express,Guntur-SEC-02,2026-09-20,13:54,13:30,DOWN,P2 - High Priority,On Time
TRN-10525,Freight Container,Vijayawada-SEC-01,2026-09-10,15:49,15:15,UP,P4 - Normal Freight,On Time
TRN-10526,Superfast Passenger,Hyderabad-SEC-04,2026-10-11,19:14,18:50,UP,P1 - Super High Priority,On Time
TRN-10527,Superfast Passenger,Secunderabad-SEC-07,2026-10-15,14:53,14:30,DOWN,P1 - Super High Priority,On Time
TRN-10528,Freight Hazardous,Hyderabad-SEC-01,2026-09-12,11:53,11:15,UP,P3 - Priority Freight,On Time
TRN-10529,Superfast Passenger,Guntur-SEC-04,2026-09-24,15:32,15:10,DOWN,P1 - Super High Priority,On Time
TRN-10530,Freight Mineral,Guntakal-SEC-03,2026-09-03,12:02,11:20,DOWN,P4 - Normal Freight,Expected Delay +15m
TRN-10531,Premium Passenger,Vijayawada-SEC-02,2026-10-06,17:20,17:00,UP,P1 - Super High Priority,On Time
TRN-10532,Passenger,Vijayawada-SEC-08,2026-09-01,04:20,03:50,UP,P3 - Medium Priority,Expected Delay +15m
TRN-10533,Freight Mineral,Secunderabad-SEC-02,2026-10-15,21:47,21:10,DOWN,P4 - Normal Freight,On Time
TRN-10534,Freight Hazardous,Guntur-SEC-05,2026-09-14,19:25,18:50,DOWN,P3 - Priority Freight,On Time
TRN-10535,Superfast Passenger,Secunderabad-SEC-05,2026-10-15,19:31,19:10,UP,P1 - Super High Priority,On Time
TRN-10536,Mail/Express,Guntakal-SEC-06,2026-10-06,08:12,07:45,DOWN,P2 - High Priority,On Time
TRN-10537,Freight Hazardous,Hyderabad-SEC-03,2026-10-18,10:23,09:45,UP,P3 - Priority Freight,On Time
TRN-10538,Freight Container,Guntakal-SEC-01,2026-09-06,18:26,17:50,UP,P4 - Normal Freight,On Time
TRN-10539,Mail/Express,Guntakal-SEC-05,2026-10-20,15:31,15:00,UP,P2 - High Priority,On Time
TRN-10540,Superfast Passenger,Secunderabad-SEC-07,2026-09-18,22:39,22:15,UP,P1 - Super High Priority,Expected Delay +15m
TRN-10541,Freight Hazardous,Vijayawada-SEC-06,2026-09-01,13:58,13:20,UP,P3 - Priority Freight,On Time
TRN-10542,Freight Container,Vijayawada-SEC-07,2026-10-09,16:34,16:00,DOWN,P4 - Normal Freight,On Time
TRN-10543,Freight Hazardous,Hyderabad-SEC-03,2026-09-15,08:08,07:30,DOWN,P3 - Priority Freight,Expected Delay +15m
TRN-10544,Freight Auto,Guntakal-SEC-02,2026-10-02,03:23,02:45,DOWN,P4 - Normal Freight,On Time
TRN-10545,Freight Auto,Guntakal-SEC-05,2026-10-16,10:56,10:20,DOWN,P4 - Normal Freight,On Time
TRN-10546,Superfast Passenger,Vijayawada-SEC-04,2026-09-24,13:25,13:00,UP,P1 - Super High Priority,On Time
TRN-10547,Freight Container,Guntakal-SEC-08,2026-10-02,05:42,05:10,UP,P4 - Normal Freight,On Time
TRN-10548,Freight Container,Guntur-SEC-05,2026-09-01,10:21,09:45,UP,P4 - Normal Freight,Regulated
TRN-10549,Passenger,Vijayawada-SEC-03,2026-09-14,20:41,20:10,DOWN,P3 - Medium Priority,Expected Delay +15m
TRN-10550,Superfast Passenger,Guntur-SEC-04,2026-10-13,10:57,10:30,DOWN,P1 - Super High Priority,Expected Delay +15m
TRN-10551,Passenger,Guntur-SEC-05,2026-10-13,15:26,14:50,UP,P3 - Medium Priority,On Time
TRN-10552,Freight Container,Secunderabad-SEC-01,2026-09-18,08:24,07:50,DOWN,P4 - Normal Freight,Expected Delay +30m
TRN-10553,Superfast Passenger,Vijayawada-SEC-03,2026-10-04,09:44,09:20,UP,P1 - Super High Priority,Expected Delay +30m
TRN-10554,Mail/Express,Vijayawada-SEC-05,2026-09-05,08:25,08:00,DOWN,P2 - High Priority,On Time
TRN-10555,Superfast Passenger,Guntakal-SEC-02,2026-09-22,18:37,18:15,UP,P1 - Super High Priority,On Time
TRN-10556,Freight Mineral,Vijayawada-SEC-05,2026-09-07,22:26,21:45,DOWN,P4 - Normal Freight,Expected Delay +30m
TRN-10557,Mail/Express,Guntur-SEC-02,2026-09-25,20:13,19:45,DOWN,P2 - High Priority,On Time
TRN-10558,Premium Passenger,Secunderabad-SEC-07,2026-09-26,09:40,09:20,UP,P1 - Super High Priority,Regulated
TRN-10559,Freight Container,Guntakal-SEC-06,2026-09-14,22:49,22:15,UP,P4 - Normal Freight,On Time
TRN-10560,Premium Passenger,Guntur-SEC-03,2026-09-29,19:09,18:50,UP,P1 - Super High Priority,On Time
TRN-10561,Premium Passenger,Guntakal-SEC-01,2026-10-13,01:55,01:30,DOWN,P1 - Super High Priority,On Time
TRN-10562,Premium Passenger,Secunderabad-SEC-06,2026-10-18,00:37,00:15,UP,P1 - Super High Priority,Expected Delay +30m
TRN-10563,Freight Auto,Guntakal-SEC-03,2026-09-27,18:18,17:45,DOWN,P4 - Normal Freight,On Time
TRN-10564,Superfast Passenger,Guntur-SEC-03,2026-09-01,13:20,13:00,UP,P1 - Super High Priority,On Time
TRN-10565,Freight Mineral,Secunderabad-SEC-05,2026-10-08,13:47,13:10,DOWN,P4 - Normal Freight,On Time
TRN-10566,Passenger,Guntakal-SEC-03,2026-10-20,12:54,12:20,DOWN,P3 - Medium Priority,On Time
TRN-10567,Superfast Passenger,Secunderabad-SEC-04,2026-10-16,11:56,11:30,DOWN,P1 - Super High Priority,On Time
TRN-10568,Mail/Express,Hyderabad-SEC-04,2026-10-11,12:58,12:30,DOWN,P2 - High Priority,On Time
TRN-10569,Freight Auto,Guntakal-SEC-03,2026-10-18,02:54,02:20,UP,P4 - Normal Freight,On Time
TRN-10570,Freight Hazardous,Guntur-SEC-05,2026-09-28,21:05,20:30,UP,P3 - Priority Freight,Expected Delay +15m
TRN-10571,Mail/Express,Secunderabad-SEC-07,2026-10-10,07:24,07:00,DOWN,P2 - High Priority,On Time
TRN-10572,Freight Hazardous,Secunderabad-SEC-04,2026-09-20,04:47,04:10,UP,P3 - Priority Freight,On Time
TRN-10573,Freight Container,Guntur-SEC-05,2026-10-05,15:51,15:15,DOWN,P4 - Normal Freight,On Time
TRN-10574,Premium Passenger,Guntur-SEC-08,2026-10-21,18:36,18:10,UP,P1 - Super High Priority,Regulated
TRN-10575,Freight Mineral,Vijayawada-SEC-05,2026-10-04,02:10,01:30,DOWN,P4 - Normal Freight,On Time
TRN-10576,Freight Mineral,Secunderabad-SEC-03,2026-10-14,20:49,20:10,DOWN,P4 - Normal Freight,On Time
TRN-10577,Premium Passenger,Guntur-SEC-06,2026-09-28,12:45,12:20,UP,P1 - Super High Priority,On Time
TRN-10578,Superfast Passenger,Guntakal-SEC-01,2026-10-03,13:07,12:45,UP,P1 - Super High Priority,Expected Delay +15m
TRN-10579,Passenger,Guntur-SEC-08,2026-10-14,16:19,15:50,UP,P3 - Medium Priority,On Time
TRN-10580,Freight Mineral,Guntur-SEC-02,2026-09-02,07:38,07:00,DOWN,P4 - Normal Freight,On Time
TRN-10581,Superfast Passenger,Vijayawada-SEC-05,2026-09-01,14:23,14:00,UP,P1 - Super High Priority,Expected Delay +15m
TRN-10582,Premium Passenger,Secunderabad-SEC-03,2026-10-20,05:19,05:00,DOWN,P1 - Super High Priority,Expected Delay +15m
TRN-10583,Passenger,Vijayawada-SEC-04,2026-09-25,22:36,22:00,DOWN,P3 - Medium Priority,Expected Delay +15m
TRN-10584,Freight Mineral,Guntur-SEC-06,2026-09-10,10:55,10:15,DOWN,P4 - Normal Freight,On Time
TRN-10585,Freight Auto,Vijayawada-SEC-05,2026-10-19,23:43,23:10,UP,P4 - Normal Freight,Expected Delay +15m
TRN-10586,Freight Auto,Guntakal-SEC-07,2026-10-01,21:22,20:50,DOWN,P4 - Normal Freight,On Time
TRN-10587,Freight Mineral,Secunderabad-SEC-05,2026-10-12,19:40,19:00,DOWN,P4 - Normal Freight,On Time
TRN-10588,Freight Container,Vijayawada-SEC-05,2026-09-04,18:27,17:50,DOWN,P4 - Normal Freight,On Time
TRN-10589,Freight Hazardous,Hyderabad-SEC-08,2026-09-09,13:49,13:15,UP,P3 - Priority Freight,Expected Delay +15m
TRN-10590,Superfast Passenger,Guntur-SEC-05,2026-09-13,16:35,16:10,DOWN,P1 - Super High Priority,On Time
TRN-10591,Mail/Express,Guntakal-SEC-03,2026-10-09,17:55,17:30,UP,P2 - High Priority,Expected Delay +15m
TRN-10592,Passenger,Secunderabad-SEC-03,2026-09-12,05:14,04:45,UP,P3 - Medium Priority,On Time
TRN-10593,Freight Mineral,Vijayawada-SEC-03,2026-09-20,08:01,07:20,UP,P4 - Normal Freight,On Time
TRN-10594,Freight Hazardous,Secunderabad-SEC-02,2026-10-07,17:25,16:45,UP,P3 - Priority Freight,On Time
TRN-10595,Freight Mineral,Guntakal-SEC-03,2026-09-04,20:49,20:10,DOWN,P4 - Normal Freight,On Time
TRN-10596,Freight Hazardous,Guntakal-SEC-06,2026-10-01,04:09,03:30,UP,P3 - Priority Freight,On Time
TRN-10597,Freight Hazardous,Hyderabad-SEC-02,2026-09-30,04:54,04:20,DOWN,P3 - Priority Freight,On Time
TRN-10598,Freight Container,Guntakal-SEC-05,2026-09-11,19:27,18:50,UP,P4 - Normal Freight,On Time
TRN-10599,Superfast Passenger,Secunderabad-SEC-01,2026-10-09,21:05,20:45,UP,P1 - Super High Priority,Expected Delay +15m
TRN-10600,Mail/Express,Secunderabad-SEC-02,2026-09-03,09:46,09:20,DOWN,P2 - High Priority,On Time
TRN-10601,Freight Container,Guntur-SEC-02,2026-10-05,06:34,06:00,DOWN,P4 - Normal Freight,Expected Delay +15m
TRN-10602,Freight Mineral,Guntakal-SEC-05,2026-10-19,03:57,03:20,UP,P4 - Normal Freight,Expected Delay +30m
TRN-10603,Mail/Express,Hyderabad-SEC-01,2026-10-20,22:40,22:10,DOWN,P2 - High Priority,On Time
TRN-10604,Superfast Passenger,Secunderabad-SEC-01,2026-09-26,04:11,03:50,DOWN,P1 - Super High Priority,On Time
TRN-10605,Superfast Passenger,Vijayawada-SEC-08,2026-09-12,09:10,08:50,DOWN,P1 - Super High Priority,Expected Delay +30m
TRN-10606,Freight Mineral,Hyderabad-SEC-02,2026-09-10,12:21,11:45,UP,P4 - Normal Freight,On Time
TRN-10607,Superfast Passenger,Hyderabad-SEC-08,2026-10-02,06:47,06:20,DOWN,P1 - Super High Priority,On Time
TRN-10608,Mail/Express,Secunderabad-SEC-06,2026-09-18,04:28,04:00,DOWN,P2 - High Priority,On Time
TRN-10609,Freight Mineral,Secunderabad-SEC-01,2026-09-01,14:11,13:30,DOWN,P4 - Normal Freight,Regulated
TRN-10610,Freight Hazardous,Guntakal-SEC-06,2026-09-01,04:25,03:45,DOWN,P3 - Priority Freight,On Time
TRN-10611,Freight Mineral,Guntur-SEC-07,2026-10-18,06:09,05:30,DOWN,P4 - Normal Freight,On Time
TRN-10612,Freight Auto,Guntakal-SEC-08,2026-10-17,18:27,17:50,UP,P4 - Normal Freight,On Time
TRN-10613,Passenger,Vijayawada-SEC-01,2026-09-11,02:50,02:20,DOWN,P3 - Medium Priority,On Time
TRN-10614,Freight Hazardous,Secunderabad-SEC-04,2026-10-06,06:37,06:00,DOWN,P3 - Priority Freight,On Time
TRN-10615,Premium Passenger,Guntur-SEC-03,2026-10-15,20:49,20:30,UP,P1 - Super High Priority,On Time
TRN-10616,Freight Auto,Vijayawada-SEC-07,2026-09-01,02:42,02:10,UP,P4 - Normal Freight,On Time
TRN-10617,Freight Hazardous,Hyderabad-SEC-05,2026-10-17,22:29,21:50,DOWN,P3 - Priority Freight,On Time
TRN-10618,Freight Auto,Hyderabad-SEC-01,2026-10-13,08:50,08:15,UP,P4 - Normal Freight,On Time
TRN-10619,Freight Hazardous,Vijayawada-SEC-05,2026-09-04,15:26,14:50,DOWN,P3 - Priority Freight,On Time
TRN-10620,Premium Passenger,Secunderabad-SEC-01,2026-10-03,10:04,09:45,UP,P1 - Super High Priority,On Time
TRN-10621,Freight Mineral,Secunderabad-SEC-03,2026-10-08,16:00,15:20,UP,P4 - Normal Freight,On Time
TRN-10622,Passenger,Vijayawada-SEC-08,2026-10-16,13:51,13:15,DOWN,P3 - Medium Priority,On Time
TRN-10623,Freight Mineral,Vijayawada-SEC-03,2026-10-21,02:30,01:50,UP,P4 - Normal Freight,On Time
TRN-10624,Freight Container,Secunderabad-SEC-01,2026-10-16,06:08,05:30,DOWN,P4 - Normal Freight,On Time
TRN-10625,Premium Passenger,Guntakal-SEC-06,2026-09-07,10:43,10:20,UP,P1 - Super High Priority,On Time
TRN-10626,Premium Passenger,Hyderabad-SEC-04,2026-10-16,11:40,11:15,DOWN,P1 - Super High Priority,Expected Delay +15m
TRN-10627,Freight Mineral,Secunderabad-SEC-04,2026-09-04,09:25,08:50,UP,P4 - Normal Freight,On Time
TRN-10628,Freight Hazardous,Hyderabad-SEC-07,2026-10-09,02:55,02:15,DOWN,P3 - Priority Freight,On Time
TRN-10629,Premium Passenger,Secunderabad-SEC-04,2026-09-26,11:45,11:20,UP,P1 - Super High Priority,On Time
TRN-10630,Premium Passenger,Vijayawada-SEC-01,2026-09-25,02:11,01:50,DOWN,P1 - Super High Priority,On Time
TRN-10631,Freight Container,Guntakal-SEC-04,2026-09-22,03:34,03:00,UP,P4 - Normal Freight,Expected Delay +30m
TRN-10632,Freight Mineral,Vijayawada-SEC-04,2026-10-11,16:27,15:45,DOWN,P4 - Normal Freight,On Time
TRN-10633,Superfast Passenger,Secunderabad-SEC-04,2026-09-20,17:43,17:20,DOWN,P1 - Super High Priority,On Time
TRN-10634,Freight Container,Guntur-SEC-02,2026-09-18,04:18,03:45,DOWN,P4 - Normal Freight,Expected Delay +15m
TRN-10635,Superfast Passenger,Secunderabad-SEC-08,2026-10-04,20:40,20:20,DOWN,P1 - Super High Priority,On Time
TRN-10636,Freight Mineral,Guntur-SEC-03,2026-09-07,09:00,08:20,DOWN,P4 - Normal Freight,On Time
TRN-10637,Freight Mineral,Secunderabad-SEC-03,2026-09-07,14:51,14:10,UP,P4 - Normal Freight,On Time
TRN-10638,Freight Container,Hyderabad-SEC-01,2026-09-28,15:19,14:45,DOWN,P4 - Normal Freight,On Time
TRN-10639,Freight Auto,Vijayawada-SEC-01,2026-10-17,05:02,04:30,UP,P4 - Normal Freight,On Time
TRN-10640,Mail/Express,Vijayawada-SEC-01,2026-10-03,08:14,07:45,UP,P2 - High Priority,On Time
TRN-10641,Freight Mineral,Hyderabad-SEC-05,2026-09-23,19:25,18:45,UP,P4 - Normal Freight,On Time
TRN-10642,Superfast Passenger,Secunderabad-SEC-04,2026-09-28,19:05,18:45,UP,P1 - Super High Priority,On Time
TRN-10643,Passenger,Guntakal-SEC-04,2026-10-18,08:52,08:20,DOWN,P3 - Medium Priority,On Time
TRN-10644,Passenger,Guntakal-SEC-04,2026-10-13,17:54,17:20,UP,P3 - Medium Priority,On Time
TRN-10645,Freight Container,Hyderabad-SEC-05,2026-09-11,15:33,15:00,DOWN,P4 - Normal Freight,On Time
TRN-10646,Freight Container,Guntakal-SEC-07,2026-09-30,22:58,22:20,DOWN,P4 - Normal Freight,On Time
TRN-10647,Mail/Express,Guntur-SEC-01,2026-09-01,12:26,12:00,UP,P2 - High Priority,Expected Delay +15m
TRN-10648,Freight Container,Hyderabad-SEC-08,2026-10-21,23:28,22:50,UP,P4 - Normal Freight,Expected Delay +30m
TRN-10649,Mail/Express,Vijayawada-SEC-04,2026-09-28,02:44,02:20,DOWN,P2 - High Priority,Expected Delay +15m
TRN-10650,Passenger,Secunderabad-SEC-01,2026-10-11,04:00,03:30,UP,P3 - Medium Priority,On Time
TRN-10651,Freight Mineral,Hyderabad-SEC-07,2026-10-08,01:42,01:00,UP,P4 - Normal Freight,Expected Delay +15m
TRN-10652,Freight Hazardous,Secunderabad-SEC-01,2026-09-04,23:55,23:20,UP,P3 - Priority Freight,On Time
TRN-10653,Freight Container,Guntakal-SEC-08,2026-09-12,23:26,22:50,UP,P4 - Normal Freight,On Time
TRN-10654,Superfast Passenger,Hyderabad-SEC-06,2026-09-07,22:30,22:10,UP,P1 - Super High Priority,On Time
TRN-10655,Passenger,Vijayawada-SEC-05,2026-09-04,18:50,18:20,UP,P3 - Medium Priority,On Time
TRN-10656,Freight Hazardous,Guntur-SEC-02,2026-09-07,12:55,12:15,DOWN,P3 - Priority Freight,On Time
TRN-10657,Freight Mineral,Hyderabad-SEC-03,2026-09-28,10:55,10:15,UP,P4 - Normal Freight,On Time
TRN-10658,Freight Mineral,Guntakal-SEC-04,2026-10-09,01:10,00:30,DOWN,P4 - Normal Freight,On Time
TRN-10659,Passenger,Hyderabad-SEC-04,2026-09-03,22:29,22:00,DOWN,P3 - Medium Priority,On Time
TRN-10660,Freight Hazardous,Guntakal-SEC-03,2026-09-06,06:33,06:00,DOWN,P3 - Priority Freight,On Time
TRN-10661,Mail/Express,Secunderabad-SEC-08,2026-09-01,17:16,16:45,DOWN,P2 - High Priority,On Time
TRN-10662,Mail/Express,Hyderabad-SEC-03,2026-09-12,18:41,18:15,DOWN,P2 - High Priority,On Time
TRN-10663,Passenger,Guntakal-SEC-08,2026-09-13,05:18,04:45,UP,P3 - Medium Priority,On Time
TRN-10664,Passenger,Vijayawada-SEC-08,2026-09-13,08:47,08:15,DOWN,P3 - Medium Priority,On Time
TRN-10665,Superfast Passenger,Guntakal-SEC-01,2026-10-15,08:15,07:50,DOWN,P1 - Super High Priority,On Time
TRN-10666,Passenger,Guntakal-SEC-02,2026-10-18,19:31,19:00,UP,P3 - Medium Priority,On Time
TRN-10667,Freight Container,Guntur-SEC-08,2026-10-02,22:23,21:50,DOWN,P4 - Normal Freight,On Time
TRN-10668,Mail/Express,Guntakal-SEC-07,2026-09-28,08:24,08:00,DOWN,P2 - High Priority,On Time
TRN-10669,Freight Container,Guntur-SEC-07,2026-10-19,21:44,21:10,UP,P4 - Normal Freight,Regulated
TRN-10670,Mail/Express,Vijayawada-SEC-03,2026-10-01,22:39,22:10,DOWN,P2 - High Priority,On Time
TRN-10671,Passenger,Guntur-SEC-02,2026-10-01,04:20,03:45,DOWN,P3 - Medium Priority,On Time
TRN-10672,Freight Container,Guntakal-SEC-06,2026-10-10,22:55,22:20,UP,P4 - Normal Freight,On Time
TRN-10673,Freight Container,Vijayawada-SEC-08,2026-10-02,08:01,07:30,UP,P4 - Normal Freight,Expected Delay +15m
TRN-10674,Passenger,Vijayawada-SEC-08,2026-09-06,16:34,16:00,UP,P3 - Medium Priority,On Time
TRN-10675,Freight Container,Hyderabad-SEC-05,2026-09-03,07:26,06:50,UP,P4 - Normal Freight,On Time
TRN-10676,Freight Mineral,Guntur-SEC-03,2026-09-28,03:41,03:00,UP,P4 - Normal Freight,On Time
TRN-10677,Freight Auto,Guntur-SEC-08,2026-09-21,09:19,08:45,DOWN,P4 - Normal Freight,On Time
TRN-10678,Premium Passenger,Vijayawada-SEC-04,2026-10-17,07:21,07:00,DOWN,P1 - Super High Priority,On Time
TRN-10679,Superfast Passenger,Guntur-SEC-03,2026-09-28,22:14,21:50,DOWN,P1 - Super High Priority,On Time
TRN-10680,Superfast Passenger,Vijayawada-SEC-05,2026-10-10,16:42,16:20,DOWN,P1 - Super High Priority,On Time
TRN-10681,Premium Passenger,Guntur-SEC-05,2026-09-27,06:31,06:10,DOWN,P1 - Super High Priority,On Time
TRN-10682,Mail/Express,Secunderabad-SEC-02,2026-10-12,16:09,15:45,UP,P2 - High Priority,On Time
TRN-10683,Freight Mineral,Hyderabad-SEC-01,2026-10-20,14:23,13:45,UP,P4 - Normal Freight,On Time
TRN-10684,Freight Auto,Secunderabad-SEC-06,2026-10-04,23:56,23:20,UP,P4 - Normal Freight,On Time
TRN-10685,Freight Hazardous,Guntur-SEC-02,2026-09-23,17:03,16:30,UP,P3 - Priority Freight,On Time
TRN-10686,Premium Passenger,Guntur-SEC-06,2026-09-23,18:35,18:10,UP,P1 - Super High Priority,On Time
TRN-10687,Superfast Passenger,Secunderabad-SEC-03,2026-09-28,01:24,01:00,UP,P1 - Super High Priority,Expected Delay +15m
TRN-10688,Premium Passenger,Hyderabad-SEC-08,2026-10-10,02:41,02:15,UP,P1 - Super High Priority,On Time
TRN-10689,Freight Container,Guntakal-SEC-01,2026-10-13,04:22,03:50,DOWN,P4 - Normal Freight,On Time
TRN-10690,Mail/Express,Hyderabad-SEC-06,2026-09-04,18:36,18:10,DOWN,P2 - High Priority,On Time
TRN-10691,Premium Passenger,Guntakal-SEC-04,2026-10-08,06:09,05:45,DOWN,P1 - Super High Priority,Expected Delay +15m
TRN-10692,Freight Container,Vijayawada-SEC-06,2026-09-20,15:53,15:20,DOWN,P4 - Normal Freight,Expected Delay +15m
TRN-10693,Superfast Passenger,Hyderabad-SEC-04,2026-10-03,15:10,14:50,DOWN,P1 - Super High Priority,On Time
TRN-10694,Freight Mineral,Guntakal-SEC-02,2026-09-28,03:23,02:45,UP,P4 - Normal Freight,Expected Delay +15m
TRN-10695,Premium Passenger,Guntakal-SEC-06,2026-10-14,08:41,08:20,DOWN,P1 - Super High Priority,On Time
TRN-10696,Passenger,Guntur-SEC-06,2026-10-06,18:20,17:45,DOWN,P3 - Medium Priority,On Time
TRN-10697,Superfast Passenger,Vijayawada-SEC-07,2026-10-14,20:31,20:10,UP,P1 - Super High Priority,On Time
TRN-10698,Mail/Express,Vijayawada-SEC-08,2026-09-21,09:55,09:30,DOWN,P2 - High Priority,On Time
TRN-10699,Freight Container,Secunderabad-SEC-04,2026-09-23,23:56,23:20,UP,P4 - Normal Freight,Expected Delay +15m
TRN-10700,Freight Container,Guntur-SEC-05,2026-09-07,07:01,06:30,UP,P4 - Normal Freight,On Time
TRN-10701,Freight Container,Guntakal-SEC-05,2026-10-09,20:48,20:15,UP,P4 - Normal Freight,On Time
TRN-10702,Freight Auto,Vijayawada-SEC-08,2026-10-18,04:53,04:20,DOWN,P4 - Normal Freight,On Time
TRN-10703,Freight Auto,Guntakal-SEC-07,2026-10-12,11:21,10:45,DOWN,P4 - Normal Freight,On Time
TRN-10704,Freight Hazardous,Secunderabad-SEC-05,2026-09-25,20:25,19:45,DOWN,P3 - Priority Freight,On Time
TRN-10705,Freight Hazardous,Guntur-SEC-01,2026-10-16,03:34,03:00,DOWN,P3 - Priority Freight,On Time
TRN-10706,Freight Hazardous,Vijayawada-SEC-06,2026-09-16,09:04,08:30,DOWN,P3 - Priority Freight,On Time
TRN-10707,Freight Hazardous,Vijayawada-SEC-07,2026-10-15,20:23,19:50,DOWN,P3 - Priority Freight,Expected Delay +30m
TRN-10708,Freight Container,Secunderabad-SEC-07,2026-09-23,13:34,13:00,DOWN,P4 - Normal Freight,On Time
TRN-10709,Freight Mineral,Guntur-SEC-08,2026-09-19,20:40,20:00,UP,P4 - Normal Freight,On Time
TRN-10710,Mail/Express,Vijayawada-SEC-03,2026-10-12,15:39,15:15,DOWN,P2 - High Priority,On Time
TRN-10711,Passenger,Vijayawada-SEC-06,2026-10-12,13:15,12:45,DOWN,P3 - Medium Priority,On Time
TRN-10712,Superfast Passenger,Vijayawada-SEC-03,2026-10-20,13:22,13:00,DOWN,P1 - Super High Priority,On Time
TRN-10713,Mail/Express,Guntakal-SEC-02,2026-10-03,13:42,13:15,UP,P2 - High Priority,Expected Delay +15m
TRN-10714,Passenger,Hyderabad-SEC-05,2026-10-17,01:00,00:30,UP,P3 - Medium Priority,On Time
TRN-10715,Superfast Passenger,Guntur-SEC-08,2026-09-06,10:10,09:50,DOWN,P1 - Super High Priority,On Time
TRN-10716,Passenger,Hyderabad-SEC-05,2026-10-16,01:02,00:30,DOWN,P3 - Medium Priority,On Time
TRN-10717,Mail/Express,Guntakal-SEC-02,2026-09-27,13:16,12:50,UP,P2 - High Priority,Regulated
TRN-10718,Freight Mineral,Vijayawada-SEC-02,2026-10-02,23:57,23:20,DOWN,P4 - Normal Freight,Expected Delay +15m
TRN-10719,Mail/Express,Secunderabad-SEC-04,2026-10-20,06:14,05:45,UP,P2 - High Priority,On Time
TRN-10720,Superfast Passenger,Hyderabad-SEC-03,2026-09-23,21:37,21:10,DOWN,P1 - Super High Priority,On Time
TRN-10721,Freight Mineral,Guntakal-SEC-08,2026-09-03,10:52,10:10,UP,P4 - Normal Freight,On Time
TRN-10722,Freight Mineral,Guntakal-SEC-06,2026-10-13,18:56,18:20,DOWN,P4 - Normal Freight,On Time
TRN-10723,Premium Passenger,Vijayawada-SEC-08,2026-09-23,07:35,07:15,UP,P1 - Super High Priority,On Time
TRN-10724,Mail/Express,Guntur-SEC-08,2026-09-30,16:29,16:00,UP,P2 - High Priority,On Time
TRN-10725,Freight Mineral,Guntur-SEC-07,2026-10-19,03:02,02:20,DOWN,P4 - Normal Freight,On Time
TRN-10726,Freight Hazardous,Vijayawada-SEC-05,2026-09-25,16:43,16:10,UP,P3 - Priority Freight,On Time
TRN-10727,Freight Auto,Guntur-SEC-07,2026-09-20,08:25,07:50,UP,P4 - Normal Freight,On Time
TRN-10728,Freight Mineral,Hyderabad-SEC-07,2026-10-21,05:20,04:45,UP,P4 - Normal Freight,On Time
TRN-10729,Mail/Express,Guntakal-SEC-04,2026-10-03,10:40,10:15,UP,P2 - High Priority,On Time
TRN-10730,Mail/Express,Guntakal-SEC-07,2026-09-19,23:55,23:30,UP,P2 - High Priority,On Time
TRN-10731,Freight Mineral,Vijayawada-SEC-04,2026-09-24,22:39,22:00,DOWN,P4 - Normal Freight,Expected Delay +15m
TRN-10732,Mail/Express,Secunderabad-SEC-06,2026-09-26,14:16,13:50,UP,P2 - High Priority,On Time
TRN-10733,Mail/Express,Hyderabad-SEC-07,2026-09-30,16:44,16:15,DOWN,P2 - High Priority,On Time
TRN-10734,Premium Passenger,Guntur-SEC-08,2026-09-14,00:43,00:20,UP,P1 - Super High Priority,On Time
TRN-10735,Premium Passenger,Secunderabad-SEC-04,2026-10-19,17:35,17:10,UP,P1 - Super High Priority,On Time
TRN-10736,Mail/Express,Secunderabad-SEC-07,2026-10-02,11:44,11:20,DOWN,P2 - High Priority,Expected Delay +15m
TRN-10737,Premium Passenger,Hyderabad-SEC-04,2026-09-08,11:51,11:30,UP,P1 - Super High Priority,On Time
TRN-10738,Freight Mineral,Hyderabad-SEC-06,2026-10-19,08:57,08:15,DOWN,P4 - Normal Freight,On Time
TRN-10739,Premium Passenger,Guntakal-SEC-02,2026-09-22,11:45,11:20,UP,P1 - Super High Priority,On Time
TRN-10740,Mail/Express,Hyderabad-SEC-04,2026-10-16,16:41,16:10,DOWN,P2 - High Priority,On Time
TRN-10741,Premium Passenger,Secunderabad-SEC-08,2026-10-13,03:36,03:10,UP,P1 - Super High Priority,On Time
TRN-10742,Premium Passenger,Guntakal-SEC-07,2026-10-15,04:09,03:50,DOWN,P1 - Super High Priority,On Time
TRN-10743,Premium Passenger,Guntakal-SEC-01,2026-10-05,15:04,14:45,UP,P1 - Super High Priority,On Time
TRN-10744,Mail/Express,Guntakal-SEC-01,2026-10-20,21:30,21:00,DOWN,P2 - High Priority,On Time
TRN-10745,Freight Container,Vijayawada-SEC-01,2026-10-02,18:01,17:30,DOWN,P4 - Normal Freight,Regulated
TRN-10746,Premium Passenger,Guntakal-SEC-08,2026-09-07,18:13,17:50,UP,P1 - Super High Priority,On Time
TRN-10747,Passenger,Guntur-SEC-06,2026-09-03,02:35,02:00,UP,P3 - Medium Priority,On Time
TRN-10748,Passenger,Vijayawada-SEC-02,2026-10-09,05:31,05:00,DOWN,P3 - Medium Priority,On Time
TRN-10749,Premium Passenger,Guntakal-SEC-04,2026-09-05,08:46,08:20,UP,P1 - Super High Priority,On Time
TRN-10750,Mail/Express,Vijayawada-SEC-08,2026-09-27,15:14,14:50,UP,P2 - High Priority,Expected Delay +15m
TRN-10751,Freight Mineral,Secunderabad-SEC-07,2026-09-01,17:26,16:45,DOWN,P4 - Normal Freight,On Time
TRN-10752,Superfast Passenger,Guntakal-SEC-01,2026-09-17,10:46,10:20,UP,P1 - Super High Priority,On Time
TRN-10753,Freight Auto,Hyderabad-SEC-06,2026-10-05,13:45,13:10,UP,P4 - Normal Freight,Expected Delay +15m
TRN-10754,Superfast Passenger,Vijayawada-SEC-02,2026-09-20,05:10,04:50,UP,P1 - Super High Priority,On Time
TRN-10755,Freight Auto,Guntur-SEC-03,2026-10-16,01:26,00:50,UP,P4 - Normal Freight,On Time
TRN-10756,Freight Mineral,Hyderabad-SEC-05,2026-09-28,16:32,15:50,UP,P4 - Normal Freight,Expected Delay +15m
TRN-10757,Freight Auto,Hyderabad-SEC-01,2026-10-09,13:28,12:50,UP,P4 - Normal Freight,On Time
TRN-10758,Freight Mineral,Hyderabad-SEC-08,2026-10-19,09:39,09:00,UP,P4 - Normal Freight,Expected Delay +30m
TRN-10759,Freight Auto,Vijayawada-SEC-07,2026-09-13,06:36,06:00,DOWN,P4 - Normal Freight,On Time
TRN-10760,Freight Auto,Guntakal-SEC-03,2026-09-20,13:19,12:45,DOWN,P4 - Normal Freight,On Time
TRN-10761,Freight Container,Secunderabad-SEC-04,2026-09-13,08:55,08:20,UP,P4 - Normal Freight,On Time
TRN-10762,Freight Mineral,Guntakal-SEC-01,2026-09-12,20:32,19:50,DOWN,P4 - Normal Freight,On Time
TRN-10763,Premium Passenger,Hyderabad-SEC-08,2026-09-13,15:56,15:30,DOWN,P1 - Super High Priority,On Time
TRN-10764,Mail/Express,Guntur-SEC-01,2026-09-06,01:47,01:20,DOWN,P2 - High Priority,On Time
TRN-10765,Freight Hazardous,Guntakal-SEC-01,2026-10-12,01:03,00:30,DOWN,P3 - Priority Freight,On Time
TRN-10766,Freight Auto,Guntur-SEC-08,2026-10-10,09:20,08:45,UP,P4 - Normal Freight,On Time
TRN-10767,Freight Container,Hyderabad-SEC-08,2026-10-02,14:03,13:30,DOWN,P4 - Normal Freight,On Time
TRN-10768,Freight Container,Secunderabad-SEC-06,2026-09-19,08:51,08:20,DOWN,P4 - Normal Freight,On Time
TRN-10769,Freight Mineral,Secunderabad-SEC-04,2026-09-13,20:53,20:15,UP,P4 - Normal Freight,On Time
TRN-10770,Superfast Passenger,Guntur-SEC-06,2026-10-20,01:41,01:15,DOWN,P1 - Super High Priority,Expected Delay +15m
TRN-10771,Mail/Express,Guntakal-SEC-01,2026-10-13,18:27,18:00,DOWN,P2 - High Priority,On Time
TRN-10772,Premium Passenger,Guntur-SEC-04,2026-10-09,08:39,08:15,DOWN,P1 - Super High Priority,On Time
TRN-10773,Freight Mineral,Guntakal-SEC-04,2026-09-12,22:58,22:20,UP,P4 - Normal Freight,On Time
TRN-10774,Premium Passenger,Guntur-SEC-01,2026-09-04,18:10,17:45,UP,P1 - Super High Priority,On Time
TRN-10775,Superfast Passenger,Hyderabad-SEC-07,2026-10-19,11:24,11:00,DOWN,P1 - Super High Priority,On Time
TRN-10776,Premium Passenger,Guntur-SEC-03,2026-09-29,06:46,06:20,DOWN,P1 - Super High Priority,On Time
TRN-10777,Mail/Express,Vijayawada-SEC-08,2026-10-14,05:25,05:00,UP,P2 - High Priority,On Time
TRN-10778,Mail/Express,Guntakal-SEC-06,2026-10-12,15:46,15:15,UP,P2 - High Priority,On Time
TRN-10779,Freight Hazardous,Guntakal-SEC-01,2026-09-15,13:38,13:00,DOWN,P3 - Priority Freight,On Time
TRN-10780,Freight Container,Guntakal-SEC-03,2026-09-15,17:42,17:10,DOWN,P4 - Normal Freight,Expected Delay +15m
TRN-10781,Superfast Passenger,Secunderabad-SEC-07,2026-09-26,22:41,22:15,UP,P1 - Super High Priority,On Time
TRN-10782,Premium Passenger,Secunderabad-SEC-04,2026-09-10,16:42,16:20,UP,P1 - Super High Priority,Expected Delay +15m
TRN-10783,Premium Passenger,Guntur-SEC-05,2026-09-29,07:23,07:00,UP,P1 - Super High Priority,On Time
TRN-10784,Passenger,Vijayawada-SEC-06,2026-09-26,14:35,14:00,DOWN,P3 - Medium Priority,On Time
TRN-10785,Premium Passenger,Guntakal-SEC-06,2026-10-15,23:31,23:10,UP,P1 - Super High Priority,On Time
TRN-10786,Freight Hazardous,Guntur-SEC-04,2026-09-20,17:04,16:30,UP,P3 - Priority Freight,On Time
TRN-10787,Freight Hazardous,Secunderabad-SEC-05,2026-10-14,02:24,01:50,DOWN,P3 - Priority Freight,Regulated
TRN-10788,Mail/Express,Secunderabad-SEC-07,2026-09-02,11:09,10:45,DOWN,P2 - High Priority,On Time
TRN-10789,Superfast Passenger,Vijayawada-SEC-05,2026-09-13,19:12,18:50,DOWN,P1 - Super High Priority,On Time
TRN-10790,Premium Passenger,Guntakal-SEC-02,2026-10-11,16:05,15:45,DOWN,P1 - Super High Priority,On Time
TRN-10791,Freight Container,Vijayawada-SEC-04,2026-09-29,05:27,04:50,UP,P4 - Normal Freight,Expected Delay +15m
TRN-10792,Passenger,Hyderabad-SEC-01,2026-09-09,23:00,22:30,UP,P3 - Medium Priority,On Time
TRN-10793,Superfast Passenger,Guntur-SEC-04,2026-10-06,23:37,23:15,UP,P1 - Super High Priority,Expected Delay +15m
TRN-10794,Passenger,Hyderabad-SEC-03,2026-10-14,21:19,20:50,DOWN,P3 - Medium Priority,On Time
TRN-10795,Premium Passenger,Guntur-SEC-04,2026-09-30,03:30,03:10,DOWN,P1 - Super High Priority,On Time
TRN-10796,Freight Auto,Hyderabad-SEC-08,2026-09-24,22:20,21:45,DOWN,P4 - Normal Freight,On Time
TRN-10797,Premium Passenger,Guntakal-SEC-07,2026-09-14,02:19,02:00,UP,P1 - Super High Priority,Regulated
TRN-10798,Passenger,Guntakal-SEC-03,2026-10-17,18:49,18:15,UP,P3 - Medium Priority,On Time
TRN-10799,Freight Auto,Hyderabad-SEC-08,2026-09-22,17:43,17:10,DOWN,P4 - Normal Freight,On Time
TRN-10800,Mail/Express,Hyderabad-SEC-01,2026-09-11,10:34,10:10,DOWN,P2 - High Priority,On Time
TRN-10801,Freight Auto,Vijayawada-SEC-01,2026-10-10,04:27,03:50,DOWN,P4 - Normal Freight,On Time
TRN-10802,Freight Mineral,Guntakal-SEC-01,2026-10-17,04:25,03:45,DOWN,P4 - Normal Freight,On Time
TRN-10803,Superfast Passenger,Secunderabad-SEC-06,2026-09-13,01:12,00:45,UP,P1 - Super High Priority,On Time
TRN-10804,Freight Mineral,Guntakal-SEC-06,2026-09-25,03:51,03:15,DOWN,P4 - Normal Freight,On Time
TRN-10805,Freight Container,Secunderabad-SEC-06,2026-10-03,05:23,04:45,DOWN,P4 - Normal Freight,On Time
TRN-10806,Premium Passenger,Guntakal-SEC-02,2026-09-16,08:15,07:50,DOWN,P1 - Super High Priority,On Time
TRN-10807,Freight Hazardous,Vijayawada-SEC-08,2026-09-08,23:29,22:50,DOWN,P3 - Priority Freight,On Time
TRN-10808,Premium Passenger,Vijayawada-SEC-04,2026-09-25,01:05,00:45,DOWN,P1 - Super High Priority,Expected Delay +30m
TRN-10809,Freight Mineral,Guntakal-SEC-02,2026-10-01,08:36,08:00,DOWN,P4 - Normal Freight,On Time
TRN-10810,Freight Auto,Guntur-SEC-08,2026-10-08,19:42,19:10,UP,P4 - Normal Freight,On Time
TRN-10811,Premium Passenger,Guntakal-SEC-06,2026-09-18,19:33,19:10,DOWN,P1 - Super High Priority,Regulated
TRN-10812,Passenger,Guntur-SEC-06,2026-09-24,04:51,04:15,UP,P3 - Medium Priority,On Time
TRN-10813,Superfast Passenger,Guntur-SEC-01,2026-09-05,12:06,11:45,DOWN,P1 - Super High Priority,On Time
TRN-10814,Passenger,Hyderabad-SEC-05,2026-09-15,11:49,11:20,UP,P3 - Medium Priority,Expected Delay +15m
TRN-10815,Freight Hazardous,Guntur-SEC-07,2026-09-28,16:23,15:45,UP,P3 - Priority Freight,On Time
TRN-10816,Freight Container,Hyderabad-SEC-01,2026-09-01,06:48,06:10,UP,P4 - Normal Freight,On Time
TRN-10817,Superfast Passenger,Guntur-SEC-01,2026-09-16,07:21,07:00,DOWN,P1 - Super High Priority,On Time
TRN-10818,Superfast Passenger,Vijayawada-SEC-08,2026-09-26,17:11,16:50,UP,P1 - Super High Priority,On Time
TRN-10819,Freight Hazardous,Guntakal-SEC-06,2026-09-12,09:36,09:00,UP,P3 - Priority Freight,On Time
TRN-10820,Freight Container,Vijayawada-SEC-07,2026-10-03,23:33,23:00,UP,P4 - Normal Freight,Expected Delay +15m
TRN-10821,Freight Auto,Secunderabad-SEC-05,2026-09-29,11:57,11:20,UP,P4 - Normal Freight,On Time
TRN-10822,Freight Container,Guntur-SEC-01,2026-09-15,18:52,18:20,DOWN,P4 - Normal Freight,Expected Delay +15m
TRN-10823,Superfast Passenger,Guntakal-SEC-06,2026-10-11,18:13,17:50,DOWN,P1 - Super High Priority,Expected Delay +15m
TRN-10824,Freight Container,Guntakal-SEC-07,2026-09-28,13:19,12:45,UP,P4 - Normal Freight,Expected Delay +15m
TRN-10825,Mail/Express,Secunderabad-SEC-02,2026-09-19,22:16,21:45,UP,P2 - High Priority,On Time
TRN-10826,Passenger,Guntur-SEC-01,2026-09-16,18:50,18:15,UP,P3 - Medium Priority,On Time
TRN-10827,Premium Passenger,Guntur-SEC-03,2026-09-06,07:36,07:10,UP,P1 - Super High Priority,On Time
TRN-10828,Freight Mineral,Vijayawada-SEC-06,2026-09-11,21:37,21:00,UP,P4 - Normal Freight,On Time
TRN-10829,Freight Hazardous,Secunderabad-SEC-01,2026-09-17,23:37,23:00,UP,P3 - Priority Freight,On Time
TRN-10830,Freight Container,Guntur-SEC-02,2026-09-16,15:48,15:10,UP,P4 - Normal Freight,On Time
TRN-10831,Passenger,Guntur-SEC-03,2026-09-17,09:16,08:45,UP,P3 - Medium Priority,On Time
TRN-10832,Passenger,Guntakal-SEC-04,2026-10-17,21:44,21:15,UP,P3 - Medium Priority,On Time
TRN-10833,Freight Hazardous,Hyderabad-SEC-01,2026-10-18,16:47,16:10,DOWN,P3 - Priority Freight,On Time
TRN-10834,Freight Auto,Hyderabad-SEC-02,2026-09-20,20:19,19:45,UP,P4 - Normal Freight,On Time
TRN-10835,Freight Mineral,Hyderabad-SEC-06,2026-09-03,09:09,08:30,DOWN,P4 - Normal Freight,On Time
TRN-10836,Freight Auto,Hyderabad-SEC-01,2026-10-02,04:26,03:50,UP,P4 - Normal Freight,On Time
TRN-10837,Freight Auto,Secunderabad-SEC-05,2026-10-09,23:20,22:45,UP,P4 - Normal Freight,On Time
TRN-10838,Freight Auto,Hyderabad-SEC-06,2026-09-07,15:27,14:50,DOWN,P4 - Normal Freight,Expected Delay +30m
TRN-10839,Premium Passenger,Guntakal-SEC-04,2026-09-15,03:32,03:10,UP,P1 - Super High Priority,On Time
TRN-10840,Freight Container,Guntakal-SEC-08,2026-10-14,00:37,00:00,UP,P4 - Normal Freight,Regulated
TRN-10841,Freight Hazardous,Vijayawada-SEC-02,2026-10-06,11:25,10:50,DOWN,P3 - Priority Freight,On Time
TRN-10842,Freight Auto,Guntur-SEC-02,2026-09-13,00:28,23:50,DOWN,P4 - Normal Freight,Expected Delay +15m
TRN-10843,Freight Hazardous,Guntakal-SEC-06,2026-10-15,00:55,00:15,UP,P3 - Priority Freight,On Time
TRN-10844,Freight Auto,Vijayawada-SEC-08,2026-09-06,00:49,00:15,DOWN,P4 - Normal Freight,On Time
TRN-10845,Mail/Express,Vijayawada-SEC-02,2026-09-30,15:19,14:50,UP,P2 - High Priority,Expected Delay +15m
TRN-10846,Freight Auto,Vijayawada-SEC-01,2026-10-17,08:50,08:15,UP,P4 - Normal Freight,Expected Delay +30m
TRN-10847,Passenger,Guntur-SEC-06,2026-09-11,00:43,00:10,DOWN,P3 - Medium Priority,Expected Delay +15m
TRN-10848,Mail/Express,Hyderabad-SEC-02,2026-10-18,20:14,19:50,DOWN,P2 - High Priority,On Time
TRN-10849,Passenger,Hyderabad-SEC-06,2026-10-06,09:05,08:30,DOWN,P3 - Medium Priority,On Time
TRN-10850,Passenger,Hyderabad-SEC-03,2026-09-15,22:14,21:45,UP,P3 - Medium Priority,On Time
TRN-10851,Freight Auto,Guntakal-SEC-08,2026-09-11,01:37,01:00,DOWN,P4 - Normal Freight,On Time
TRN-10852,Premium Passenger,Hyderabad-SEC-07,2026-09-05,04:29,04:10,UP,P1 - Super High Priority,On Time
TRN-10853,Mail/Express,Vijayawada-SEC-08,2026-10-07,06:35,06:10,DOWN,P2 - High Priority,On Time
TRN-10854,Freight Hazardous,Hyderabad-SEC-05,2026-09-07,13:03,12:30,DOWN,P3 - Priority Freight,On Time
TRN-10855,Freight Auto,Vijayawada-SEC-01,2026-10-04,09:23,08:45,DOWN,P4 - Normal Freight,On Time
TRN-10856,Freight Mineral,Guntur-SEC-02,2026-10-03,06:27,05:50,DOWN,P4 - Normal Freight,On Time
TRN-10857,Freight Container,Vijayawada-SEC-04,2026-10-06,01:24,00:50,DOWN,P4 - Normal Freight,On Time
TRN-10858,Passenger,Vijayawada-SEC-02,2026-09-27,13:33,13:00,UP,P3 - Medium Priority,On Time
TRN-10859,Freight Container,Guntur-SEC-02,2026-10-13,21:21,20:45,UP,P4 - Normal Freight,On Time
TRN-10860,Freight Mineral,Vijayawada-SEC-06,2026-09-21,14:51,14:10,DOWN,P4 - Normal Freight,On Time
TRN-10861,Passenger,Vijayawada-SEC-02,2026-09-05,17:39,17:10,DOWN,P3 - Medium Priority,On Time
TRN-10862,Passenger,Vijayawada-SEC-06,2026-10-02,16:49,16:20,DOWN,P3 - Medium Priority,On Time
TRN-10863,Freight Container,Vijayawada-SEC-05,2026-09-23,22:23,21:50,UP,P4 - Normal Freight,On Time
TRN-10864,Freight Mineral,Vijayawada-SEC-01,2026-09-26,04:35,04:00,UP,P4 - Normal Freight,On Time
TRN-10865,Freight Mineral,Hyderabad-SEC-07,2026-10-12,02:00,01:20,DOWN,P4 - Normal Freight,On Time
TRN-10866,Superfast Passenger,Secunderabad-SEC-06,2026-09-25,06:37,06:15,DOWN,P1 - Super High Priority,On Time
TRN-10867,Premium Passenger,Hyderabad-SEC-08,2026-09-08,01:36,01:10,UP,P1 - Super High Priority,On Time
TRN-10868,Passenger,Hyderabad-SEC-07,2026-09-26,03:47,03:15,UP,P3 - Medium Priority,Expected Delay +15m
TRN-10869,Mail/Express,Guntakal-SEC-05,2026-10-13,18:54,18:30,DOWN,P2 - High Priority,On Time
TRN-10870,Premium Passenger,Guntakal-SEC-02,2026-10-11,01:42,01:20,UP,P1 - Super High Priority,On Time
TRN-10871,Freight Auto,Guntur-SEC-01,2026-10-14,05:42,05:10,UP,P4 - Normal Freight,On Time
TRN-10872,Freight Hazardous,Vijayawada-SEC-04,2026-09-18,22:36,22:00,DOWN,P3 - Priority Freight,On Time
TRN-10873,Freight Mineral,Guntur-SEC-03,2026-10-03,11:35,11:00,UP,P4 - Normal Freight,Expected Delay +15m
TRN-10874,Freight Hazardous,Guntakal-SEC-01,2026-09-28,08:08,07:30,UP,P3 - Priority Freight,On Time
TRN-10875,Premium Passenger,Guntakal-SEC-05,2026-10-02,17:29,17:10,DOWN,P1 - Super High Priority,On Time
TRN-10876,Freight Mineral,Guntakal-SEC-03,2026-10-12,01:51,01:10,DOWN,P4 - Normal Freight,Expected Delay +15m
TRN-10877,Premium Passenger,Secunderabad-SEC-04,2026-10-02,21:29,21:10,DOWN,P1 - Super High Priority,Expected Delay +15m
TRN-10878,Freight Auto,Guntakal-SEC-07,2026-09-18,16:42,16:10,UP,P4 - Normal Freight,On Time
TRN-10879,Freight Mineral,Secunderabad-SEC-01,2026-09-02,16:55,16:15,DOWN,P4 - Normal Freight,On Time
TRN-10880,Freight Auto,Vijayawada-SEC-08,2026-10-10,03:58,03:20,UP,P4 - Normal Freight,On Time
TRN-10881,Freight Auto,Guntakal-SEC-04,2026-09-17,23:02,22:30,UP,P4 - Normal Freight,Expected Delay +15m
TRN-10882,Freight Hazardous,Vijayawada-SEC-03,2026-09-08,02:27,01:50,UP,P3 - Priority Freight,Expected Delay +15m
TRN-10883,Freight Auto,Guntakal-SEC-07,2026-09-01,15:22,14:50,UP,P4 - Normal Freight,On Time
TRN-10884,Freight Mineral,Vijayawada-SEC-07,2026-10-04,12:25,11:50,UP,P4 - Normal Freight,On Time
TRN-10885,Mail/Express,Guntakal-SEC-04,2026-09-12,04:24,04:00,UP,P2 - High Priority,On Time
TRN-10886,Freight Hazardous,Hyderabad-SEC-08,2026-09-10,03:29,02:50,UP,P3 - Priority Freight,On Time
TRN-10887,Freight Hazardous,Guntur-SEC-07,2026-10-06,12:22,11:45,UP,P3 - Priority Freight,On Time
TRN-10888,Freight Auto,Vijayawada-SEC-05,2026-10-02,10:41,10:10,UP,P4 - Normal Freight,On Time
TRN-10889,Freight Hazardous,Hyderabad-SEC-03,2026-10-08,10:57,10:20,UP,P3 - Priority Freight,On Time
TRN-10890,Passenger,Guntakal-SEC-01,2026-10-20,04:23,03:50,DOWN,P3 - Medium Priority,On Time
TRN-10891,Freight Container,Guntur-SEC-08,2026-09-04,03:21,02:50,UP,P4 - Normal Freight,On Time
TRN-10892,Superfast Passenger,Hyderabad-SEC-02,2026-09-24,19:32,19:10,UP,P1 - Super High Priority,On Time
TRN-10893,Passenger,Secunderabad-SEC-01,2026-09-22,19:33,19:00,UP,P3 - Medium Priority,On Time
TRN-10894,Freight Mineral,Vijayawada-SEC-03,2026-09-13,21:23,20:45,UP,P4 - Normal Freight,On Time
TRN-10895,Mail/Express,Secunderabad-SEC-03,2026-10-01,09:27,09:00,DOWN,P2 - High Priority,On Time
TRN-10896,Freight Auto,Hyderabad-SEC-03,2026-10-01,20:21,19:50,DOWN,P4 - Normal Freight,Expected Delay +30m
TRN-10897,Freight Auto,Hyderabad-SEC-01,2026-10-01,14:55,14:20,DOWN,P4 - Normal Freight,On Time
TRN-10898,Premium Passenger,Secunderabad-SEC-03,2026-09-19,15:19,15:00,UP,P1 - Super High Priority,On Time
TRN-10899,Freight Auto,Secunderabad-SEC-05,2026-09-22,08:58,08:20,DOWN,P4 - Normal Freight,On Time
TRN-10900,Freight Mineral,Guntakal-SEC-01,2026-09-21,06:37,06:00,DOWN,P4 - Normal Freight,On Time
TRN-10901,Mail/Express,Hyderabad-SEC-07,2026-09-08,03:29,03:00,UP,P2 - High Priority,Expected Delay +30m
TRN-10902,Premium Passenger,Hyderabad-SEC-05,2026-09-03,05:32,05:10,DOWN,P1 - Super High Priority,On Time
TRN-10903,Freight Auto,Guntakal-SEC-01,2026-09-15,19:52,19:20,UP,P4 - Normal Freight,On Time
TRN-10904,Freight Auto,Hyderabad-SEC-04,2026-10-14,06:02,05:30,DOWN,P4 - Normal Freight,Expected Delay +15m
TRN-10905,Mail/Express,Vijayawada-SEC-02,2026-09-23,22:59,22:30,DOWN,P2 - High Priority,Expected Delay +15m
TRN-10906,Freight Container,Guntur-SEC-04,2026-09-05,17:55,17:20,DOWN,P4 - Normal Freight,On Time
TRN-10907,Superfast Passenger,Secunderabad-SEC-04,2026-09-30,15:27,15:00,UP,P1 - Super High Priority,On Time
TRN-10908,Freight Container,Hyderabad-SEC-03,2026-10-20,10:56,10:20,DOWN,P4 - Normal Freight,On Time
TRN-10909,Freight Auto,Guntur-SEC-02,2026-09-16,19:27,18:50,DOWN,P4 - Normal Freight,On Time
TRN-10910,Passenger,Guntur-SEC-03,2026-09-12,04:01,03:30,DOWN,P3 - Medium Priority,On Time
TRN-10911,Freight Container,Guntakal-SEC-05,2026-09-05,07:57,07:20,DOWN,P4 - Normal Freight,On Time
TRN-10912,Freight Auto,Vijayawada-SEC-04,2026-09-25,14:23,13:50,DOWN,P4 - Normal Freight,On Time
TRN-10913,Freight Mineral,Hyderabad-SEC-06,2026-09-10,22:02,21:20,UP,P4 - Normal Freight,On Time
TRN-10914,Freight Mineral,Hyderabad-SEC-06,2026-09-17,17:09,16:30,DOWN,P4 - Normal Freight,On Time
TRN-10915,Freight Auto,Secunderabad-SEC-07,2026-09-06,12:38,12:00,DOWN,P4 - Normal Freight,On Time
TRN-10916,Freight Container,Guntur-SEC-03,2026-09-13,05:51,05:20,DOWN,P4 - Normal Freight,On Time
TRN-10917,Freight Container,Vijayawada-SEC-04,2026-10-19,13:27,12:50,DOWN,P4 - Normal Freight,On Time
TRN-10918,Freight Container,Hyderabad-SEC-01,2026-09-06,19:48,19:15,UP,P4 - Normal Freight,On Time
TRN-10919,Freight Hazardous,Hyderabad-SEC-07,2026-10-17,08:43,08:10,UP,P3 - Priority Freight,On Time
TRN-10920,Freight Mineral,Secunderabad-SEC-08,2026-09-19,01:31,00:50,UP,P4 - Normal Freight,On Time
TRN-10921,Freight Auto,Guntur-SEC-08,2026-09-22,23:58,23:20,DOWN,P4 - Normal Freight,On Time
TRN-10922,Passenger,Guntur-SEC-02,2026-09-05,14:49,14:20,UP,P3 - Medium Priority,On Time
TRN-10923,Premium Passenger,Guntakal-SEC-04,2026-09-10,16:19,16:00,UP,P1 - Super High Priority,Expected Delay +15m
TRN-10924,Mail/Express,Hyderabad-SEC-01,2026-10-19,11:45,11:15,DOWN,P2 - High Priority,On Time
TRN-10925,Mail/Express,Vijayawada-SEC-06,2026-10-03,09:56,09:30,DOWN,P2 - High Priority,On Time
TRN-10926,Freight Container,Vijayawada-SEC-08,2026-10-18,09:57,09:20,UP,P4 - Normal Freight,On Time
TRN-10927,Superfast Passenger,Guntur-SEC-05,2026-10-20,21:55,21:30,DOWN,P1 - Super High Priority,Expected Delay +15m
TRN-10928,Superfast Passenger,Hyderabad-SEC-08,2026-10-21,22:22,22:00,DOWN,P1 - Super High Priority,On Time
TRN-10929,Superfast Passenger,Vijayawada-SEC-06,2026-09-16,01:40,01:15,DOWN,P1 - Super High Priority,On Time
TRN-10930,Freight Mineral,Vijayawada-SEC-01,2026-09-14,08:36,08:00,UP,P4 - Normal Freight,On Time
TRN-10931,Freight Auto,Vijayawada-SEC-01,2026-10-15,20:32,20:00,DOWN,P4 - Normal Freight,Regulated
TRN-10932,Premium Passenger,Guntakal-SEC-02,2026-10-06,10:32,10:10,UP,P1 - Super High Priority,On Time
TRN-10933,Freight Auto,Guntakal-SEC-08,2026-09-23,20:48,20:15,UP,P4 - Normal Freight,Expected Delay +15m
TRN-10934,Freight Mineral,Hyderabad-SEC-01,2026-09-08,00:31,23:50,UP,P4 - Normal Freight,Expected Delay +30m
TRN-10935,Mail/Express,Guntur-SEC-07,2026-10-16,21:44,21:20,DOWN,P2 - High Priority,On Time
TRN-10936,Passenger,Guntur-SEC-03,2026-09-23,08:06,07:30,UP,P3 - Medium Priority,On Time
TRN-10937,Freight Hazardous,Secunderabad-SEC-06,2026-10-12,08:50,08:15,UP,P3 - Priority Freight,On Time
TRN-10938,Freight Container,Vijayawada-SEC-03,2026-10-16,23:41,23:10,UP,P4 - Normal Freight,On Time
TRN-10939,Mail/Express,Guntakal-SEC-02,2026-09-17,22:10,21:45,DOWN,P2 - High Priority,On Time
TRN-10940,Premium Passenger,Guntakal-SEC-06,2026-10-09,04:43,04:20,UP,P1 - Super High Priority,Expected Delay +30m
TRN-10941,Freight Container,Secunderabad-SEC-06,2026-10-09,04:06,03:30,UP,P4 - Normal Freight,Expected Delay +15m
TRN-10942,Freight Mineral,Secunderabad-SEC-04,2026-09-11,11:37,11:00,UP,P4 - Normal Freight,On Time
TRN-10943,Superfast Passenger,Secunderabad-SEC-03,2026-09-03,15:20,15:00,DOWN,P1 - Super High Priority,On Time
TRN-10944,Freight Container,Secunderabad-SEC-05,2026-09-10,23:36,23:00,UP,P4 - Normal Freight,On Time
TRN-10945,Freight Auto,Guntakal-SEC-04,2026-09-03,13:26,12:50,DOWN,P4 - Normal Freight,On Time
TRN-10946,Freight Hazardous,Guntakal-SEC-05,2026-10-10,18:23,17:50,UP,P3 - Priority Freight,On Time
TRN-10947,Freight Auto,Vijayawada-SEC-03,2026-09-02,07:17,06:45,DOWN,P4 - Normal Freight,Expected Delay +15m
TRN-10948,Freight Mineral,Secunderabad-SEC-06,2026-10-10,06:30,05:50,DOWN,P4 - Normal Freight,On Time
TRN-10949,Freight Auto,Guntakal-SEC-01,2026-10-16,08:42,08:10,UP,P4 - Normal Freight,On Time
TRN-10950,Freight Auto,Hyderabad-SEC-02,2026-09-17,10:23,09:45,DOWN,P4 - Normal Freight,On Time
TRN-10951,Freight Container,Vijayawada-SEC-07,2026-10-10,18:48,18:15,DOWN,P4 - Normal Freight,On Time
TRN-10952,Superfast Passenger,Guntakal-SEC-02,2026-09-27,02:38,02:15,DOWN,P1 - Super High Priority,On Time
TRN-10953,Freight Hazardous,Vijayawada-SEC-08,2026-10-09,10:34,10:00,DOWN,P3 - Priority Freight,On Time
TRN-10954,Superfast Passenger,Vijayawada-SEC-07,2026-09-10,23:33,23:10,UP,P1 - Super High Priority,On Time
TRN-10955,Freight Container,Guntakal-SEC-03,2026-09-12,20:17,19:45,DOWN,P4 - Normal Freight,On Time
TRN-10956,Premium Passenger,Secunderabad-SEC-04,2026-10-21,02:19,02:00,UP,P1 - Super High Priority,On Time
TRN-10957,Freight Mineral,Guntakal-SEC-08,2026-10-15,23:51,23:15,DOWN,P4 - Normal Freight,Expected Delay +15m
TRN-10958,Mail/Express,Guntur-SEC-07,2026-10-14,22:39,22:15,UP,P2 - High Priority,On Time
TRN-10959,Freight Mineral,Secunderabad-SEC-02,2026-10-13,12:49,12:10,UP,P4 - Normal Freight,Expected Delay +15m
TRN-10960,Mail/Express,Secunderabad-SEC-03,2026-10-01,12:45,12:15,DOWN,P2 - High Priority,On Time
TRN-10961,Passenger,Hyderabad-SEC-06,2026-09-05,19:40,19:10,UP,P3 - Medium Priority,Expected Delay +15m
TRN-10962,Mail/Express,Guntur-SEC-03,2026-09-21,19:20,18:50,UP,P2 - High Priority,On Time
TRN-10963,Freight Container,Hyderabad-SEC-08,2026-10-07,12:32,12:00,UP,P4 - Normal Freight,On Time
TRN-10964,Mail/Express,Hyderabad-SEC-04,2026-10-01,05:11,04:45,DOWN,P2 - High Priority,On Time
TRN-10965,Freight Hazardous,Guntur-SEC-01,2026-09-10,20:49,20:15,UP,P3 - Priority Freight,On Time
TRN-10966,Premium Passenger,Guntur-SEC-06,2026-10-07,13:21,13:00,DOWN,P1 - Super High Priority,Expected Delay +15m
TRN-10967,Freight Mineral,Vijayawada-SEC-06,2026-09-23,20:40,20:00,UP,P4 - Normal Freight,On Time
TRN-10968,Freight Mineral,Guntakal-SEC-06,2026-10-02,01:50,01:15,UP,P4 - Normal Freight,On Time
TRN-10969,Mail/Express,Secunderabad-SEC-07,2026-10-14,09:26,09:00,UP,P2 - High Priority,On Time
TRN-10970,Freight Auto,Secunderabad-SEC-02,2026-09-14,15:06,14:30,UP,P4 - Normal Freight,On Time
TRN-10971,Passenger,Secunderabad-SEC-04,2026-09-08,21:56,21:20,DOWN,P3 - Medium Priority,Expected Delay +15m
TRN-10972,Passenger,Hyderabad-SEC-01,2026-09-08,12:04,11:30,DOWN,P3 - Medium Priority,On Time
TRN-10973,Mail/Express,Guntur-SEC-07,2026-10-19,12:16,11:50,UP,P2 - High Priority,On Time
TRN-10974,Passenger,Secunderabad-SEC-04,2026-10-18,09:52,09:20,UP,P3 - Medium Priority,On Time
TRN-10975,Mail/Express,Guntakal-SEC-01,2026-09-26,12:40,12:15,DOWN,P2 - High Priority,On Time
TRN-10976,Passenger,Hyderabad-SEC-01,2026-09-22,14:19,13:50,DOWN,P3 - Medium Priority,Expected Delay +15m
TRN-10977,Freight Hazardous,Vijayawada-SEC-07,2026-10-04,01:50,01:15,DOWN,P3 - Priority Freight,On Time
TRN-10978,Passenger,Secunderabad-SEC-08,2026-09-02,10:33,10:00,DOWN,P3 - Medium Priority,On Time
TRN-10979,Freight Mineral,Guntakal-SEC-05,2026-09-03,11:38,11:00,UP,P4 - Normal Freight,On Time
TRN-10980,Passenger,Guntur-SEC-03,2026-09-05,14:24,13:50,DOWN,P3 - Medium Priority,On Time
TRN-10981,Freight Container,Hyderabad-SEC-05,2026-09-24,04:18,03:45,DOWN,P4 - Normal Freight,On Time
TRN-10982,Freight Mineral,Guntur-SEC-07,2026-09-26,01:25,00:50,UP,P4 - Normal Freight,On Time
TRN-10983,Passenger,Hyderabad-SEC-03,2026-09-06,00:14,23:45,DOWN,P3 - Medium Priority,Expected Delay +15m
TRN-10984,Freight Container,Secunderabad-SEC-03,2026-10-04,09:51,09:15,UP,P4 - Normal Freight,On Time
TRN-10985,Freight Auto,Hyderabad-SEC-05,2026-10-11,16:51,16:20,DOWN,P4 - Normal Freight,On Time
TRN-10986,Premium Passenger,Guntakal-SEC-06,2026-09-02,14:05,13:45,DOWN,P1 - Super High Priority,On Time
TRN-10987,Freight Auto,Vijayawada-SEC-01,2026-10-10,08:51,08:15,DOWN,P4 - Normal Freight,On Time
TRN-10988,Superfast Passenger,Secunderabad-SEC-07,2026-10-12,08:14,07:50,UP,P1 - Super High Priority,On Time
TRN-10989,Freight Mineral,Hyderabad-SEC-02,2026-10-06,15:30,14:50,UP,P4 - Normal Freight,Expected Delay +30m
TRN-10990,Freight Mineral,Hyderabad-SEC-02,2026-10-19,10:51,10:10,UP,P4 - Normal Freight,Expected Delay +15m
TRN-10991,Freight Mineral,Secunderabad-SEC-05,2026-09-17,12:20,11:45,DOWN,P4 - Normal Freight,Expected Delay +15m
TRN-10992,Freight Auto,Hyderabad-SEC-04,2026-09-24,06:02,05:30,UP,P4 - Normal Freight,On Time
TRN-10993,Freight Auto,Hyderabad-SEC-03,2026-10-21,21:05,20:30,UP,P4 - Normal Freight,On Time
TRN-10994,Freight Mineral,Vijayawada-SEC-04,2026-09-25,16:52,16:10,UP,P4 - Normal Freight,On Time
TRN-10995,Freight Hazardous,Guntur-SEC-04,2026-10-02,18:53,18:20,DOWN,P3 - Priority Freight,On Time
TRN-10996,Mail/Express,Guntakal-SEC-07,2026-10-18,17:28,17:00,UP,P2 - High Priority,On Time
TRN-10997,Passenger,Hyderabad-SEC-08,2026-09-23,05:45,05:10,UP,P3 - Medium Priority,On Time
TRN-10998,Freight Auto,Secunderabad-SEC-07,2026-09-15,11:42,11:10,UP,P4 - Normal Freight,On Time
TRN-10999,Freight Auto,Guntur-SEC-02,2026-10-18,20:22,19:50,UP,P4 - Normal Freight,On Time
TRN-11000,Mail/Express,Vijayawada-SEC-03,2026-09-23,12:39,12:15,UP,P2 - High Priority,On Time
TRN-11001,Premium Passenger,Hyderabad-SEC-03,2026-10-03,19:14,18:50,UP,P1 - Super High Priority,On Time
TRN-11002,Freight Auto,Secunderabad-SEC-06,2026-09-02,18:02,17:30,UP,P4 - Normal Freight,Expected Delay +15m
TRN-11003,Passenger,Vijayawada-SEC-03,2026-10-21,22:39,22:10,UP,P3 - Medium Priority,On Time
TRN-11004,Freight Auto,Hyderabad-SEC-02,2026-10-21,07:28,06:50,UP,P4 - Normal Freight,On Time
TRN-11005,Superfast Passenger,Hyderabad-SEC-07,2026-09-02,12:52,12:30,UP,P1 - Super High Priority,On Time
TRN-11006,Freight Container,Hyderabad-SEC-07,2026-09-28,01:06,00:30,UP,P4 - Normal Freight,On Time
TRN-11007,Premium Passenger,Guntur-SEC-02,2026-09-05,14:51,14:30,DOWN,P1 - Super High Priority,On Time
TRN-11008,Freight Hazardous,Hyderabad-SEC-02,2026-09-28,05:37,05:00,DOWN,P3 - Priority Freight,On Time
TRN-11009,Freight Container,Guntur-SEC-01,2026-09-18,19:25,18:50,UP,P4 - Normal Freight,On Time
TRN-11010,Freight Container,Guntur-SEC-07,2026-10-04,20:02,19:30,DOWN,P4 - Normal Freight,On Time
TRN-11011,Freight Hazardous,Secunderabad-SEC-03,2026-10-20,19:37,19:00,UP,P3 - Priority Freight,On Time
TRN-11012,Freight Hazardous,Hyderabad-SEC-08,2026-10-18,04:53,04:20,DOWN,P3 - Priority Freight,On Time
TRN-11013,Freight Container,Guntur-SEC-02,2026-10-13,11:52,11:20,UP,P4 - Normal Freight,On Time
TRN-11014,Superfast Passenger,Hyderabad-SEC-02,2026-10-12,16:09,15:45,DOWN,P1 - Super High Priority,On Time
TRN-11015,Passenger,Secunderabad-SEC-06,2026-09-20,15:01,14:30,UP,P3 - Medium Priority,On Time
TRN-11016,Superfast Passenger,Guntakal-SEC-06,2026-09-01,23:52,23:30,DOWN,P1 - Super High Priority,Expected Delay +15m
TRN-11017,Premium Passenger,Hyderabad-SEC-08,2026-09-13,23:45,23:20,UP,P1 - Super High Priority,On Time
TRN-11018,Freight Container,Secunderabad-SEC-03,2026-10-16,19:33,19:00,UP,P4 - Normal Freight,On Time
TRN-11019,Mail/Express,Guntakal-SEC-06,2026-10-11,04:43,04:15,DOWN,P2 - High Priority,Expected Delay +15m
TRN-11020,Freight Mineral,Guntur-SEC-02,2026-10-21,17:59,17:20,DOWN,P4 - Normal Freight,On Time
TRN-11021,Premium Passenger,Guntakal-SEC-03,2026-10-16,04:08,03:45,DOWN,P1 - Super High Priority,Expected Delay +15m
TRN-11022,Superfast Passenger,Guntakal-SEC-07,2026-09-15,00:38,00:15,DOWN,P1 - Super High Priority,On Time
TRN-11023,Passenger,Secunderabad-SEC-03,2026-09-15,08:49,08:15,DOWN,P3 - Medium Priority,On Time
TRN-11024,Freight Auto,Guntakal-SEC-02,2026-09-03,07:46,07:15,UP,P4 - Normal Freight,Expected Delay +30m
TRN-11025,Freight Auto,Vijayawada-SEC-05,2026-09-06,04:51,04:15,DOWN,P4 - Normal Freight,On Time
TRN-11026,Mail/Express,Guntakal-SEC-07,2026-09-30,11:54,11:30,UP,P2 - High Priority,Expected Delay +15m
TRN-11027,Freight Hazardous,Secunderabad-SEC-08,2026-09-19,00:56,00:20,DOWN,P3 - Priority Freight,On Time
TRN-11028,Freight Container,Vijayawada-SEC-07,2026-09-17,15:58,15:20,UP,P4 - Normal Freight,On Time
TRN-11029,Superfast Passenger,Guntur-SEC-07,2026-10-03,10:10,09:45,UP,P1 - Super High Priority,On Time
TRN-11030,Freight Auto,Hyderabad-SEC-05,2026-09-10,00:21,23:50,UP,P4 - Normal Freight,On Time
TRN-11031,Freight Mineral,Guntur-SEC-05,2026-09-04,13:27,12:45,UP,P4 - Normal Freight,On Time
TRN-11032,Superfast Passenger,Guntur-SEC-05,2026-10-19,20:25,20:00,UP,P1 - Super High Priority,On Time
TRN-11033,Passenger,Guntakal-SEC-05,2026-09-16,07:50,07:20,DOWN,P3 - Medium Priority,On Time
TRN-11034,Mail/Express,Guntakal-SEC-01,2026-09-29,05:01,04:30,DOWN,P2 - High Priority,On Time
TRN-11035,Freight Mineral,Hyderabad-SEC-07,2026-10-18,01:30,00:50,UP,P4 - Normal Freight,On Time
TRN-11036,Freight Hazardous,Guntakal-SEC-01,2026-09-25,20:26,19:50,DOWN,P3 - Priority Freight,On Time
TRN-11037,Freight Container,Guntur-SEC-04,2026-09-05,02:48,02:15,DOWN,P4 - Normal Freight,On Time
TRN-11038,Mail/Express,Hyderabad-SEC-06,2026-09-12,20:45,20:20,DOWN,P2 - High Priority,On Time
TRN-11039,Passenger,Guntur-SEC-06,2026-09-01,09:32,09:00,UP,P3 - Medium Priority,On Time
TRN-11040,Freight Auto,Guntakal-SEC-08,2026-10-17,18:47,18:10,UP,P4 - Normal Freight,On Time
TRN-11041,Freight Container,Hyderabad-SEC-06,2026-09-22,15:42,15:10,DOWN,P4 - Normal Freight,On Time
TRN-11042,Mail/Express,Vijayawada-SEC-07,2026-10-21,16:14,15:50,UP,P2 - High Priority,Expected Delay +15m
TRN-11043,Premium Passenger,Hyderabad-SEC-05,2026-09-29,14:23,14:00,UP,P1 - Super High Priority,Expected Delay +15m
TRN-11044,Freight Container,Guntakal-SEC-02,2026-09-20,17:50,17:15,UP,P4 - Normal Freight,On Time
TRN-11045,Freight Container,Guntakal-SEC-03,2026-09-06,01:56,01:20,DOWN,P4 - Normal Freight,On Time
TRN-11046,Premium Passenger,Hyderabad-SEC-05,2026-10-15,17:35,17:10,DOWN,P1 - Super High Priority,On Time
TRN-11047,Freight Mineral,Hyderabad-SEC-01,2026-09-16,01:48,01:10,DOWN,P4 - Normal Freight,Expected Delay +15m
TRN-11048,Superfast Passenger,Vijayawada-SEC-07,2026-09-02,19:24,19:00,UP,P1 - Super High Priority,Expected Delay +30m
TRN-11049,Freight Mineral,Guntakal-SEC-01,2026-10-09,12:23,11:45,DOWN,P4 - Normal Freight,Expected Delay +15m
TRN-11050,Premium Passenger,Vijayawada-SEC-06,2026-09-27,21:56,21:30,DOWN,P1 - Super High Priority,Expected Delay +15m
TRN-11051,Mail/Express,Secunderabad-SEC-07,2026-09-23,01:40,01:15,UP,P2 - High Priority,On Time
TRN-11052,Freight Container,Secunderabad-SEC-07,2026-09-21,20:58,20:20,DOWN,P4 - Normal Freight,On Time
TRN-11053,Superfast Passenger,Guntur-SEC-05,2026-10-17,14:07,13:45,DOWN,P1 - Super High Priority,On Time
TRN-11054,Freight Auto,Vijayawada-SEC-08,2026-10-15,22:57,22:20,DOWN,P4 - Normal Freight,On Time
TRN-11055,Premium Passenger,Vijayawada-SEC-05,2026-10-06,18:36,18:15,UP,P1 - Super High Priority,On Time
TRN-11056,Freight Hazardous,Guntakal-SEC-05,2026-10-08,16:07,15:30,UP,P3 - Priority Freight,On Time
TRN-11057,Freight Auto,Vijayawada-SEC-04,2026-10-03,13:23,12:50,DOWN,P4 - Normal Freight,Expected Delay +15m
TRN-11058,Freight Auto,Vijayawada-SEC-02,2026-09-28,17:48,17:15,DOWN,P4 - Normal Freight,On Time
TRN-11059,Freight Hazardous,Secunderabad-SEC-07,2026-10-16,21:50,21:15,UP,P3 - Priority Freight,On Time
TRN-11060,Passenger,Secunderabad-SEC-03,2026-10-17,07:35,07:00,UP,P3 - Medium Priority,Expected Delay +15m
TRN-11061,Freight Auto,Guntur-SEC-03,2026-10-13,21:27,20:50,UP,P4 - Normal Freight,On Time
TRN-11062,Superfast Passenger,Hyderabad-SEC-04,2026-10-08,19:13,18:50,UP,P1 - Super High Priority,Expected Delay +15m
TRN-11063,Mail/Express,Secunderabad-SEC-03,2026-09-23,07:54,07:30,UP,P2 - High Priority,On Time
TRN-11064,Freight Mineral,Guntur-SEC-03,2026-09-11,04:26,03:50,DOWN,P4 - Normal Freight,On Time
TRN-11065,Freight Container,Hyderabad-SEC-02,2026-10-05,18:34,18:00,DOWN,P4 - Normal Freight,On Time
TRN-11066,Freight Hazardous,Guntur-SEC-06,2026-10-05,19:46,19:10,UP,P3 - Priority Freight,On Time
TRN-11067,Freight Container,Vijayawada-SEC-03,2026-09-15,07:16,06:45,UP,P4 - Normal Freight,Expected Delay +15m
TRN-11068,Mail/Express,Vijayawada-SEC-03,2026-09-09,08:59,08:30,DOWN,P2 - High Priority,On Time
TRN-11069,Premium Passenger,Hyderabad-SEC-02,2026-09-02,17:36,17:15,DOWN,P1 - Super High Priority,On Time
TRN-11070,Passenger,Secunderabad-SEC-02,2026-10-10,10:26,09:50,UP,P3 - Medium Priority,On Time
TRN-11071,Freight Hazardous,Hyderabad-SEC-03,2026-10-21,11:50,11:15,UP,P3 - Priority Freight,On Time
TRN-11072,Premium Passenger,Secunderabad-SEC-03,2026-09-08,16:39,16:20,DOWN,P1 - Super High Priority,On Time
TRN-11073,Freight Mineral,Vijayawada-SEC-07,2026-10-01,01:55,01:15,DOWN,P4 - Normal Freight,On Time
TRN-11074,Premium Passenger,Vijayawada-SEC-05,2026-10-17,02:08,01:45,UP,P1 - Super High Priority,On Time
TRN-11075,Freight Auto,Guntur-SEC-06,2026-10-09,21:23,20:45,UP,P4 - Normal Freight,On Time
TRN-11076,Freight Mineral,Vijayawada-SEC-07,2026-09-22,13:22,12:45,UP,P4 - Normal Freight,On Time
TRN-11077,Freight Mineral,Vijayawada-SEC-04,2026-09-14,02:41,02:00,UP,P4 - Normal Freight,On Time
TRN-11078,Superfast Passenger,Hyderabad-SEC-06,2026-09-03,19:07,18:45,UP,P1 - Super High Priority,On Time
TRN-11079,Mail/Express,Hyderabad-SEC-03,2026-10-05,04:51,04:20,DOWN,P2 - High Priority,On Time
TRN-11080,Superfast Passenger,Hyderabad-SEC-03,2026-10-03,15:55,15:30,DOWN,P1 - Super High Priority,On Time
TRN-11081,Freight Mineral,Hyderabad-SEC-03,2026-09-14,07:01,06:20,UP,P4 - Normal Freight,On Time
TRN-11082,Superfast Passenger,Guntakal-SEC-03,2026-10-03,17:35,17:10,UP,P1 - Super High Priority,On Time
TRN-11083,Superfast Passenger,Vijayawada-SEC-02,2026-09-16,06:34,06:10,DOWN,P1 - Super High Priority,On Time
TRN-11084,Superfast Passenger,Hyderabad-SEC-04,2026-10-06,10:10,09:45,DOWN,P1 - Super High Priority,On Time
TRN-11085,Passenger,Secunderabad-SEC-05,2026-09-10,00:54,00:20,DOWN,P3 - Medium Priority,On Time
TRN-11086,Freight Hazardous,Guntakal-SEC-06,2026-09-02,04:49,04:15,UP,P3 - Priority Freight,On Time
TRN-11087,Premium Passenger,Guntur-SEC-08,2026-10-07,00:04,23:45,DOWN,P1 - Super High Priority,On Time
TRN-11088,Mail/Express,Guntakal-SEC-07,2026-09-08,13:24,13:00,DOWN,P2 - High Priority,Regulated
TRN-11089,Superfast Passenger,Hyderabad-SEC-04,2026-09-20,03:10,02:45,UP,P1 - Super High Priority,Expected Delay +30m
TRN-11090,Mail/Express,Guntur-SEC-02,2026-10-17,19:00,18:30,DOWN,P2 - High Priority,Expected Delay +15m
TRN-11091,Passenger,Secunderabad-SEC-06,2026-10-04,05:47,05:15,DOWN,P3 - Medium Priority,On Time
TRN-11092,Passenger,Guntur-SEC-02,2026-10-19,13:45,13:10,UP,P3 - Medium Priority,Expected Delay +30m
TRN-11093,Freight Mineral,Hyderabad-SEC-01,2026-10-08,11:46,11:10,DOWN,P4 - Normal Freight,Expected Delay +15m
TRN-11094,Superfast Passenger,Hyderabad-SEC-04,2026-09-28,00:32,00:10,UP,P1 - Super High Priority,Expected Delay +15m
TRN-11095,Freight Container,Vijayawada-SEC-07,2026-10-17,16:28,15:50,DOWN,P4 - Normal Freight,On Time
TRN-11096,Superfast Passenger,Vijayawada-SEC-07,2026-10-13,01:33,01:10,DOWN,P1 - Super High Priority,On Time
TRN-11097,Freight Auto,Guntakal-SEC-07,2026-09-10,14:48,14:15,DOWN,P4 - Normal Freight,On Time
TRN-11098,Passenger,Guntur-SEC-07,2026-09-13,12:49,12:15,DOWN,P3 - Medium Priority,Expected Delay +15m
TRN-11099,Premium Passenger,Vijayawada-SEC-03,2026-09-27,05:45,05:20,UP,P1 - Super High Priority,On Time
TRN-11100,Freight Mineral,Hyderabad-SEC-07,2026-09-18,06:40,06:00,DOWN,P4 - Normal Freight,On Time
TRN-11101,Freight Auto,Guntur-SEC-03,2026-09-20,21:51,21:20,DOWN,P4 - Normal Freight,On Time
TRN-11102,Mail/Express,Guntur-SEC-07,2026-10-15,23:15,22:50,UP,P2 - High Priority,On Time
TRN-11103,Freight Auto,Guntur-SEC-03,2026-10-19,17:03,16:30,DOWN,P4 - Normal Freight,On Time
TRN-11104,Freight Hazardous,Hyderabad-SEC-08,2026-10-07,19:08,18:30,UP,P3 - Priority Freight,On Time
TRN-11105,Superfast Passenger,Hyderabad-SEC-06,2026-10-19,19:46,19:20,UP,P1 - Super High Priority,Expected Delay +15m
TRN-11106,Premium Passenger,Hyderabad-SEC-08,2026-09-02,15:23,15:00,DOWN,P1 - Super High Priority,On Time
TRN-11107,Mail/Express,Secunderabad-SEC-04,2026-10-07,06:37,06:10,UP,P2 - High Priority,On Time
TRN-11108,Superfast Passenger,Vijayawada-SEC-08,2026-09-23,05:56,05:30,UP,P1 - Super High Priority,Expected Delay +15m
TRN-11109,Passenger,Vijayawada-SEC-06,2026-10-05,03:06,02:30,UP,P3 - Medium Priority,Regulated
TRN-11110,Freight Mineral,Vijayawada-SEC-04,2026-09-01,03:58,03:20,UP,P4 - Normal Freight,Expected Delay +15m
TRN-11111,Freight Hazardous,Guntur-SEC-06,2026-10-14,17:27,16:50,UP,P3 - Priority Freight,Expected Delay +15m
TRN-11112,Mail/Express,Hyderabad-SEC-07,2026-09-08,23:20,22:50,DOWN,P2 - High Priority,On Time
TRN-11113,Freight Mineral,Hyderabad-SEC-08,2026-09-19,09:41,09:00,DOWN,P4 - Normal Freight,On Time
TRN-11114,Freight Container,Guntur-SEC-07,2026-10-05,20:47,20:15,UP,P4 - Normal Freight,Expected Delay +15m
TRN-11115,Freight Container,Hyderabad-SEC-01,2026-09-22,11:54,11:20,UP,P4 - Normal Freight,On Time
TRN-11116,Superfast Passenger,Secunderabad-SEC-01,2026-10-18,22:40,22:20,UP,P1 - Super High Priority,Expected Delay +15m
TRN-11117,Freight Mineral,Secunderabad-SEC-08,2026-10-01,03:26,02:50,UP,P4 - Normal Freight,On Time
TRN-11118,Passenger,Hyderabad-SEC-07,2026-09-22,23:20,22:45,UP,P3 - Medium Priority,On Time
TRN-11119,Freight Container,Hyderabad-SEC-02,2026-09-08,08:44,08:10,UP,P4 - Normal Freight,On Time
TRN-11120,Freight Hazardous,Guntur-SEC-03,2026-09-26,22:56,22:20,DOWN,P3 - Priority Freight,On Time
TRN-11121,Mail/Express,Vijayawada-SEC-07,2026-10-18,09:41,09:15,UP,P2 - High Priority,On Time
TRN-11122,Freight Auto,Guntakal-SEC-02,2026-09-07,22:20,21:45,DOWN,P4 - Normal Freight,On Time
TRN-11123,Freight Mineral,Vijayawada-SEC-07,2026-10-20,06:27,05:50,DOWN,P4 - Normal Freight,On Time
TRN-11124,Passenger,Secunderabad-SEC-04,2026-09-11,22:19,21:45,UP,P3 - Medium Priority,Expected Delay +30m
TRN-11125,Freight Auto,Secunderabad-SEC-02,2026-09-12,04:02,03:30,UP,P4 - Normal Freight,On Time
TRN-11126,Freight Mineral,Vijayawada-SEC-06,2026-09-18,03:37,03:00,DOWN,P4 - Normal Freight,On Time
TRN-11127,Freight Mineral,Guntakal-SEC-05,2026-09-03,01:54,01:15,DOWN,P4 - Normal Freight,Regulated
TRN-11128,Passenger,Guntakal-SEC-02,2026-10-10,15:00,14:30,DOWN,P3 - Medium Priority,On Time
TRN-11129,Freight Container,Guntakal-SEC-03,2026-10-01,16:49,16:15,DOWN,P4 - Normal Freight,On Time
TRN-11130,Freight Hazardous,Hyderabad-SEC-01,2026-09-01,08:06,07:30,DOWN,P3 - Priority Freight,Expected Delay +15m
TRN-11131,Freight Hazardous,Guntur-SEC-03,2026-09-18,14:38,14:00,DOWN,P3 - Priority Freight,On Time
TRN-11132,Premium Passenger,Guntur-SEC-03,2026-09-21,03:41,03:15,DOWN,P1 - Super High Priority,On Time
TRN-11133,Superfast Passenger,Vijayawada-SEC-05,2026-10-11,20:55,20:30,UP,P1 - Super High Priority,On Time
TRN-11134,Freight Auto,Vijayawada-SEC-07,2026-10-21,02:53,02:20,UP,P4 - Normal Freight,Regulated
TRN-11135,Freight Auto,Guntakal-SEC-02,2026-10-21,17:01,16:30,DOWN,P4 - Normal Freight,Expected Delay +30m
TRN-11136,Superfast Passenger,Vijayawada-SEC-04,2026-10-10,17:11,16:50,DOWN,P1 - Super High Priority,On Time
TRN-11137,Mail/Express,Hyderabad-SEC-04,2026-09-24,22:11,21:45,DOWN,P2 - High Priority,On Time
TRN-11138,Premium Passenger,Guntakal-SEC-01,2026-09-28,15:33,15:10,DOWN,P1 - Super High Priority,On Time
TRN-11139,Freight Container,Guntakal-SEC-07,2026-09-22,12:54,12:20,DOWN,P4 - Normal Freight,Expected Delay +30m
TRN-11140,Mail/Express,Guntakal-SEC-04,2026-09-30,16:40,16:15,DOWN,P2 - High Priority,On Time
TRN-11141,Passenger,Guntur-SEC-01,2026-10-03,01:53,01:20,DOWN,P3 - Medium Priority,Expected Delay +30m
TRN-11142,Freight Container,Hyderabad-SEC-06,2026-10-18,04:27,03:50,DOWN,P4 - Normal Freight,On Time
TRN-11143,Freight Mineral,Guntakal-SEC-06,2026-09-18,08:05,07:30,DOWN,P4 - Normal Freight,On Time
TRN-11144,Freight Hazardous,Hyderabad-SEC-05,2026-09-27,04:22,03:45,DOWN,P3 - Priority Freight,On Time
TRN-11145,Superfast Passenger,Vijayawada-SEC-02,2026-10-11,12:47,12:20,UP,P1 - Super High Priority,On Time
TRN-11146,Freight Hazardous,Guntakal-SEC-01,2026-10-15,20:10,19:30,UP,P3 - Priority Freight,On Time
TRN-11147,Premium Passenger,Guntakal-SEC-01,2026-10-11,23:40,23:20,UP,P1 - Super High Priority,On Time
TRN-11148,Freight Mineral,Guntakal-SEC-01,2026-09-18,14:50,14:15,DOWN,P4 - Normal Freight,Expected Delay +30m
TRN-11149,Freight Auto,Guntur-SEC-04,2026-09-19,19:33,19:00,DOWN,P4 - Normal Freight,On Time
TRN-11150,Freight Mineral,Guntakal-SEC-02,2026-09-16,22:52,22:10,UP,P4 - Normal Freight,On Time
TRN-11151,Freight Container,Guntakal-SEC-02,2026-10-04,06:56,06:20,DOWN,P4 - Normal Freight,On Time
TRN-11152,Mail/Express,Hyderabad-SEC-03,2026-09-19,09:41,09:15,DOWN,P2 - High Priority,On Time
TRN-11153,Freight Auto,Hyderabad-SEC-02,2026-10-18,15:02,14:30,DOWN,P4 - Normal Freight,On Time
TRN-11154,Superfast Passenger,Secunderabad-SEC-03,2026-09-20,03:08,02:45,UP,P1 - Super High Priority,On Time
TRN-11155,Premium Passenger,Vijayawada-SEC-02,2026-09-05,13:11,12:45,UP,P1 - Super High Priority,On Time
TRN-11156,Superfast Passenger,Guntur-SEC-05,2026-10-06,02:34,02:10,DOWN,P1 - Super High Priority,Regulated
TRN-11157,Passenger,Secunderabad-SEC-02,2026-09-03,23:00,22:30,UP,P3 - Medium Priority,On Time
TRN-11158,Freight Hazardous,Vijayawada-SEC-07,2026-10-05,22:21,21:45,UP,P3 - Priority Freight,On Time
TRN-11159,Mail/Express,Vijayawada-SEC-01,2026-09-23,19:30,19:00,DOWN,P2 - High Priority,On Time
TRN-11160,Superfast Passenger,Guntakal-SEC-08,2026-10-05,20:40,20:15,DOWN,P1 - Super High Priority,Expected Delay +30m
TRN-11161,Freight Auto,Vijayawada-SEC-06,2026-09-16,22:46,22:15,DOWN,P4 - Normal Freight,On Time
TRN-11162,Freight Auto,Guntur-SEC-06,2026-10-06,20:53,20:20,DOWN,P4 - Normal Freight,On Time
TRN-11163,Freight Hazardous,Guntur-SEC-03,2026-09-27,20:38,20:00,DOWN,P3 - Priority Freight,On Time
TRN-11164,Freight Auto,Secunderabad-SEC-06,2026-10-20,02:31,02:00,UP,P4 - Normal Freight,On Time
TRN-11165,Premium Passenger,Guntakal-SEC-08,2026-09-06,18:34,18:10,DOWN,P1 - Super High Priority,Expected Delay +15m
TRN-11166,Freight Container,Guntakal-SEC-06,2026-10-17,04:06,03:30,UP,P4 - Normal Freight,On Time
TRN-11167,Freight Hazardous,Guntur-SEC-02,2026-09-20,18:35,18:00,DOWN,P3 - Priority Freight,On Time
TRN-11168,Freight Container,Vijayawada-SEC-01,2026-10-14,21:50,21:15,UP,P4 - Normal Freight,Expected Delay +15m
TRN-11169,Mail/Express,Hyderabad-SEC-08,2026-09-06,13:51,13:20,UP,P2 - High Priority,On Time
TRN-11170,Freight Auto,Secunderabad-SEC-07,2026-09-12,02:17,01:45,UP,P4 - Normal Freight,On Time
TRN-11171,Freight Auto,Vijayawada-SEC-01,2026-10-02,03:37,03:00,UP,P4 - Normal Freight,On Time
TRN-11172,Freight Auto,Guntakal-SEC-02,2026-09-20,09:16,08:45,UP,P4 - Normal Freight,On Time
TRN-11173,Superfast Passenger,Hyderabad-SEC-07,2026-09-22,06:31,06:10,DOWN,P1 - Super High Priority,On Time
TRN-11174,Freight Auto,Guntakal-SEC-01,2026-10-02,13:36,13:00,UP,P4 - Normal Freight,On Time
TRN-11175,Premium Passenger,Guntur-SEC-02,2026-10-18,03:53,03:30,UP,P1 - Super High Priority,On Time
TRN-11176,Freight Container,Hyderabad-SEC-02,2026-09-09,22:46,22:10,UP,P4 - Normal Freight,On Time
TRN-11177,Freight Container,Vijayawada-SEC-01,2026-10-02,23:51,23:20,UP,P4 - Normal Freight,On Time
TRN-11178,Freight Auto,Guntur-SEC-04,2026-10-21,13:52,13:20,DOWN,P4 - Normal Freight,On Time
TRN-11179,Premium Passenger,Secunderabad-SEC-06,2026-09-09,13:15,12:50,UP,P1 - Super High Priority,On Time
TRN-11180,Superfast Passenger,Secunderabad-SEC-02,2026-09-27,17:26,17:00,DOWN,P1 - Super High Priority,On Time
TRN-11181,Freight Hazardous,Guntakal-SEC-03,2026-09-26,10:37,10:00,DOWN,P3 - Priority Freight,On Time
TRN-11182,Freight Container,Secunderabad-SEC-01,2026-09-02,15:46,15:10,UP,P4 - Normal Freight,On Time
TRN-11183,Premium Passenger,Guntakal-SEC-06,2026-09-13,19:34,19:15,UP,P1 - Super High Priority,Expected Delay +30m
TRN-11184,Passenger,Guntur-SEC-06,2026-10-08,01:06,00:30,DOWN,P3 - Medium Priority,On Time
TRN-11185,Superfast Passenger,Guntur-SEC-05,2026-09-17,19:12,18:50,UP,P1 - Super High Priority,On Time
TRN-11186,Passenger,Hyderabad-SEC-06,2026-09-15,15:46,15:10,DOWN,P3 - Medium Priority,On Time
TRN-11187,Superfast Passenger,Guntakal-SEC-08,2026-09-03,21:23,21:00,DOWN,P1 - Super High Priority,On Time
TRN-11188,Superfast Passenger,Hyderabad-SEC-06,2026-09-07,19:32,19:10,DOWN,P1 - Super High Priority,On Time
TRN-11189,Premium Passenger,Secunderabad-SEC-06,2026-09-29,16:37,16:15,UP,P1 - Super High Priority,On Time
TRN-11190,Premium Passenger,Secunderabad-SEC-01,2026-09-16,21:29,21:10,DOWN,P1 - Super High Priority,On Time
TRN-11191,Freight Hazardous,Hyderabad-SEC-01,2026-10-16,07:23,06:45,DOWN,P3 - Priority Freight,Expected Delay +15m
TRN-11192,Superfast Passenger,Guntakal-SEC-04,2026-09-24,08:37,08:15,UP,P1 - Super High Priority,On Time
TRN-11193,Freight Hazardous,Guntur-SEC-01,2026-10-14,20:06,19:30,DOWN,P3 - Priority Freight,On Time
TRN-11194,Freight Mineral,Vijayawada-SEC-03,2026-09-08,19:00,18:20,DOWN,P4 - Normal Freight,On Time
TRN-11195,Freight Container,Guntakal-SEC-08,2026-10-06,00:33,00:00,UP,P4 - Normal Freight,On Time
TRN-11196,Superfast Passenger,Secunderabad-SEC-08,2026-10-16,21:39,21:15,DOWN,P1 - Super High Priority,On Time
TRN-11197,Freight Auto,Hyderabad-SEC-07,2026-09-21,21:36,21:00,DOWN,P4 - Normal Freight,Expected Delay +15m
TRN-11198,Freight Mineral,Guntur-SEC-05,2026-09-21,09:46,09:10,UP,P4 - Normal Freight,Expected Delay +30m
TRN-11199,Superfast Passenger,Vijayawada-SEC-06,2026-10-09,23:31,23:10,UP,P1 - Super High Priority,On Time
TRN-11200,Passenger,Vijayawada-SEC-04,2026-10-10,23:49,23:15,UP,P3 - Medium Priority,On Time
TRN-11201,Freight Hazardous,Hyderabad-SEC-04,2026-10-15,21:44,21:10,DOWN,P3 - Priority Freight,On Time
TRN-11202,Freight Auto,Guntakal-SEC-02,2026-09-10,21:05,20:30,UP,P4 - Normal Freight,Expected Delay +15m
TRN-11203,Passenger,Hyderabad-SEC-01,2026-09-08,14:04,13:30,UP,P3 - Medium Priority,On Time
TRN-11204,Premium Passenger,Secunderabad-SEC-06,2026-09-10,15:04,14:45,DOWN,P1 - Super High Priority,On Time
TRN-11205,Freight Auto,Guntur-SEC-03,2026-09-08,14:04,13:30,DOWN,P4 - Normal Freight,On Time
TRN-11206,Freight Container,Secunderabad-SEC-08,2026-10-19,10:49,10:15,UP,P4 - Normal Freight,On Time
TRN-11207,Premium Passenger,Guntur-SEC-02,2026-09-16,18:33,18:10,UP,P1 - Super High Priority,On Time
TRN-11208,Premium Passenger,Vijayawada-SEC-08,2026-09-21,04:11,03:45,UP,P1 - Super High Priority,Regulated
TRN-11209,Superfast Passenger,Guntakal-SEC-06,2026-10-20,22:43,22:20,UP,P1 - Super High Priority,On Time
TRN-11210,Freight Auto,Vijayawada-SEC-03,2026-10-14,00:22,23:50,DOWN,P4 - Normal Freight,On Time
TRN-11211,Superfast Passenger,Hyderabad-SEC-05,2026-10-14,00:54,00:30,DOWN,P1 - Super High Priority,On Time
TRN-11212,Freight Hazardous,Vijayawada-SEC-07,2026-09-22,11:39,11:00,UP,P3 - Priority Freight,On Time
TRN-11213,Freight Hazardous,Secunderabad-SEC-06,2026-09-27,05:21,04:45,DOWN,P3 - Priority Freight,On Time
TRN-11214,Freight Mineral,Hyderabad-SEC-04,2026-10-17,03:48,03:10,UP,P4 - Normal Freight,On Time
TRN-11215,Premium Passenger,Secunderabad-SEC-07,2026-09-28,15:10,14:45,UP,P1 - Super High Priority,On Time
TRN-11216,Freight Hazardous,Guntakal-SEC-07,2026-09-20,01:49,01:15,DOWN,P3 - Priority Freight,On Time
TRN-11217,Superfast Passenger,Secunderabad-SEC-07,2026-09-19,23:21,23:00,UP,P1 - Super High Priority,On Time
TRN-11218,Premium Passenger,Guntur-SEC-03,2026-10-05,09:40,09:20,UP,P1 - Super High Priority,On Time
TRN-11219,Freight Auto,Guntur-SEC-04,2026-10-21,10:33,10:00,UP,P4 - Normal Freight,On Time
TRN-11220,Premium Passenger,Guntakal-SEC-04,2026-09-20,13:23,13:00,UP,P1 - Super High Priority,Expected Delay +15m
TRN-11221,Premium Passenger,Guntakal-SEC-07,2026-10-17,19:29,19:10,DOWN,P1 - Super High Priority,Expected Delay +15m
TRN-11222,Freight Hazardous,Secunderabad-SEC-05,2026-10-10,11:18,10:45,DOWN,P3 - Priority Freight,Expected Delay +30m
TRN-11223,Passenger,Secunderabad-SEC-06,2026-10-06,00:46,00:15,UP,P3 - Medium Priority,On Time
TRN-11224,Freight Auto,Secunderabad-SEC-08,2026-10-20,08:25,07:50,DOWN,P4 - Normal Freight,On Time
TRN-11225,Freight Auto,Secunderabad-SEC-01,2026-09-06,20:08,19:30,DOWN,P4 - Normal Freight,On Time
TRN-11226,Premium Passenger,Hyderabad-SEC-08,2026-09-05,07:41,07:15,UP,P1 - Super High Priority,On Time
TRN-11227,Passenger,Hyderabad-SEC-07,2026-09-05,02:29,02:00,DOWN,P3 - Medium Priority,On Time
TRN-11228,Passenger,Vijayawada-SEC-08,2026-09-21,05:43,05:10,DOWN,P3 - Medium Priority,On Time
TRN-11229,Freight Container,Guntakal-SEC-07,2026-09-06,17:18,16:45,UP,P4 - Normal Freight,On Time
TRN-11230,Freight Auto,Secunderabad-SEC-02,2026-09-11,02:24,01:50,DOWN,P4 - Normal Freight,On Time
TRN-11231,Freight Container,Vijayawada-SEC-05,2026-09-28,04:52,04:20,DOWN,P4 - Normal Freight,Expected Delay +15m
TRN-11232,Freight Mineral,Secunderabad-SEC-01,2026-09-08,14:36,14:00,DOWN,P4 - Normal Freight,On Time
TRN-11233,Passenger,Secunderabad-SEC-08,2026-10-14,07:46,07:15,DOWN,P3 - Medium Priority,On Time
TRN-11234,Freight Hazardous,Vijayawada-SEC-05,2026-10-03,06:18,05:45,UP,P3 - Priority Freight,On Time
TRN-11235,Superfast Passenger,Hyderabad-SEC-01,2026-09-04,00:07,23:45,UP,P1 - Super High Priority,On Time
TRN-11236,Superfast Passenger,Secunderabad-SEC-01,2026-09-29,17:40,17:20,UP,P1 - Super High Priority,On Time
TRN-11237,Freight Mineral,Hyderabad-SEC-03,2026-10-21,05:05,04:30,UP,P4 - Normal Freight,On Time
TRN-11238,Superfast Passenger,Guntakal-SEC-04,2026-09-10,13:55,13:30,UP,P1 - Super High Priority,Expected Delay +30m
TRN-11239,Mail/Express,Vijayawada-SEC-06,2026-10-16,00:46,00:15,DOWN,P2 - High Priority,Regulated
TRN-11240,Freight Hazardous,Vijayawada-SEC-06,2026-09-30,09:48,09:10,UP,P3 - Priority Freight,Expected Delay +30m
TRN-11241,Freight Mineral,Vijayawada-SEC-06,2026-10-15,20:52,20:15,DOWN,P4 - Normal Freight,Expected Delay +15m
TRN-11242,Freight Hazardous,Vijayawada-SEC-04,2026-09-19,05:24,04:45,UP,P3 - Priority Freight,Regulated
TRN-11243,Freight Mineral,Vijayawada-SEC-07,2026-10-20,09:45,09:10,UP,P4 - Normal Freight,On Time
TRN-11244,Passenger,Vijayawada-SEC-02,2026-10-02,04:02,03:30,DOWN,P3 - Medium Priority,On Time
TRN-11245,Superfast Passenger,Guntakal-SEC-04,2026-09-07,11:09,10:45,DOWN,P1 - Super High Priority,On Time
TRN-11246,Freight Hazardous,Vijayawada-SEC-01,2026-10-18,08:36,08:00,DOWN,P3 - Priority Freight,On Time
TRN-11247,Mail/Express,Vijayawada-SEC-02,2026-09-19,21:57,21:30,DOWN,P2 - High Priority,On Time
TRN-11248,Premium Passenger,Vijayawada-SEC-08,2026-09-15,07:05,06:45,DOWN,P1 - Super High Priority,Expected Delay +15m
TRN-11249,Superfast Passenger,Guntur-SEC-06,2026-09-10,19:42,19:15,UP,P1 - Super High Priority,On Time
TRN-11250,Premium Passenger,Guntakal-SEC-02,2026-09-12,04:32,04:10,UP,P1 - Super High Priority,On Time
TRN-11251,Freight Auto,Hyderabad-SEC-08,2026-09-30,03:22,02:45,UP,P4 - Normal Freight,On Time
TRN-11252,Freight Mineral,Hyderabad-SEC-04,2026-10-13,03:58,03:20,UP,P4 - Normal Freight,On Time
TRN-11253,Superfast Passenger,Guntur-SEC-04,2026-09-11,17:57,17:30,DOWN,P1 - Super High Priority,On Time
TRN-11254,Premium Passenger,Vijayawada-SEC-02,2026-10-20,05:46,05:20,UP,P1 - Super High Priority,Expected Delay +15m
TRN-11255,Freight Auto,Guntakal-SEC-01,2026-09-22,01:56,01:20,UP,P4 - Normal Freight,On Time
TRN-11256,Freight Hazardous,Vijayawada-SEC-01,2026-10-01,03:33,03:00,DOWN,P3 - Priority Freight,On Time
TRN-11257,Freight Hazardous,Hyderabad-SEC-01,2026-09-15,10:47,10:10,UP,P3 - Priority Freight,On Time
TRN-11258,Freight Mineral,Hyderabad-SEC-04,2026-09-25,08:55,08:15,DOWN,P4 - Normal Freight,On Time
TRN-11259,Passenger,Guntur-SEC-03,2026-10-16,07:29,07:00,UP,P3 - Medium Priority,On Time
TRN-11260,Passenger,Secunderabad-SEC-04,2026-09-19,09:54,09:20,UP,P3 - Medium Priority,Expected Delay +30m
TRN-11261,Freight Hazardous,Secunderabad-SEC-04,2026-09-11,14:51,14:15,DOWN,P3 - Priority Freight,Expected Delay +15m
TRN-11262,Freight Mineral,Hyderabad-SEC-08,2026-09-11,00:35,00:00,DOWN,P4 - Normal Freight,On Time
TRN-11263,Freight Auto,Secunderabad-SEC-02,2026-09-12,19:52,19:20,UP,P4 - Normal Freight,On Time
TRN-11264,Passenger,Guntur-SEC-07,2026-10-03,03:56,03:20,DOWN,P3 - Medium Priority,Expected Delay +15m
TRN-11265,Freight Container,Guntur-SEC-02,2026-09-05,17:37,17:00,UP,P4 - Normal Freight,On Time
TRN-11266,Freight Hazardous,Guntakal-SEC-02,2026-10-21,00:21,23:45,DOWN,P3 - Priority Freight,On Time
TRN-11267,Premium Passenger,Vijayawada-SEC-04,2026-10-16,12:37,12:15,DOWN,P1 - Super High Priority,On Time
TRN-11268,Freight Mineral,Secunderabad-SEC-01,2026-09-12,21:29,20:50,DOWN,P4 - Normal Freight,On Time
TRN-11269,Freight Hazardous,Hyderabad-SEC-06,2026-09-10,16:33,16:00,DOWN,P3 - Priority Freight,On Time
TRN-11270,Superfast Passenger,Hyderabad-SEC-08,2026-10-13,20:34,20:10,DOWN,P1 - Super High Priority,On Time
TRN-11271,Passenger,Hyderabad-SEC-08,2026-09-05,15:41,15:10,DOWN,P3 - Medium Priority,On Time
TRN-11272,Premium Passenger,Guntur-SEC-08,2026-09-27,23:13,22:50,DOWN,P1 - Super High Priority,On Time
TRN-11273,Mail/Express,Secunderabad-SEC-05,2026-10-18,19:34,19:10,DOWN,P2 - High Priority,On Time
TRN-11274,Freight Mineral,Hyderabad-SEC-04,2026-10-15,21:55,21:20,UP,P4 - Normal Freight,On Time
TRN-11275,Freight Container,Vijayawada-SEC-08,2026-09-20,10:46,10:15,UP,P4 - Normal Freight,On Time
TRN-11276,Freight Hazardous,Hyderabad-SEC-02,2026-10-15,05:22,04:45,DOWN,P3 - Priority Freight,On Time
TRN-11277,Premium Passenger,Hyderabad-SEC-01,2026-09-17,16:08,15:45,UP,P1 - Super High Priority,On Time
TRN-11278,Freight Mineral,Guntakal-SEC-04,2026-09-24,02:50,02:15,UP,P4 - Normal Freight,On Time
TRN-11279,Freight Container,Secunderabad-SEC-08,2026-10-03,07:58,07:20,DOWN,P4 - Normal Freight,On Time
TRN-11280,Freight Hazardous,Secunderabad-SEC-07,2026-09-02,14:07,13:30,UP,P3 - Priority Freight,On Time
TRN-11281,Freight Container,Guntur-SEC-03,2026-10-12,18:26,17:50,DOWN,P4 - Normal Freight,Expected Delay +15m
TRN-11282,Freight Hazardous,Guntur-SEC-08,2026-09-25,00:56,00:20,DOWN,P3 - Priority Freight,On Time
TRN-11283,Freight Auto,Guntur-SEC-04,2026-09-29,05:51,05:15,UP,P4 - Normal Freight,On Time
TRN-11284,Passenger,Guntakal-SEC-07,2026-09-26,09:24,08:50,UP,P3 - Medium Priority,On Time
TRN-11285,Mail/Express,Guntur-SEC-01,2026-09-19,04:38,04:10,UP,P2 - High Priority,On Time
TRN-11286,Mail/Express,Secunderabad-SEC-01,2026-10-02,09:46,09:15,UP,P2 - High Priority,On Time
TRN-11287,Freight Hazardous,Guntur-SEC-02,2026-09-18,13:20,12:45,UP,P3 - Priority Freight,On Time
TRN-11288,Freight Auto,Secunderabad-SEC-07,2026-10-04,23:41,23:10,DOWN,P4 - Normal Freight,On Time
TRN-11289,Freight Container,Guntur-SEC-05,2026-09-19,12:27,11:50,UP,P4 - Normal Freight,On Time
TRN-11290,Freight Mineral,Secunderabad-SEC-04,2026-10-21,05:22,04:45,DOWN,P4 - Normal Freight,Expected Delay +30m
TRN-11291,Freight Mineral,Vijayawada-SEC-03,2026-10-17,04:36,04:00,DOWN,P4 - Normal Freight,On Time
TRN-11292,Passenger,Secunderabad-SEC-08,2026-09-10,09:21,08:50,DOWN,P3 - Medium Priority,On Time
TRN-11293,Freight Auto,Guntur-SEC-04,2026-09-05,14:58,14:20,UP,P4 - Normal Freight,Expected Delay +30m
TRN-11294,Passenger,Guntakal-SEC-03,2026-09-08,14:20,13:50,UP,P3 - Medium Priority,On Time
TRN-11295,Superfast Passenger,Secunderabad-SEC-03,2026-09-13,16:54,16:30,UP,P1 - Super High Priority,On Time
TRN-11296,Superfast Passenger,Secunderabad-SEC-08,2026-09-06,05:51,05:30,UP,P1 - Super High Priority,On Time
TRN-11297,Superfast Passenger,Guntakal-SEC-08,2026-10-13,18:33,18:10,UP,P1 - Super High Priority,On Time
TRN-11298,Freight Auto,Secunderabad-SEC-03,2026-10-18,10:17,09:45,UP,P4 - Normal Freight,On Time
TRN-11299,Freight Hazardous,Guntur-SEC-02,2026-10-17,02:40,02:00,UP,P3 - Priority Freight,On Time
TRN-11300,Freight Hazardous,Vijayawada-SEC-08,2026-09-23,05:30,04:50,DOWN,P3 - Priority Freight,On Time
TRN-11301,Freight Auto,Hyderabad-SEC-08,2026-10-02,01:21,00:45,DOWN,P4 - Normal Freight,On Time
TRN-11302,Freight Hazardous,Guntur-SEC-04,2026-10-17,05:09,04:30,DOWN,P3 - Priority Freight,On Time
TRN-11303,Freight Auto,Secunderabad-SEC-07,2026-10-06,05:28,04:50,UP,P4 - Normal Freight,Expected Delay +15m
TRN-11304,Freight Hazardous,Vijayawada-SEC-06,2026-10-21,13:53,13:20,DOWN,P3 - Priority Freight,On Time
TRN-11305,Freight Mineral,Guntakal-SEC-07,2026-10-14,08:25,07:45,UP,P4 - Normal Freight,On Time
TRN-11306,Mail/Express,Secunderabad-SEC-01,2026-10-05,17:16,16:45,DOWN,P2 - High Priority,On Time
TRN-11307,Mail/Express,Guntur-SEC-08,2026-09-23,11:42,11:15,UP,P2 - High Priority,Expected Delay +15m
TRN-11308,Freight Auto,Secunderabad-SEC-01,2026-10-08,02:52,02:15,DOWN,P4 - Normal Freight,On Time
TRN-11309,Freight Mineral,Secunderabad-SEC-01,2026-10-16,13:25,12:45,UP,P4 - Normal Freight,On Time
TRN-11310,Premium Passenger,Guntakal-SEC-08,2026-09-22,19:40,19:15,DOWN,P1 - Super High Priority,On Time
TRN-11311,Premium Passenger,Vijayawada-SEC-05,2026-09-10,03:13,02:50,DOWN,P1 - Super High Priority,On Time
TRN-11312,Premium Passenger,Guntur-SEC-05,2026-10-09,06:14,05:50,DOWN,P1 - Super High Priority,On Time
TRN-11313,Freight Container,Secunderabad-SEC-03,2026-09-22,14:44,14:10,UP,P4 - Normal Freight,Expected Delay +30m
TRN-11314,Premium Passenger,Guntakal-SEC-07,2026-10-10,19:52,19:30,DOWN,P1 - Super High Priority,Expected Delay +15m
TRN-11315,Freight Mineral,Secunderabad-SEC-07,2026-09-03,08:36,08:00,DOWN,P4 - Normal Freight,On Time
TRN-11316,Freight Mineral,Hyderabad-SEC-06,2026-10-07,11:40,11:00,DOWN,P4 - Normal Freight,Expected Delay +30m
TRN-11317,Premium Passenger,Hyderabad-SEC-01,2026-09-17,16:51,16:30,DOWN,P1 - Super High Priority,On Time
TRN-11318,Freight Container,Guntur-SEC-04,2026-09-06,10:48,10:15,DOWN,P4 - Normal Freight,On Time
TRN-11319,Superfast Passenger,Hyderabad-SEC-04,2026-09-21,01:26,01:00,UP,P1 - Super High Priority,On Time
TRN-11320,Mail/Express,Guntakal-SEC-03,2026-09-12,00:38,00:10,DOWN,P2 - High Priority,On Time
TRN-11321,Freight Container,Secunderabad-SEC-08,2026-09-19,13:48,13:15,DOWN,P4 - Normal Freight,On Time
TRN-11322,Passenger,Vijayawada-SEC-07,2026-09-26,21:48,21:15,DOWN,P3 - Medium Priority,On Time
TRN-11323,Mail/Express,Secunderabad-SEC-07,2026-09-12,15:16,14:50,UP,P2 - High Priority,On Time
TRN-11324,Freight Mineral,Hyderabad-SEC-07,2026-09-10,09:41,09:00,DOWN,P4 - Normal Freight,On Time
TRN-11325,Premium Passenger,Guntur-SEC-07,2026-10-11,18:15,17:50,DOWN,P1 - Super High Priority,On Time
TRN-11326,Mail/Express,Guntakal-SEC-07,2026-09-13,14:42,14:15,DOWN,P2 - High Priority,Expected Delay +30m
TRN-11327,Freight Mineral,Guntur-SEC-05,2026-09-30,02:10,01:30,DOWN,P4 - Normal Freight,On Time
TRN-11328,Superfast Passenger,Secunderabad-SEC-05,2026-09-15,01:16,00:50,UP,P1 - Super High Priority,Expected Delay +15m
TRN-11329,Freight Container,Secunderabad-SEC-04,2026-10-03,01:04,00:30,UP,P4 - Normal Freight,On Time
TRN-11330,Freight Container,Secunderabad-SEC-01,2026-10-08,23:35,23:00,UP,P4 - Normal Freight,On Time
TRN-11331,Freight Auto,Secunderabad-SEC-03,2026-09-27,06:32,06:00,DOWN,P4 - Normal Freight,Expected Delay +15m
TRN-11332,Freight Container,Vijayawada-SEC-08,2026-10-02,13:36,13:00,UP,P4 - Normal Freight,On Time
TRN-11333,Superfast Passenger,Guntakal-SEC-06,2026-10-14,23:39,23:15,DOWN,P1 - Super High Priority,On Time
TRN-11334,Premium Passenger,Secunderabad-SEC-05,2026-09-01,21:53,21:30,UP,P1 - Super High Priority,On Time
TRN-11335,Freight Container,Hyderabad-SEC-04,2026-09-11,00:08,23:30,DOWN,P4 - Normal Freight,On Time
TRN-11336,Freight Auto,Vijayawada-SEC-04,2026-09-25,15:48,15:15,UP,P4 - Normal Freight,On Time
TRN-11337,Mail/Express,Hyderabad-SEC-05,2026-09-22,09:36,09:10,DOWN,P2 - High Priority,Expected Delay +15m
TRN-11338,Freight Auto,Secunderabad-SEC-05,2026-09-21,12:20,11:45,UP,P4 - Normal Freight,On Time
TRN-11339,Passenger,Guntur-SEC-08,2026-10-05,15:55,15:20,DOWN,P3 - Medium Priority,On Time
TRN-11340,Freight Hazardous,Vijayawada-SEC-04,2026-09-27,15:55,15:20,DOWN,P3 - Priority Freight,On Time
TRN-11341,Passenger,Guntur-SEC-07,2026-10-04,15:36,15:00,UP,P3 - Medium Priority,On Time
TRN-11342,Premium Passenger,Secunderabad-SEC-07,2026-09-20,04:11,03:45,UP,P1 - Super High Priority,On Time
TRN-11343,Freight Hazardous,Hyderabad-SEC-05,2026-09-20,15:35,15:00,UP,P3 - Priority Freight,Expected Delay +15m
TRN-11344,Premium Passenger,Secunderabad-SEC-08,2026-09-21,01:32,01:10,DOWN,P1 - Super High Priority,On Time
TRN-11345,Freight Container,Guntakal-SEC-07,2026-10-18,04:51,04:15,DOWN,P4 - Normal Freight,Expected Delay +15m
TRN-11346,Freight Hazardous,Vijayawada-SEC-07,2026-10-05,14:08,13:30,UP,P3 - Priority Freight,On Time
TRN-11347,Superfast Passenger,Hyderabad-SEC-01,2026-09-09,23:11,22:50,UP,P1 - Super High Priority,On Time
TRN-11348,Freight Container,Guntur-SEC-06,2026-09-04,14:32,14:00,UP,P4 - Normal Freight,On Time
TRN-11349,Mail/Express,Hyderabad-SEC-05,2026-10-17,10:36,10:10,UP,P2 - High Priority,On Time
TRN-11350,Superfast Passenger,Secunderabad-SEC-08,2026-09-04,09:12,08:45,UP,P1 - Super High Priority,On Time
TRN-11351,Freight Auto,Hyderabad-SEC-01,2026-09-19,22:56,22:20,UP,P4 - Normal Freight,On Time
TRN-11352,Freight Hazardous,Vijayawada-SEC-06,2026-09-08,16:48,16:15,DOWN,P3 - Priority Freight,On Time
TRN-11353,Mail/Express,Guntakal-SEC-06,2026-09-12,16:29,16:00,UP,P2 - High Priority,On Time
TRN-11354,Mail/Express,Secunderabad-SEC-08,2026-09-07,03:44,03:20,DOWN,P2 - High Priority,On Time
TRN-11355,Freight Container,Guntakal-SEC-01,2026-10-17,14:51,14:15,DOWN,P4 - Normal Freight,Expected Delay +30m
TRN-11356,Freight Mineral,Guntakal-SEC-02,2026-09-22,15:25,14:50,UP,P4 - Normal Freight,On Time
TRN-11357,Superfast Passenger,Vijayawada-SEC-01,2026-10-09,19:14,18:50,UP,P1 - Super High Priority,On Time
TRN-11358,Freight Mineral,Secunderabad-SEC-01,2026-10-15,20:50,20:15,UP,P4 - Normal Freight,Expected Delay +15m
TRN-11359,Superfast Passenger,Vijayawada-SEC-03,2026-09-25,15:55,15:30,DOWN,P1 - Super High Priority,On Time
TRN-11360,Premium Passenger,Vijayawada-SEC-02,2026-09-20,09:43,09:20,DOWN,P1 - Super High Priority,On Time
TRN-11361,Premium Passenger,Guntur-SEC-03,2026-09-20,06:15,05:50,DOWN,P1 - Super High Priority,On Time
TRN-11362,Freight Auto,Secunderabad-SEC-06,2026-09-29,03:28,02:50,DOWN,P4 - Normal Freight,On Time
TRN-11363,Freight Hazardous,Secunderabad-SEC-02,2026-09-27,05:26,04:50,DOWN,P3 - Priority Freight,On Time
TRN-11364,Superfast Passenger,Hyderabad-SEC-03,2026-10-12,15:42,15:15,UP,P1 - Super High Priority,On Time
TRN-11365,Superfast Passenger,Hyderabad-SEC-06,2026-10-04,16:06,15:45,DOWN,P1 - Super High Priority,On Time
TRN-11366,Freight Hazardous,Secunderabad-SEC-01,2026-09-12,02:39,02:00,DOWN,P3 - Priority Freight,On Time
TRN-11367,Passenger,Guntur-SEC-01,2026-09-09,00:39,00:10,DOWN,P3 - Medium Priority,Expected Delay +30m
TRN-11368,Freight Mineral,Hyderabad-SEC-03,2026-09-05,17:27,16:45,UP,P4 - Normal Freight,Expected Delay +15m
TRN-11369,Freight Mineral,Guntur-SEC-02,2026-09-29,13:55,13:15,DOWN,P4 - Normal Freight,Expected Delay +15m
TRN-11370,Freight Mineral,Guntakal-SEC-02,2026-10-14,13:00,12:20,DOWN,P4 - Normal Freight,On Time
TRN-11371,Superfast Passenger,Hyderabad-SEC-05,2026-10-17,16:23,16:00,DOWN,P1 - Super High Priority,On Time
TRN-11372,Freight Container,Guntakal-SEC-07,2026-09-11,06:48,06:10,DOWN,P4 - Normal Freight,On Time
TRN-11373,Mail/Express,Vijayawada-SEC-08,2026-09-27,05:48,05:20,UP,P2 - High Priority,On Time
TRN-11374,Freight Hazardous,Vijayawada-SEC-02,2026-10-11,08:58,08:20,DOWN,P3 - Priority Freight,Expected Delay +15m
TRN-11375,Freight Container,Guntur-SEC-04,2026-09-27,07:01,06:30,DOWN,P4 - Normal Freight,On Time
TRN-11376,Freight Auto,Hyderabad-SEC-01,2026-10-14,14:03,13:30,UP,P4 - Normal Freight,Expected Delay +30m
TRN-11377,Freight Hazardous,Vijayawada-SEC-02,2026-09-21,05:34,05:00,DOWN,P3 - Priority Freight,On Time
TRN-11378,Superfast Passenger,Guntakal-SEC-06,2026-10-11,01:06,00:45,UP,P1 - Super High Priority,Expected Delay +15m
TRN-11379,Mail/Express,Guntur-SEC-02,2026-10-07,00:15,23:45,DOWN,P2 - High Priority,On Time
TRN-11380,Premium Passenger,Guntakal-SEC-02,2026-09-07,07:36,07:10,UP,P1 - Super High Priority,On Time
TRN-11381,Mail/Express,Guntakal-SEC-04,2026-10-10,11:46,11:15,DOWN,P2 - High Priority,On Time
TRN-11382,Freight Mineral,Hyderabad-SEC-06,2026-09-08,14:51,14:15,DOWN,P4 - Normal Freight,Expected Delay +15m
TRN-11383,Freight Hazardous,Vijayawada-SEC-01,2026-09-26,01:40,01:00,UP,P3 - Priority Freight,On Time
TRN-11384,Freight Mineral,Guntakal-SEC-04,2026-09-08,15:52,15:10,DOWN,P4 - Normal Freight,On Time
TRN-11385,Freight Hazardous,Hyderabad-SEC-06,2026-10-05,07:25,06:50,UP,P3 - Priority Freight,On Time
TRN-11386,Premium Passenger,Secunderabad-SEC-05,2026-09-22,06:36,06:15,DOWN,P1 - Super High Priority,Expected Delay +15m
TRN-11387,Superfast Passenger,Guntakal-SEC-05,2026-10-16,09:44,09:20,DOWN,P1 - Super High Priority,Expected Delay +15m
TRN-11388,Freight Hazardous,Hyderabad-SEC-05,2026-09-17,13:39,13:00,DOWN,P3 - Priority Freight,On Time
TRN-11389,Mail/Express,Guntur-SEC-08,2026-09-29,19:58,19:30,DOWN,P2 - High Priority,On Time
TRN-11390,Freight Mineral,Hyderabad-SEC-08,2026-10-16,01:26,00:50,DOWN,P4 - Normal Freight,On Time
TRN-11391,Freight Hazardous,Vijayawada-SEC-03,2026-10-14,15:26,14:50,DOWN,P3 - Priority Freight,Expected Delay +15m
TRN-11392,Superfast Passenger,Guntakal-SEC-05,2026-10-02,23:32,23:10,DOWN,P1 - Super High Priority,On Time
TRN-11393,Freight Auto,Guntakal-SEC-01,2026-09-21,06:01,05:30,DOWN,P4 - Normal Freight,On Time
TRN-11394,Freight Hazardous,Vijayawada-SEC-08,2026-09-13,11:33,11:00,UP,P3 - Priority Freight,On Time
TRN-11395,Freight Mineral,Vijayawada-SEC-02,2026-09-19,11:08,10:30,UP,P4 - Normal Freight,Expected Delay +15m
TRN-11396,Superfast Passenger,Guntakal-SEC-02,2026-10-02,04:46,04:20,UP,P1 - Super High Priority,On Time
TRN-11397,Passenger,Secunderabad-SEC-07,2026-09-19,00:44,00:15,DOWN,P3 - Medium Priority,On Time
TRN-11398,Mail/Express,Guntakal-SEC-08,2026-10-02,23:37,23:10,DOWN,P2 - High Priority,On Time
TRN-11399,Premium Passenger,Vijayawada-SEC-08,2026-09-03,08:08,07:45,UP,P1 - Super High Priority,Expected Delay +15m
TRN-11400,Mail/Express,Vijayawada-SEC-01,2026-10-10,19:29,19:00,DOWN,P2 - High Priority,On Time
TRN-11401,Mail/Express,Hyderabad-SEC-05,2026-10-01,00:09,23:45,DOWN,P2 - High Priority,On Time
TRN-11402,Freight Container,Guntakal-SEC-06,2026-09-19,16:38,16:00,DOWN,P4 - Normal Freight,On Time
TRN-11403,Superfast Passenger,Guntakal-SEC-02,2026-09-09,03:42,03:15,DOWN,P1 - Super High Priority,On Time
TRN-11404,Premium Passenger,Vijayawada-SEC-03,2026-09-20,19:14,18:50,UP,P1 - Super High Priority,On Time
TRN-11405,Passenger,Guntakal-SEC-05,2026-09-17,09:56,09:20,UP,P3 - Medium Priority,On Time
TRN-11406,Superfast Passenger,Guntur-SEC-08,2026-09-05,00:20,00:00,UP,P1 - Super High Priority,On Time
TRN-11407,Superfast Passenger,Guntur-SEC-06,2026-09-26,02:43,02:20,UP,P1 - Super High Priority,On Time
TRN-11408,Freight Hazardous,Hyderabad-SEC-02,2026-09-28,23:33,23:00,DOWN,P3 - Priority Freight,On Time
TRN-11409,Freight Mineral,Guntakal-SEC-06,2026-10-13,14:49,14:10,UP,P4 - Normal Freight,On Time
TRN-11410,Freight Hazardous,Guntur-SEC-03,2026-09-30,23:55,23:15,DOWN,P3 - Priority Freight,On Time
TRN-11411,Freight Hazardous,Hyderabad-SEC-07,2026-10-21,00:39,00:00,DOWN,P3 - Priority Freight,On Time
TRN-11412,Premium Passenger,Hyderabad-SEC-05,2026-10-09,03:19,03:00,UP,P1 - Super High Priority,Expected Delay +15m
TRN-11413,Freight Container,Guntur-SEC-06,2026-10-01,08:17,07:45,UP,P4 - Normal Freight,Expected Delay +30m
TRN-11414,Freight Container,Guntur-SEC-05,2026-10-10,01:02,00:30,DOWN,P4 - Normal Freight,On Time
TRN-11415,Superfast Passenger,Secunderabad-SEC-02,2026-10-15,22:54,22:30,UP,P1 - Super High Priority,Expected Delay +30m
TRN-11416,Freight Mineral,Guntur-SEC-02,2026-10-12,20:21,19:45,UP,P4 - Normal Freight,On Time
TRN-11417,Mail/Express,Guntur-SEC-05,2026-09-17,19:41,19:15,UP,P2 - High Priority,On Time
TRN-11418,Premium Passenger,Guntakal-SEC-04,2026-09-14,17:42,17:20,UP,P1 - Super High Priority,On Time
TRN-11419,Mail/Express,Secunderabad-SEC-02,2026-10-11,01:45,01:20,UP,P2 - High Priority,On Time
TRN-11420,Premium Passenger,Secunderabad-SEC-03,2026-09-06,05:32,05:10,DOWN,P1 - Super High Priority,On Time
TRN-11421,Freight Auto,Guntur-SEC-07,2026-09-13,20:47,20:15,DOWN,P4 - Normal Freight,On Time
TRN-11422,Passenger,Guntakal-SEC-04,2026-09-14,17:59,17:30,DOWN,P3 - Medium Priority,On Time
TRN-11423,Passenger,Vijayawada-SEC-08,2026-09-23,14:51,14:20,UP,P3 - Medium Priority,On Time
TRN-11424,Freight Auto,Hyderabad-SEC-03,2026-10-01,18:04,17:30,DOWN,P4 - Normal Freight,On Time
TRN-11425,Superfast Passenger,Hyderabad-SEC-04,2026-10-16,09:37,09:10,DOWN,P1 - Super High Priority,Expected Delay +15m
TRN-11426,Freight Mineral,Guntakal-SEC-01,2026-09-25,01:58,01:20,DOWN,P4 - Normal Freight,On Time
TRN-11427,Passenger,Guntur-SEC-08,2026-09-23,05:31,05:00,UP,P3 - Medium Priority,On Time
TRN-11428,Freight Mineral,Guntakal-SEC-07,2026-10-09,04:40,04:00,UP,P4 - Normal Freight,On Time
TRN-11429,Freight Mineral,Guntur-SEC-07,2026-10-20,20:51,20:15,UP,P4 - Normal Freight,On Time
TRN-11430,Freight Container,Hyderabad-SEC-06,2026-09-03,20:51,20:15,UP,P4 - Normal Freight,On Time
TRN-11431,Freight Hazardous,Guntakal-SEC-02,2026-10-14,22:06,21:30,DOWN,P3 - Priority Freight,Expected Delay +15m
TRN-11432,Freight Auto,Hyderabad-SEC-05,2026-09-06,11:46,11:10,UP,P4 - Normal Freight,On Time
TRN-11433,Premium Passenger,Hyderabad-SEC-05,2026-10-18,07:53,07:30,UP,P1 - Super High Priority,On Time
TRN-11434,Freight Container,Hyderabad-SEC-05,2026-09-06,22:25,21:50,UP,P4 - Normal Freight,On Time
TRN-11435,Mail/Express,Guntakal-SEC-07,2026-10-18,17:10,16:45,UP,P2 - High Priority,On Time
TRN-11436,Freight Mineral,Vijayawada-SEC-02,2026-09-28,00:56,00:15,DOWN,P4 - Normal Freight,On Time
TRN-11437,Premium Passenger,Guntakal-SEC-02,2026-09-15,10:38,10:15,DOWN,P1 - Super High Priority,Regulated
TRN-11438,Freight Container,Hyderabad-SEC-08,2026-10-04,19:28,18:50,DOWN,P4 - Normal Freight,On Time
TRN-11439,Freight Hazardous,Secunderabad-SEC-02,2026-10-05,19:08,18:30,DOWN,P3 - Priority Freight,Expected Delay +30m
TRN-11440,Passenger,Guntakal-SEC-08,2026-09-09,03:44,03:10,UP,P3 - Medium Priority,Expected Delay +30m
TRN-11441,Premium Passenger,Guntur-SEC-02,2026-10-17,13:10,12:45,DOWN,P1 - Super High Priority,On Time
TRN-11442,Freight Mineral,Hyderabad-SEC-03,2026-09-04,02:42,02:00,UP,P4 - Normal Freight,On Time
TRN-11443,Premium Passenger,Vijayawada-SEC-01,2026-09-21,02:54,02:30,DOWN,P1 - Super High Priority,On Time
TRN-11444,Freight Hazardous,Vijayawada-SEC-05,2026-10-18,22:33,22:00,DOWN,P3 - Priority Freight,Expected Delay +15m
TRN-11445,Freight Container,Vijayawada-SEC-01,2026-10-17,01:53,01:15,DOWN,P4 - Normal Freight,On Time
TRN-11446,Freight Auto,Vijayawada-SEC-06,2026-09-26,17:04,16:30,DOWN,P4 - Normal Freight,On Time
TRN-11447,Premium Passenger,Guntakal-SEC-07,2026-10-15,14:50,14:30,UP,P1 - Super High Priority,On Time
TRN-11448,Freight Auto,Hyderabad-SEC-01,2026-09-01,05:28,04:50,DOWN,P4 - Normal Freight,Expected Delay +15m
TRN-11449,Passenger,Vijayawada-SEC-04,2026-10-18,16:24,15:50,DOWN,P3 - Medium Priority,On Time
TRN-11450,Superfast Passenger,Guntur-SEC-01,2026-09-04,03:43,03:20,DOWN,P1 - Super High Priority,On Time
TRN-11451,Premium Passenger,Guntakal-SEC-04,2026-10-04,18:30,18:10,DOWN,P1 - Super High Priority,On Time
TRN-11452,Freight Auto,Secunderabad-SEC-03,2026-09-28,09:21,08:45,UP,P4 - Normal Freight,Expected Delay +15m
TRN-11453,Mail/Express,Vijayawada-SEC-05,2026-09-06,19:56,19:30,UP,P2 - High Priority,On Time
TRN-11454,Superfast Passenger,Secunderabad-SEC-08,2026-09-25,02:39,02:15,DOWN,P1 - Super High Priority,On Time
TRN-11455,Mail/Express,Vijayawada-SEC-02,2026-09-20,18:17,17:50,UP,P2 - High Priority,Expected Delay +15m
TRN-11456,Mail/Express,Hyderabad-SEC-08,2026-10-08,00:24,00:00,UP,P2 - High Priority,On Time
TRN-11457,Freight Mineral,Guntur-SEC-03,2026-09-16,03:40,03:00,DOWN,P4 - Normal Freight,On Time
TRN-11458,Superfast Passenger,Hyderabad-SEC-08,2026-09-30,21:05,20:45,DOWN,P1 - Super High Priority,Expected Delay +15m
TRN-11459,Mail/Express,Hyderabad-SEC-02,2026-09-11,06:41,06:10,DOWN,P2 - High Priority,On Time
TRN-11460,Mail/Express,Guntur-SEC-07,2026-09-19,16:58,16:30,DOWN,P2 - High Priority,On Time
TRN-11461,Freight Container,Secunderabad-SEC-04,2026-09-21,07:27,06:50,UP,P4 - Normal Freight,On Time
TRN-11462,Freight Container,Secunderabad-SEC-06,2026-10-15,11:07,10:30,DOWN,P4 - Normal Freight,On Time
TRN-11463,Passenger,Vijayawada-SEC-06,2026-09-07,13:34,13:00,UP,P3 - Medium Priority,On Time
TRN-11464,Freight Hazardous,Secunderabad-SEC-06,2026-09-26,23:00,22:20,DOWN,P3 - Priority Freight,On Time
TRN-11465,Mail/Express,Guntakal-SEC-05,2026-09-10,11:44,11:15,UP,P2 - High Priority,On Time
TRN-11466,Freight Mineral,Vijayawada-SEC-07,2026-09-28,11:58,11:20,DOWN,P4 - Normal Freight,On Time
TRN-11467,Passenger,Secunderabad-SEC-01,2026-09-21,08:19,07:50,UP,P3 - Medium Priority,On Time
TRN-11468,Passenger,Vijayawada-SEC-05,2026-09-20,00:04,23:30,UP,P3 - Medium Priority,On Time
TRN-11469,Freight Hazardous,Vijayawada-SEC-08,2026-10-10,17:47,17:10,DOWN,P3 - Priority Freight,On Time
TRN-11470,Freight Hazardous,Hyderabad-SEC-08,2026-10-06,08:53,08:20,DOWN,P3 - Priority Freight,Expected Delay +15m
TRN-11471,Mail/Express,Vijayawada-SEC-08,2026-09-10,05:44,05:20,DOWN,P2 - High Priority,On Time
TRN-11472,Freight Hazardous,Guntakal-SEC-08,2026-10-04,23:47,23:10,DOWN,P3 - Priority Freight,On Time
TRN-11473,Freight Auto,Hyderabad-SEC-05,2026-09-18,13:55,13:20,DOWN,P4 - Normal Freight,On Time
TRN-11474,Passenger,Secunderabad-SEC-05,2026-09-23,18:20,17:50,UP,P3 - Medium Priority,On Time
TRN-11475,Freight Hazardous,Secunderabad-SEC-03,2026-09-03,07:07,06:30,UP,P3 - Priority Freight,On Time
TRN-11476,Superfast Passenger,Hyderabad-SEC-06,2026-09-30,08:37,08:15,DOWN,P1 - Super High Priority,On Time
TRN-11477,Mail/Express,Vijayawada-SEC-02,2026-10-17,07:12,06:45,DOWN,P2 - High Priority,On Time
TRN-11478,Freight Auto,Hyderabad-SEC-05,2026-09-08,13:57,13:20,UP,P4 - Normal Freight,On Time
TRN-11479,Mail/Express,Secunderabad-SEC-01,2026-10-20,01:39,01:15,DOWN,P2 - High Priority,On Time
TRN-11480,Mail/Express,Vijayawada-SEC-06,2026-09-12,11:14,10:45,UP,P2 - High Priority,On Time
TRN-11481,Passenger,Hyderabad-SEC-05,2026-10-09,02:22,01:50,DOWN,P3 - Medium Priority,On Time
TRN-11482,Premium Passenger,Guntur-SEC-02,2026-10-14,21:04,20:45,UP,P1 - Super High Priority,On Time
TRN-11483,Freight Auto,Vijayawada-SEC-06,2026-10-06,20:35,20:00,DOWN,P4 - Normal Freight,On Time
TRN-11484,Freight Container,Secunderabad-SEC-08,2026-09-18,04:03,03:30,DOWN,P4 - Normal Freight,Expected Delay +30m
TRN-11485,Freight Auto,Guntur-SEC-01,2026-09-20,20:23,19:45,UP,P4 - Normal Freight,On Time
TRN-11486,Mail/Express,Guntakal-SEC-03,2026-09-11,00:31,00:00,UP,P2 - High Priority,On Time
TRN-11487,Freight Hazardous,Guntakal-SEC-04,2026-10-05,12:26,11:50,DOWN,P3 - Priority Freight,On Time
TRN-11488,Freight Hazardous,Hyderabad-SEC-08,2026-09-18,12:50,12:10,DOWN,P3 - Priority Freight,On Time
TRN-11489,Freight Container,Guntur-SEC-06,2026-09-04,08:18,07:45,DOWN,P4 - Normal Freight,On Time
TRN-11490,Superfast Passenger,Vijayawada-SEC-08,2026-10-05,08:51,08:30,DOWN,P1 - Super High Priority,On Time
TRN-11491,Freight Container,Vijayawada-SEC-03,2026-09-05,02:48,02:10,DOWN,P4 - Normal Freight,On Time
TRN-11492,Superfast Passenger,Guntur-SEC-06,2026-09-10,06:36,06:15,DOWN,P1 - Super High Priority,On Time
TRN-11493,Freight Auto,Guntur-SEC-07,2026-09-26,16:37,16:00,UP,P4 - Normal Freight,On Time
TRN-11494,Freight Mineral,Vijayawada-SEC-03,2026-09-23,07:50,07:15,DOWN,P4 - Normal Freight,On Time
TRN-11495,Freight Mineral,Guntur-SEC-02,2026-10-05,19:31,18:50,UP,P4 - Normal Freight,On Time
TRN-11496,Passenger,Secunderabad-SEC-03,2026-10-15,20:41,20:10,DOWN,P3 - Medium Priority,On Time
TRN-11497,Passenger,Secunderabad-SEC-02,2026-09-27,07:32,07:00,DOWN,P3 - Medium Priority,On Time
TRN-11498,Superfast Passenger,Guntakal-SEC-06,2026-09-12,23:06,22:45,DOWN,P1 - Super High Priority,Expected Delay +15m
TRN-11499,Freight Container,Guntur-SEC-03,2026-10-07,06:56,06:20,UP,P4 - Normal Freight,On Time
TRN-11500,Freight Auto,Vijayawada-SEC-05,2026-09-01,20:37,20:00,DOWN,P4 - Normal Freight,On Time
TRN-11501,Superfast Passenger,Secunderabad-SEC-02,2026-10-12,12:11,11:45,DOWN,P1 - Super High Priority,On Time
TRN-11502,Mail/Express,Hyderabad-SEC-04,2026-10-07,04:39,04:10,UP,P2 - High Priority,On Time
TRN-11503,Mail/Express,Secunderabad-SEC-05,2026-09-08,05:58,05:30,UP,P2 - High Priority,On Time
TRN-11504,Premium Passenger,Guntakal-SEC-05,2026-09-05,23:43,23:20,DOWN,P1 - Super High Priority,On Time
TRN-11505,Freight Mineral,Guntur-SEC-05,2026-09-17,19:21,18:45,UP,P4 - Normal Freight,Expected Delay +30m
TRN-11506,Premium Passenger,Guntur-SEC-03,2026-09-15,23:35,23:10,DOWN,P1 - Super High Priority,On Time
TRN-11507,Superfast Passenger,Secunderabad-SEC-08,2026-10-19,09:52,09:30,DOWN,P1 - Super High Priority,On Time
TRN-11508,Freight Auto,Vijayawada-SEC-08,2026-09-09,23:48,23:15,DOWN,P4 - Normal Freight,On Time
TRN-11509,Passenger,Secunderabad-SEC-03,2026-09-05,03:21,02:50,UP,P3 - Medium Priority,On Time
TRN-11510,Freight Auto,Secunderabad-SEC-08,2026-09-26,09:51,09:15,UP,P4 - Normal Freight,On Time
TRN-11511,Freight Mineral,Vijayawada-SEC-07,2026-10-06,22:25,21:50,DOWN,P4 - Normal Freight,On Time
TRN-11512,Premium Passenger,Vijayawada-SEC-04,2026-09-07,11:13,10:50,DOWN,P1 - Super High Priority,On Time
TRN-11513,Freight Auto,Hyderabad-SEC-04,2026-09-12,08:06,07:30,DOWN,P4 - Normal Freight,On Time
TRN-11514,Freight Container,Secunderabad-SEC-04,2026-09-07,16:57,16:20,UP,P4 - Normal Freight,On Time
TRN-11515,Passenger,Vijayawada-SEC-04,2026-10-18,12:30,12:00,DOWN,P3 - Medium Priority,On Time
TRN-11516,Passenger,Secunderabad-SEC-04,2026-09-26,05:33,05:00,DOWN,P3 - Medium Priority,Expected Delay +15m
TRN-11517,Freight Hazardous,Hyderabad-SEC-02,2026-09-19,12:54,12:20,DOWN,P3 - Priority Freight,On Time
TRN-11518,Freight Hazardous,Guntur-SEC-07,2026-09-07,12:47,12:10,DOWN,P3 - Priority Freight,On Time
TRN-11519,Freight Container,Guntur-SEC-03,2026-09-25,07:22,06:45,DOWN,P4 - Normal Freight,On Time
TRN-11520,Passenger,Guntakal-SEC-04,2026-10-11,21:35,21:00,UP,P3 - Medium Priority,On Time
TRN-11521,Passenger,Hyderabad-SEC-08,2026-09-16,02:47,02:15,DOWN,P3 - Medium Priority,On Time
TRN-11522,Passenger,Secunderabad-SEC-04,2026-09-28,23:16,22:45,DOWN,P3 - Medium Priority,On Time
TRN-11523,Freight Auto,Vijayawada-SEC-06,2026-09-10,23:31,23:00,UP,P4 - Normal Freight,On Time
TRN-11524,Passenger,Secunderabad-SEC-06,2026-10-12,13:47,13:15,UP,P3 - Medium Priority,On Time
TRN-11525,Mail/Express,Secunderabad-SEC-06,2026-10-02,21:27,21:00,UP,P2 - High Priority,Expected Delay +30m
TRN-11526,Freight Hazardous,Guntur-SEC-03,2026-09-20,07:30,06:50,DOWN,P3 - Priority Freight,Regulated
TRN-11527,Superfast Passenger,Guntakal-SEC-06,2026-09-12,23:10,22:50,UP,P1 - Super High Priority,On Time
TRN-11528,Freight Hazardous,Vijayawada-SEC-02,2026-10-17,14:24,13:45,DOWN,P3 - Priority Freight,On Time
TRN-11529,Freight Auto,Vijayawada-SEC-07,2026-09-24,02:16,01:45,UP,P4 - Normal Freight,On Time
TRN-11530,Passenger,Guntakal-SEC-04,2026-10-11,08:00,07:30,DOWN,P3 - Medium Priority,On Time
TRN-11531,Freight Mineral,Hyderabad-SEC-06,2026-10-20,08:52,08:15,UP,P4 - Normal Freight,Expected Delay +30m
TRN-11532,Superfast Passenger,Hyderabad-SEC-01,2026-10-13,06:33,06:10,UP,P1 - Super High Priority,On Time
TRN-11533,Passenger,Secunderabad-SEC-07,2026-09-03,17:25,16:50,UP,P3 - Medium Priority,On Time
TRN-11534,Superfast Passenger,Hyderabad-SEC-01,2026-09-29,02:41,02:15,UP,P1 - Super High Priority,Expected Delay +30m
TRN-11535,Freight Hazardous,Guntakal-SEC-03,2026-10-12,08:39,08:00,UP,P3 - Priority Freight,On Time
TRN-11536,Freight Mineral,Secunderabad-SEC-01,2026-09-11,10:06,09:30,UP,P4 - Normal Freight,On Time
TRN-11537,Freight Mineral,Guntur-SEC-05,2026-09-28,10:26,09:50,DOWN,P4 - Normal Freight,Expected Delay +15m
TRN-11538,Freight Mineral,Vijayawada-SEC-05,2026-10-12,02:31,01:50,UP,P4 - Normal Freight,On Time
TRN-11539,Passenger,Secunderabad-SEC-01,2026-09-18,08:43,08:10,UP,P3 - Medium Priority,On Time
TRN-11540,Mail/Express,Vijayawada-SEC-04,2026-09-07,06:57,06:30,DOWN,P2 - High Priority,On Time
TRN-11541,Mail/Express,Guntakal-SEC-06,2026-10-10,23:46,23:20,UP,P2 - High Priority,On Time
TRN-11542,Premium Passenger,Guntakal-SEC-05,2026-10-19,06:40,06:15,DOWN,P1 - Super High Priority,On Time
TRN-11543,Premium Passenger,Vijayawada-SEC-04,2026-09-05,00:53,00:30,DOWN,P1 - Super High Priority,On Time
TRN-11544,Freight Container,Guntakal-SEC-04,2026-10-18,15:47,15:10,UP,P4 - Normal Freight,On Time
TRN-11545,Superfast Passenger,Vijayawada-SEC-01,2026-09-24,15:37,15:15,UP,P1 - Super High Priority,On Time
TRN-11546,Freight Mineral,Guntur-SEC-07,2026-10-06,17:57,17:20,DOWN,P4 - Normal Freight,Expected Delay +30m
TRN-11547,Superfast Passenger,Guntur-SEC-06,2026-09-30,11:41,11:15,DOWN,P1 - Super High Priority,On Time
TRN-11548,Freight Mineral,Secunderabad-SEC-08,2026-09-03,09:01,08:20,DOWN,P4 - Normal Freight,On Time
TRN-11549,Freight Hazardous,Hyderabad-SEC-03,2026-09-05,05:09,04:30,DOWN,P3 - Priority Freight,On Time
TRN-11550,Superfast Passenger,Guntakal-SEC-02,2026-09-28,11:41,11:20,DOWN,P1 - Super High Priority,On Time
TRN-11551,Freight Auto,Vijayawada-SEC-03,2026-10-07,07:46,07:10,DOWN,P4 - Normal Freight,Expected Delay +15m
TRN-11552,Freight Auto,Vijayawada-SEC-05,2026-09-17,16:53,16:20,DOWN,P4 - Normal Freight,Expected Delay +15m
TRN-11553,Freight Hazardous,Guntakal-SEC-06,2026-09-07,18:23,17:45,DOWN,P3 - Priority Freight,On Time
TRN-11554,Premium Passenger,Secunderabad-SEC-01,2026-09-03,22:30,22:10,DOWN,P1 - Super High Priority,On Time
TRN-11555,Freight Hazardous,Guntakal-SEC-02,2026-09-16,03:28,02:50,UP,P3 - Priority Freight,On Time
TRN-11556,Freight Container,Guntakal-SEC-01,2026-10-04,15:04,14:30,DOWN,P4 - Normal Freight,Expected Delay +15m
TRN-11557,Freight Mineral,Vijayawada-SEC-03,2026-09-21,07:11,06:30,DOWN,P4 - Normal Freight,On Time
TRN-11558,Passenger,Hyderabad-SEC-03,2026-10-15,18:00,17:30,DOWN,P3 - Medium Priority,On Time
TRN-11559,Premium Passenger,Vijayawada-SEC-07,2026-10-14,15:21,15:00,UP,P1 - Super High Priority,On Time
TRN-11560,Premium Passenger,Vijayawada-SEC-06,2026-10-06,02:39,02:20,DOWN,P1 - Super High Priority,On Time
TRN-11561,Freight Hazardous,Secunderabad-SEC-07,2026-10-07,08:24,07:50,UP,P3 - Priority Freight,On Time
TRN-11562,Superfast Passenger,Secunderabad-SEC-06,2026-10-08,16:06,15:45,UP,P1 - Super High Priority,On Time
TRN-11563,Mail/Express,Guntakal-SEC-01,2026-10-12,22:37,22:10,UP,P2 - High Priority,On Time
TRN-11564,Freight Mineral,Hyderabad-SEC-04,2026-09-09,09:58,09:20,UP,P4 - Normal Freight,On Time
TRN-11565,Premium Passenger,Guntakal-SEC-05,2026-09-08,22:46,22:20,DOWN,P1 - Super High Priority,On Time
TRN-11566,Freight Container,Hyderabad-SEC-03,2026-09-07,15:02,14:30,DOWN,P4 - Normal Freight,On Time
TRN-11567,Freight Hazardous,Guntur-SEC-04,2026-10-01,11:38,11:00,UP,P3 - Priority Freight,Expected Delay +15m
TRN-11568,Premium Passenger,Vijayawada-SEC-01,2026-09-24,22:26,22:00,UP,P1 - Super High Priority,Expected Delay +30m
TRN-11569,Freight Container,Hyderabad-SEC-04,2026-10-08,10:49,10:15,DOWN,P4 - Normal Freight,On Time
TRN-11570,Freight Mineral,Guntur-SEC-02,2026-09-04,17:24,16:45,DOWN,P4 - Normal Freight,Expected Delay +15m
TRN-11571,Mail/Express,Secunderabad-SEC-01,2026-09-29,13:45,13:15,DOWN,P2 - High Priority,Regulated
TRN-11572,Mail/Express,Guntakal-SEC-01,2026-10-04,16:50,16:20,DOWN,P2 - High Priority,Expected Delay +15m
TRN-11573,Freight Hazardous,Guntakal-SEC-05,2026-10-03,16:08,15:30,DOWN,P3 - Priority Freight,On Time
TRN-11574,Freight Auto,Guntur-SEC-07,2026-09-07,13:37,13:00,UP,P4 - Normal Freight,On Time
TRN-11575,Premium Passenger,Guntakal-SEC-02,2026-10-02,20:46,20:20,UP,P1 - Super High Priority,Expected Delay +15m
TRN-11576,Premium Passenger,Guntur-SEC-06,2026-10-19,14:08,13:45,UP,P1 - Super High Priority,On Time
TRN-11577,Freight Auto,Guntur-SEC-08,2026-09-02,10:53,10:20,DOWN,P4 - Normal Freight,On Time
TRN-11578,Superfast Passenger,Guntur-SEC-04,2026-10-06,04:43,04:20,UP,P1 - Super High Priority,On Time
TRN-11579,Freight Mineral,Hyderabad-SEC-08,2026-10-20,10:11,09:30,UP,P4 - Normal Freight,On Time
TRN-11580,Freight Auto,Vijayawada-SEC-04,2026-09-29,12:07,11:30,DOWN,P4 - Normal Freight,On Time
TRN-11581,Mail/Express,Guntakal-SEC-07,2026-09-02,05:35,05:10,DOWN,P2 - High Priority,On Time
TRN-11582,Mail/Express,Secunderabad-SEC-01,2026-10-21,10:55,10:30,UP,P2 - High Priority,On Time
TRN-11583,Freight Auto,Secunderabad-SEC-04,2026-09-19,11:33,11:00,DOWN,P4 - Normal Freight,Regulated
TRN-11584,Superfast Passenger,Vijayawada-SEC-08,2026-09-24,11:16,10:50,UP,P1 - Super High Priority,On Time
TRN-11585,Superfast Passenger,Guntur-SEC-01,2026-09-13,02:12,01:50,UP,P1 - Super High Priority,On Time
TRN-11586,Premium Passenger,Guntakal-SEC-08,2026-10-21,05:05,04:45,UP,P1 - Super High Priority,On Time
TRN-11587,Superfast Passenger,Vijayawada-SEC-01,2026-09-02,12:45,12:20,DOWN,P1 - Super High Priority,On Time
TRN-11588,Freight Container,Vijayawada-SEC-02,2026-10-15,21:02,20:30,DOWN,P4 - Normal Freight,On Time
TRN-11589,Superfast Passenger,Vijayawada-SEC-03,2026-09-02,18:51,18:30,DOWN,P1 - Super High Priority,On Time
TRN-11590,Freight Container,Guntur-SEC-04,2026-10-21,03:53,03:20,DOWN,P4 - Normal Freight,On Time
TRN-11591,Freight Auto,Hyderabad-SEC-05,2026-10-04,15:17,14:45,UP,P4 - Normal Freight,On Time
TRN-11592,Premium Passenger,Secunderabad-SEC-03,2026-09-05,15:32,15:10,UP,P1 - Super High Priority,On Time
TRN-11593,Premium Passenger,Vijayawada-SEC-07,2026-10-19,14:08,13:45,UP,P1 - Super High Priority,On Time
TRN-11594,Freight Mineral,Secunderabad-SEC-02,2026-10-18,14:51,14:10,UP,P4 - Normal Freight,On Time
TRN-11595,Mail/Express,Guntakal-SEC-02,2026-09-27,15:15,14:45,DOWN,P2 - High Priority,On Time
TRN-11596,Freight Auto,Vijayawada-SEC-04,2026-09-12,20:22,19:45,DOWN,P4 - Normal Freight,On Time
TRN-11597,Freight Hazardous,Hyderabad-SEC-03,2026-09-24,00:25,23:45,DOWN,P3 - Priority Freight,On Time
TRN-11598,Freight Container,Hyderabad-SEC-08,2026-09-05,17:33,17:00,UP,P4 - Normal Freight,On Time
TRN-11599,Freight Hazardous,Guntur-SEC-03,2026-10-10,10:36,10:00,DOWN,P3 - Priority Freight,On Time
TRN-11600,Freight Hazardous,Vijayawada-SEC-07,2026-10-06,20:25,19:50,UP,P3 - Priority Freight,On Time
TRN-11601,Freight Hazardous,Guntakal-SEC-08,2026-10-10,10:55,10:15,DOWN,P3 - Priority Freight,Expected Delay +30m
TRN-11602,Premium Passenger,Guntur-SEC-01,2026-09-04,05:55,05:30,UP,P1 - Super High Priority,Regulated
TRN-11603,Passenger,Guntakal-SEC-06,2026-10-12,05:33,05:00,DOWN,P3 - Medium Priority,On Time
TRN-11604,Freight Mineral,Guntur-SEC-07,2026-09-10,23:51,23:10,DOWN,P4 - Normal Freight,On Time
TRN-11605,Passenger,Secunderabad-SEC-06,2026-10-01,10:54,10:20,UP,P3 - Medium Priority,On Time
TRN-11606,Mail/Express,Guntakal-SEC-05,2026-09-17,12:41,12:10,UP,P2 - High Priority,On Time
TRN-11607,Freight Hazardous,Vijayawada-SEC-07,2026-09-26,20:36,20:00,DOWN,P3 - Priority Freight,On Time
TRN-11608,Premium Passenger,Hyderabad-SEC-08,2026-09-25,05:38,05:15,DOWN,P1 - Super High Priority,On Time
TRN-11609,Premium Passenger,Guntakal-SEC-08,2026-09-30,06:50,06:30,DOWN,P1 - Super High Priority,On Time
TRN-11610,Premium Passenger,Guntakal-SEC-01,2026-09-24,01:05,00:45,DOWN,P1 - Super High Priority,On Time
TRN-11611,Freight Auto,Guntakal-SEC-06,2026-10-07,21:46,21:15,DOWN,P4 - Normal Freight,On Time
TRN-11612,Mail/Express,Hyderabad-SEC-03,2026-09-06,16:25,16:00,UP,P2 - High Priority,On Time
TRN-11613,Premium Passenger,Guntakal-SEC-08,2026-09-21,09:35,09:15,DOWN,P1 - Super High Priority,On Time
TRN-11614,Mail/Express,Hyderabad-SEC-08,2026-10-15,23:00,22:30,UP,P2 - High Priority,Expected Delay +30m
TRN-11615,Freight Container,Guntakal-SEC-04,2026-09-26,01:16,00:45,UP,P4 - Normal Freight,Expected Delay +15m
TRN-11616,Superfast Passenger,Secunderabad-SEC-01,2026-10-05,09:35,09:15,UP,P1 - Super High Priority,On Time
TRN-11617,Freight Container,Guntur-SEC-07,2026-09-23,06:18,05:45,UP,P4 - Normal Freight,On Time
TRN-11618,Freight Hazardous,Guntur-SEC-08,2026-09-01,03:10,02:30,UP,P3 - Priority Freight,On Time
TRN-11619,Mail/Express,Secunderabad-SEC-02,2026-09-06,12:48,12:20,DOWN,P2 - High Priority,Regulated
TRN-11620,Premium Passenger,Guntur-SEC-08,2026-09-04,01:33,01:10,DOWN,P1 - Super High Priority,Expected Delay +30m
TRN-11621,Freight Container,Guntur-SEC-02,2026-09-29,01:57,01:20,DOWN,P4 - Normal Freight,On Time
TRN-11622,Freight Container,Hyderabad-SEC-05,2026-09-08,14:32,14:00,DOWN,P4 - Normal Freight,Expected Delay +15m
TRN-11623,Freight Hazardous,Secunderabad-SEC-03,2026-09-17,06:05,05:30,DOWN,P3 - Priority Freight,On Time
TRN-11624,Mail/Express,Hyderabad-SEC-03,2026-10-12,01:29,01:00,DOWN,P2 - High Priority,On Time
TRN-11625,Freight Hazardous,Hyderabad-SEC-08,2026-10-20,00:51,00:15,UP,P3 - Priority Freight,On Time
TRN-11626,Passenger,Secunderabad-SEC-06,2026-10-21,16:02,15:30,DOWN,P3 - Medium Priority,On Time
TRN-11627,Premium Passenger,Guntakal-SEC-04,2026-09-30,09:49,09:30,DOWN,P1 - Super High Priority,On Time
TRN-11628,Freight Mineral,Guntakal-SEC-05,2026-09-04,11:02,10:20,UP,P4 - Normal Freight,On Time
TRN-11629,Premium Passenger,Secunderabad-SEC-08,2026-09-10,23:35,23:10,DOWN,P1 - Super High Priority,On Time
TRN-11630,Premium Passenger,Guntur-SEC-04,2026-10-12,05:39,05:20,DOWN,P1 - Super High Priority,On Time
TRN-11631,Freight Auto,Vijayawada-SEC-05,2026-09-11,10:03,09:30,DOWN,P4 - Normal Freight,Regulated
TRN-11632,Freight Hazardous,Guntur-SEC-07,2026-09-25,00:22,23:45,DOWN,P3 - Priority Freight,On Time
TRN-11633,Freight Mineral,Vijayawada-SEC-06,2026-10-19,06:30,05:50,UP,P4 - Normal Freight,Expected Delay +15m
TRN-11634,Superfast Passenger,Hyderabad-SEC-02,2026-09-27,17:40,17:20,DOWN,P1 - Super High Priority,Expected Delay +30m
TRN-11635,Freight Auto,Secunderabad-SEC-03,2026-09-12,12:53,12:15,UP,P4 - Normal Freight,On Time
TRN-11636,Mail/Express,Secunderabad-SEC-04,2026-10-17,04:36,04:10,UP,P2 - High Priority,On Time
TRN-11637,Freight Auto,Guntur-SEC-06,2026-09-22,12:42,12:10,DOWN,P4 - Normal Freight,On Time
TRN-11638,Freight Mineral,Guntakal-SEC-02,2026-09-12,17:49,17:10,UP,P4 - Normal Freight,On Time
TRN-11639,Freight Container,Secunderabad-SEC-03,2026-09-11,23:49,23:15,UP,P4 - Normal Freight,On Time
TRN-11640,Freight Hazardous,Guntakal-SEC-05,2026-09-22,23:36,23:00,DOWN,P3 - Priority Freight,Regulated
TRN-11641,Freight Container,Guntur-SEC-06,2026-10-11,19:37,19:00,UP,P4 - Normal Freight,Expected Delay +30m
TRN-11642,Freight Hazardous,Hyderabad-SEC-03,2026-09-19,08:25,07:50,UP,P3 - Priority Freight,On Time
TRN-11643,Passenger,Vijayawada-SEC-03,2026-09-01,00:40,00:10,DOWN,P3 - Medium Priority,Expected Delay +15m
TRN-11644,Premium Passenger,Guntur-SEC-05,2026-09-16,05:06,04:45,UP,P1 - Super High Priority,On Time
TRN-11645,Passenger,Secunderabad-SEC-04,2026-10-07,18:55,18:20,UP,P3 - Medium Priority,On Time
TRN-11646,Freight Mineral,Hyderabad-SEC-07,2026-09-05,01:10,00:30,DOWN,P4 - Normal Freight,On Time
TRN-11647,Freight Hazardous,Vijayawada-SEC-05,2026-09-12,17:24,16:45,DOWN,P3 - Priority Freight,Expected Delay +30m
TRN-11648,Mail/Express,Guntur-SEC-07,2026-10-11,14:16,13:45,DOWN,P2 - High Priority,On Time
TRN-11649,Premium Passenger,Hyderabad-SEC-01,2026-10-17,21:10,20:50,DOWN,P1 - Super High Priority,On Time
TRN-11650,Passenger,Hyderabad-SEC-08,2026-10-20,13:48,13:15,UP,P3 - Medium Priority,Expected Delay +15m
TRN-11651,Passenger,Guntur-SEC-08,2026-09-08,16:50,16:20,UP,P3 - Medium Priority,On Time
TRN-11652,Superfast Passenger,Vijayawada-SEC-04,2026-10-09,02:21,02:00,UP,P1 - Super High Priority,On Time
TRN-11653,Freight Container,Guntur-SEC-01,2026-09-13,00:07,23:30,UP,P4 - Normal Freight,On Time
TRN-11654,Passenger,Guntakal-SEC-05,2026-09-29,03:44,03:10,DOWN,P3 - Medium Priority,Expected Delay +15m
TRN-11655,Superfast Passenger,Guntakal-SEC-02,2026-09-13,19:43,19:20,UP,P1 - Super High Priority,On Time
TRN-11656,Premium Passenger,Guntakal-SEC-06,2026-10-03,08:35,08:10,DOWN,P1 - Super High Priority,On Time
TRN-11657,Freight Hazardous,Vijayawada-SEC-05,2026-10-02,22:35,22:00,DOWN,P3 - Priority Freight,On Time
TRN-11658,Freight Auto,Vijayawada-SEC-06,2026-10-14,15:02,14:30,UP,P4 - Normal Freight,On Time
TRN-11659,Freight Auto,Guntur-SEC-08,2026-09-15,11:53,11:20,UP,P4 - Normal Freight,On Time
TRN-11660,Superfast Passenger,Guntur-SEC-02,2026-09-04,11:26,11:00,DOWN,P1 - Super High Priority,On Time
TRN-11661,Superfast Passenger,Guntur-SEC-02,2026-09-23,22:53,22:30,UP,P1 - Super High Priority,Expected Delay +15m
TRN-11662,Freight Mineral,Guntur-SEC-08,2026-09-06,16:01,15:20,UP,P4 - Normal Freight,On Time
TRN-11663,Freight Mineral,Secunderabad-SEC-02,2026-10-14,04:02,03:20,DOWN,P4 - Normal Freight,On Time
TRN-11664,Mail/Express,Guntur-SEC-07,2026-09-15,18:46,18:15,UP,P2 - High Priority,Expected Delay +15m
TRN-11665,Freight Container,Hyderabad-SEC-05,2026-09-10,22:02,21:30,DOWN,P4 - Normal Freight,On Time
TRN-11666,Superfast Passenger,Secunderabad-SEC-08,2026-09-18,09:34,09:10,DOWN,P1 - Super High Priority,On Time
TRN-11667,Mail/Express,Secunderabad-SEC-03,2026-10-06,05:01,04:30,DOWN,P2 - High Priority,On Time
TRN-11668,Freight Mineral,Hyderabad-SEC-07,2026-10-14,10:26,09:50,DOWN,P4 - Normal Freight,On Time
TRN-11669,Mail/Express,Secunderabad-SEC-04,2026-10-03,18:37,18:10,UP,P2 - High Priority,On Time
TRN-11670,Freight Container,Vijayawada-SEC-08,2026-10-04,10:27,09:50,DOWN,P4 - Normal Freight,On Time
TRN-11671,Premium Passenger,Guntur-SEC-01,2026-09-21,17:40,17:20,DOWN,P1 - Super High Priority,On Time
TRN-11672,Freight Hazardous,Guntur-SEC-05,2026-09-12,05:58,05:20,UP,P3 - Priority Freight,On Time
TRN-11673,Mail/Express,Secunderabad-SEC-05,2026-09-14,21:28,21:00,UP,P2 - High Priority,On Time
TRN-11674,Passenger,Secunderabad-SEC-05,2026-10-21,00:44,00:10,DOWN,P3 - Medium Priority,On Time
TRN-11675,Freight Hazardous,Vijayawada-SEC-01,2026-09-20,00:19,23:45,UP,P3 - Priority Freight,Expected Delay +15m
TRN-11676,Superfast Passenger,Guntakal-SEC-06,2026-09-07,06:16,05:50,UP,P1 - Super High Priority,On Time
TRN-11677,Freight Container,Hyderabad-SEC-01,2026-09-15,11:38,11:00,UP,P4 - Normal Freight,On Time
TRN-11678,Mail/Express,Hyderabad-SEC-03,2026-09-11,05:21,04:50,UP,P2 - High Priority,On Time
TRN-11679,Freight Mineral,Vijayawada-SEC-06,2026-09-09,04:02,03:20,UP,P4 - Normal Freight,On Time
TRN-11680,Passenger,Secunderabad-SEC-07,2026-09-06,11:44,11:10,DOWN,P3 - Medium Priority,On Time
TRN-11681,Freight Auto,Guntakal-SEC-05,2026-09-21,15:57,15:20,DOWN,P4 - Normal Freight,On Time
TRN-11682,Superfast Passenger,Guntur-SEC-08,2026-09-28,14:46,14:20,DOWN,P1 - Super High Priority,On Time
TRN-11683,Premium Passenger,Hyderabad-SEC-06,2026-09-09,11:29,11:10,DOWN,P1 - Super High Priority,On Time
TRN-11684,Freight Auto,Guntakal-SEC-03,2026-10-04,12:53,12:20,DOWN,P4 - Normal Freight,On Time
TRN-11685,Passenger,Secunderabad-SEC-02,2026-10-04,23:50,23:20,UP,P3 - Medium Priority,On Time
TRN-11686,Premium Passenger,Guntur-SEC-05,2026-10-03,12:39,12:15,DOWN,P1 - Super High Priority,On Time
TRN-11687,Superfast Passenger,Secunderabad-SEC-03,2026-10-13,22:53,22:30,UP,P1 - Super High Priority,On Time
TRN-11688,Freight Hazardous,Hyderabad-SEC-08,2026-09-24,12:07,11:30,UP,P3 - Priority Freight,On Time
TRN-11689,Premium Passenger,Vijayawada-SEC-06,2026-09-23,02:34,02:15,DOWN,P1 - Super High Priority,On Time
TRN-11690,Freight Mineral,Guntur-SEC-03,2026-09-14,02:30,01:50,DOWN,P4 - Normal Freight,Expected Delay +15m
TRN-11691,Premium Passenger,Vijayawada-SEC-07,2026-09-17,18:32,18:10,UP,P1 - Super High Priority,On Time
TRN-11692,Premium Passenger,Vijayawada-SEC-07,2026-09-20,04:09,03:45,UP,P1 - Super High Priority,Expected Delay +15m
TRN-11693,Freight Container,Secunderabad-SEC-06,2026-10-13,14:50,14:15,UP,P4 - Normal Freight,On Time
TRN-11694,Freight Mineral,Secunderabad-SEC-08,2026-09-26,11:50,11:15,DOWN,P4 - Normal Freight,Expected Delay +15m
TRN-11695,Freight Auto,Vijayawada-SEC-07,2026-09-04,22:34,22:00,UP,P4 - Normal Freight,On Time
TRN-11696,Freight Auto,Guntakal-SEC-02,2026-10-05,18:19,17:45,UP,P4 - Normal Freight,On Time
TRN-11697,Freight Container,Secunderabad-SEC-04,2026-10-10,02:47,02:15,UP,P4 - Normal Freight,Expected Delay +30m
TRN-11698,Freight Hazardous,Guntur-SEC-07,2026-10-05,07:56,07:20,DOWN,P3 - Priority Freight,On Time
TRN-11699,Freight Mineral,Vijayawada-SEC-02,2026-10-15,12:59,12:20,UP,P4 - Normal Freight,On Time
TRN-11700,Premium Passenger,Hyderabad-SEC-02,2026-10-15,09:19,09:00,UP,P1 - Super High Priority,Expected Delay +15m
TRN-11701,Freight Container,Secunderabad-SEC-04,2026-10-02,11:01,10:30,UP,P4 - Normal Freight,Expected Delay +15m
TRN-11702,Freight Mineral,Secunderabad-SEC-08,2026-09-01,05:40,05:00,UP,P4 - Normal Freight,On Time
TRN-11703,Freight Hazardous,Hyderabad-SEC-05,2026-09-12,01:05,00:30,DOWN,P3 - Priority Freight,Expected Delay +15m
TRN-11704,Premium Passenger,Guntakal-SEC-03,2026-09-26,02:26,02:00,UP,P1 - Super High Priority,On Time
TRN-11705,Premium Passenger,Hyderabad-SEC-08,2026-09-15,05:08,04:45,UP,P1 - Super High Priority,On Time
TRN-11706,Freight Container,Guntakal-SEC-07,2026-09-11,00:18,23:45,UP,P4 - Normal Freight,On Time
TRN-11707,Superfast Passenger,Guntur-SEC-02,2026-09-21,05:27,05:00,DOWN,P1 - Super High Priority,On Time
TRN-11708,Freight Auto,Guntur-SEC-06,2026-09-15,08:53,08:20,DOWN,P4 - Normal Freight,On Time
TRN-11709,Freight Mineral,Hyderabad-SEC-02,2026-10-21,16:37,16:00,UP,P4 - Normal Freight,Expected Delay +15m
TRN-11710,Freight Hazardous,Guntakal-SEC-01,2026-10-13,19:25,18:45,DOWN,P3 - Priority Freight,On Time
TRN-11711,Freight Mineral,Vijayawada-SEC-02,2026-09-08,22:50,22:10,UP,P4 - Normal Freight,On Time
TRN-11712,Freight Mineral,Guntakal-SEC-03,2026-10-18,23:31,22:50,UP,P4 - Normal Freight,On Time
TRN-11713,Passenger,Vijayawada-SEC-04,2026-10-04,23:19,22:50,DOWN,P3 - Medium Priority,Expected Delay +15m
TRN-11714,Freight Container,Guntakal-SEC-07,2026-09-03,04:07,03:30,UP,P4 - Normal Freight,On Time
TRN-11715,Passenger,Guntur-SEC-05,2026-09-20,01:24,00:50,DOWN,P3 - Medium Priority,On Time
TRN-11716,Freight Hazardous,Hyderabad-SEC-07,2026-09-06,04:06,03:30,DOWN,P3 - Priority Freight,On Time
TRN-11717,Freight Container,Vijayawada-SEC-08,2026-09-06,22:54,22:20,UP,P4 - Normal Freight,On Time
TRN-11718,Superfast Passenger,Vijayawada-SEC-03,2026-09-27,17:23,17:00,UP,P1 - Super High Priority,On Time
TRN-11719,Premium Passenger,Hyderabad-SEC-03,2026-10-08,19:49,19:30,DOWN,P1 - Super High Priority,On Time
TRN-11720,Freight Mineral,Vijayawada-SEC-05,2026-09-06,15:56,15:15,UP,P4 - Normal Freight,On Time
TRN-11721,Freight Hazardous,Guntur-SEC-06,2026-09-24,01:20,00:45,DOWN,P3 - Priority Freight,On Time
TRN-11722,Freight Auto,Hyderabad-SEC-07,2026-10-13,00:47,00:15,UP,P4 - Normal Freight,On Time
TRN-11723,Freight Mineral,Guntur-SEC-08,2026-10-16,03:10,02:30,UP,P4 - Normal Freight,On Time
TRN-11724,Mail/Express,Guntakal-SEC-08,2026-09-25,00:41,00:10,UP,P2 - High Priority,On Time
TRN-11725,Freight Mineral,Secunderabad-SEC-08,2026-09-27,03:57,03:20,UP,P4 - Normal Freight,On Time
TRN-11726,Mail/Express,Secunderabad-SEC-07,2026-10-05,08:41,08:10,DOWN,P2 - High Priority,On Time
TRN-11727,Premium Passenger,Secunderabad-SEC-04,2026-09-06,04:45,04:20,UP,P1 - Super High Priority,On Time
TRN-11728,Freight Container,Guntakal-SEC-06,2026-09-21,16:02,15:30,DOWN,P4 - Normal Freight,On Time
TRN-11729,Freight Hazardous,Guntur-SEC-01,2026-09-10,04:45,04:10,DOWN,P3 - Priority Freight,Regulated
TRN-11730,Freight Container,Guntur-SEC-01,2026-09-27,15:51,15:20,DOWN,P4 - Normal Freight,On Time
TRN-11731,Freight Auto,Guntur-SEC-01,2026-10-14,11:48,11:15,DOWN,P4 - Normal Freight,On Time
TRN-11732,Mail/Express,Vijayawada-SEC-05,2026-10-13,19:42,19:15,DOWN,P2 - High Priority,Expected Delay +15m
TRN-11733,Passenger,Guntakal-SEC-02,2026-09-19,08:55,08:20,UP,P3 - Medium Priority,On Time
TRN-11734,Passenger,Guntakal-SEC-08,2026-09-24,04:48,04:15,UP,P3 - Medium Priority,On Time
TRN-11735,Freight Container,Guntur-SEC-07,2026-10-01,05:02,04:30,DOWN,P4 - Normal Freight,On Time
TRN-11736,Freight Auto,Guntakal-SEC-05,2026-09-10,23:21,22:50,UP,P4 - Normal Freight,On Time
TRN-11737,Freight Auto,Vijayawada-SEC-05,2026-10-14,19:38,19:00,UP,P4 - Normal Freight,On Time
TRN-11738,Freight Hazardous,Guntakal-SEC-04,2026-09-24,05:30,04:50,UP,P3 - Priority Freight,On Time
TRN-11739,Freight Container,Guntur-SEC-03,2026-09-14,08:05,07:30,DOWN,P4 - Normal Freight,Expected Delay +15m
TRN-11740,Superfast Passenger,Vijayawada-SEC-06,2026-10-02,23:22,23:00,UP,P1 - Super High Priority,On Time
TRN-11741,Freight Hazardous,Secunderabad-SEC-04,2026-09-04,03:39,03:00,DOWN,P3 - Priority Freight,On Time
TRN-11742,Mail/Express,Guntur-SEC-04,2026-09-14,05:30,05:00,UP,P2 - High Priority,On Time
TRN-11743,Passenger,Hyderabad-SEC-06,2026-09-01,22:45,22:10,UP,P3 - Medium Priority,On Time
TRN-11744,Freight Auto,Secunderabad-SEC-04,2026-09-12,16:28,15:50,UP,P4 - Normal Freight,On Time
TRN-11745,Freight Container,Hyderabad-SEC-04,2026-09-20,20:46,20:15,DOWN,P4 - Normal Freight,On Time
TRN-11746,Premium Passenger,Secunderabad-SEC-02,2026-09-10,05:06,04:45,UP,P1 - Super High Priority,On Time
TRN-11747,Freight Auto,Secunderabad-SEC-01,2026-09-13,20:57,20:20,UP,P4 - Normal Freight,On Time
TRN-11748,Superfast Passenger,Hyderabad-SEC-08,2026-10-04,16:08,15:45,DOWN,P1 - Super High Priority,On Time
TRN-11749,Passenger,Vijayawada-SEC-08,2026-09-19,04:26,03:50,DOWN,P3 - Medium Priority,Expected Delay +15m
TRN-11750,Mail/Express,Guntakal-SEC-05,2026-09-15,14:15,13:50,UP,P2 - High Priority,On Time
TRN-11751,Superfast Passenger,Guntakal-SEC-07,2026-09-29,10:33,10:10,DOWN,P1 - Super High Priority,On Time
TRN-11752,Freight Auto,Vijayawada-SEC-08,2026-09-04,00:31,00:00,DOWN,P4 - Normal Freight,On Time
TRN-11753,Passenger,Secunderabad-SEC-03,2026-09-02,04:52,04:20,DOWN,P3 - Medium Priority,On Time
TRN-11754,Freight Container,Hyderabad-SEC-08,2026-10-08,17:52,17:20,DOWN,P4 - Normal Freight,On Time
TRN-11755,Freight Hazardous,Guntakal-SEC-08,2026-10-10,03:30,02:50,UP,P3 - Priority Freight,Expected Delay +30m
TRN-11756,Freight Container,Vijayawada-SEC-06,2026-09-11,08:20,07:45,DOWN,P4 - Normal Freight,Expected Delay +15m
TRN-11757,Freight Mineral,Guntur-SEC-05,2026-10-16,00:50,00:10,UP,P4 - Normal Freight,On Time
TRN-11758,Freight Container,Guntur-SEC-08,2026-09-29,00:33,00:00,UP,P4 - Normal Freight,On Time
TRN-11759,Premium Passenger,Vijayawada-SEC-03,2026-09-12,15:40,15:20,DOWN,P1 - Super High Priority,On Time
TRN-11760,Passenger,Hyderabad-SEC-03,2026-09-30,15:31,15:00,DOWN,P3 - Medium Priority,On Time
TRN-11761,Freight Hazardous,Secunderabad-SEC-08,2026-09-11,15:59,15:20,UP,P3 - Priority Freight,On Time
TRN-11762,Passenger,Secunderabad-SEC-05,2026-10-19,22:56,22:20,DOWN,P3 - Medium Priority,On Time
TRN-11763,Mail/Express,Vijayawada-SEC-04,2026-09-23,07:45,07:15,UP,P2 - High Priority,On Time
TRN-11764,Freight Container,Vijayawada-SEC-08,2026-10-21,19:25,18:50,DOWN,P4 - Normal Freight,On Time
TRN-11765,Passenger,Guntur-SEC-03,2026-09-18,19:06,18:30,UP,P3 - Medium Priority,On Time
TRN-11766,Premium Passenger,Guntur-SEC-06,2026-09-29,23:21,23:00,UP,P1 - Super High Priority,On Time
TRN-11767,Freight Mineral,Hyderabad-SEC-01,2026-10-14,14:28,13:50,UP,P4 - Normal Freight,Expected Delay +15m
TRN-11768,Premium Passenger,Guntur-SEC-03,2026-10-07,02:30,02:10,UP,P1 - Super High Priority,On Time
TRN-11769,Superfast Passenger,Guntur-SEC-07,2026-09-03,21:56,21:30,UP,P1 - Super High Priority,Expected Delay +30m
TRN-11770,Freight Auto,Hyderabad-SEC-08,2026-10-10,22:51,22:20,DOWN,P4 - Normal Freight,On Time
TRN-11771,Passenger,Secunderabad-SEC-03,2026-09-30,08:50,08:20,UP,P3 - Medium Priority,On Time
TRN-11772,Freight Mineral,Guntakal-SEC-04,2026-09-25,08:56,08:20,DOWN,P4 - Normal Freight,On Time
TRN-11773,Mail/Express,Guntakal-SEC-03,2026-09-19,20:59,20:30,UP,P2 - High Priority,On Time
TRN-11774,Passenger,Hyderabad-SEC-01,2026-09-27,15:29,15:00,DOWN,P3 - Medium Priority,On Time
TRN-11775,Freight Auto,Hyderabad-SEC-02,2026-09-13,18:22,17:50,UP,P4 - Normal Freight,On Time
TRN-11776,Freight Auto,Secunderabad-SEC-07,2026-10-03,14:46,14:10,UP,P4 - Normal Freight,On Time
TRN-11777,Premium Passenger,Secunderabad-SEC-05,2026-09-02,22:26,22:00,UP,P1 - Super High Priority,On Time
TRN-11778,Mail/Express,Secunderabad-SEC-08,2026-09-29,10:15,09:50,DOWN,P2 - High Priority,Expected Delay +30m
TRN-11779,Superfast Passenger,Secunderabad-SEC-05,2026-10-01,08:10,07:50,DOWN,P1 - Super High Priority,Regulated
TRN-11780,Passenger,Hyderabad-SEC-02,2026-09-23,14:52,14:20,DOWN,P3 - Medium Priority,On Time
TRN-11781,Freight Mineral,Guntur-SEC-01,2026-10-10,02:40,02:00,UP,P4 - Normal Freight,On Time
TRN-11782,Freight Hazardous,Guntur-SEC-03,2026-10-21,07:51,07:15,UP,P3 - Priority Freight,On Time
TRN-11783,Freight Hazardous,Vijayawada-SEC-02,2026-10-18,20:28,19:50,DOWN,P3 - Priority Freight,On Time
TRN-11784,Freight Container,Secunderabad-SEC-02,2026-09-21,05:47,05:10,UP,P4 - Normal Freight,On Time
TRN-11785,Superfast Passenger,Guntur-SEC-04,2026-09-05,16:06,15:45,DOWN,P1 - Super High Priority,On Time
TRN-11786,Freight Auto,Secunderabad-SEC-01,2026-09-04,06:35,06:00,UP,P4 - Normal Freight,On Time
TRN-11787,Superfast Passenger,Vijayawada-SEC-06,2026-09-20,05:09,04:45,DOWN,P1 - Super High Priority,On Time
TRN-11788,Freight Hazardous,Guntur-SEC-06,2026-09-24,09:37,09:00,DOWN,P3 - Priority Freight,On Time
TRN-11789,Passenger,Hyderabad-SEC-03,2026-09-02,09:19,08:45,UP,P3 - Medium Priority,On Time
TRN-11790,Freight Mineral,Hyderabad-SEC-01,2026-09-26,15:12,14:30,DOWN,P4 - Normal Freight,On Time
TRN-11791,Freight Mineral,Hyderabad-SEC-02,2026-10-09,00:23,23:45,UP,P4 - Normal Freight,On Time
TRN-11792,Passenger,Guntur-SEC-05,2026-09-20,02:33,02:00,UP,P3 - Medium Priority,On Time
TRN-11793,Freight Container,Hyderabad-SEC-02,2026-09-12,02:48,02:10,DOWN,P4 - Normal Freight,On Time
TRN-11794,Freight Auto,Guntur-SEC-03,2026-10-09,23:24,22:50,DOWN,P4 - Normal Freight,Expected Delay +15m
TRN-11795,Freight Auto,Guntur-SEC-07,2026-09-11,16:04,15:30,UP,P4 - Normal Freight,On Time
TRN-11796,Freight Mineral,Hyderabad-SEC-07,2026-09-29,22:57,22:15,UP,P4 - Normal Freight,On Time
TRN-11797,Mail/Express,Guntur-SEC-08,2026-10-08,03:20,02:50,UP,P2 - High Priority,On Time
TRN-11798,Mail/Express,Guntakal-SEC-06,2026-09-20,04:29,04:00,UP,P2 - High Priority,Regulated
TRN-11799,Mail/Express,Hyderabad-SEC-02,2026-09-14,17:50,17:20,DOWN,P2 - High Priority,On Time
TRN-11800,Premium Passenger,Guntakal-SEC-01,2026-09-30,07:29,07:10,UP,P1 - Super High Priority,On Time
TRN-11801,Freight Hazardous,Vijayawada-SEC-04,2026-10-21,17:48,17:15,UP,P3 - Priority Freight,Expected Delay +15m
TRN-11802,Freight Container,Guntakal-SEC-02,2026-09-20,08:16,07:45,UP,P4 - Normal Freight,On Time
TRN-11803,Freight Mineral,Guntur-SEC-06,2026-09-02,05:37,05:00,UP,P4 - Normal Freight,Expected Delay +15m
TRN-11804,Freight Hazardous,Secunderabad-SEC-04,2026-09-22,08:38,08:00,UP,P3 - Priority Freight,On Time
TRN-11805,Freight Container,Secunderabad-SEC-02,2026-09-27,11:44,11:10,DOWN,P4 - Normal Freight,On Time
TRN-11806,Freight Mineral,Secunderabad-SEC-02,2026-10-19,07:25,06:45,UP,P4 - Normal Freight,Expected Delay +15m
TRN-11807,Freight Hazardous,Hyderabad-SEC-01,2026-10-12,09:53,09:15,DOWN,P3 - Priority Freight,Expected Delay +15m
TRN-11808,Superfast Passenger,Hyderabad-SEC-02,2026-10-11,10:43,10:20,UP,P1 - Super High Priority,On Time
TRN-11809,Passenger,Guntakal-SEC-01,2026-09-02,07:43,07:10,UP,P3 - Medium Priority,Expected Delay +15m
TRN-11810,Premium Passenger,Guntur-SEC-06,2026-09-16,23:23,23:00,UP,P1 - Super High Priority,Expected Delay +30m
TRN-11811,Mail/Express,Secunderabad-SEC-07,2026-09-03,17:01,16:30,UP,P2 - High Priority,Expected Delay +15m
TRN-11812,Freight Mineral,Hyderabad-SEC-01,2026-09-23,20:31,19:50,UP,P4 - Normal Freight,On Time
TRN-11813,Superfast Passenger,Hyderabad-SEC-08,2026-09-19,05:13,04:50,DOWN,P1 - Super High Priority,On Time
TRN-11814,Freight Mineral,Vijayawada-SEC-04,2026-09-06,23:46,23:10,UP,P4 - Normal Freight,On Time
TRN-11815,Premium Passenger,Guntur-SEC-08,2026-10-12,16:49,16:30,DOWN,P1 - Super High Priority,On Time
TRN-11816,Freight Mineral,Vijayawada-SEC-04,2026-09-27,20:51,20:10,DOWN,P4 - Normal Freight,On Time
TRN-11817,Mail/Express,Guntakal-SEC-08,2026-09-14,01:47,01:20,UP,P2 - High Priority,On Time
TRN-11818,Freight Container,Hyderabad-SEC-01,2026-09-11,17:05,16:30,DOWN,P4 - Normal Freight,Expected Delay +15m
TRN-11819,Freight Hazardous,Vijayawada-SEC-06,2026-10-07,05:55,05:20,UP,P3 - Priority Freight,On Time
TRN-11820,Freight Mineral,Guntur-SEC-08,2026-09-23,14:12,13:30,DOWN,P4 - Normal Freight,On Time
TRN-11821,Freight Auto,Guntur-SEC-06,2026-09-04,05:52,05:15,UP,P4 - Normal Freight,On Time
TRN-11822,Freight Mineral,Guntur-SEC-05,2026-10-04,06:06,05:30,DOWN,P4 - Normal Freight,Expected Delay +15m
TRN-11823,Premium Passenger,Secunderabad-SEC-06,2026-10-17,00:29,00:10,UP,P1 - Super High Priority,On Time
TRN-11824,Freight Auto,Guntur-SEC-08,2026-09-13,10:51,10:15,DOWN,P4 - Normal Freight,On Time
TRN-11825,Passenger,Hyderabad-SEC-07,2026-09-16,14:15,13:45,DOWN,P3 - Medium Priority,Expected Delay +15m
TRN-11826,Freight Mineral,Guntakal-SEC-07,2026-10-03,19:55,19:20,UP,P4 - Normal Freight,On Time
TRN-11827,Passenger,Guntakal-SEC-08,2026-09-09,13:21,12:45,UP,P3 - Medium Priority,On Time
TRN-11828,Passenger,Guntakal-SEC-03,2026-09-19,07:19,06:45,DOWN,P3 - Medium Priority,Expected Delay +15m
TRN-11829,Freight Hazardous,Guntakal-SEC-06,2026-10-07,13:20,12:45,DOWN,P3 - Priority Freight,On Time
TRN-11830,Freight Auto,Secunderabad-SEC-03,2026-09-07,13:26,12:50,UP,P4 - Normal Freight,On Time
TRN-11831,Freight Mineral,Guntakal-SEC-06,2026-09-10,13:01,12:20,DOWN,P4 - Normal Freight,On Time
TRN-11832,Freight Container,Vijayawada-SEC-06,2026-09-26,09:24,08:50,DOWN,P4 - Normal Freight,On Time
TRN-11833,Freight Container,Guntakal-SEC-04,2026-09-01,17:37,17:00,UP,P4 - Normal Freight,On Time
TRN-11834,Freight Auto,Vijayawada-SEC-07,2026-09-26,08:43,08:10,UP,P4 - Normal Freight,On Time
TRN-11835,Freight Hazardous,Secunderabad-SEC-06,2026-10-17,03:45,03:10,UP,P3 - Priority Freight,Expected Delay +15m
TRN-11836,Freight Mineral,Guntakal-SEC-04,2026-09-26,07:57,07:15,UP,P4 - Normal Freight,On Time
TRN-11837,Premium Passenger,Guntakal-SEC-02,2026-10-01,10:23,10:00,UP,P1 - Super High Priority,On Time
TRN-11838,Mail/Express,Hyderabad-SEC-04,2026-10-01,00:49,00:20,UP,P2 - High Priority,On Time
TRN-11839,Premium Passenger,Secunderabad-SEC-03,2026-10-21,09:41,09:20,UP,P1 - Super High Priority,Expected Delay +15m
TRN-11840,Freight Container,Guntakal-SEC-03,2026-10-12,22:33,22:00,UP,P4 - Normal Freight,On Time
TRN-11841,Freight Auto,Guntakal-SEC-01,2026-09-06,12:18,11:45,DOWN,P4 - Normal Freight,On Time
TRN-11842,Freight Auto,Secunderabad-SEC-03,2026-09-04,12:16,11:45,UP,P4 - Normal Freight,On Time
TRN-11843,Freight Hazardous,Secunderabad-SEC-04,2026-09-12,14:29,13:50,DOWN,P3 - Priority Freight,Expected Delay +15m
TRN-11844,Freight Hazardous,Secunderabad-SEC-05,2026-10-06,07:26,06:50,DOWN,P3 - Priority Freight,On Time
TRN-11845,Superfast Passenger,Hyderabad-SEC-05,2026-09-06,15:42,15:20,DOWN,P1 - Super High Priority,On Time
TRN-11846,Freight Auto,Vijayawada-SEC-06,2026-09-05,11:31,11:00,UP,P4 - Normal Freight,On Time
TRN-11847,Freight Mineral,Guntakal-SEC-03,2026-09-27,03:50,03:10,UP,P4 - Normal Freight,On Time
TRN-11848,Mail/Express,Hyderabad-SEC-01,2026-10-14,16:50,16:20,UP,P2 - High Priority,On Time
TRN-11849,Mail/Express,Hyderabad-SEC-02,2026-09-04,00:49,00:20,DOWN,P2 - High Priority,On Time
TRN-11850,Premium Passenger,Hyderabad-SEC-01,2026-10-04,12:22,12:00,DOWN,P1 - Super High Priority,On Time
TRN-11851,Freight Container,Vijayawada-SEC-08,2026-09-16,15:21,14:45,UP,P4 - Normal Freight,On Time
TRN-11852,Freight Hazardous,Guntakal-SEC-05,2026-10-10,08:39,08:00,DOWN,P3 - Priority Freight,On Time
TRN-11853,Freight Hazardous,Secunderabad-SEC-04,2026-10-05,02:37,02:00,UP,P3 - Priority Freight,On Time
TRN-11854,Freight Container,Guntakal-SEC-08,2026-10-07,16:37,16:00,UP,P4 - Normal Freight,On Time
TRN-11855,Freight Container,Guntur-SEC-01,2026-10-09,22:57,22:20,UP,P4 - Normal Freight,Expected Delay +30m
TRN-11856,Freight Hazardous,Guntakal-SEC-02,2026-10-19,23:30,22:50,DOWN,P3 - Priority Freight,On Time
TRN-11857,Mail/Express,Guntakal-SEC-01,2026-10-15,10:38,10:10,UP,P2 - High Priority,On Time
TRN-11858,Freight Hazardous,Guntur-SEC-03,2026-09-15,11:55,11:20,DOWN,P3 - Priority Freight,On Time
TRN-11859,Freight Hazardous,Vijayawada-SEC-05,2026-09-19,23:37,23:00,UP,P3 - Priority Freight,On Time
TRN-11860,Premium Passenger,Hyderabad-SEC-08,2026-09-23,00:41,00:20,UP,P1 - Super High Priority,On Time
TRN-11861,Mail/Express,Secunderabad-SEC-02,2026-09-02,23:14,22:50,UP,P2 - High Priority,On Time
TRN-11862,Freight Mineral,Guntakal-SEC-05,2026-09-22,18:23,17:45,UP,P4 - Normal Freight,On Time
TRN-11863,Passenger,Secunderabad-SEC-03,2026-09-28,23:46,23:10,DOWN,P3 - Medium Priority,Expected Delay +15m
TRN-11864,Mail/Express,Guntakal-SEC-01,2026-09-21,23:37,23:10,UP,P2 - High Priority,Regulated
TRN-11865,Freight Container,Secunderabad-SEC-07,2026-09-03,18:54,18:20,DOWN,P4 - Normal Freight,On Time
TRN-11866,Passenger,Guntur-SEC-03,2026-10-04,10:39,10:10,DOWN,P3 - Medium Priority,On Time
TRN-11867,Superfast Passenger,Guntakal-SEC-03,2026-09-10,06:26,06:00,DOWN,P1 - Super High Priority,Expected Delay +15m
TRN-11868,Freight Auto,Vijayawada-SEC-05,2026-10-14,15:48,15:15,UP,P4 - Normal Freight,On Time
TRN-11869,Freight Container,Hyderabad-SEC-03,2026-09-15,03:46,03:10,DOWN,P4 - Normal Freight,On Time
TRN-11870,Freight Mineral,Guntakal-SEC-01,2026-10-06,20:20,19:45,DOWN,P4 - Normal Freight,Expected Delay +15m
TRN-11871,Freight Hazardous,Guntur-SEC-01,2026-09-27,04:46,04:10,DOWN,P3 - Priority Freight,Expected Delay +15m
TRN-11872,Freight Auto,Guntur-SEC-02,2026-09-20,02:49,02:15,UP,P4 - Normal Freight,On Time
TRN-11873,Superfast Passenger,Guntur-SEC-02,2026-09-06,13:34,13:10,DOWN,P1 - Super High Priority,On Time
TRN-11874,Passenger,Guntakal-SEC-06,2026-10-11,23:51,23:15,UP,P3 - Medium Priority,On Time
TRN-11875,Mail/Express,Guntur-SEC-07,2026-09-21,21:46,21:15,UP,P2 - High Priority,On Time
TRN-11876,Mail/Express,Guntakal-SEC-08,2026-10-14,04:42,04:15,DOWN,P2 - High Priority,On Time
TRN-11877,Freight Mineral,Guntakal-SEC-08,2026-10-08,21:58,21:20,DOWN,P4 - Normal Freight,On Time
TRN-11878,Freight Container,Hyderabad-SEC-02,2026-09-24,15:05,14:30,DOWN,P4 - Normal Freight,On Time
TRN-11879,Freight Auto,Hyderabad-SEC-01,2026-10-17,16:01,15:30,UP,P4 - Normal Freight,On Time
TRN-11880,Mail/Express,Vijayawada-SEC-02,2026-10-11,15:01,14:30,UP,P2 - High Priority,On Time
TRN-11881,Freight Mineral,Guntur-SEC-06,2026-10-17,16:26,15:45,UP,P4 - Normal Freight,On Time
TRN-11882,Freight Container,Vijayawada-SEC-05,2026-10-18,21:45,21:10,UP,P4 - Normal Freight,On Time
TRN-11883,Superfast Passenger,Guntakal-SEC-04,2026-09-27,19:36,19:10,DOWN,P1 - Super High Priority,On Time
TRN-11884,Passenger,Hyderabad-SEC-02,2026-10-09,23:02,22:30,UP,P3 - Medium Priority,On Time
TRN-11885,Premium Passenger,Guntakal-SEC-02,2026-09-21,06:46,06:20,UP,P1 - Super High Priority,On Time
TRN-11886,Passenger,Secunderabad-SEC-05,2026-10-12,13:43,13:10,DOWN,P3 - Medium Priority,On Time
TRN-11887,Superfast Passenger,Guntakal-SEC-06,2026-09-04,20:53,20:30,UP,P1 - Super High Priority,Regulated
TRN-11888,Mail/Express,Hyderabad-SEC-05,2026-10-03,08:00,07:30,UP,P2 - High Priority,On Time
TRN-11889,Freight Container,Vijayawada-SEC-04,2026-09-03,09:53,09:20,UP,P4 - Normal Freight,Expected Delay +15m
TRN-11890,Premium Passenger,Guntakal-SEC-07,2026-10-16,15:22,15:00,DOWN,P1 - Super High Priority,On Time
TRN-11891,Freight Hazardous,Vijayawada-SEC-03,2026-09-18,07:27,06:50,UP,P3 - Priority Freight,On Time
TRN-11892,Freight Container,Guntur-SEC-06,2026-10-03,16:52,16:15,UP,P4 - Normal Freight,On Time
TRN-11893,Mail/Express,Secunderabad-SEC-06,2026-10-13,09:09,08:45,UP,P2 - High Priority,On Time
TRN-11894,Passenger,Secunderabad-SEC-02,2026-09-22,00:51,00:15,UP,P3 - Medium Priority,On Time
TRN-11895,Freight Hazardous,Guntakal-SEC-01,2026-09-07,03:03,02:30,UP,P3 - Priority Freight,On Time
TRN-11896,Premium Passenger,Hyderabad-SEC-08,2026-10-21,13:26,13:00,UP,P1 - Super High Priority,On Time
TRN-11897,Premium Passenger,Vijayawada-SEC-08,2026-09-26,08:20,08:00,UP,P1 - Super High Priority,On Time
TRN-11898,Mail/Express,Secunderabad-SEC-08,2026-10-15,20:17,19:50,UP,P2 - High Priority,On Time
TRN-11899,Mail/Express,Guntur-SEC-04,2026-10-10,14:28,14:00,UP,P2 - High Priority,On Time
TRN-11900,Premium Passenger,Hyderabad-SEC-08,2026-09-15,17:39,17:20,DOWN,P1 - Super High Priority,On Time
TRN-11901,Passenger,Hyderabad-SEC-01,2026-09-27,07:44,07:10,DOWN,P3 - Medium Priority,On Time
TRN-11902,Premium Passenger,Vijayawada-SEC-05,2026-09-26,07:44,07:20,UP,P1 - Super High Priority,Expected Delay +30m
TRN-11903,Passenger,Hyderabad-SEC-08,2026-09-13,00:51,00:20,UP,P3 - Medium Priority,On Time
TRN-11904,Freight Mineral,Vijayawada-SEC-01,2026-09-16,08:05,07:30,UP,P4 - Normal Freight,On Time
TRN-11905,Freight Auto,Hyderabad-SEC-05,2026-09-07,22:32,22:00,UP,P4 - Normal Freight,On Time
TRN-11906,Premium Passenger,Vijayawada-SEC-08,2026-09-24,11:08,10:45,DOWN,P1 - Super High Priority,Expected Delay +30m
TRN-11907,Superfast Passenger,Guntur-SEC-04,2026-09-16,09:36,09:15,DOWN,P1 - Super High Priority,On Time
TRN-11908,Mail/Express,Vijayawada-SEC-02,2026-09-18,21:45,21:15,UP,P2 - High Priority,On Time
TRN-11909,Freight Auto,Guntakal-SEC-07,2026-09-15,22:56,22:20,DOWN,P4 - Normal Freight,On Time
TRN-11910,Freight Container,Vijayawada-SEC-01,2026-09-28,13:06,12:30,UP,P4 - Normal Freight,On Time
TRN-11911,Passenger,Guntur-SEC-07,2026-09-10,18:45,18:10,DOWN,P3 - Medium Priority,On Time
TRN-11912,Passenger,Hyderabad-SEC-03,2026-10-21,04:03,03:30,UP,P3 - Medium Priority,Expected Delay +15m
TRN-11913,Mail/Express,Secunderabad-SEC-04,2026-09-15,11:10,10:45,UP,P2 - High Priority,On Time
TRN-11914,Freight Hazardous,Guntur-SEC-03,2026-09-06,03:23,02:50,UP,P3 - Priority Freight,On Time
TRN-11915,Freight Hazardous,Hyderabad-SEC-03,2026-10-13,00:35,00:00,UP,P3 - Priority Freight,Expected Delay +15m
TRN-11916,Freight Hazardous,Vijayawada-SEC-02,2026-09-26,02:09,01:30,DOWN,P3 - Priority Freight,Expected Delay +15m
TRN-11917,Freight Auto,Guntur-SEC-07,2026-09-15,08:37,08:00,UP,P4 - Normal Freight,On Time
TRN-11918,Freight Mineral,Guntur-SEC-07,2026-10-21,21:11,20:30,UP,P4 - Normal Freight,On Time
TRN-11919,Premium Passenger,Guntakal-SEC-05,2026-09-08,00:13,23:50,UP,P1 - Super High Priority,On Time
TRN-11920,Freight Auto,Vijayawada-SEC-04,2026-10-01,18:28,17:50,DOWN,P4 - Normal Freight,On Time
TRN-11921,Superfast Passenger,Guntur-SEC-02,2026-10-18,06:37,06:10,DOWN,P1 - Super High Priority,Expected Delay +15m
TRN-11922,Freight Hazardous,Guntur-SEC-06,2026-09-26,15:50,15:15,DOWN,P3 - Priority Freight,On Time
TRN-11923,Freight Hazardous,Vijayawada-SEC-04,2026-09-30,19:43,19:10,UP,P3 - Priority Freight,Expected Delay +15m
TRN-11924,Premium Passenger,Vijayawada-SEC-08,2026-09-02,05:20,05:00,DOWN,P1 - Super High Priority,On Time
TRN-11925,Mail/Express,Vijayawada-SEC-06,2026-09-02,03:59,03:30,DOWN,P2 - High Priority,Expected Delay +15m
TRN-11926,Freight Hazardous,Secunderabad-SEC-08,2026-09-28,21:26,20:50,DOWN,P3 - Priority Freight,On Time
TRN-11927,Freight Hazardous,Guntakal-SEC-02,2026-09-08,15:36,15:00,DOWN,P3 - Priority Freight,On Time
TRN-11928,Passenger,Secunderabad-SEC-08,2026-09-15,13:03,12:30,DOWN,P3 - Medium Priority,Regulated
TRN-11929,Premium Passenger,Guntur-SEC-02,2026-09-25,10:23,10:00,UP,P1 - Super High Priority,On Time
TRN-11930,Freight Auto,Vijayawada-SEC-02,2026-09-20,14:04,13:30,DOWN,P4 - Normal Freight,On Time
TRN-11931,Premium Passenger,Secunderabad-SEC-07,2026-10-19,18:12,17:50,UP,P1 - Super High Priority,On Time
TRN-11932,Superfast Passenger,Guntur-SEC-08,2026-10-14,02:39,02:15,UP,P1 - Super High Priority,On Time
TRN-11933,Freight Mineral,Vijayawada-SEC-03,2026-10-18,03:42,03:00,UP,P4 - Normal Freight,On Time
TRN-11934,Superfast Passenger,Guntakal-SEC-07,2026-09-07,21:11,20:45,UP,P1 - Super High Priority,On Time
TRN-11935,Freight Mineral,Guntur-SEC-08,2026-09-01,07:54,07:15,UP,P4 - Normal Freight,On Time
TRN-11936,Freight Auto,Hyderabad-SEC-04,2026-10-20,07:46,07:10,UP,P4 - Normal Freight,Expected Delay +30m
TRN-11937,Freight Hazardous,Guntakal-SEC-03,2026-09-12,16:43,16:10,UP,P3 - Priority Freight,On Time
TRN-11938,Mail/Express,Secunderabad-SEC-02,2026-09-01,14:16,13:50,DOWN,P2 - High Priority,On Time
TRN-11939,Freight Auto,Guntakal-SEC-08,2026-09-20,23:26,22:50,UP,P4 - Normal Freight,On Time
TRN-11940,Superfast Passenger,Guntakal-SEC-08,2026-09-06,02:44,02:20,UP,P1 - Super High Priority,On Time
TRN-11941,Passenger,Secunderabad-SEC-04,2026-09-23,08:19,07:50,UP,P3 - Medium Priority,On Time
TRN-11942,Premium Passenger,Hyderabad-SEC-06,2026-09-02,12:09,11:45,DOWN,P1 - Super High Priority,On Time
TRN-11943,Freight Mineral,Secunderabad-SEC-08,2026-10-09,13:32,12:50,DOWN,P4 - Normal Freight,On Time
TRN-11944,Mail/Express,Secunderabad-SEC-07,2026-09-01,05:26,05:00,DOWN,P2 - High Priority,On Time
TRN-11945,Passenger,Vijayawada-SEC-04,2026-09-14,00:24,23:50,DOWN,P3 - Medium Priority,On Time
TRN-11946,Premium Passenger,Vijayawada-SEC-07,2026-09-11,23:50,23:30,UP,P1 - Super High Priority,On Time
TRN-11947,Freight Auto,Guntur-SEC-05,2026-09-16,16:35,16:00,UP,P4 - Normal Freight,On Time
TRN-11948,Superfast Passenger,Hyderabad-SEC-04,2026-09-04,02:21,02:00,UP,P1 - Super High Priority,On Time
TRN-11949,Freight Container,Guntakal-SEC-03,2026-10-09,13:34,13:00,DOWN,P4 - Normal Freight,On Time
TRN-11950,Freight Container,Guntakal-SEC-05,2026-09-24,20:51,20:15,UP,P4 - Normal Freight,On Time
TRN-11951,Freight Mineral,Guntur-SEC-03,2026-09-28,19:31,18:50,DOWN,P4 - Normal Freight,On Time
TRN-11952,Passenger,Hyderabad-SEC-05,2026-09-29,08:14,07:45,UP,P3 - Medium Priority,On Time
TRN-11953,Freight Mineral,Hyderabad-SEC-07,2026-10-14,20:59,20:20,DOWN,P4 - Normal Freight,Expected Delay +15m
TRN-11954,Mail/Express,Secunderabad-SEC-01,2026-10-14,04:01,03:30,DOWN,P2 - High Priority,On Time
TRN-11955,Freight Mineral,Guntur-SEC-07,2026-09-04,06:05,05:30,UP,P4 - Normal Freight,On Time
TRN-11956,Premium Passenger,Secunderabad-SEC-08,2026-09-25,01:31,01:10,DOWN,P1 - Super High Priority,On Time
TRN-11957,Freight Auto,Vijayawada-SEC-04,2026-09-20,06:08,05:30,UP,P4 - Normal Freight,On Time
TRN-11958,Passenger,Hyderabad-SEC-06,2026-09-22,17:24,16:50,UP,P3 - Medium Priority,On Time
TRN-11959,Mail/Express,Guntakal-SEC-05,2026-09-22,03:45,03:15,UP,P2 - High Priority,On Time
TRN-11960,Freight Auto,Secunderabad-SEC-04,2026-09-07,20:48,20:10,DOWN,P4 - Normal Freight,On Time
TRN-11961,Freight Mineral,Guntakal-SEC-02,2026-09-07,21:50,21:15,UP,P4 - Normal Freight,On Time
TRN-11962,Freight Container,Vijayawada-SEC-06,2026-09-27,12:01,11:30,UP,P4 - Normal Freight,Regulated
TRN-11963,Mail/Express,Guntakal-SEC-04,2026-09-09,05:15,04:50,DOWN,P2 - High Priority,On Time
TRN-11964,Freight Auto,Guntur-SEC-06,2026-09-18,20:34,20:00,DOWN,P4 - Normal Freight,Regulated
TRN-11965,Freight Container,Vijayawada-SEC-02,2026-09-02,04:32,04:00,UP,P4 - Normal Freight,On Time
TRN-11966,Freight Container,Guntur-SEC-07,2026-10-03,11:02,10:30,DOWN,P4 - Normal Freight,On Time
TRN-11967,Freight Hazardous,Guntakal-SEC-08,2026-10-21,17:28,16:50,DOWN,P3 - Priority Freight,On Time
TRN-11968,Freight Auto,Guntakal-SEC-04,2026-09-03,09:27,08:50,DOWN,P4 - Normal Freight,Expected Delay +15m
TRN-11969,Freight Container,Vijayawada-SEC-07,2026-09-01,01:37,01:00,UP,P4 - Normal Freight,On Time
TRN-11970,Premium Passenger,Guntur-SEC-06,2026-09-05,19:20,19:00,DOWN,P1 - Super High Priority,On Time
TRN-11971,Freight Mineral,Secunderabad-SEC-07,2026-10-08,15:57,15:15,UP,P4 - Normal Freight,On Time
TRN-11972,Freight Hazardous,Guntur-SEC-01,2026-09-09,00:10,23:30,UP,P3 - Priority Freight,Expected Delay +30m
TRN-11973,Freight Container,Vijayawada-SEC-08,2026-09-15,14:56,14:20,UP,P4 - Normal Freight,On Time
TRN-11974,Freight Container,Hyderabad-SEC-06,2026-09-27,07:22,06:50,UP,P4 - Normal Freight,On Time
TRN-11975,Superfast Passenger,Guntur-SEC-04,2026-09-23,09:16,08:50,UP,P1 - Super High Priority,On Time
TRN-11976,Passenger,Secunderabad-SEC-08,2026-09-23,00:23,23:50,UP,P3 - Medium Priority,Regulated
TRN-11977,Freight Auto,Hyderabad-SEC-02,2026-09-11,21:33,21:00,UP,P4 - Normal Freight,On Time
TRN-11978,Freight Auto,Vijayawada-SEC-07,2026-09-17,16:52,16:20,UP,P4 - Normal Freight,Expected Delay +15m
TRN-11979,Freight Hazardous,Hyderabad-SEC-08,2026-09-29,14:19,13:45,UP,P3 - Priority Freight,On Time
TRN-11980,Freight Mineral,Secunderabad-SEC-04,2026-10-04,11:50,11:15,UP,P4 - Normal Freight,On Time
TRN-11981,Freight Container,Secunderabad-SEC-06,2026-09-29,01:47,01:10,UP,P4 - Normal Freight,On Time
TRN-11982,Freight Container,Guntur-SEC-02,2026-10-02,03:04,02:30,DOWN,P4 - Normal Freight,On Time
TRN-11983,Freight Auto,Hyderabad-SEC-04,2026-10-10,17:54,17:20,DOWN,P4 - Normal Freight,On Time
TRN-11984,Premium Passenger,Vijayawada-SEC-01,2026-09-22,14:19,14:00,DOWN,P1 - Super High Priority,On Time
TRN-11985,Freight Auto,Secunderabad-SEC-08,2026-09-26,02:43,02:10,UP,P4 - Normal Freight,On Time
TRN-11986,Superfast Passenger,Secunderabad-SEC-05,2026-10-01,22:13,21:50,UP,P1 - Super High Priority,On Time
TRN-11987,Mail/Express,Guntakal-SEC-04,2026-09-08,05:58,05:30,UP,P2 - High Priority,On Time
TRN-11988,Freight Hazardous,Secunderabad-SEC-02,2026-10-16,08:25,07:45,DOWN,P3 - Priority Freight,On Time
TRN-11989,Freight Auto,Guntur-SEC-07,2026-10-08,08:25,07:50,DOWN,P4 - Normal Freight,On Time
TRN-11990,Freight Container,Secunderabad-SEC-04,2026-10-01,17:47,17:10,DOWN,P4 - Normal Freight,On Time
TRN-11991,Freight Auto,Guntakal-SEC-08,2026-09-30,13:02,12:30,UP,P4 - Normal Freight,On Time
TRN-11992,Freight Container,Hyderabad-SEC-01,2026-09-05,19:56,19:20,UP,P4 - Normal Freight,On Time
TRN-11993,Passenger,Guntakal-SEC-04,2026-09-06,05:06,04:30,DOWN,P3 - Medium Priority,On Time
TRN-11994,Mail/Express,Guntakal-SEC-04,2026-10-11,07:17,06:50,UP,P2 - High Priority,On Time
TRN-11995,Freight Mineral,Guntakal-SEC-06,2026-09-15,11:56,11:20,DOWN,P4 - Normal Freight,On Time
TRN-11996,Freight Hazardous,Guntur-SEC-04,2026-09-01,10:52,10:15,UP,P3 - Priority Freight,On Time
TRN-11997,Premium Passenger,Secunderabad-SEC-06,2026-09-09,07:10,06:45,UP,P1 - Super High Priority,On Time
TRN-11998,Freight Container,Hyderabad-SEC-07,2026-10-05,05:21,04:45,UP,P4 - Normal Freight,On Time
TRN-11999,Mail/Express,Hyderabad-SEC-06,2026-10-08,21:13,20:45,DOWN,P2 - High Priority,On Time
TRN-12000,Freight Mineral,Vijayawada-SEC-03,2026-09-26,06:55,06:15,UP,P4 - Normal Freight,On Time
TRN-12001,Passenger,Secunderabad-SEC-06,2026-09-02,03:34,03:00,UP,P3 - Medium Priority,On Time
TRN-12002,Superfast Passenger,Hyderabad-SEC-03,2026-10-17,17:24,17:00,DOWN,P1 - Super High Priority,On Time
TRN-12003,Mail/Express,Hyderabad-SEC-08,2026-09-22,10:54,10:30,UP,P2 - High Priority,On Time
TRN-12004,Freight Container,Secunderabad-SEC-08,2026-09-10,23:51,23:20,DOWN,P4 - Normal Freight,On Time
TRN-12005,Mail/Express,Vijayawada-SEC-07,2026-10-12,22:30,22:00,UP,P2 - High Priority,Expected Delay +30m
TRN-12006,Freight Mineral,Vijayawada-SEC-08,2026-10-17,10:48,10:10,DOWN,P4 - Normal Freight,On Time
TRN-12007,Freight Container,Secunderabad-SEC-08,2026-09-19,14:31,14:00,UP,P4 - Normal Freight,On Time
TRN-12008,Mail/Express,Hyderabad-SEC-06,2026-09-03,21:21,20:50,DOWN,P2 - High Priority,On Time
TRN-12009,Freight Mineral,Guntakal-SEC-05,2026-10-01,02:37,02:00,DOWN,P4 - Normal Freight,On Time
TRN-12010,Freight Hazardous,Vijayawada-SEC-07,2026-10-04,01:10,00:30,DOWN,P3 - Priority Freight,On Time
TRN-12011,Mail/Express,Secunderabad-SEC-02,2026-09-07,01:15,00:50,DOWN,P2 - High Priority,On Time
TRN-12012,Superfast Passenger,Hyderabad-SEC-02,2026-09-26,16:43,16:20,UP,P1 - Super High Priority,On Time
TRN-12013,Freight Container,Hyderabad-SEC-02,2026-09-01,22:22,21:50,DOWN,P4 - Normal Freight,On Time
TRN-12014,Freight Mineral,Hyderabad-SEC-07,2026-09-02,02:29,01:50,DOWN,P4 - Normal Freight,Expected Delay +15m
TRN-12015,Freight Container,Guntur-SEC-08,2026-09-06,20:53,20:15,DOWN,P4 - Normal Freight,On Time
TRN-12016,Superfast Passenger,Guntakal-SEC-01,2026-09-16,22:17,21:50,UP,P1 - Super High Priority,On Time
TRN-12017,Freight Hazardous,Hyderabad-SEC-02,2026-09-29,19:30,18:50,UP,P3 - Priority Freight,On Time
TRN-12018,Superfast Passenger,Guntakal-SEC-03,2026-10-16,18:42,18:15,DOWN,P1 - Super High Priority,On Time
TRN-12019,Mail/Express,Guntur-SEC-08,2026-09-09,02:29,02:00,UP,P2 - High Priority,On Time
TRN-12020,Freight Auto,Vijayawada-SEC-05,2026-09-29,08:32,08:00,DOWN,P4 - Normal Freight,On Time
TRN-12021,Freight Auto,Guntakal-SEC-03,2026-09-04,11:23,10:45,DOWN,P4 - Normal Freight,On Time
TRN-12022,Freight Mineral,Secunderabad-SEC-05,2026-09-20,16:08,15:30,DOWN,P4 - Normal Freight,On Time
TRN-12023,Mail/Express,Guntakal-SEC-03,2026-09-10,14:48,14:20,DOWN,P2 - High Priority,On Time
TRN-12024,Freight Mineral,Vijayawada-SEC-05,2026-10-15,09:27,08:50,DOWN,P4 - Normal Freight,On Time
TRN-12025,Premium Passenger,Hyderabad-SEC-05,2026-10-15,23:32,23:10,DOWN,P1 - Super High Priority,On Time
TRN-12026,Premium Passenger,Hyderabad-SEC-03,2026-09-06,08:35,08:15,UP,P1 - Super High Priority,On Time
TRN-12027,Freight Hazardous,Hyderabad-SEC-04,2026-09-01,16:26,15:50,DOWN,P3 - Priority Freight,On Time
TRN-12028,Freight Auto,Hyderabad-SEC-03,2026-09-26,00:04,23:30,DOWN,P4 - Normal Freight,On Time
TRN-12029,Freight Mineral,Vijayawada-SEC-08,2026-09-23,08:52,08:15,UP,P4 - Normal Freight,On Time
TRN-12030,Passenger,Hyderabad-SEC-05,2026-09-18,00:29,00:00,UP,P3 - Medium Priority,On Time
TRN-12031,Mail/Express,Hyderabad-SEC-05,2026-09-13,06:24,06:00,UP,P2 - High Priority,On Time
TRN-12032,Freight Hazardous,Hyderabad-SEC-04,2026-10-10,21:46,21:10,UP,P3 - Priority Freight,On Time
TRN-12033,Superfast Passenger,Hyderabad-SEC-08,2026-09-02,06:40,06:15,UP,P1 - Super High Priority,On Time
TRN-12034,Premium Passenger,Hyderabad-SEC-04,2026-09-05,22:16,21:50,UP,P1 - Super High Priority,On Time
TRN-12035,Passenger,Hyderabad-SEC-07,2026-09-23,07:49,07:20,DOWN,P3 - Medium Priority,On Time
TRN-12036,Freight Container,Vijayawada-SEC-07,2026-10-12,07:47,07:15,UP,P4 - Normal Freight,On Time
TRN-12037,Freight Mineral,Secunderabad-SEC-01,2026-09-22,19:00,18:20,UP,P4 - Normal Freight,On Time
TRN-12038,Freight Mineral,Vijayawada-SEC-01,2026-10-12,20:57,20:15,DOWN,P4 - Normal Freight,On Time
TRN-12039,Premium Passenger,Guntur-SEC-06,2026-09-30,08:23,08:00,UP,P1 - Super High Priority,On Time
TRN-12040,Passenger,Guntakal-SEC-06,2026-10-01,02:45,02:10,DOWN,P3 - Medium Priority,Expected Delay +30m
TRN-12041,Superfast Passenger,Secunderabad-SEC-03,2026-09-21,21:09,20:45,UP,P1 - Super High Priority,Expected Delay +15m
TRN-12042,Passenger,Vijayawada-SEC-06,2026-09-11,13:48,13:15,DOWN,P3 - Medium Priority,On Time
TRN-12043,Freight Hazardous,Guntur-SEC-05,2026-09-21,21:28,20:50,UP,P3 - Priority Freight,Expected Delay +30m
TRN-12044,Mail/Express,Guntakal-SEC-06,2026-09-28,19:16,18:50,DOWN,P2 - High Priority,On Time
TRN-12045,Mail/Express,Guntur-SEC-06,2026-09-25,09:46,09:15,UP,P2 - High Priority,On Time
TRN-12046,Freight Auto,Secunderabad-SEC-08,2026-10-15,12:25,11:50,UP,P4 - Normal Freight,On Time
TRN-12047,Passenger,Secunderabad-SEC-02,2026-09-22,20:20,19:45,UP,P3 - Medium Priority,On Time
TRN-12048,Freight Hazardous,Guntakal-SEC-08,2026-10-16,01:40,01:00,UP,P3 - Priority Freight,On Time
TRN-12049,Freight Hazardous,Hyderabad-SEC-01,2026-09-19,12:47,12:10,DOWN,P3 - Priority Freight,On Time
TRN-12050,Freight Auto,Secunderabad-SEC-06,2026-10-02,04:32,04:00,DOWN,P4 - Normal Freight,On Time
TRN-12051,Freight Mineral,Guntakal-SEC-02,2026-09-12,10:08,09:30,UP,P4 - Normal Freight,On Time
TRN-12052,Freight Container,Guntur-SEC-01,2026-09-28,10:22,09:50,DOWN,P4 - Normal Freight,Expected Delay +30m
TRN-12053,Freight Auto,Guntakal-SEC-04,2026-09-24,08:06,07:30,UP,P4 - Normal Freight,On Time
TRN-12054,Mail/Express,Hyderabad-SEC-08,2026-10-13,00:46,00:15,DOWN,P2 - High Priority,Expected Delay +15m
TRN-12055,Premium Passenger,Secunderabad-SEC-04,2026-09-29,03:22,03:00,UP,P1 - Super High Priority,On Time
TRN-12056,Passenger,Guntakal-SEC-05,2026-09-19,20:55,20:20,UP,P3 - Medium Priority,On Time
TRN-12057,Mail/Express,Hyderabad-SEC-03,2026-10-16,01:40,01:15,UP,P2 - High Priority,On Time
TRN-12058,Premium Passenger,Secunderabad-SEC-02,2026-09-29,02:46,02:20,UP,P1 - Super High Priority,Regulated
TRN-12059,Freight Hazardous,Hyderabad-SEC-07,2026-09-04,06:50,06:15,DOWN,P3 - Priority Freight,On Time
TRN-12060,Superfast Passenger,Secunderabad-SEC-03,2026-09-18,21:10,20:45,DOWN,P1 - Super High Priority,Expected Delay +15m
TRN-12061,Freight Hazardous,Hyderabad-SEC-08,2026-10-07,01:09,00:30,UP,P3 - Priority Freight,On Time
TRN-12062,Freight Container,Hyderabad-SEC-01,2026-09-20,14:21,13:45,DOWN,P4 - Normal Freight,On Time
TRN-12063,Passenger,Vijayawada-SEC-05,2026-09-26,18:02,17:30,DOWN,P3 - Medium Priority,On Time
TRN-12064,Freight Mineral,Vijayawada-SEC-05,2026-10-20,12:56,12:20,UP,P4 - Normal Freight,On Time
TRN-12065,Superfast Passenger,Secunderabad-SEC-03,2026-09-07,17:07,16:45,DOWN,P1 - Super High Priority,On Time
TRN-12066,Freight Auto,Guntur-SEC-07,2026-10-06,17:20,16:45,DOWN,P4 - Normal Freight,On Time
TRN-12067,Premium Passenger,Secunderabad-SEC-01,2026-09-23,18:44,18:20,DOWN,P1 - Super High Priority,On Time
TRN-12068,Mail/Express,Hyderabad-SEC-01,2026-09-11,08:26,08:00,DOWN,P2 - High Priority,On Time
TRN-12069,Superfast Passenger,Secunderabad-SEC-07,2026-09-10,05:08,04:45,DOWN,P1 - Super High Priority,Expected Delay +15m
TRN-12070,Freight Auto,Guntakal-SEC-06,2026-09-10,03:57,03:20,UP,P4 - Normal Freight,On Time
TRN-12071,Freight Container,Hyderabad-SEC-01,2026-10-13,06:51,06:20,DOWN,P4 - Normal Freight,On Time
TRN-12072,Superfast Passenger,Guntakal-SEC-01,2026-09-20,06:22,06:00,DOWN,P1 - Super High Priority,On Time
TRN-12073,Passenger,Vijayawada-SEC-04,2026-09-22,02:20,01:50,UP,P3 - Medium Priority,Expected Delay +15m
TRN-12074,Freight Mineral,Secunderabad-SEC-07,2026-09-09,22:45,22:10,DOWN,P4 - Normal Freight,On Time
TRN-12075,Freight Auto,Guntakal-SEC-07,2026-09-26,21:56,21:20,DOWN,P4 - Normal Freight,On Time
TRN-12076,Passenger,Vijayawada-SEC-05,2026-09-29,11:50,11:15,UP,P3 - Medium Priority,On Time
TRN-12077,Freight Mineral,Guntakal-SEC-04,2026-10-08,01:51,01:15,UP,P4 - Normal Freight,On Time
TRN-12078,Premium Passenger,Vijayawada-SEC-07,2026-10-09,07:34,07:15,DOWN,P1 - Super High Priority,On Time
TRN-12079,Passenger,Secunderabad-SEC-02,2026-09-07,18:26,17:50,DOWN,P3 - Medium Priority,Regulated
TRN-12080,Mail/Express,Secunderabad-SEC-03,2026-09-10,16:16,15:50,UP,P2 - High Priority,On Time
TRN-12081,Premium Passenger,Guntakal-SEC-06,2026-09-14,11:39,11:15,DOWN,P1 - Super High Priority,On Time
TRN-12082,Passenger,Secunderabad-SEC-08,2026-10-03,03:55,03:20,UP,P3 - Medium Priority,On Time
TRN-12083,Freight Auto,Guntakal-SEC-08,2026-09-29,02:53,02:20,UP,P4 - Normal Freight,On Time
TRN-12084,Mail/Express,Vijayawada-SEC-05,2026-10-07,12:43,12:15,UP,P2 - High Priority,Regulated
TRN-12085,Freight Hazardous,Guntur-SEC-01,2026-10-01,07:38,07:00,UP,P3 - Priority Freight,Expected Delay +30m
TRN-12086,Freight Container,Vijayawada-SEC-04,2026-10-17,18:05,17:30,UP,P4 - Normal Freight,Expected Delay +30m
TRN-12087,Superfast Passenger,Guntur-SEC-07,2026-10-05,13:26,13:00,UP,P1 - Super High Priority,On Time
TRN-12088,Freight Hazardous,Hyderabad-SEC-05,2026-10-09,08:05,07:30,DOWN,P3 - Priority Freight,Expected Delay +15m
TRN-12089,Freight Auto,Secunderabad-SEC-01,2026-10-02,17:17,16:45,DOWN,P4 - Normal Freight,On Time
TRN-12090,Superfast Passenger,Guntur-SEC-05,2026-09-09,07:37,07:10,UP,P1 - Super High Priority,On Time
TRN-12091,Freight Mineral,Guntakal-SEC-08,2026-09-07,03:07,02:30,DOWN,P4 - Normal Freight,On Time
TRN-12092,Premium Passenger,Guntur-SEC-06,2026-10-19,14:05,13:45,UP,P1 - Super High Priority,On Time
TRN-12093,Freight Mineral,Secunderabad-SEC-03,2026-09-05,22:29,21:50,UP,P4 - Normal Freight,On Time
TRN-12094,Freight Container,Guntur-SEC-02,2026-09-26,05:52,05:15,UP,P4 - Normal Freight,On Time
TRN-12095,Superfast Passenger,Guntakal-SEC-06,2026-09-17,03:16,02:50,DOWN,P1 - Super High Priority,On Time
TRN-12096,Passenger,Secunderabad-SEC-07,2026-10-11,08:04,07:30,UP,P3 - Medium Priority,Expected Delay +15m
TRN-12097,Freight Mineral,Guntur-SEC-05,2026-09-24,13:00,12:20,UP,P4 - Normal Freight,On Time
TRN-12098,Freight Mineral,Secunderabad-SEC-04,2026-10-08,10:22,09:45,DOWN,P4 - Normal Freight,On Time
TRN-12099,Premium Passenger,Vijayawada-SEC-05,2026-10-08,09:51,09:30,DOWN,P1 - Super High Priority,On Time
TRN-12100,Mail/Express,Hyderabad-SEC-03,2026-10-12,09:29,09:00,DOWN,P2 - High Priority,On Time
TRN-12101,Freight Auto,Vijayawada-SEC-08,2026-10-01,14:51,14:20,DOWN,P4 - Normal Freight,On Time
TRN-12102,Superfast Passenger,Secunderabad-SEC-04,2026-09-13,09:11,08:50,UP,P1 - Super High Priority,On Time
TRN-12103,Freight Mineral,Secunderabad-SEC-01,2026-09-18,05:56,05:20,DOWN,P4 - Normal Freight,On Time
TRN-12104,Superfast Passenger,Guntakal-SEC-03,2026-09-07,23:36,23:10,UP,P1 - Super High Priority,On Time
TRN-12105,Freight Auto,Vijayawada-SEC-07,2026-09-19,04:41,04:10,DOWN,P4 - Normal Freight,On Time
TRN-12106,Freight Hazardous,Guntakal-SEC-08,2026-09-30,21:29,20:50,UP,P3 - Priority Freight,On Time
TRN-12107,Freight Mineral,Guntakal-SEC-03,2026-10-05,20:25,19:45,UP,P4 - Normal Freight,On Time
TRN-12108,Freight Auto,Guntur-SEC-05,2026-09-19,12:05,11:30,DOWN,P4 - Normal Freight,On Time
TRN-12109,Premium Passenger,Hyderabad-SEC-08,2026-10-01,12:14,11:50,UP,P1 - Super High Priority,On Time
TRN-12110,Freight Hazardous,Secunderabad-SEC-05,2026-09-23,17:40,17:00,UP,P3 - Priority Freight,Expected Delay +15m
TRN-12111,Freight Container,Guntakal-SEC-02,2026-09-14,17:08,16:30,UP,P4 - Normal Freight,On Time
TRN-12112,Superfast Passenger,Guntakal-SEC-04,2026-09-10,00:10,23:50,DOWN,P1 - Super High Priority,Expected Delay +15m
TRN-12113,Freight Hazardous,Guntakal-SEC-02,2026-10-02,14:39,14:00,UP,P3 - Priority Freight,On Time
TRN-12114,Superfast Passenger,Guntakal-SEC-01,2026-09-01,06:47,06:20,UP,P1 - Super High Priority,Expected Delay +15m
TRN-12115,Freight Auto,Hyderabad-SEC-06,2026-09-14,22:28,21:50,UP,P4 - Normal Freight,Expected Delay +15m
TRN-12116,Superfast Passenger,Guntur-SEC-05,2026-09-05,19:11,18:50,UP,P1 - Super High Priority,On Time
TRN-12117,Freight Container,Guntakal-SEC-02,2026-09-23,08:46,08:10,DOWN,P4 - Normal Freight,On Time
TRN-12118,Freight Container,Guntakal-SEC-04,2026-09-20,23:03,22:30,DOWN,P4 - Normal Freight,On Time
TRN-12119,Freight Auto,Secunderabad-SEC-03,2026-09-18,18:53,18:20,UP,P4 - Normal Freight,Expected Delay +15m
TRN-12120,Premium Passenger,Hyderabad-SEC-06,2026-10-01,03:38,03:15,UP,P1 - Super High Priority,On Time
TRN-12121,Mail/Express,Hyderabad-SEC-04,2026-10-15,01:46,01:15,UP,P2 - High Priority,Regulated
TRN-12122,Freight Hazardous,Vijayawada-SEC-03,2026-09-30,13:48,13:15,DOWN,P3 - Priority Freight,On Time
TRN-12123,Superfast Passenger,Secunderabad-SEC-01,2026-09-27,19:16,18:50,DOWN,P1 - Super High Priority,On Time
TRN-12124,Mail/Express,Vijayawada-SEC-04,2026-09-13,22:41,22:10,UP,P2 - High Priority,On Time
TRN-12125,Freight Container,Guntakal-SEC-07,2026-10-17,07:44,07:10,DOWN,P4 - Normal Freight,On Time
TRN-12126,Passenger,Hyderabad-SEC-02,2026-09-07,03:26,02:50,DOWN,P3 - Medium Priority,On Time
TRN-12127,Freight Hazardous,Vijayawada-SEC-08,2026-10-03,14:26,13:50,UP,P3 - Priority Freight,On Time
TRN-12128,Mail/Express,Guntur-SEC-03,2026-09-26,14:13,13:45,DOWN,P2 - High Priority,Expected Delay +30m
TRN-12129,Superfast Passenger,Secunderabad-SEC-03,2026-10-08,07:57,07:30,UP,P1 - Super High Priority,On Time
TRN-12130,Passenger,Hyderabad-SEC-01,2026-09-19,11:24,10:50,UP,P3 - Medium Priority,On Time
TRN-12131,Superfast Passenger,Vijayawada-SEC-03,2026-09-23,11:33,11:10,DOWN,P1 - Super High Priority,On Time
TRN-12132,Freight Hazardous,Secunderabad-SEC-03,2026-10-18,10:25,09:50,DOWN,P3 - Priority Freight,On Time
TRN-12133,Freight Mineral,Guntur-SEC-03,2026-10-17,22:54,22:15,UP,P4 - Normal Freight,On Time
TRN-12134,Premium Passenger,Vijayawada-SEC-03,2026-09-25,04:30,04:10,DOWN,P1 - Super High Priority,On Time
TRN-12135,Freight Hazardous,Vijayawada-SEC-08,2026-10-19,21:55,21:20,DOWN,P3 - Priority Freight,On Time
TRN-12136,Passenger,Vijayawada-SEC-05,2026-09-06,14:15,13:45,DOWN,P3 - Medium Priority,On Time
TRN-12137,Freight Auto,Vijayawada-SEC-03,2026-09-15,07:46,07:15,UP,P4 - Normal Freight,On Time
TRN-12138,Freight Hazardous,Guntur-SEC-07,2026-10-09,08:35,08:00,UP,P3 - Priority Freight,On Time
TRN-12139,Mail/Express,Hyderabad-SEC-08,2026-10-18,17:01,16:30,DOWN,P2 - High Priority,On Time
TRN-12140,Freight Auto,Hyderabad-SEC-06,2026-09-30,11:55,11:20,DOWN,P4 - Normal Freight,On Time
TRN-12141,Freight Mineral,Secunderabad-SEC-04,2026-09-28,20:07,19:30,UP,P4 - Normal Freight,On Time
TRN-12142,Freight Auto,Hyderabad-SEC-05,2026-09-20,04:47,04:15,UP,P4 - Normal Freight,Expected Delay +30m
TRN-12143,Superfast Passenger,Guntakal-SEC-03,2026-10-19,21:05,20:45,DOWN,P1 - Super High Priority,On Time
TRN-12144,Superfast Passenger,Guntakal-SEC-07,2026-10-16,01:46,01:20,DOWN,P1 - Super High Priority,Expected Delay +15m
TRN-12145,Freight Hazardous,Guntur-SEC-07,2026-09-14,06:51,06:15,DOWN,P3 - Priority Freight,On Time
TRN-12146,Passenger,Guntakal-SEC-04,2026-09-20,12:41,12:10,UP,P3 - Medium Priority,On Time
TRN-12147,Freight Container,Hyderabad-SEC-04,2026-10-12,10:53,10:15,DOWN,P4 - Normal Freight,On Time
TRN-12148,Mail/Express,Guntur-SEC-02,2026-09-05,22:58,22:30,DOWN,P2 - High Priority,On Time
TRN-12149,Premium Passenger,Vijayawada-SEC-03,2026-10-15,10:45,10:20,UP,P1 - Super High Priority,On Time
TRN-12150,Freight Hazardous,Vijayawada-SEC-03,2026-09-02,11:44,11:10,UP,P3 - Priority Freight,On Time
TRN-12151,Freight Hazardous,Secunderabad-SEC-07,2026-09-01,14:50,14:10,UP,P3 - Priority Freight,On Time
TRN-12152,Superfast Passenger,Secunderabad-SEC-02,2026-09-17,23:31,23:10,DOWN,P1 - Super High Priority,On Time
TRN-12153,Freight Auto,Secunderabad-SEC-06,2026-10-20,12:26,11:50,DOWN,P4 - Normal Freight,On Time
TRN-12154,Superfast Passenger,Hyderabad-SEC-03,2026-10-07,16:42,16:20,DOWN,P1 - Super High Priority,On Time
TRN-12155,Premium Passenger,Hyderabad-SEC-08,2026-09-26,20:13,19:50,DOWN,P1 - Super High Priority,On Time
TRN-12156,Freight Auto,Vijayawada-SEC-02,2026-09-13,14:45,14:10,DOWN,P4 - Normal Freight,Expected Delay +15m
TRN-12157,Premium Passenger,Hyderabad-SEC-01,2026-10-17,01:33,01:10,UP,P1 - Super High Priority,On Time
TRN-12158,Premium Passenger,Secunderabad-SEC-03,2026-09-13,17:26,17:00,UP,P1 - Super High Priority,On Time
TRN-12159,Freight Container,Guntur-SEC-05,2026-09-15,04:38,04:00,UP,P4 - Normal Freight,Expected Delay +15m
TRN-12160,Superfast Passenger,Guntur-SEC-01,2026-09-16,13:37,13:15,DOWN,P1 - Super High Priority,Expected Delay +15m
TRN-12161,Freight Mineral,Hyderabad-SEC-07,2026-09-12,13:30,12:50,DOWN,P4 - Normal Freight,On Time
TRN-12162,Mail/Express,Guntur-SEC-06,2026-09-02,03:48,03:20,UP,P2 - High Priority,On Time
TRN-12163,Freight Auto,Vijayawada-SEC-02,2026-09-30,13:31,13:00,DOWN,P4 - Normal Freight,Regulated
TRN-12164,Superfast Passenger,Secunderabad-SEC-02,2026-09-05,04:38,04:15,UP,P1 - Super High Priority,On Time
TRN-12165,Freight Container,Secunderabad-SEC-08,2026-09-18,16:05,15:30,DOWN,P4 - Normal Freight,On Time
TRN-12166,Passenger,Secunderabad-SEC-04,2026-10-13,11:05,10:30,UP,P3 - Medium Priority,On Time
TRN-12167,Premium Passenger,Secunderabad-SEC-03,2026-10-02,13:25,13:00,UP,P1 - Super High Priority,On Time
TRN-12168,Freight Hazardous,Hyderabad-SEC-06,2026-10-08,23:21,22:45,UP,P3 - Priority Freight,On Time
TRN-12169,Freight Auto,Guntur-SEC-03,2026-10-01,03:23,02:50,DOWN,P4 - Normal Freight,On Time
TRN-12170,Premium Passenger,Guntur-SEC-04,2026-10-21,21:07,20:45,DOWN,P1 - Super High Priority,On Time
TRN-12171,Mail/Express,Guntur-SEC-03,2026-09-17,13:34,13:10,UP,P2 - High Priority,Expected Delay +15m
TRN-12172,Freight Hazardous,Guntur-SEC-01,2026-10-20,10:26,09:50,UP,P3 - Priority Freight,On Time
TRN-12173,Superfast Passenger,Vijayawada-SEC-03,2026-09-02,19:42,19:20,UP,P1 - Super High Priority,On Time
TRN-12174,Freight Container,Secunderabad-SEC-07,2026-09-28,06:52,06:20,UP,P4 - Normal Freight,On Time
TRN-12175,Freight Hazardous,Guntur-SEC-04,2026-10-16,13:53,13:20,UP,P3 - Priority Freight,On Time
TRN-12176,Freight Container,Hyderabad-SEC-08,2026-09-13,04:54,04:20,UP,P4 - Normal Freight,On Time
TRN-12177,Freight Hazardous,Guntakal-SEC-08,2026-10-19,23:48,23:10,UP,P3 - Priority Freight,Expected Delay +30m
TRN-12178,Premium Passenger,Hyderabad-SEC-04,2026-10-12,17:31,17:10,UP,P1 - Super High Priority,On Time
TRN-12179,Passenger,Hyderabad-SEC-08,2026-09-08,14:22,13:50,DOWN,P3 - Medium Priority,Expected Delay +15m
TRN-12180,Freight Hazardous,Hyderabad-SEC-05,2026-10-17,17:54,17:20,DOWN,P3 - Priority Freight,Expected Delay +15m
TRN-12181,Freight Hazardous,Guntur-SEC-01,2026-09-12,11:58,11:20,UP,P3 - Priority Freight,On Time
TRN-12182,Mail/Express,Guntur-SEC-05,2026-10-06,17:12,16:45,DOWN,P2 - High Priority,On Time
TRN-12183,Freight Auto,Guntakal-SEC-02,2026-09-17,19:01,18:30,DOWN,P4 - Normal Freight,On Time
TRN-12184,Premium Passenger,Secunderabad-SEC-08,2026-10-13,00:55,00:30,DOWN,P1 - Super High Priority,On Time
TRN-12185,Freight Container,Guntur-SEC-03,2026-09-06,04:32,04:00,DOWN,P4 - Normal Freight,On Time
TRN-12186,Freight Auto,Guntakal-SEC-04,2026-10-12,04:31,04:00,DOWN,P4 - Normal Freight,On Time
TRN-12187,Passenger,Hyderabad-SEC-01,2026-09-30,21:14,20:45,DOWN,P3 - Medium Priority,On Time
TRN-12188,Premium Passenger,Secunderabad-SEC-07,2026-09-08,08:10,07:50,DOWN,P1 - Super High Priority,On Time
TRN-12189,Freight Mineral,Guntur-SEC-01,2026-09-29,11:37,11:00,DOWN,P4 - Normal Freight,On Time
TRN-12190,Passenger,Hyderabad-SEC-05,2026-10-20,12:48,12:15,UP,P3 - Medium Priority,On Time
TRN-12191,Mail/Express,Guntur-SEC-04,2026-09-11,08:54,08:30,DOWN,P2 - High Priority,On Time
TRN-12192,Mail/Express,Guntakal-SEC-01,2026-10-09,21:51,21:20,UP,P2 - High Priority,On Time
TRN-12193,Superfast Passenger,Secunderabad-SEC-07,2026-10-16,15:35,15:10,UP,P1 - Super High Priority,On Time
TRN-12194,Mail/Express,Guntur-SEC-04,2026-09-26,22:42,22:15,DOWN,P2 - High Priority,On Time
TRN-12195,Freight Container,Secunderabad-SEC-07,2026-09-15,01:20,00:45,DOWN,P4 - Normal Freight,On Time
TRN-12196,Mail/Express,Guntur-SEC-04,2026-09-25,14:27,14:00,DOWN,P2 - High Priority,On Time
TRN-12197,Passenger,Secunderabad-SEC-03,2026-10-21,01:50,01:15,UP,P3 - Medium Priority,On Time
TRN-12198,Freight Auto,Secunderabad-SEC-06,2026-10-07,18:05,17:30,DOWN,P4 - Normal Freight,On Time
TRN-12199,Freight Container,Secunderabad-SEC-07,2026-09-28,15:02,14:30,UP,P4 - Normal Freight,Expected Delay +30m
TRN-12200,Freight Auto,Vijayawada-SEC-08,2026-09-04,19:47,19:15,UP,P4 - Normal Freight,On Time
TRN-12201,Freight Hazardous,Hyderabad-SEC-07,2026-10-17,23:48,23:10,UP,P3 - Priority Freight,Expected Delay +15m
TRN-12202,Passenger,Vijayawada-SEC-04,2026-09-04,21:25,20:50,UP,P3 - Medium Priority,On Time
TRN-12203,Mail/Express,Guntakal-SEC-06,2026-09-22,08:45,08:15,DOWN,P2 - High Priority,On Time
TRN-12204,Premium Passenger,Vijayawada-SEC-02,2026-09-04,11:32,11:10,DOWN,P1 - Super High Priority,On Time
TRN-12205,Mail/Express,Guntakal-SEC-08,2026-10-20,09:44,09:15,UP,P2 - High Priority,On Time
TRN-12206,Passenger,Vijayawada-SEC-06,2026-09-23,23:03,22:30,DOWN,P3 - Medium Priority,On Time
TRN-12207,Freight Mineral,Guntur-SEC-03,2026-09-23,08:01,07:20,UP,P4 - Normal Freight,On Time
TRN-12208,Passenger,Guntur-SEC-04,2026-10-02,06:47,06:15,DOWN,P3 - Medium Priority,On Time
TRN-12209,Freight Hazardous,Secunderabad-SEC-01,2026-10-05,17:51,17:15,DOWN,P3 - Priority Freight,On Time
TRN-12210,Freight Hazardous,Guntur-SEC-02,2026-09-27,12:57,12:20,UP,P3 - Priority Freight,Expected Delay +15m
TRN-12211,Freight Container,Guntakal-SEC-08,2026-09-20,09:46,09:10,DOWN,P4 - Normal Freight,On Time
TRN-12212,Freight Auto,Vijayawada-SEC-01,2026-10-19,18:33,18:00,UP,P4 - Normal Freight,On Time
TRN-12213,Passenger,Hyderabad-SEC-03,2026-09-15,20:17,19:45,UP,P3 - Medium Priority,On Time
TRN-12214,Freight Mineral,Guntakal-SEC-08,2026-10-14,21:31,20:50,UP,P4 - Normal Freight,On Time
TRN-12215,Superfast Passenger,Guntur-SEC-08,2026-09-24,22:08,21:45,DOWN,P1 - Super High Priority,On Time
TRN-12216,Freight Auto,Hyderabad-SEC-02,2026-09-09,13:28,12:50,DOWN,P4 - Normal Freight,Expected Delay +15m
TRN-12217,Freight Auto,Secunderabad-SEC-04,2026-09-22,20:48,20:10,DOWN,P4 - Normal Freight,On Time
TRN-12218,Freight Mineral,Hyderabad-SEC-03,2026-09-28,19:49,19:10,UP,P4 - Normal Freight,On Time
TRN-12219,Superfast Passenger,Guntur-SEC-03,2026-09-12,06:13,05:50,UP,P1 - Super High Priority,On Time
TRN-12220,Freight Mineral,Guntur-SEC-03,2026-10-02,13:32,12:50,DOWN,P4 - Normal Freight,On Time
TRN-12221,Premium Passenger,Secunderabad-SEC-08,2026-09-11,07:23,07:00,DOWN,P1 - Super High Priority,On Time
TRN-12222,Mail/Express,Vijayawada-SEC-01,2026-10-20,07:38,07:10,UP,P2 - High Priority,On Time
TRN-12223,Freight Mineral,Vijayawada-SEC-05,2026-09-30,20:27,19:45,DOWN,P4 - Normal Freight,On Time
TRN-12224,Superfast Passenger,Hyderabad-SEC-06,2026-10-04,16:37,16:15,DOWN,P1 - Super High Priority,On Time
TRN-12225,Freight Container,Guntur-SEC-08,2026-09-20,18:47,18:15,DOWN,P4 - Normal Freight,Expected Delay +15m
TRN-12226,Superfast Passenger,Vijayawada-SEC-01,2026-10-08,09:50,09:30,UP,P1 - Super High Priority,On Time
TRN-12227,Freight Container,Guntakal-SEC-08,2026-09-23,15:45,15:10,DOWN,P4 - Normal Freight,Expected Delay +15m
TRN-12228,Superfast Passenger,Hyderabad-SEC-06,2026-10-13,19:14,18:50,UP,P1 - Super High Priority,On Time
TRN-12229,Premium Passenger,Guntakal-SEC-03,2026-10-20,22:12,21:50,DOWN,P1 - Super High Priority,On Time
TRN-12230,Superfast Passenger,Secunderabad-SEC-03,2026-10-13,18:45,18:20,UP,P1 - Super High Priority,On Time
TRN-12231,Superfast Passenger,Guntakal-SEC-02,2026-09-28,12:50,12:30,UP,P1 - Super High Priority,On Time
TRN-12232,Superfast Passenger,Guntakal-SEC-06,2026-09-29,07:10,06:45,UP,P1 - Super High Priority,Expected Delay +15m
TRN-12233,Freight Container,Hyderabad-SEC-04,2026-09-11,11:57,11:20,DOWN,P4 - Normal Freight,On Time
TRN-12234,Superfast Passenger,Guntur-SEC-06,2026-10-06,04:57,04:30,DOWN,P1 - Super High Priority,Regulated
TRN-12235,Passenger,Hyderabad-SEC-07,2026-10-19,09:21,08:45,DOWN,P3 - Medium Priority,On Time
TRN-12236,Superfast Passenger,Guntur-SEC-01,2026-09-11,16:51,16:30,UP,P1 - Super High Priority,On Time
TRN-12237,Premium Passenger,Guntakal-SEC-06,2026-10-05,09:04,08:45,DOWN,P1 - Super High Priority,On Time
TRN-12238,Superfast Passenger,Secunderabad-SEC-04,2026-10-15,08:40,08:15,DOWN,P1 - Super High Priority,On Time
TRN-12239,Premium Passenger,Vijayawada-SEC-05,2026-09-04,18:33,18:10,DOWN,P1 - Super High Priority,On Time
TRN-12240,Freight Mineral,Guntur-SEC-05,2026-09-24,13:29,12:50,DOWN,P4 - Normal Freight,On Time
TRN-12241,Freight Auto,Guntur-SEC-02,2026-09-03,03:28,02:50,UP,P4 - Normal Freight,On Time
TRN-12242,Freight Auto,Hyderabad-SEC-05,2026-10-20,21:38,21:00,DOWN,P4 - Normal Freight,On Time
TRN-12243,Freight Auto,Vijayawada-SEC-08,2026-09-26,08:26,07:50,UP,P4 - Normal Freight,On Time
TRN-12244,Mail/Express,Guntakal-SEC-06,2026-09-21,00:46,00:15,DOWN,P2 - High Priority,On Time
TRN-12245,Freight Hazardous,Guntakal-SEC-03,2026-10-11,18:54,18:15,DOWN,P3 - Priority Freight,Expected Delay +15m
TRN-12246,Freight Container,Vijayawada-SEC-06,2026-09-11,00:47,00:10,UP,P4 - Normal Freight,On Time
TRN-12247,Superfast Passenger,Hyderabad-SEC-05,2026-09-16,18:31,18:10,UP,P1 - Super High Priority,Expected Delay +30m
TRN-12248,Freight Container,Guntakal-SEC-05,2026-10-01,22:27,21:50,DOWN,P4 - Normal Freight,On Time
TRN-12249,Premium Passenger,Guntakal-SEC-02,2026-09-27,12:54,12:30,UP,P1 - Super High Priority,Expected Delay +15m
TRN-12250,Mail/Express,Secunderabad-SEC-08,2026-09-12,23:44,23:15,UP,P2 - High Priority,On Time
TRN-12251,Superfast Passenger,Secunderabad-SEC-03,2026-09-07,04:52,04:30,DOWN,P1 - Super High Priority,On Time
TRN-12252,Freight Auto,Hyderabad-SEC-03,2026-10-12,11:06,10:30,DOWN,P4 - Normal Freight,On Time
TRN-12253,Mail/Express,Vijayawada-SEC-04,2026-09-19,14:59,14:30,UP,P2 - High Priority,Regulated
TRN-12254,Superfast Passenger,Hyderabad-SEC-06,2026-10-17,01:40,01:15,UP,P1 - Super High Priority,On Time
TRN-12255,Passenger,Guntakal-SEC-06,2026-09-29,22:49,22:15,DOWN,P3 - Medium Priority,Expected Delay +15m
TRN-12256,Passenger,Vijayawada-SEC-03,2026-09-27,03:32,03:00,UP,P3 - Medium Priority,On Time
TRN-12257,Passenger,Hyderabad-SEC-02,2026-10-15,22:55,22:20,UP,P3 - Medium Priority,Expected Delay +30m
TRN-12258,Mail/Express,Hyderabad-SEC-06,2026-09-24,14:15,13:50,DOWN,P2 - High Priority,On Time
TRN-12259,Mail/Express,Secunderabad-SEC-03,2026-09-26,15:13,14:45,UP,P2 - High Priority,On Time
TRN-12260,Freight Container,Secunderabad-SEC-08,2026-10-02,19:52,19:20,DOWN,P4 - Normal Freight,On Time
TRN-12261,Mail/Express,Hyderabad-SEC-06,2026-09-23,14:54,14:30,UP,P2 - High Priority,On Time
TRN-12262,Freight Container,Guntakal-SEC-02,2026-10-04,07:01,06:30,UP,P4 - Normal Freight,On Time
TRN-12263,Premium Passenger,Hyderabad-SEC-01,2026-10-18,14:56,14:30,UP,P1 - Super High Priority,On Time
TRN-12264,Freight Mineral,Secunderabad-SEC-08,2026-10-18,20:58,20:20,UP,P4 - Normal Freight,Expected Delay +15m
TRN-12265,Freight Hazardous,Guntur-SEC-01,2026-09-17,22:51,22:15,DOWN,P3 - Priority Freight,On Time
TRN-12266,Freight Hazardous,Secunderabad-SEC-03,2026-10-13,15:55,15:20,DOWN,P3 - Priority Freight,On Time
TRN-12267,Freight Hazardous,Hyderabad-SEC-05,2026-09-30,22:23,21:45,UP,P3 - Priority Freight,On Time
TRN-12268,Premium Passenger,Hyderabad-SEC-04,2026-10-20,14:33,14:10,DOWN,P1 - Super High Priority,Expected Delay +15m
TRN-12269,Freight Auto,Guntakal-SEC-04,2026-09-22,19:44,19:10,UP,P4 - Normal Freight,On Time
TRN-12270,Premium Passenger,Guntakal-SEC-04,2026-10-16,08:54,08:30,DOWN,P1 - Super High Priority,On Time
TRN-12271,Freight Auto,Guntur-SEC-05,2026-09-23,17:23,16:50,UP,P4 - Normal Freight,Expected Delay +15m
TRN-12272,Passenger,Hyderabad-SEC-04,2026-09-02,16:54,16:20,DOWN,P3 - Medium Priority,On Time
TRN-12273,Premium Passenger,Guntur-SEC-06,2026-09-15,08:25,08:00,DOWN,P1 - Super High Priority,On Time
TRN-12274,Freight Auto,Hyderabad-SEC-06,2026-09-03,18:52,18:15,DOWN,P4 - Normal Freight,On Time
TRN-12275,Mail/Express,Secunderabad-SEC-08,2026-09-04,07:15,06:45,UP,P2 - High Priority,On Time
TRN-12276,Freight Mineral,Guntur-SEC-03,2026-09-19,05:57,05:15,DOWN,P4 - Normal Freight,On Time
TRN-12277,Mail/Express,Secunderabad-SEC-03,2026-09-22,06:13,05:45,DOWN,P2 - High Priority,On Time
TRN-12278,Freight Container,Vijayawada-SEC-02,2026-10-13,13:18,12:45,UP,P4 - Normal Freight,On Time
TRN-12279,Freight Mineral,Guntur-SEC-08,2026-10-01,06:26,05:45,UP,P4 - Normal Freight,On Time
TRN-12280,Mail/Express,Guntur-SEC-05,2026-09-12,14:15,13:50,DOWN,P2 - High Priority,On Time
TRN-12281,Premium Passenger,Guntakal-SEC-02,2026-10-04,23:08,22:45,DOWN,P1 - Super High Priority,On Time
TRN-12282,Freight Auto,Hyderabad-SEC-06,2026-09-02,00:05,23:30,DOWN,P4 - Normal Freight,On Time
TRN-12283,Freight Mineral,Guntakal-SEC-05,2026-10-09,04:51,04:15,UP,P4 - Normal Freight,On Time
TRN-12284,Freight Auto,Vijayawada-SEC-02,2026-10-15,07:28,06:50,UP,P4 - Normal Freight,On Time
TRN-12285,Superfast Passenger,Guntur-SEC-07,2026-09-24,16:35,16:10,UP,P1 - Super High Priority,On Time
TRN-12286,Freight Mineral,Guntur-SEC-04,2026-09-11,02:06,01:30,DOWN,P4 - Normal Freight,Expected Delay +15m
TRN-12287,Mail/Express,Guntakal-SEC-02,2026-10-10,04:30,04:00,DOWN,P2 - High Priority,On Time
TRN-12288,Mail/Express,Secunderabad-SEC-02,2026-10-02,15:31,15:00,UP,P2 - High Priority,On Time
TRN-12289,Freight Hazardous,Vijayawada-SEC-01,2026-10-10,14:35,14:00,UP,P3 - Priority Freight,On Time
TRN-12290,Freight Hazardous,Guntakal-SEC-05,2026-10-18,06:24,05:45,UP,P3 - Priority Freight,On Time
TRN-12291,Freight Auto,Secunderabad-SEC-02,2026-09-10,04:01,03:30,UP,P4 - Normal Freight,On Time
TRN-12292,Freight Hazardous,Guntur-SEC-07,2026-10-05,21:38,21:00,DOWN,P3 - Priority Freight,On Time
TRN-12293,Freight Container,Guntur-SEC-07,2026-09-12,00:52,00:20,UP,P4 - Normal Freight,On Time
TRN-12294,Premium Passenger,Vijayawada-SEC-01,2026-10-05,04:14,03:50,DOWN,P1 - Super High Priority,Expected Delay +30m
TRN-12295,Premium Passenger,Secunderabad-SEC-08,2026-09-21,18:19,18:00,UP,P1 - Super High Priority,On Time
TRN-12296,Mail/Express,Hyderabad-SEC-07,2026-09-30,08:36,08:10,UP,P2 - High Priority,On Time
TRN-12297,Freight Hazardous,Guntakal-SEC-08,2026-10-11,10:05,09:30,DOWN,P3 - Priority Freight,Expected Delay +15m
TRN-12298,Passenger,Hyderabad-SEC-04,2026-09-26,21:21,20:45,UP,P3 - Medium Priority,On Time
TRN-12299,Freight Hazardous,Hyderabad-SEC-01,2026-09-13,09:23,08:45,DOWN,P3 - Priority Freight,On Time
TRN-12300,Passenger,Secunderabad-SEC-01,2026-09-17,13:40,13:10,UP,P3 - Medium Priority,On Time
TRN-12301,Freight Container,Hyderabad-SEC-02,2026-10-07,16:35,16:00,DOWN,P4 - Normal Freight,On Time
TRN-12302,Freight Auto,Guntur-SEC-05,2026-09-14,07:33,07:00,DOWN,P4 - Normal Freight,On Time
TRN-12303,Superfast Passenger,Secunderabad-SEC-03,2026-09-20,09:44,09:20,DOWN,P1 - Super High Priority,On Time
TRN-12304,Freight Container,Guntakal-SEC-06,2026-09-23,20:51,20:20,DOWN,P4 - Normal Freight,On Time
TRN-12305,Passenger,Guntur-SEC-08,2026-10-18,10:23,09:50,UP,P3 - Medium Priority,Expected Delay +15m
TRN-12306,Freight Auto,Secunderabad-SEC-07,2026-09-09,18:05,17:30,DOWN,P4 - Normal Freight,Expected Delay +15m
TRN-12307,Freight Auto,Guntakal-SEC-07,2026-09-06,00:01,23:30,UP,P4 - Normal Freight,On Time
TRN-12308,Premium Passenger,Hyderabad-SEC-02,2026-10-16,16:15,15:50,UP,P1 - Super High Priority,Expected Delay +15m
TRN-12309,Premium Passenger,Vijayawada-SEC-01,2026-09-13,22:07,21:45,DOWN,P1 - Super High Priority,On Time
TRN-12310,Freight Mineral,Guntakal-SEC-06,2026-10-18,22:39,22:00,UP,P4 - Normal Freight,Expected Delay +15m
TRN-12311,Freight Mineral,Guntakal-SEC-03,2026-09-28,19:01,18:20,UP,P4 - Normal Freight,Expected Delay +30m
TRN-12312,Freight Mineral,Vijayawada-SEC-06,2026-10-17,11:57,11:15,UP,P4 - Normal Freight,On Time
TRN-12313,Freight Auto,Secunderabad-SEC-01,2026-09-24,13:51,13:15,UP,P4 - Normal Freight,On Time
TRN-12314,Freight Hazardous,Guntakal-SEC-07,2026-09-29,23:24,22:45,DOWN,P3 - Priority Freight,On Time
TRN-12315,Passenger,Guntur-SEC-02,2026-10-18,08:46,08:10,DOWN,P3 - Medium Priority,On Time
TRN-12316,Freight Mineral,Vijayawada-SEC-08,2026-09-18,01:56,01:15,UP,P4 - Normal Freight,On Time
TRN-12317,Passenger,Secunderabad-SEC-08,2026-10-03,09:42,09:10,UP,P3 - Medium Priority,On Time
TRN-12318,Freight Auto,Guntakal-SEC-02,2026-09-16,12:05,11:30,DOWN,P4 - Normal Freight,Expected Delay +30m
TRN-12319,Passenger,Secunderabad-SEC-05,2026-09-24,15:51,15:15,DOWN,P3 - Medium Priority,On Time
TRN-12320,Freight Mineral,Secunderabad-SEC-02,2026-09-06,02:46,02:10,DOWN,P4 - Normal Freight,On Time
TRN-12321,Premium Passenger,Vijayawada-SEC-07,2026-09-23,10:09,09:45,DOWN,P1 - Super High Priority,On Time
TRN-12322,Premium Passenger,Guntur-SEC-08,2026-10-14,16:07,15:45,DOWN,P1 - Super High Priority,Expected Delay +15m
TRN-12323,Mail/Express,Hyderabad-SEC-04,2026-09-21,15:47,15:20,DOWN,P2 - High Priority,Expected Delay +15m
TRN-12324,Premium Passenger,Vijayawada-SEC-08,2026-10-12,10:39,10:20,DOWN,P1 - Super High Priority,On Time
TRN-12325,Passenger,Guntur-SEC-06,2026-09-26,14:22,13:50,UP,P3 - Medium Priority,On Time
TRN-12326,Freight Auto,Secunderabad-SEC-08,2026-10-10,11:51,11:15,DOWN,P4 - Normal Freight,On Time
TRN-12327,Mail/Express,Hyderabad-SEC-04,2026-10-03,09:16,08:45,UP,P2 - High Priority,On Time
TRN-12328,Freight Hazardous,Guntakal-SEC-02,2026-09-29,15:50,15:15,DOWN,P3 - Priority Freight,On Time
TRN-12329,Premium Passenger,Secunderabad-SEC-08,2026-10-06,21:30,21:10,UP,P1 - Super High Priority,On Time
TRN-12330,Superfast Passenger,Guntur-SEC-05,2026-10-09,03:40,03:20,UP,P1 - Super High Priority,On Time
TRN-12331,Freight Auto,Secunderabad-SEC-07,2026-09-11,15:25,14:50,DOWN,P4 - Normal Freight,On Time
TRN-12332,Superfast Passenger,Hyderabad-SEC-01,2026-10-07,20:36,20:15,UP,P1 - Super High Priority,On Time
TRN-12333,Superfast Passenger,Guntakal-SEC-02,2026-10-08,23:10,22:50,DOWN,P1 - Super High Priority,Expected Delay +15m
TRN-12334,Passenger,Hyderabad-SEC-01,2026-09-10,05:36,05:00,DOWN,P3 - Medium Priority,Regulated
TRN-12335,Freight Container,Vijayawada-SEC-06,2026-09-09,22:46,22:15,DOWN,P4 - Normal Freight,On Time
TRN-12336,Freight Hazardous,Guntakal-SEC-07,2026-09-27,20:04,19:30,UP,P3 - Priority Freight,On Time
TRN-12337,Passenger,Guntur-SEC-01,2026-09-03,04:30,04:00,UP,P3 - Medium Priority,On Time
TRN-12338,Freight Auto,Vijayawada-SEC-06,2026-09-27,18:51,18:15,DOWN,P4 - Normal Freight,On Time
TRN-12339,Freight Auto,Hyderabad-SEC-02,2026-09-24,20:50,20:15,UP,P4 - Normal Freight,On Time
TRN-12340,Freight Hazardous,Guntakal-SEC-07,2026-09-13,08:56,08:20,UP,P3 - Priority Freight,On Time
TRN-12341,Mail/Express,Secunderabad-SEC-01,2026-09-27,01:15,00:50,DOWN,P2 - High Priority,Regulated
TRN-12342,Freight Mineral,Secunderabad-SEC-01,2026-09-29,19:27,18:45,UP,P4 - Normal Freight,Expected Delay +15m
TRN-12343,Superfast Passenger,Guntakal-SEC-01,2026-09-19,17:35,17:15,DOWN,P1 - Super High Priority,On Time
TRN-12344,Freight Mineral,Hyderabad-SEC-07,2026-10-01,15:27,14:45,DOWN,P4 - Normal Freight,On Time
TRN-12345,Freight Auto,Guntur-SEC-02,2026-09-15,19:19,18:45,UP,P4 - Normal Freight,On Time
TRN-12346,Freight Hazardous,Guntur-SEC-02,2026-09-16,23:58,23:20,DOWN,P3 - Priority Freight,On Time
TRN-12347,Premium Passenger,Secunderabad-SEC-05,2026-09-17,16:36,16:15,UP,P1 - Super High Priority,Expected Delay +30m
TRN-12348,Freight Auto,Secunderabad-SEC-08,2026-09-25,17:44,17:10,DOWN,P4 - Normal Freight,On Time
TRN-12349,Freight Hazardous,Guntakal-SEC-07,2026-10-12,18:50,18:10,UP,P3 - Priority Freight,On Time
TRN-12350,Superfast Passenger,Secunderabad-SEC-05,2026-09-16,22:42,22:15,UP,P1 - Super High Priority,On Time
TRN-12351,Freight Auto,Hyderabad-SEC-01,2026-09-01,13:22,12:45,DOWN,P4 - Normal Freight,On Time
TRN-12352,Freight Auto,Hyderabad-SEC-07,2026-09-03,12:49,12:15,UP,P4 - Normal Freight,On Time
TRN-12353,Freight Container,Guntakal-SEC-02,2026-10-06,11:25,10:50,UP,P4 - Normal Freight,On Time
TRN-12354,Mail/Express,Guntur-SEC-03,2026-10-01,08:09,07:45,DOWN,P2 - High Priority,Expected Delay +15m
TRN-12355,Mail/Express,Guntur-SEC-03,2026-10-01,12:54,12:30,DOWN,P2 - High Priority,Expected Delay +15m
TRN-12356,Freight Auto,Vijayawada-SEC-07,2026-09-06,04:58,04:20,UP,P4 - Normal Freight,On Time
TRN-12357,Freight Container,Secunderabad-SEC-02,2026-09-06,19:34,19:00,DOWN,P4 - Normal Freight,On Time
TRN-12358,Freight Auto,Guntur-SEC-03,2026-09-22,18:27,17:50,DOWN,P4 - Normal Freight,On Time
TRN-12359,Freight Container,Guntakal-SEC-02,2026-09-16,04:23,03:50,UP,P4 - Normal Freight,On Time
TRN-12360,Freight Hazardous,Guntur-SEC-05,2026-09-08,13:40,13:00,UP,P3 - Priority Freight,Expected Delay +15m
TRN-12361,Freight Mineral,Guntakal-SEC-01,2026-10-11,04:09,03:30,UP,P4 - Normal Freight,On Time
TRN-12362,Premium Passenger,Hyderabad-SEC-06,2026-10-10,11:10,10:50,UP,P1 - Super High Priority,On Time
TRN-12363,Freight Mineral,Hyderabad-SEC-04,2026-10-09,11:36,11:00,UP,P4 - Normal Freight,Regulated
TRN-12364,Freight Auto,Guntakal-SEC-07,2026-10-14,05:27,04:50,UP,P4 - Normal Freight,On Time
TRN-12365,Freight Auto,Guntur-SEC-05,2026-10-06,22:24,21:50,UP,P4 - Normal Freight,On Time
TRN-12366,Freight Container,Guntur-SEC-02,2026-10-10,22:31,22:00,UP,P4 - Normal Freight,On Time
TRN-12367,Freight Mineral,Guntur-SEC-04,2026-09-19,09:29,08:50,DOWN,P4 - Normal Freight,On Time
TRN-12368,Premium Passenger,Secunderabad-SEC-07,2026-09-16,11:51,11:30,DOWN,P1 - Super High Priority,On Time
TRN-12369,Premium Passenger,Vijayawada-SEC-07,2026-10-20,01:11,00:50,DOWN,P1 - Super High Priority,On Time
TRN-12370,Passenger,Vijayawada-SEC-06,2026-09-27,06:41,06:10,UP,P3 - Medium Priority,On Time
TRN-12371,Freight Mineral,Guntur-SEC-06,2026-09-29,23:55,23:15,DOWN,P4 - Normal Freight,On Time
TRN-12372,Passenger,Guntakal-SEC-07,2026-10-10,17:20,16:50,UP,P3 - Medium Priority,Regulated
TRN-12373,Mail/Express,Secunderabad-SEC-04,2026-09-13,09:57,09:30,UP,P2 - High Priority,Expected Delay +15m
TRN-12374,Freight Container,Hyderabad-SEC-05,2026-09-03,20:27,19:50,UP,P4 - Normal Freight,Expected Delay +15m
TRN-12375,Passenger,Secunderabad-SEC-02,2026-09-30,17:25,16:50,UP,P3 - Medium Priority,On Time
TRN-12376,Freight Mineral,Guntakal-SEC-02,2026-09-27,04:38,04:00,UP,P4 - Normal Freight,On Time
TRN-12377,Freight Auto,Guntakal-SEC-01,2026-09-19,22:49,22:15,DOWN,P4 - Normal Freight,Expected Delay +15m
TRN-12378,Passenger,Secunderabad-SEC-01,2026-10-16,20:44,20:10,UP,P3 - Medium Priority,On Time
TRN-12379,Freight Container,Vijayawada-SEC-08,2026-09-03,12:36,12:00,DOWN,P4 - Normal Freight,On Time
TRN-12380,Passenger,Vijayawada-SEC-02,2026-10-20,19:45,19:10,DOWN,P3 - Medium Priority,On Time
TRN-12381,Premium Passenger,Vijayawada-SEC-03,2026-09-26,03:51,03:30,UP,P1 - Super High Priority,On Time
TRN-12382,Superfast Passenger,Vijayawada-SEC-07,2026-10-03,17:11,16:50,UP,P1 - Super High Priority,Expected Delay +15m
TRN-12383,Freight Container,Hyderabad-SEC-02,2026-10-06,16:36,16:00,DOWN,P4 - Normal Freight,On Time
TRN-12384,Passenger,Vijayawada-SEC-07,2026-09-01,19:40,19:10,DOWN,P3 - Medium Priority,On Time
TRN-12385,Freight Auto,Hyderabad-SEC-01,2026-10-04,08:54,08:20,DOWN,P4 - Normal Freight,On Time
TRN-12386,Freight Mineral,Guntur-SEC-05,2026-10-18,00:37,00:00,UP,P4 - Normal Freight,On Time
TRN-12387,Freight Container,Vijayawada-SEC-01,2026-10-09,22:02,21:30,UP,P4 - Normal Freight,On Time
TRN-12388,Superfast Passenger,Guntakal-SEC-08,2026-09-07,01:15,00:50,DOWN,P1 - Super High Priority,On Time
TRN-12389,Premium Passenger,Hyderabad-SEC-03,2026-09-15,06:32,06:10,UP,P1 - Super High Priority,Expected Delay +15m
TRN-12390,Freight Mineral,Secunderabad-SEC-06,2026-09-08,21:09,20:30,DOWN,P4 - Normal Freight,On Time
TRN-12391,Freight Auto,Vijayawada-SEC-06,2026-09-07,22:53,22:15,DOWN,P4 - Normal Freight,Expected Delay +15m
TRN-12392,Superfast Passenger,Hyderabad-SEC-04,2026-10-01,10:11,09:45,UP,P1 - Super High Priority,On Time
TRN-12393,Freight Hazardous,Secunderabad-SEC-02,2026-10-16,06:51,06:15,DOWN,P3 - Priority Freight,On Time
TRN-12394,Freight Auto,Secunderabad-SEC-04,2026-09-10,08:01,07:30,UP,P4 - Normal Freight,On Time
TRN-12395,Passenger,Secunderabad-SEC-08,2026-10-08,07:15,06:45,DOWN,P3 - Medium Priority,On Time
TRN-12396,Mail/Express,Secunderabad-SEC-07,2026-09-27,15:47,15:20,DOWN,P2 - High Priority,On Time
TRN-12397,Freight Container,Secunderabad-SEC-02,2026-10-20,15:36,15:00,DOWN,P4 - Normal Freight,On Time
TRN-12398,Passenger,Secunderabad-SEC-04,2026-09-27,22:56,22:20,UP,P3 - Medium Priority,On Time
TRN-12399,Mail/Express,Hyderabad-SEC-01,2026-09-14,09:54,09:30,UP,P2 - High Priority,On Time
TRN-12400,Passenger,Guntur-SEC-01,2026-10-18,10:19,09:50,DOWN,P3 - Medium Priority,On Time
TRN-12401,Passenger,Secunderabad-SEC-07,2026-09-01,00:43,00:10,UP,P3 - Medium Priority,On Time
TRN-12402,Premium Passenger,Guntakal-SEC-06,2026-10-19,04:42,04:20,UP,P1 - Super High Priority,On Time
TRN-12403,Passenger,Guntur-SEC-03,2026-09-07,18:19,17:50,UP,P3 - Medium Priority,Expected Delay +15m
TRN-12404,Premium Passenger,Hyderabad-SEC-03,2026-09-13,05:32,05:10,DOWN,P1 - Super High Priority,On Time
TRN-12405,Freight Hazardous,Secunderabad-SEC-01,2026-09-18,21:38,21:00,DOWN,P3 - Priority Freight,On Time
TRN-12406,Freight Auto,Vijayawada-SEC-06,2026-09-30,01:23,00:45,DOWN,P4 - Normal Freight,On Time
TRN-12407,Freight Hazardous,Vijayawada-SEC-07,2026-09-08,08:03,07:30,DOWN,P3 - Priority Freight,On Time
TRN-12408,Premium Passenger,Secunderabad-SEC-04,2026-09-01,13:34,13:10,UP,P1 - Super High Priority,On Time
TRN-12409,Freight Mineral,Secunderabad-SEC-02,2026-10-17,13:11,12:30,DOWN,P4 - Normal Freight,On Time
TRN-12410,Freight Hazardous,Secunderabad-SEC-03,2026-09-03,18:25,17:50,DOWN,P3 - Priority Freight,Expected Delay +15m
TRN-12411,Freight Mineral,Hyderabad-SEC-08,2026-10-17,15:11,14:30,DOWN,P4 - Normal Freight,Expected Delay +15m
TRN-12412,Freight Container,Guntur-SEC-05,2026-09-26,13:50,13:15,UP,P4 - Normal Freight,On Time
TRN-12413,Premium Passenger,Vijayawada-SEC-07,2026-09-04,06:43,06:20,DOWN,P1 - Super High Priority,On Time
TRN-12414,Freight Auto,Secunderabad-SEC-08,2026-10-09,15:34,15:00,UP,P4 - Normal Freight,Expected Delay +15m
TRN-12415,Superfast Passenger,Hyderabad-SEC-07,2026-10-21,04:51,04:30,DOWN,P1 - Super High Priority,On Time
TRN-12416,Freight Container,Guntur-SEC-02,2026-09-30,13:42,13:10,UP,P4 - Normal Freight,On Time
TRN-12417,Premium Passenger,Guntur-SEC-03,2026-10-02,16:41,16:20,DOWN,P1 - Super High Priority,On Time
TRN-12418,Passenger,Secunderabad-SEC-08,2026-10-20,06:24,05:50,UP,P3 - Medium Priority,Expected Delay +15m
TRN-12419,Freight Hazardous,Guntur-SEC-03,2026-09-03,21:55,21:15,UP,P3 - Priority Freight,On Time
TRN-12420,Mail/Express,Guntur-SEC-01,2026-10-07,11:13,10:45,UP,P2 - High Priority,On Time
TRN-12421,Freight Container,Hyderabad-SEC-06,2026-10-18,15:26,14:50,UP,P4 - Normal Freight,On Time
TRN-12422,Passenger,Hyderabad-SEC-04,2026-10-10,15:16,14:45,UP,P3 - Medium Priority,Regulated
TRN-12423,Freight Mineral,Guntakal-SEC-04,2026-10-21,04:08,03:30,DOWN,P4 - Normal Freight,On Time
TRN-12424,Freight Hazardous,Vijayawada-SEC-08,2026-10-01,15:45,15:10,UP,P3 - Priority Freight,On Time
TRN-12425,Freight Auto,Vijayawada-SEC-02,2026-09-23,03:47,03:15,UP,P4 - Normal Freight,On Time
TRN-12426,Passenger,Guntakal-SEC-03,2026-09-16,21:23,20:50,DOWN,P3 - Medium Priority,Expected Delay +15m
TRN-12427,Freight Hazardous,Vijayawada-SEC-06,2026-09-18,01:00,00:20,UP,P3 - Priority Freight,On Time
TRN-12428,Mail/Express,Guntur-SEC-08,2026-10-21,00:15,23:50,UP,P2 - High Priority,On Time
TRN-12429,Freight Hazardous,Guntakal-SEC-01,2026-10-05,06:53,06:20,UP,P3 - Priority Freight,On Time
TRN-12430,Freight Mineral,Vijayawada-SEC-04,2026-10-07,06:25,05:45,DOWN,P4 - Normal Freight,On Time
TRN-12431,Mail/Express,Hyderabad-SEC-03,2026-09-29,07:37,07:10,DOWN,P2 - High Priority,Expected Delay +15m
TRN-12432,Freight Mineral,Guntakal-SEC-03,2026-09-17,22:23,21:45,UP,P4 - Normal Freight,Expected Delay +15m
TRN-12433,Freight Container,Guntakal-SEC-03,2026-09-22,21:58,21:20,UP,P4 - Normal Freight,On Time
TRN-12434,Superfast Passenger,Hyderabad-SEC-03,2026-10-14,00:09,23:45,DOWN,P1 - Super High Priority,Expected Delay +15m
TRN-12435,Mail/Express,Secunderabad-SEC-05,2026-10-02,04:10,03:45,UP,P2 - High Priority,On Time
TRN-12436,Freight Container,Guntur-SEC-04,2026-10-16,21:54,21:20,UP,P4 - Normal Freight,On Time
TRN-12437,Freight Mineral,Secunderabad-SEC-06,2026-09-18,20:45,20:10,DOWN,P4 - Normal Freight,On Time
TRN-12438,Freight Hazardous,Vijayawada-SEC-05,2026-09-18,17:45,17:10,DOWN,P3 - Priority Freight,On Time
TRN-12439,Freight Hazardous,Secunderabad-SEC-02,2026-10-10,23:46,23:10,UP,P3 - Priority Freight,On Time
TRN-12440,Passenger,Guntur-SEC-02,2026-09-23,18:55,18:20,DOWN,P3 - Medium Priority,On Time
TRN-12441,Freight Mineral,Hyderabad-SEC-05,2026-09-18,00:00,23:20,DOWN,P4 - Normal Freight,On Time
TRN-12442,Passenger,Guntakal-SEC-08,2026-10-10,04:19,03:45,DOWN,P3 - Medium Priority,Expected Delay +15m
TRN-12443,Mail/Express,Secunderabad-SEC-03,2026-10-06,18:20,17:50,DOWN,P2 - High Priority,On Time
TRN-12444,Premium Passenger,Vijayawada-SEC-01,2026-09-07,21:06,20:45,DOWN,P1 - Super High Priority,Expected Delay +15m
TRN-12445,Freight Hazardous,Guntakal-SEC-04,2026-09-20,05:23,04:45,UP,P3 - Priority Freight,On Time
TRN-12446,Superfast Passenger,Secunderabad-SEC-03,2026-09-07,05:27,05:00,UP,P1 - Super High Priority,On Time
TRN-12447,Premium Passenger,Vijayawada-SEC-02,2026-10-18,13:54,13:30,UP,P1 - Super High Priority,On Time
TRN-12448,Mail/Express,Vijayawada-SEC-03,2026-10-19,02:49,02:20,DOWN,P2 - High Priority,On Time
TRN-12449,Superfast Passenger,Guntakal-SEC-04,2026-10-08,03:14,02:50,DOWN,P1 - Super High Priority,Regulated
TRN-12450,Premium Passenger,Hyderabad-SEC-03,2026-09-16,10:41,10:20,UP,P1 - Super High Priority,On Time
TRN-12451,Freight Hazardous,Vijayawada-SEC-01,2026-09-24,23:47,23:10,UP,P3 - Priority Freight,On Time
TRN-12452,Passenger,Guntakal-SEC-01,2026-10-01,01:46,01:15,UP,P3 - Medium Priority,On Time
TRN-12453,Freight Auto,Hyderabad-SEC-03,2026-10-06,19:42,19:10,UP,P4 - Normal Freight,On Time
TRN-12454,Mail/Express,Guntur-SEC-01,2026-10-17,12:10,11:45,UP,P2 - High Priority,On Time
TRN-12455,Passenger,Hyderabad-SEC-06,2026-09-17,02:15,01:45,UP,P3 - Medium Priority,On Time
TRN-12456,Freight Hazardous,Hyderabad-SEC-08,2026-09-07,07:53,07:15,UP,P3 - Priority Freight,On Time
TRN-12457,Freight Hazardous,Guntakal-SEC-01,2026-09-09,13:38,13:00,DOWN,P3 - Priority Freight,Expected Delay +15m
TRN-12458,Premium Passenger,Secunderabad-SEC-03,2026-09-15,15:49,15:30,UP,P1 - Super High Priority,On Time
TRN-12459,Passenger,Guntakal-SEC-02,2026-10-02,04:17,03:45,DOWN,P3 - Medium Priority,On Time
TRN-12460,Freight Mineral,Hyderabad-SEC-01,2026-10-15,00:12,23:30,UP,P4 - Normal Freight,On Time
TRN-12461,Freight Container,Secunderabad-SEC-06,2026-09-04,12:51,12:20,DOWN,P4 - Normal Freight,On Time
TRN-12462,Freight Mineral,Vijayawada-SEC-08,2026-10-14,17:02,16:20,DOWN,P4 - Normal Freight,On Time
TRN-12463,Freight Mineral,Secunderabad-SEC-07,2026-10-02,14:24,13:45,DOWN,P4 - Normal Freight,On Time
TRN-12464,Premium Passenger,Guntakal-SEC-04,2026-09-01,09:26,09:00,DOWN,P1 - Super High Priority,On Time
TRN-12465,Freight Container,Vijayawada-SEC-08,2026-10-13,05:49,05:15,UP,P4 - Normal Freight,On Time
TRN-12466,Freight Hazardous,Guntur-SEC-08,2026-09-16,04:33,04:00,UP,P3 - Priority Freight,On Time
TRN-12467,Premium Passenger,Secunderabad-SEC-05,2026-10-07,02:38,02:15,DOWN,P1 - Super High Priority,On Time
TRN-12468,Premium Passenger,Secunderabad-SEC-07,2026-10-21,15:50,15:30,DOWN,P1 - Super High Priority,On Time
TRN-12469,Freight Mineral,Hyderabad-SEC-06,2026-09-25,05:52,05:15,DOWN,P4 - Normal Freight,On Time
TRN-12470,Freight Auto,Secunderabad-SEC-03,2026-09-09,17:47,17:15,DOWN,P4 - Normal Freight,On Time
TRN-12471,Mail/Express,Vijayawada-SEC-06,2026-09-09,08:35,08:10,DOWN,P2 - High Priority,Expected Delay +15m
TRN-12472,Freight Container,Secunderabad-SEC-03,2026-09-01,15:03,14:30,DOWN,P4 - Normal Freight,On Time
TRN-12473,Freight Hazardous,Guntakal-SEC-08,2026-09-10,10:26,09:50,UP,P3 - Priority Freight,On Time
TRN-12474,Superfast Passenger,Secunderabad-SEC-01,2026-10-04,20:40,20:20,UP,P1 - Super High Priority,Expected Delay +30m
TRN-12475,Premium Passenger,Hyderabad-SEC-07,2026-09-13,23:23,23:00,DOWN,P1 - Super High Priority,On Time
TRN-12476,Mail/Express,Secunderabad-SEC-06,2026-09-10,03:51,03:20,UP,P2 - High Priority,On Time
TRN-12477,Premium Passenger,Guntur-SEC-01,2026-09-22,04:20,04:00,DOWN,P1 - Super High Priority,On Time
TRN-12478,Premium Passenger,Guntur-SEC-03,2026-10-04,23:08,22:45,UP,P1 - Super High Priority,On Time
TRN-12479,Freight Hazardous,Secunderabad-SEC-02,2026-09-11,04:07,03:30,DOWN,P3 - Priority Freight,On Time
TRN-12480,Mail/Express,Hyderabad-SEC-01,2026-09-30,21:21,20:50,DOWN,P2 - High Priority,On Time
TRN-12481,Freight Hazardous,Guntakal-SEC-07,2026-09-25,01:50,01:10,DOWN,P3 - Priority Freight,On Time
TRN-12482,Freight Auto,Guntakal-SEC-08,2026-09-21,19:34,19:00,UP,P4 - Normal Freight,On Time
TRN-12483,Freight Container,Hyderabad-SEC-03,2026-09-16,16:53,16:15,DOWN,P4 - Normal Freight,On Time
TRN-12484,Passenger,Hyderabad-SEC-07,2026-10-06,11:35,11:00,DOWN,P3 - Medium Priority,On Time
TRN-12485,Superfast Passenger,Hyderabad-SEC-02,2026-10-11,15:36,15:10,DOWN,P1 - Super High Priority,On Time
TRN-12486,Premium Passenger,Guntur-SEC-05,2026-09-25,14:54,14:30,UP,P1 - Super High Priority,On Time
TRN-12487,Freight Hazardous,Hyderabad-SEC-04,2026-09-23,09:09,08:30,DOWN,P3 - Priority Freight,Expected Delay +15m
TRN-12488,Mail/Express,Guntur-SEC-02,2026-09-03,09:19,08:50,UP,P2 - High Priority,On Time
TRN-12489,Superfast Passenger,Secunderabad-SEC-03,2026-09-01,14:37,14:10,UP,P1 - Super High Priority,Expected Delay +30m
TRN-12490,Freight Hazardous,Secunderabad-SEC-08,2026-09-30,18:33,18:00,UP,P3 - Priority Freight,Expected Delay +30m
TRN-12491,Freight Hazardous,Vijayawada-SEC-05,2026-10-11,12:40,12:00,UP,P3 - Priority Freight,On Time
TRN-12492,Freight Mineral,Guntur-SEC-05,2026-09-29,04:27,03:45,DOWN,P4 - Normal Freight,Expected Delay +30m
TRN-12493,Freight Auto,Guntur-SEC-06,2026-10-18,06:37,06:00,UP,P4 - Normal Freight,On Time
TRN-12494,Freight Mineral,Vijayawada-SEC-01,2026-09-05,12:12,11:30,UP,P4 - Normal Freight,On Time
TRN-12495,Mail/Express,Guntur-SEC-07,2026-09-06,05:39,05:10,UP,P2 - High Priority,On Time
TRN-12496,Freight Container,Vijayawada-SEC-07,2026-10-06,09:03,08:30,UP,P4 - Normal Freight,On Time
TRN-12497,Mail/Express,Hyderabad-SEC-01,2026-09-13,22:19,21:50,UP,P2 - High Priority,On Time
TRN-12498,Freight Container,Secunderabad-SEC-03,2026-10-09,06:42,06:10,DOWN,P4 - Normal Freight,On Time
TRN-12499,Superfast Passenger,Guntur-SEC-05,2026-09-09,16:41,16:20,UP,P1 - Super High Priority,On Time
TRN-12500,Premium Passenger,Guntakal-SEC-08,2026-10-05,10:34,10:15,UP,P1 - Super High Priority,Expected Delay +30m
