train_id,train_type,section_id,departure_time,frequency,priority_class
TRN-11853,MEMU,Guntakal-SEC-07,13:30,Daily,Medium
TRN-95064,Superfast,Guntakal-SEC-01,00:30,Daily,Low
TRN-96527,Passenger,Guntur-SEC-02,06:00,Tri-weekly,Medium
TRN-18179,Express,Guntakal-SEC-03,03:45,Daily,Medium
TRN-26386,Passenger,Secunderabad-SEC-02,08:45,Daily,Medium
TRN-98372,Express,Secunderabad-SEC-03,13:45,Tri-weekly,High
TRN-10843,Superfast,Hyderabad-SEC-03,10:45,Tri-weekly,Medium
TRN-76440,Express,Hyderabad-SEC-06,03:45,Daily,Medium
TRN-72570,Suburban,Vijayawada-SEC-02,08:15,Daily,High
TRN-29121,MEMU,Hyderabad-SEC-04,22:45,Daily,Low
TRN-91170,Express,Guntur-SEC-04,12:45,Daily,Low
TRN-14692,Superfast,Guntur-SEC-04,01:00,Daily,Medium
TRN-48169,Superfast,Hyderabad-SEC-04,10:30,Daily,Medium
TRN-28740,Suburban,Guntur-SEC-04,15:15,Daily,Medium
TRN-26067,Express,Guntakal-SEC-05,04:45,Daily,Medium
TRN-72202,MEMU,Hyderabad-SEC-06,13:15,Daily,High
TRN-51281,Passenger,Secunderabad-SEC-05,13:30,Weekly,Medium
TRN-82605,Superfast,Vijayawada-SEC-08,07:15,Daily,Medium
TRN-21804,Superfast,Guntur-SEC-03,06:30,Daily,Low
TRN-28822,MEMU,Guntakal-SEC-04,21:15,Weekly,Medium
TRN-42211,Superfast,Guntur-SEC-02,18:00,Weekly,Medium
TRN-82955,Express,Hyderabad-SEC-07,21:15,Tri-weekly,High
TRN-46979,Express,Hyderabad-SEC-03,15:45,Daily,Low
TRN-14577,MEMU,Guntur-SEC-01,02:00,Daily,Medium
TRN-18920,Superfast,Secunderabad-SEC-05,18:30,Tri-weekly,High
TRN-81036,Superfast,Hyderabad-SEC-08,06:15,Daily,High
TRN-12271,Passenger,Guntur-SEC-04,12:00,Daily,Medium
TRN-39779,MEMU,Hyderabad-SEC-04,15:30,Tri-weekly,Medium
TRN-18598,Express,Vijayawada-SEC-05,12:00,Daily,Medium
TRN-18306,Express,Guntur-SEC-01,03:00,Daily,Medium
TRN-91929,MEMU,Secunderabad-SEC-05,04:00,Daily,Medium
TRN-15913,Express,Vijayawada-SEC-06,17:45,Daily,High
TRN-76273,MEMU,Vijayawada-SEC-08,20:15,Daily,Medium
TRN-70505,Passenger,Guntakal-SEC-07,14:15,Daily,Low
TRN-87371,Express,Guntakal-SEC-03,20:00,Tri-weekly,Medium
TRN-54237,Suburban,Secunderabad-SEC-03,15:15,Daily,High
TRN-86598,Passenger,Secunderabad-SEC-01,06:45,Daily,High
TRN-57319,Superfast,Vijayawada-SEC-08,00:30,Daily,Low
TRN-91481,Suburban,Guntakal-SEC-08,10:30,Tri-weekly,Low
TRN-19318,Suburban,Vijayawada-SEC-03,16:30,Daily,Low
TRN-51326,Express,Guntur-SEC-02,23:15,Daily,Medium
TRN-95514,Superfast,Secunderabad-SEC-07,07:15,Daily,Medium
TRN-26232,Express,Secunderabad-SEC-07,20:15,Daily,Medium
TRN-65106,Superfast,Guntur-SEC-08,04:15,Daily,Medium
TRN-26345,Superfast,Secunderabad-SEC-04,16:15,Weekly,Medium
TRN-29901,Superfast,Guntakal-SEC-08,23:15,Daily,High
TRN-81994,Suburban,Secunderabad-SEC-07,16:00,Daily,Medium
TRN-37080,MEMU,Hyderabad-SEC-01,15:15,Daily,Medium
TRN-89608,Superfast,Secunderabad-SEC-05,06:00,Daily,Low
TRN-76867,Express,Guntur-SEC-04,00:15,Daily,Medium
TRN-44860,Passenger,Hyderabad-SEC-01,20:00,Daily,Medium
TRN-42524,Suburban,Hyderabad-SEC-02,13:15,Tri-weekly,Medium
TRN-78768,Suburban,Hyderabad-SEC-04,00:30,Weekly,Medium
TRN-82939,Passenger,Hyderabad-SEC-06,13:00,Daily,High
TRN-30775,Passenger,Guntakal-SEC-02,09:45,Weekly,Medium
TRN-45827,Passenger,Hyderabad-SEC-05,16:45,Daily,Medium
TRN-29036,Express,Hyderabad-SEC-06,05:45,Daily,Low
TRN-30047,MEMU,Guntakal-SEC-08,08:15,Weekly,Medium
TRN-70769,Express,Hyderabad-SEC-04,18:00,Daily,Medium
TRN-89534,Superfast,Vijayawada-SEC-06,12:15,Tri-weekly,Medium
TRN-59176,MEMU,Hyderabad-SEC-08,12:30,Daily,Medium
TRN-45543,MEMU,Secunderabad-SEC-07,08:00,Daily,High
TRN-69595,Express,Guntakal-SEC-06,08:30,Daily,Low
TRN-34911,Suburban,Vijayawada-SEC-05,20:15,Daily,Medium
TRN-72121,Express,Guntur-SEC-05,01:00,Daily,Low
TRN-48191,MEMU,Hyderabad-SEC-06,12:45,Daily,Medium
TRN-17687,Suburban,Guntakal-SEC-08,16:30,Daily,Medium
TRN-15669,Express,Guntakal-SEC-07,15:00,Daily,High
TRN-93946,Superfast,Secunderabad-SEC-01,05:15,Daily,Low
TRN-55974,Passenger,Hyderabad-SEC-06,13:00,Daily,Low
TRN-98041,Express,Vijayawada-SEC-04,05:30,Daily,High
TRN-47712,Passenger,Secunderabad-SEC-02,23:30,Daily,Medium
TRN-74978,Passenger,Guntur-SEC-02,23:00,Daily,Medium
TRN-27037,Passenger,Guntakal-SEC-05,14:45,Daily,High
TRN-76480,Superfast,Guntur-SEC-04,19:00,Daily,Medium
TRN-56554,Express,Vijayawada-SEC-07,20:00,Weekly,Medium
TRN-67355,Passenger,Secunderabad-SEC-03,14:45,Tri-weekly,High
TRN-99399,Superfast,Vijayawada-SEC-05,09:00,Daily,Medium
TRN-98096,Superfast,Guntakal-SEC-06,00:00,Tri-weekly,High
TRN-71594,Suburban,Guntakal-SEC-03,07:00,Tri-weekly,Low
TRN-65360,Superfast,Guntur-SEC-08,22:30,Daily,High
TRN-12653,Superfast,Hyderabad-SEC-01,11:15,Tri-weekly,Medium
TRN-78252,Express,Secunderabad-SEC-08,21:00,Tri-weekly,Low
TRN-37267,Suburban,Vijayawada-SEC-02,12:15,Weekly,High
TRN-77415,Passenger,Hyderabad-SEC-02,22:30,Daily,High
TRN-27622,MEMU,Vijayawada-SEC-02,01:30,Daily,Medium
TRN-76941,Passenger,Secunderabad-SEC-06,16:45,Daily,High
TRN-76759,Express,Vijayawada-SEC-07,23:30,Daily,High
TRN-24165,Superfast,Guntur-SEC-05,22:45,Daily,High
TRN-94768,Passenger,Hyderabad-SEC-01,22:15,Daily,Low
TRN-78906,Superfast,Secunderabad-SEC-07,06:00,Daily,Medium
TRN-45401,Superfast,Vijayawada-SEC-01,14:45,Daily,Medium
TRN-23687,Passenger,Guntur-SEC-04,07:30,Daily,Medium
TRN-46710,Passenger,Hyderabad-SEC-02,12:15,Daily,High
TRN-50793,Passenger,Guntur-SEC-06,09:30,Tri-weekly,Low
TRN-98372,Passenger,Guntur-SEC-05,05:45,Tri-weekly,Medium
TRN-26783,Passenger,Vijayawada-SEC-05,03:00,Daily,Medium
TRN-53457,Superfast,Hyderabad-SEC-01,03:15,Daily,Low
TRN-99576,Express,Vijayawada-SEC-03,07:45,Daily,Medium
TRN-54069,Passenger,Secunderabad-SEC-02,08:00,Weekly,Medium
TRN-35514,Passenger,Guntur-SEC-03,02:15,Daily,Medium
TRN-76288,Express,Secunderabad-SEC-03,12:15,Daily,Medium
TRN-12040,Express,Guntakal-SEC-06,08:30,Daily,High
TRN-78132,Superfast,Secunderabad-SEC-01,21:45,Daily,Medium
TRN-96444,Superfast,Secunderabad-SEC-01,02:45,Weekly,Medium
TRN-80449,Passenger,Hyderabad-SEC-05,06:15,Daily,High
TRN-88289,Superfast,Secunderabad-SEC-03,22:45,Daily,Low
TRN-75519,MEMU,Guntur-SEC-08,23:15,Daily,Medium
TRN-11726,Passenger,Hyderabad-SEC-01,07:15,Daily,Medium
TRN-35024,Express,Guntur-SEC-02,04:30,Daily,Medium
TRN-61807,Passenger,Vijayawada-SEC-02,22:45,Daily,Low
TRN-33336,Superfast,Guntakal-SEC-05,13:15,Daily,Medium
TRN-60063,Passenger,Guntakal-SEC-06,00:30,Daily,Medium
TRN-82847,Passenger,Hyderabad-SEC-02,21:30,Tri-weekly,Low
TRN-47596,Passenger,Guntakal-SEC-08,18:30,Daily,High
TRN-38951,Express,Hyderabad-SEC-03,18:15,Daily,Low
TRN-47260,MEMU,Secunderabad-SEC-07,09:15,Daily,Medium
TRN-70459,Express,Hyderabad-SEC-01,01:00,Tri-weekly,High
TRN-48832,Passenger,Guntakal-SEC-02,19:15,Tri-weekly,Medium
TRN-39214,Passenger,Hyderabad-SEC-05,12:45,Daily,Low
TRN-24300,Passenger,Vijayawada-SEC-07,20:45,Daily,High
TRN-51636,MEMU,Guntur-SEC-08,04:00,Tri-weekly,Medium
TRN-34103,Express,Secunderabad-SEC-04,10:45,Daily,Medium
TRN-21020,Superfast,Secunderabad-SEC-03,07:15,Daily,Low
TRN-80442,Express,Vijayawada-SEC-05,14:00,Daily,Medium
TRN-40251,Superfast,Guntur-SEC-03,08:15,Daily,Low
TRN-86904,Passenger,Guntakal-SEC-05,11:00,Daily,Medium
TRN-49295,Superfast,Secunderabad-SEC-01,01:15,Daily,Medium
TRN-60265,Express,Hyderabad-SEC-06,03:15,Tri-weekly,High
TRN-25885,Express,Guntakal-SEC-08,10:45,Daily,Medium
TRN-59103,Suburban,Secunderabad-SEC-01,12:30,Tri-weekly,Low
TRN-47680,Express,Secunderabad-SEC-08,16:15,Daily,Medium
TRN-13343,Express,Vijayawada-SEC-03,23:30,Daily,High
TRN-85715,Express,Vijayawada-SEC-03,23:00,Daily,High
TRN-34460,Passenger,Hyderabad-SEC-03,10:00,Daily,Medium
TRN-90951,Superfast,Vijayawada-SEC-04,04:00,Daily,Low
TRN-86117,Superfast,Secunderabad-SEC-04,22:00,Daily,Medium
TRN-75851,Superfast,Secunderabad-SEC-06,00:30,Daily,Low
TRN-95584,MEMU,Vijayawada-SEC-04,21:00,Tri-weekly,Medium
TRN-26012,Superfast,Secunderabad-SEC-08,22:30,Daily,Medium
TRN-41661,Passenger,Hyderabad-SEC-07,17:00,Daily,High
TRN-37394,Passenger,Secunderabad-SEC-07,03:30,Tri-weekly,Low
TRN-24376,Superfast,Guntur-SEC-05,01:00,Weekly,High
TRN-63271,MEMU,Guntakal-SEC-04,21:15,Daily,Medium
TRN-90760,Superfast,Vijayawada-SEC-02,20:00,Daily,Medium
TRN-29016,MEMU,Guntur-SEC-08,06:45,Daily,Medium
TRN-93635,Express,Vijayawada-SEC-06,19:45,Tri-weekly,High
TRN-70859,Passenger,Guntakal-SEC-05,12:30,Daily,High
TRN-28657,MEMU,Guntur-SEC-04,14:00,Daily,Low
TRN-22703,Superfast,Hyderabad-SEC-08,09:30,Daily,Medium
TRN-36495,Passenger,Hyderabad-SEC-05,14:15,Daily,Medium
TRN-70053,MEMU,Guntakal-SEC-04,20:45,Daily,High
TRN-67268,Suburban,Hyderabad-SEC-04,13:45,Tri-weekly,Medium
TRN-28478,MEMU,Secunderabad-SEC-04,22:15,Daily,Medium
TRN-22101,Express,Secunderabad-SEC-03,08:00,Daily,Medium
TRN-17960,Passenger,Hyderabad-SEC-02,21:30,Daily,Medium
TRN-44327,MEMU,Vijayawada-SEC-01,05:30,Daily,Medium
TRN-94526,Passenger,Secunderabad-SEC-02,13:00,Tri-weekly,Medium
TRN-72097,Passenger,Guntur-SEC-05,17:00,Weekly,Medium
TRN-73404,Superfast,Guntur-SEC-04,09:45,Daily,High
TRN-41958,Passenger,Guntur-SEC-02,18:00,Daily,Low
TRN-37313,Passenger,Guntakal-SEC-07,07:15,Daily,Medium
TRN-95431,Passenger,Guntur-SEC-03,19:45,Daily,High
TRN-15673,Superfast,Vijayawada-SEC-04,01:30,Daily,Medium
TRN-43845,Suburban,Guntakal-SEC-06,19:00,Daily,Medium
TRN-57788,Superfast,Guntakal-SEC-07,13:30,Daily,Low
TRN-55308,MEMU,Guntakal-SEC-01,22:15,Weekly,High
TRN-83832,MEMU,Guntakal-SEC-03,22:30,Tri-weekly,Medium
TRN-57875,Passenger,Secunderabad-SEC-02,18:30,Daily,Medium
TRN-22831,Express,Vijayawada-SEC-04,16:15,Tri-weekly,Low
TRN-27219,Suburban,Hyderabad-SEC-05,09:30,Daily,Medium
TRN-70168,Superfast,Vijayawada-SEC-02,19:30,Weekly,High
TRN-10460,Superfast,Guntur-SEC-05,19:45,Tri-weekly,Medium
TRN-49869,Express,Guntakal-SEC-05,20:30,Weekly,Medium
TRN-66920,Express,Guntur-SEC-01,22:30,Daily,Medium
TRN-54095,Express,Vijayawada-SEC-03,16:00,Tri-weekly,Medium
TRN-25758,Express,Vijayawada-SEC-03,11:00,Tri-weekly,Medium
TRN-23800,Express,Guntakal-SEC-03,12:15,Weekly,Medium
TRN-92433,Passenger,Guntur-SEC-01,11:30,Daily,High
TRN-35343,MEMU,Secunderabad-SEC-04,21:30,Daily,Medium
TRN-48708,Passenger,Secunderabad-SEC-03,02:30,Daily,Medium
TRN-22027,Superfast,Guntakal-SEC-08,10:45,Daily,Medium
TRN-29076,Superfast,Guntur-SEC-05,06:30,Daily,High
TRN-72202,Passenger,Hyderabad-SEC-08,12:15,Tri-weekly,High
TRN-65489,Express,Secunderabad-SEC-07,21:45,Weekly,Medium
TRN-11787,Passenger,Guntur-SEC-02,10:45,Daily,High
TRN-25177,Express,Guntakal-SEC-07,10:45,Daily,Medium
TRN-90714,Superfast,Guntur-SEC-03,14:45,Tri-weekly,High
TRN-39700,Suburban,Hyderabad-SEC-06,20:45,Daily,High
TRN-64468,Express,Hyderabad-SEC-07,05:30,Daily,Medium
TRN-92686,Passenger,Guntur-SEC-08,19:30,Daily,Medium
TRN-17313,Passenger,Vijayawada-SEC-06,07:15,Daily,Low
TRN-99583,Passenger,Hyderabad-SEC-03,13:45,Daily,High
TRN-81779,Passenger,Guntakal-SEC-06,01:15,Tri-weekly,Medium
TRN-90080,Suburban,Secunderabad-SEC-07,13:30,Tri-weekly,Medium
TRN-50861,Express,Secunderabad-SEC-04,20:45,Daily,Medium
TRN-97621,Suburban,Guntur-SEC-08,12:00,Weekly,Low
TRN-13361,MEMU,Guntur-SEC-02,09:45,Daily,Medium
TRN-27075,MEMU,Vijayawada-SEC-05,21:15,Daily,Medium
TRN-91482,Express,Vijayawada-SEC-04,04:45,Weekly,High
TRN-54122,Passenger,Guntur-SEC-06,07:45,Weekly,Medium
TRN-99162,Passenger,Vijayawada-SEC-07,19:00,Tri-weekly,High
TRN-31376,Superfast,Guntur-SEC-08,05:45,Weekly,Medium
TRN-43927,Passenger,Guntur-SEC-03,11:45,Daily,Medium
TRN-64614,Superfast,Guntakal-SEC-07,22:45,Daily,Low
TRN-96407,Suburban,Vijayawada-SEC-03,12:00,Tri-weekly,High
TRN-54479,MEMU,Vijayawada-SEC-05,08:30,Tri-weekly,High
TRN-45505,Passenger,Guntakal-SEC-01,19:00,Daily,Low
TRN-93404,MEMU,Guntur-SEC-04,03:30,Daily,Medium
TRN-19306,Passenger,Guntakal-SEC-06,20:45,Weekly,High
TRN-11645,Passenger,Hyderabad-SEC-02,20:00,Daily,High
TRN-73347,MEMU,Secunderabad-SEC-08,11:45,Daily,High
TRN-53016,Passenger,Vijayawada-SEC-08,20:00,Daily,Medium
TRN-84534,Express,Hyderabad-SEC-03,21:45,Daily,High
TRN-84973,Passenger,Hyderabad-SEC-08,17:30,Daily,High
TRN-79195,MEMU,Vijayawada-SEC-05,00:45,Daily,Medium
TRN-45118,MEMU,Secunderabad-SEC-02,08:00,Daily,Medium
TRN-10468,Express,Guntur-SEC-02,12:00,Daily,Medium
TRN-64966,Superfast,Hyderabad-SEC-02,11:15,Daily,Low
TRN-10798,Passenger,Secunderabad-SEC-01,09:00,Daily,Medium
TRN-43172,Passenger,Guntakal-SEC-01,21:45,Tri-weekly,Low
TRN-18735,Passenger,Vijayawada-SEC-03,09:15,Tri-weekly,Medium
TRN-40138,Superfast,Hyderabad-SEC-07,04:45,Daily,High
TRN-80965,Passenger,Guntakal-SEC-01,21:30,Weekly,Low
TRN-67364,MEMU,Hyderabad-SEC-08,00:30,Weekly,High
TRN-19822,Express,Secunderabad-SEC-04,03:30,Tri-weekly,Medium
TRN-58203,MEMU,Guntur-SEC-05,20:15,Tri-weekly,Medium
TRN-24484,Express,Vijayawada-SEC-07,13:15,Daily,Low
TRN-67074,Superfast,Guntur-SEC-03,06:45,Daily,High
TRN-36038,MEMU,Guntur-SEC-06,07:15,Weekly,Medium
TRN-93148,Passenger,Guntakal-SEC-07,12:15,Daily,High
TRN-41774,Superfast,Secunderabad-SEC-04,03:30,Daily,High
TRN-52169,Express,Guntur-SEC-04,04:15,Daily,High
TRN-68566,Express,Vijayawada-SEC-08,08:15,Daily,Medium
TRN-26878,Passenger,Secunderabad-SEC-02,10:45,Tri-weekly,High
TRN-34504,Passenger,Hyderabad-SEC-03,13:00,Daily,Medium
TRN-43068,Express,Vijayawada-SEC-01,21:45,Daily,Medium
TRN-16567,Superfast,Guntakal-SEC-05,07:00,Daily,Medium
TRN-98278,Express,Secunderabad-SEC-04,15:00,Daily,High
TRN-39861,Passenger,Hyderabad-SEC-05,13:45,Daily,Medium
TRN-95882,Passenger,Hyderabad-SEC-06,07:30,Weekly,Low
TRN-57537,Suburban,Guntur-SEC-03,22:00,Tri-weekly,Medium
TRN-63451,Passenger,Guntur-SEC-04,06:15,Daily,High
TRN-33569,Express,Secunderabad-SEC-06,07:15,Daily,High
TRN-47110,Passenger,Guntur-SEC-02,15:15,Daily,Low
TRN-15536,Passenger,Secunderabad-SEC-03,17:00,Daily,High
TRN-76534,Passenger,Guntakal-SEC-02,04:00,Tri-weekly,Medium
TRN-48253,Passenger,Hyderabad-SEC-02,23:00,Tri-weekly,Medium
TRN-78865,Superfast,Secunderabad-SEC-07,20:00,Tri-weekly,Medium
TRN-50952,MEMU,Hyderabad-SEC-06,05:00,Tri-weekly,Medium
TRN-40632,Passenger,Guntur-SEC-08,17:30,Daily,Low
TRN-73238,Suburban,Guntakal-SEC-01,12:45,Daily,Medium
TRN-13451,Express,Hyderabad-SEC-02,04:15,Tri-weekly,High
TRN-48094,MEMU,Secunderabad-SEC-01,07:45,Tri-weekly,Low
TRN-77923,Express,Guntakal-SEC-02,07:30,Tri-weekly,Medium
TRN-54179,Passenger,Guntur-SEC-05,00:30,Tri-weekly,High
TRN-80692,Superfast,Hyderabad-SEC-04,07:30,Weekly,Medium
TRN-40593,Superfast,Vijayawada-SEC-04,03:00,Tri-weekly,High
TRN-87392,MEMU,Guntakal-SEC-03,21:45,Daily,High
TRN-25722,Express,Hyderabad-SEC-01,18:15,Daily,Low
TRN-71438,MEMU,Secunderabad-SEC-04,17:00,Daily,Medium
TRN-87324,Superfast,Vijayawada-SEC-07,18:15,Daily,Medium
TRN-13779,MEMU,Guntur-SEC-01,14:45,Tri-weekly,Medium
TRN-41414,Superfast,Vijayawada-SEC-04,15:00,Daily,Medium
TRN-99377,Superfast,Guntakal-SEC-06,09:30,Tri-weekly,Medium
TRN-58124,Suburban,Hyderabad-SEC-01,20:00,Daily,Low
TRN-92640,MEMU,Vijayawada-SEC-07,08:45,Daily,Low
TRN-68203,Passenger,Guntur-SEC-01,15:00,Daily,Low
TRN-50636,Superfast,Hyderabad-SEC-04,01:30,Daily,Medium
TRN-44350,Passenger,Hyderabad-SEC-06,05:30,Daily,High
TRN-84948,Passenger,Secunderabad-SEC-01,17:45,Daily,Medium
TRN-15207,MEMU,Hyderabad-SEC-05,06:00,Daily,Low
TRN-43683,MEMU,Guntur-SEC-01,16:45,Tri-weekly,High
TRN-75290,Passenger,Guntakal-SEC-02,02:45,Daily,High
TRN-97907,MEMU,Guntur-SEC-08,17:45,Tri-weekly,High
TRN-63944,MEMU,Guntur-SEC-02,13:15,Weekly,Low
TRN-54580,Express,Guntur-SEC-04,06:00,Weekly,Medium
TRN-40502,Passenger,Guntur-SEC-08,17:45,Daily,Medium
TRN-65905,Suburban,Guntur-SEC-03,12:45,Tri-weekly,High
TRN-31809,Superfast,Vijayawada-SEC-02,03:00,Daily,Medium
TRN-85756,Passenger,Secunderabad-SEC-06,11:30,Weekly,Low
TRN-55623,Passenger,Guntakal-SEC-04,08:00,Daily,Medium
TRN-64915,Passenger,Hyderabad-SEC-01,06:15,Weekly,Medium
TRN-38765,Passenger,Hyderabad-SEC-03,18:00,Daily,High
TRN-35864,Suburban,Hyderabad-SEC-06,13:00,Daily,Medium
TRN-42178,Superfast,Secunderabad-SEC-02,08:45,Daily,Medium
TRN-74151,Express,Vijayawada-SEC-04,04:30,Weekly,Low
TRN-85149,Express,Secunderabad-SEC-07,03:45,Daily,Medium
TRN-45180,Express,Guntur-SEC-05,02:30,Daily,Low
TRN-25243,Passenger,Guntur-SEC-05,14:00,Daily,Medium
TRN-62632,Superfast,Vijayawada-SEC-05,16:00,Daily,Medium
TRN-24587,MEMU,Guntur-SEC-06,16:45,Daily,Medium
TRN-99953,Superfast,Secunderabad-SEC-05,18:15,Tri-weekly,Medium
TRN-15956,Passenger,Guntakal-SEC-02,01:15,Daily,Low
TRN-93885,Passenger,Vijayawada-SEC-07,10:45,Daily,Medium
TRN-81904,MEMU,Secunderabad-SEC-04,16:30,Daily,Low
TRN-90837,Superfast,Guntakal-SEC-04,19:30,Daily,Medium
TRN-51396,Passenger,Guntur-SEC-06,21:30,Daily,Medium
TRN-54894,Passenger,Guntur-SEC-03,17:00,Weekly,High
TRN-36201,MEMU,Hyderabad-SEC-06,04:30,Tri-weekly,High
TRN-96347,Suburban,Vijayawada-SEC-06,06:15,Daily,High
TRN-83666,Passenger,Secunderabad-SEC-07,19:30,Daily,High
TRN-71285,Express,Vijayawada-SEC-02,00:30,Daily,Medium
TRN-72457,Express,Secunderabad-SEC-07,18:15,Weekly,Medium
TRN-31387,Superfast,Guntakal-SEC-01,22:30,Daily,Medium
TRN-76915,Express,Vijayawada-SEC-03,00:30,Daily,High
TRN-47482,Express,Hyderabad-SEC-05,01:45,Daily,Medium
TRN-56235,MEMU,Vijayawada-SEC-02,02:15,Daily,High
TRN-89895,MEMU,Vijayawada-SEC-07,14:45,Weekly,Medium
TRN-44130,Suburban,Secunderabad-SEC-03,13:45,Daily,Medium
TRN-67721,Suburban,Guntur-SEC-03,15:00,Weekly,Medium
TRN-57850,Suburban,Secunderabad-SEC-05,01:30,Daily,Low
TRN-69389,Suburban,Vijayawada-SEC-07,16:15,Daily,Medium
TRN-19404,Passenger,Guntur-SEC-06,02:00,Tri-weekly,Medium
TRN-18202,Superfast,Hyderabad-SEC-04,11:45,Tri-weekly,Medium
TRN-76176,MEMU,Hyderabad-SEC-03,02:45,Tri-weekly,Medium
TRN-88908,Express,Hyderabad-SEC-06,03:45,Daily,Medium
TRN-57717,Express,Secunderabad-SEC-04,16:45,Daily,Medium
TRN-16403,Express,Guntur-SEC-02,05:00,Tri-weekly,High
TRN-48193,MEMU,Guntur-SEC-08,22:00,Daily,Medium
TRN-15039,MEMU,Guntur-SEC-04,16:30,Tri-weekly,High
TRN-18290,Suburban,Guntur-SEC-05,00:45,Weekly,Medium
TRN-70278,Express,Vijayawada-SEC-06,18:00,Daily,High
TRN-95046,Passenger,Guntur-SEC-07,16:15,Daily,Low
TRN-22166,Passenger,Secunderabad-SEC-08,23:30,Weekly,Medium
TRN-30565,MEMU,Secunderabad-SEC-02,23:30,Weekly,High
TRN-60819,MEMU,Guntur-SEC-01,18:15,Daily,Low
TRN-42961,MEMU,Vijayawada-SEC-07,09:15,Tri-weekly,Low
TRN-87613,Express,Guntur-SEC-04,07:00,Daily,Low
TRN-36493,Superfast,Hyderabad-SEC-01,03:00,Daily,Medium
TRN-87317,Express,Hyderabad-SEC-02,17:30,Daily,Medium
TRN-46944,Express,Hyderabad-SEC-01,05:45,Daily,Low
TRN-91219,Passenger,Hyderabad-SEC-02,04:30,Tri-weekly,Medium
TRN-37964,Superfast,Guntur-SEC-08,17:00,Daily,Medium
TRN-30676,Superfast,Vijayawada-SEC-02,06:15,Daily,High
TRN-22147,Passenger,Vijayawada-SEC-04,22:45,Tri-weekly,Low
TRN-47435,Suburban,Guntur-SEC-07,01:30,Tri-weekly,High
TRN-56122,Passenger,Guntakal-SEC-06,22:30,Daily,High
TRN-91209,Suburban,Secunderabad-SEC-08,06:45,Daily,Medium
TRN-25373,Superfast,Vijayawada-SEC-03,23:30,Daily,High
TRN-70178,MEMU,Guntur-SEC-07,03:45,Daily,Medium
TRN-11351,Superfast,Guntakal-SEC-07,23:15,Daily,Low
TRN-46957,Passenger,Guntakal-SEC-05,09:30,Daily,Low
TRN-31781,Passenger,Vijayawada-SEC-07,14:15,Weekly,Low
TRN-43515,Passenger,Hyderabad-SEC-05,11:15,Daily,Medium
TRN-30841,Express,Guntur-SEC-07,23:00,Daily,Medium
TRN-31259,Passenger,Secunderabad-SEC-05,09:15,Weekly,High
TRN-76970,Suburban,Hyderabad-SEC-06,03:15,Daily,Low
TRN-76585,Suburban,Secunderabad-SEC-04,04:45,Weekly,Medium
TRN-67053,Express,Hyderabad-SEC-01,22:45,Daily,High
TRN-61382,Superfast,Vijayawada-SEC-06,15:30,Tri-weekly,Medium
TRN-59839,Suburban,Vijayawada-SEC-01,13:15,Daily,High
TRN-84903,Superfast,Secunderabad-SEC-05,00:30,Daily,Medium
TRN-49336,Passenger,Secunderabad-SEC-08,17:00,Tri-weekly,Medium
TRN-53005,MEMU,Secunderabad-SEC-02,10:00,Tri-weekly,Medium
TRN-17955,Passenger,Guntakal-SEC-02,19:00,Daily,Medium
TRN-19886,MEMU,Vijayawada-SEC-03,14:00,Daily,Medium
TRN-23749,Passenger,Secunderabad-SEC-04,19:00,Weekly,Medium
TRN-22593,Express,Guntakal-SEC-08,07:45,Daily,Low
TRN-67857,Passenger,Guntakal-SEC-01,00:30,Daily,High
TRN-18399,Passenger,Secunderabad-SEC-08,11:30,Daily,High
TRN-40788,Passenger,Vijayawada-SEC-08,22:15,Daily,Medium
TRN-43049,Superfast,Guntur-SEC-06,00:00,Tri-weekly,Low
TRN-27996,Superfast,Hyderabad-SEC-04,17:45,Tri-weekly,Medium
TRN-22581,Passenger,Guntur-SEC-08,23:30,Daily,Low
TRN-99871,Superfast,Hyderabad-SEC-03,14:15,Daily,Medium
TRN-81989,MEMU,Guntakal-SEC-06,22:30,Daily,Medium
TRN-35760,Express,Guntur-SEC-01,10:30,Tri-weekly,High
TRN-63450,Express,Hyderabad-SEC-08,06:15,Daily,High
TRN-90752,Passenger,Guntur-SEC-03,20:45,Weekly,High
TRN-13796,Superfast,Secunderabad-SEC-06,18:30,Daily,Medium
TRN-76968,Express,Vijayawada-SEC-04,19:45,Daily,High
TRN-83291,MEMU,Guntakal-SEC-04,19:15,Daily,High
TRN-66469,Express,Secunderabad-SEC-07,20:15,Daily,Medium
TRN-86226,Passenger,Secunderabad-SEC-06,22:45,Weekly,Medium
TRN-64446,Passenger,Guntakal-SEC-07,14:15,Daily,High
TRN-52902,Express,Secunderabad-SEC-02,10:15,Daily,High
TRN-24022,Passenger,Secunderabad-SEC-05,20:00,Tri-weekly,Low
TRN-78981,Express,Vijayawada-SEC-08,00:45,Weekly,Low
TRN-27852,Express,Secunderabad-SEC-04,02:15,Daily,High
TRN-22469,Suburban,Guntur-SEC-03,11:15,Daily,High
TRN-16173,Suburban,Guntakal-SEC-02,10:15,Tri-weekly,Medium
TRN-92396,Express,Secunderabad-SEC-03,18:00,Tri-weekly,High
TRN-20919,Superfast,Hyderabad-SEC-01,00:30,Weekly,High
TRN-31181,Express,Guntakal-SEC-05,00:30,Tri-weekly,Medium
TRN-69718,Suburban,Secunderabad-SEC-05,03:15,Tri-weekly,Low
TRN-15445,Passenger,Secunderabad-SEC-04,16:15,Daily,High
TRN-87252,Passenger,Guntur-SEC-08,07:00,Daily,Medium
TRN-14130,Superfast,Vijayawada-SEC-08,15:00,Daily,High
TRN-75757,Superfast,Secunderabad-SEC-08,08:45,Tri-weekly,High
TRN-84189,Express,Guntur-SEC-08,10:45,Daily,High
TRN-88138,Passenger,Guntakal-SEC-03,17:15,Daily,High
TRN-49475,Superfast,Guntakal-SEC-06,07:45,Weekly,Medium
TRN-40088,Passenger,Hyderabad-SEC-08,23:00,Daily,Low
TRN-85650,Express,Guntakal-SEC-04,15:30,Tri-weekly,Low
TRN-35093,Superfast,Hyderabad-SEC-04,06:30,Weekly,Medium
TRN-53330,Passenger,Guntakal-SEC-02,01:30,Daily,High
TRN-21123,Passenger,Hyderabad-SEC-03,11:30,Daily,High
TRN-66807,Passenger,Guntur-SEC-05,11:45,Weekly,Low
TRN-61110,MEMU,Guntur-SEC-06,02:00,Daily,High
TRN-37099,Express,Vijayawada-SEC-04,01:15,Weekly,Medium
TRN-75615,Passenger,Vijayawada-SEC-07,17:45,Daily,Medium
TRN-71202,Express,Guntur-SEC-06,17:00,Weekly,Medium
TRN-66213,Suburban,Hyderabad-SEC-04,12:00,Daily,High
TRN-71125,Passenger,Hyderabad-SEC-02,10:15,Daily,High
TRN-50064,Passenger,Guntur-SEC-05,09:00,Daily,Medium
TRN-32878,Passenger,Guntakal-SEC-02,13:15,Daily,High
TRN-39916,Superfast,Guntakal-SEC-07,03:00,Daily,Low
TRN-51792,Suburban,Vijayawada-SEC-05,08:30,Weekly,Low
TRN-71733,Passenger,Hyderabad-SEC-05,23:15,Weekly,Medium
TRN-61416,Express,Vijayawada-SEC-05,11:45,Daily,High
TRN-98236,MEMU,Secunderabad-SEC-07,03:15,Daily,Medium
TRN-70452,Superfast,Secunderabad-SEC-05,17:45,Daily,Medium
TRN-17538,Express,Hyderabad-SEC-06,05:15,Weekly,Medium
TRN-16375,Superfast,Guntur-SEC-07,04:30,Tri-weekly,High
TRN-13401,Superfast,Secunderabad-SEC-01,13:15,Daily,Medium
TRN-10490,Superfast,Guntur-SEC-03,22:45,Daily,Low
TRN-33932,Suburban,Secunderabad-SEC-01,13:00,Tri-weekly,Medium
TRN-93651,Express,Vijayawada-SEC-03,16:45,Daily,High
TRN-32722,Superfast,Secunderabad-SEC-01,08:00,Weekly,Low
TRN-27915,Passenger,Guntur-SEC-03,21:00,Daily,Medium
TRN-11951,Superfast,Guntur-SEC-05,07:00,Daily,High
TRN-30997,Superfast,Vijayawada-SEC-05,01:00,Daily,Low
TRN-43865,Passenger,Hyderabad-SEC-02,13:30,Daily,Medium
TRN-42564,Express,Guntakal-SEC-05,01:15,Tri-weekly,Low
TRN-25762,MEMU,Guntakal-SEC-03,22:30,Tri-weekly,Low
TRN-22987,MEMU,Guntakal-SEC-07,01:15,Daily,Medium
TRN-77491,Passenger,Secunderabad-SEC-02,00:45,Daily,Medium
TRN-20732,MEMU,Guntur-SEC-04,17:15,Daily,High
TRN-32745,Passenger,Secunderabad-SEC-07,10:15,Daily,Medium
TRN-74538,Superfast,Guntur-SEC-04,21:45,Daily,Medium
TRN-12059,Express,Hyderabad-SEC-01,13:45,Tri-weekly,Medium
TRN-77463,Passenger,Hyderabad-SEC-07,14:15,Daily,Medium
TRN-96358,MEMU,Hyderabad-SEC-06,08:15,Daily,Medium
TRN-92944,MEMU,Secunderabad-SEC-07,03:00,Daily,Low
TRN-53249,Suburban,Hyderabad-SEC-01,06:00,Tri-weekly,High
TRN-63719,Superfast,Hyderabad-SEC-08,01:15,Daily,High
TRN-76856,Passenger,Guntur-SEC-03,11:00,Tri-weekly,Low
TRN-95205,Passenger,Guntur-SEC-06,12:00,Tri-weekly,High
TRN-55115,MEMU,Guntakal-SEC-07,10:00,Daily,Medium
TRN-30914,Suburban,Hyderabad-SEC-08,03:45,Tri-weekly,Low
TRN-96698,Passenger,Guntakal-SEC-02,01:15,Daily,High
TRN-50997,Superfast,Secunderabad-SEC-04,05:30,Daily,Low
TRN-74030,Passenger,Secunderabad-SEC-04,16:45,Daily,Medium
TRN-35516,Superfast,Vijayawada-SEC-08,10:45,Tri-weekly,Medium
TRN-11250,Express,Hyderabad-SEC-03,13:15,Daily,Medium
TRN-47993,Passenger,Hyderabad-SEC-04,23:45,Daily,High
TRN-86691,MEMU,Secunderabad-SEC-08,04:45,Daily,Medium
TRN-68334,Superfast,Vijayawada-SEC-01,04:30,Daily,Low
TRN-99254,Passenger,Vijayawada-SEC-07,09:45,Daily,High
TRN-57654,Express,Secunderabad-SEC-07,00:45,Daily,Low
TRN-28260,Passenger,Guntakal-SEC-05,15:00,Tri-weekly,Medium
TRN-62750,Superfast,Vijayawada-SEC-04,14:00,Daily,Medium
TRN-42792,Passenger,Guntur-SEC-04,11:45,Daily,High
TRN-68003,Express,Hyderabad-SEC-06,02:00,Daily,Low
TRN-74975,Passenger,Vijayawada-SEC-05,13:30,Weekly,High
TRN-82388,Passenger,Secunderabad-SEC-06,22:15,Tri-weekly,Medium
TRN-97710,Passenger,Guntakal-SEC-04,02:30,Daily,Medium
TRN-59610,Express,Secunderabad-SEC-05,22:00,Daily,High
TRN-75758,Express,Hyderabad-SEC-06,22:00,Daily,Medium
TRN-12143,Express,Guntur-SEC-08,23:15,Daily,Low
TRN-94118,Express,Secunderabad-SEC-05,06:30,Tri-weekly,High
TRN-47751,MEMU,Guntur-SEC-03,16:30,Daily,Medium
TRN-48846,Passenger,Vijayawada-SEC-06,13:45,Daily,High
TRN-85011,Express,Guntakal-SEC-03,10:45,Weekly,Low
TRN-72340,Passenger,Guntakal-SEC-08,08:45,Daily,Medium
TRN-32813,Express,Guntur-SEC-02,01:30,Tri-weekly,High
TRN-86797,Express,Guntur-SEC-08,03:45,Daily,Low
TRN-83530,Express,Guntakal-SEC-03,08:30,Daily,Medium
TRN-11455,Express,Vijayawada-SEC-04,08:45,Daily,Medium
TRN-71526,Suburban,Guntakal-SEC-08,10:30,Weekly,High
TRN-21559,Suburban,Secunderabad-SEC-03,14:15,Daily,High
TRN-42143,Passenger,Secunderabad-SEC-03,12:15,Daily,Medium
TRN-35956,Suburban,Guntur-SEC-05,12:45,Daily,Medium
TRN-82218,Superfast,Hyderabad-SEC-05,17:15,Daily,Low
TRN-79393,Passenger,Hyderabad-SEC-07,18:00,Daily,High
TRN-48737,Passenger,Guntakal-SEC-04,16:15,Daily,Low
TRN-45337,MEMU,Secunderabad-SEC-08,02:00,Daily,High
TRN-88899,MEMU,Secunderabad-SEC-02,13:00,Daily,Medium
TRN-61946,Express,Guntur-SEC-08,07:00,Daily,Low
TRN-14799,Superfast,Guntur-SEC-05,05:00,Daily,High
TRN-55046,Passenger,Secunderabad-SEC-05,12:15,Daily,High
TRN-72395,MEMU,Hyderabad-SEC-01,10:00,Daily,High
TRN-57985,Express,Guntakal-SEC-04,01:00,Daily,High
TRN-47816,Passenger,Vijayawada-SEC-08,10:45,Daily,Low
TRN-57282,MEMU,Guntur-SEC-08,00:00,Daily,Low
TRN-41289,Superfast,Hyderabad-SEC-02,15:15,Tri-weekly,High
TRN-26223,Passenger,Secunderabad-SEC-08,04:15,Tri-weekly,High
TRN-15934,MEMU,Hyderabad-SEC-04,15:30,Daily,Medium
TRN-92601,Express,Vijayawada-SEC-07,04:45,Daily,High
TRN-92736,Passenger,Vijayawada-SEC-07,21:45,Tri-weekly,Medium
TRN-29073,Passenger,Guntur-SEC-07,04:30,Daily,Medium
TRN-72765,Passenger,Vijayawada-SEC-01,05:45,Daily,Low
TRN-30787,Superfast,Vijayawada-SEC-08,07:30,Daily,High
TRN-68392,Express,Vijayawada-SEC-06,05:15,Daily,High
TRN-45664,Passenger,Guntakal-SEC-07,16:15,Daily,High
TRN-76481,Superfast,Guntur-SEC-06,07:00,Tri-weekly,Medium
TRN-96445,Passenger,Hyderabad-SEC-01,02:15,Daily,High
TRN-56688,Suburban,Vijayawada-SEC-03,19:45,Tri-weekly,Medium
TRN-91210,Express,Vijayawada-SEC-03,04:15,Daily,Medium
TRN-89447,MEMU,Guntakal-SEC-01,19:00,Daily,High
TRN-46122,MEMU,Guntur-SEC-05,14:30,Weekly,Medium
TRN-50096,Passenger,Hyderabad-SEC-07,09:30,Daily,Low
TRN-83682,Express,Guntur-SEC-06,07:45,Daily,Medium
TRN-98266,Express,Vijayawada-SEC-06,08:15,Daily,Low
TRN-54600,Passenger,Guntur-SEC-05,20:15,Daily,Low
TRN-61038,MEMU,Vijayawada-SEC-05,02:00,Daily,High
TRN-90659,Suburban,Guntur-SEC-03,08:30,Daily,Low
TRN-72760,Passenger,Guntur-SEC-05,01:30,Daily,Medium
TRN-39688,Suburban,Secunderabad-SEC-06,20:15,Daily,Medium
TRN-53939,Express,Guntakal-SEC-08,10:00,Tri-weekly,Medium
TRN-20900,Superfast,Secunderabad-SEC-04,22:15,Daily,High
TRN-96750,Express,Vijayawada-SEC-05,21:15,Daily,High
TRN-80787,Express,Secunderabad-SEC-03,02:45,Weekly,Low
TRN-92505,Passenger,Guntur-SEC-04,01:45,Weekly,Low
TRN-72994,Express,Guntur-SEC-03,13:15,Daily,Medium
TRN-87980,MEMU,Guntur-SEC-03,09:45,Tri-weekly,Medium
TRN-22925,Superfast,Guntur-SEC-05,10:45,Daily,Medium
TRN-12359,Express,Guntakal-SEC-06,18:00,Daily,Low
TRN-34908,Passenger,Guntakal-SEC-04,18:15,Daily,Low
TRN-26842,Passenger,Vijayawada-SEC-08,04:45,Daily,Medium
TRN-96560,Express,Guntakal-SEC-03,16:45,Daily,Medium
TRN-52326,MEMU,Secunderabad-SEC-06,07:00,Tri-weekly,High
TRN-89839,Suburban,Vijayawada-SEC-08,19:45,Daily,High
TRN-99468,Passenger,Hyderabad-SEC-04,12:45,Tri-weekly,Low
TRN-97659,Passenger,Guntakal-SEC-06,02:45,Tri-weekly,Low
TRN-64441,Express,Guntakal-SEC-06,19:15,Tri-weekly,Low
TRN-12463,Passenger,Hyderabad-SEC-07,15:15,Daily,High
TRN-31005,Express,Guntakal-SEC-03,14:00,Daily,Medium
TRN-96520,MEMU,Hyderabad-SEC-02,16:30,Daily,Medium
TRN-42134,Superfast,Vijayawada-SEC-05,22:30,Daily,Low
TRN-79332,Superfast,Secunderabad-SEC-02,11:15,Daily,Medium
TRN-45702,Passenger,Secunderabad-SEC-07,05:00,Daily,Low
TRN-14359,Express,Vijayawada-SEC-02,07:45,Tri-weekly,High
TRN-83228,Superfast,Hyderabad-SEC-08,15:15,Daily,Low
TRN-93891,Express,Hyderabad-SEC-03,05:00,Daily,High
TRN-16174,Suburban,Guntakal-SEC-08,03:00,Tri-weekly,Medium
TRN-46897,Superfast,Hyderabad-SEC-01,09:45,Weekly,Medium
TRN-70013,Superfast,Secunderabad-SEC-03,18:45,Tri-weekly,Medium
TRN-14345,Express,Guntur-SEC-04,21:15,Daily,Low
TRN-92865,Superfast,Guntakal-SEC-06,06:00,Daily,High
TRN-41245,Superfast,Vijayawada-SEC-06,12:30,Daily,High
TRN-55361,Superfast,Guntur-SEC-07,22:15,Daily,Low
TRN-70075,MEMU,Vijayawada-SEC-02,06:15,Weekly,Medium
TRN-44011,Suburban,Hyderabad-SEC-06,21:30,Daily,High
TRN-11190,Suburban,Guntakal-SEC-03,23:15,Tri-weekly,High
TRN-60262,Suburban,Secunderabad-SEC-06,13:45,Daily,High
TRN-96191,Express,Guntur-SEC-08,06:45,Daily,Medium
TRN-88606,Passenger,Guntakal-SEC-01,16:15,Daily,Low
TRN-84578,Express,Secunderabad-SEC-07,06:00,Daily,Medium
TRN-37351,Suburban,Hyderabad-SEC-02,04:15,Weekly,High
TRN-45856,Express,Guntakal-SEC-06,16:45,Weekly,High
TRN-27187,Suburban,Vijayawada-SEC-01,07:30,Daily,Medium
TRN-28496,Superfast,Secunderabad-SEC-02,03:30,Daily,High
TRN-69243,MEMU,Guntur-SEC-01,12:30,Daily,Medium
TRN-26287,Passenger,Guntur-SEC-02,03:15,Daily,High
TRN-40736,Passenger,Vijayawada-SEC-04,03:00,Weekly,Medium
TRN-84331,Superfast,Hyderabad-SEC-01,18:15,Daily,Medium
TRN-66615,Passenger,Guntur-SEC-04,19:45,Weekly,High
TRN-83318,Passenger,Vijayawada-SEC-02,12:45,Daily,Medium
TRN-65971,Superfast,Secunderabad-SEC-07,14:45,Daily,High
TRN-86772,MEMU,Guntur-SEC-01,20:30,Daily,Medium
TRN-58182,Suburban,Guntur-SEC-04,18:15,Daily,Low
TRN-69630,Passenger,Secunderabad-SEC-03,05:15,Daily,Medium
TRN-48135,Passenger,Guntakal-SEC-02,22:15,Tri-weekly,Medium
TRN-97558,MEMU,Vijayawada-SEC-08,09:30,Daily,High
TRN-60643,Passenger,Secunderabad-SEC-04,03:15,Daily,Medium
TRN-26918,Express,Vijayawada-SEC-03,23:00,Daily,High
TRN-39792,Superfast,Secunderabad-SEC-03,09:45,Weekly,Medium
TRN-54231,Superfast,Secunderabad-SEC-05,20:45,Tri-weekly,Low
TRN-82170,Passenger,Vijayawada-SEC-01,12:45,Daily,High
TRN-45188,Express,Secunderabad-SEC-04,04:00,Daily,High
TRN-93458,Superfast,Guntur-SEC-08,14:00,Daily,Low
TRN-81207,Express,Guntakal-SEC-08,06:15,Daily,Low
TRN-66265,Passenger,Hyderabad-SEC-08,10:30,Tri-weekly,Medium
TRN-19284,Passenger,Hyderabad-SEC-04,03:00,Daily,Medium
TRN-68977,Passenger,Guntakal-SEC-02,23:00,Tri-weekly,Medium
TRN-65291,Superfast,Guntur-SEC-04,04:00,Daily,Medium
TRN-42777,Passenger,Secunderabad-SEC-06,04:45,Weekly,Low
TRN-95229,Express,Guntur-SEC-07,01:30,Daily,Medium
TRN-67475,Superfast,Guntakal-SEC-08,04:15,Weekly,Medium
TRN-79430,Express,Guntur-SEC-08,01:00,Daily,Low
TRN-91984,MEMU,Secunderabad-SEC-04,13:15,Daily,High
TRN-52462,Express,Vijayawada-SEC-06,16:00,Tri-weekly,Low
TRN-61486,Passenger,Vijayawada-SEC-05,20:15,Daily,High
TRN-15114,Superfast,Guntur-SEC-03,01:15,Daily,High
TRN-64954,Suburban,Vijayawada-SEC-08,15:15,Tri-weekly,High
TRN-68830,Passenger,Secunderabad-SEC-06,13:45,Tri-weekly,High
TRN-54124,Express,Guntur-SEC-01,20:45,Daily,Medium
TRN-34662,Superfast,Secunderabad-SEC-05,18:30,Weekly,High
TRN-90946,Express,Hyderabad-SEC-07,02:45,Daily,Medium
TRN-32656,Passenger,Guntur-SEC-05,19:15,Daily,Medium
TRN-24064,MEMU,Guntakal-SEC-06,14:30,Daily,High
TRN-90271,Passenger,Guntakal-SEC-07,20:00,Daily,Medium
TRN-86296,Passenger,Vijayawada-SEC-07,13:15,Daily,Medium
TRN-26165,Superfast,Guntur-SEC-01,02:45,Daily,Low
TRN-52317,Express,Vijayawada-SEC-05,07:45,Tri-weekly,High
TRN-60625,Express,Secunderabad-SEC-02,08:15,Daily,High
TRN-86687,Passenger,Guntakal-SEC-08,16:00,Weekly,Medium
TRN-63753,Superfast,Secunderabad-SEC-07,10:15,Daily,Medium
TRN-49539,Passenger,Hyderabad-SEC-08,03:30,Daily,High
TRN-67523,Superfast,Guntur-SEC-08,22:30,Daily,Low
TRN-81132,Superfast,Secunderabad-SEC-02,13:00,Weekly,High
TRN-30356,Passenger,Guntakal-SEC-07,14:00,Daily,Medium
TRN-86611,Suburban,Vijayawada-SEC-03,04:30,Tri-weekly,Medium
TRN-73988,Suburban,Guntakal-SEC-04,15:00,Daily,Medium
TRN-96326,MEMU,Guntakal-SEC-06,01:00,Daily,Low
TRN-65237,Superfast,Hyderabad-SEC-05,23:45,Daily,Medium
TRN-63692,Superfast,Secunderabad-SEC-01,20:30,Daily,High
TRN-67202,Express,Guntakal-SEC-06,12:00,Daily,Medium
TRN-58719,Express,Hyderabad-SEC-06,11:00,Daily,Medium
TRN-24316,Express,Vijayawada-SEC-01,16:00,Tri-weekly,Low
TRN-96882,MEMU,Guntakal-SEC-02,05:15,Daily,High
TRN-37585,MEMU,Hyderabad-SEC-06,15:30,Daily,Medium
TRN-44940,Superfast,Hyderabad-SEC-07,08:00,Tri-weekly,High
TRN-93608,MEMU,Guntakal-SEC-06,21:00,Daily,Low
TRN-44946,Passenger,Guntur-SEC-05,04:00,Daily,High
TRN-55435,Suburban,Vijayawada-SEC-04,19:00,Daily,Low
TRN-35688,Superfast,Hyderabad-SEC-01,09:00,Weekly,Medium
TRN-39045,Express,Vijayawada-SEC-03,12:15,Weekly,Medium
TRN-19038,Passenger,Guntakal-SEC-01,13:00,Tri-weekly,High
TRN-96793,Suburban,Guntakal-SEC-06,04:00,Daily,Low
TRN-38604,Suburban,Vijayawada-SEC-03,04:15,Daily,High
TRN-50737,Express,Vijayawada-SEC-04,07:00,Daily,Low
TRN-91770,Passenger,Guntur-SEC-05,20:00,Tri-weekly,Medium
TRN-32798,Express,Hyderabad-SEC-03,21:15,Daily,Medium
TRN-50626,MEMU,Guntakal-SEC-05,07:30,Daily,Medium
TRN-20032,MEMU,Hyderabad-SEC-01,08:30,Weekly,Low
TRN-76903,Superfast,Hyderabad-SEC-05,06:45,Daily,High
TRN-79140,Passenger,Guntur-SEC-05,09:00,Daily,Low
TRN-10800,Express,Vijayawada-SEC-04,14:15,Daily,High
TRN-64822,Express,Secunderabad-SEC-07,17:45,Daily,Medium
TRN-29368,MEMU,Hyderabad-SEC-03,06:15,Tri-weekly,High
TRN-12672,MEMU,Secunderabad-SEC-08,12:15,Daily,Medium
TRN-77968,Suburban,Secunderabad-SEC-03,14:15,Daily,Medium
TRN-29701,Passenger,Guntakal-SEC-08,20:00,Daily,Low
TRN-55902,Passenger,Hyderabad-SEC-04,19:00,Daily,Medium
TRN-13013,Express,Guntur-SEC-04,11:30,Daily,High
TRN-27669,Express,Guntur-SEC-08,02:45,Tri-weekly,Medium
TRN-37530,Passenger,Vijayawada-SEC-07,21:30,Daily,Medium
TRN-87398,Passenger,Guntur-SEC-04,03:00,Daily,Low
TRN-85567,Passenger,Vijayawada-SEC-04,20:00,Daily,Low
TRN-45980,Superfast,Secunderabad-SEC-04,00:30,Daily,High
TRN-82287,MEMU,Hyderabad-SEC-06,08:45,Daily,Medium
TRN-25268,MEMU,Secunderabad-SEC-07,13:45,Daily,Medium
TRN-30561,MEMU,Secunderabad-SEC-04,02:00,Daily,Low
TRN-67234,Superfast,Guntur-SEC-07,07:45,Daily,Medium
TRN-53431,Suburban,Guntur-SEC-07,03:30,Daily,Medium
TRN-81618,Superfast,Vijayawada-SEC-05,08:00,Daily,Medium
TRN-96397,Suburban,Guntur-SEC-06,12:45,Weekly,Low
TRN-73576,Express,Vijayawada-SEC-07,20:45,Daily,Low
TRN-38709,Passenger,Secunderabad-SEC-02,12:15,Daily,Medium
TRN-88442,Express,Guntakal-SEC-08,02:00,Weekly,High
TRN-45830,Suburban,Hyderabad-SEC-08,18:15,Daily,Low
TRN-34911,Express,Secunderabad-SEC-07,06:00,Tri-weekly,Low
TRN-21208,MEMU,Secunderabad-SEC-02,14:45,Daily,Medium
TRN-98112,Superfast,Vijayawada-SEC-03,01:30,Daily,Medium
TRN-96166,Express,Hyderabad-SEC-07,11:45,Daily,High
TRN-60366,Superfast,Guntakal-SEC-02,12:00,Daily,High
TRN-40549,MEMU,Secunderabad-SEC-04,00:15,Daily,Medium
TRN-53413,Passenger,Guntakal-SEC-07,15:00,Daily,Medium
TRN-80889,Passenger,Secunderabad-SEC-01,23:45,Daily,Medium
TRN-49695,Express,Hyderabad-SEC-02,05:45,Daily,Low
TRN-39118,Passenger,Guntakal-SEC-07,11:45,Daily,Low
TRN-89833,Suburban,Vijayawada-SEC-01,13:45,Tri-weekly,Medium
TRN-19280,Passenger,Vijayawada-SEC-04,15:30,Daily,Medium
TRN-91234,Passenger,Secunderabad-SEC-05,05:30,Daily,Medium
TRN-46122,Superfast,Vijayawada-SEC-05,19:45,Daily,High
TRN-64667,MEMU,Guntakal-SEC-06,17:45,Daily,Low
TRN-57277,MEMU,Hyderabad-SEC-05,05:45,Daily,Low
TRN-29529,MEMU,Vijayawada-SEC-03,16:15,Daily,Low
TRN-86512,Suburban,Vijayawada-SEC-01,06:00,Weekly,Medium
TRN-67673,Express,Vijayawada-SEC-01,05:30,Daily,Medium
TRN-98058,Express,Guntakal-SEC-05,01:00,Daily,High
TRN-87249,Superfast,Guntakal-SEC-04,21:15,Daily,Low
TRN-73288,Passenger,Guntakal-SEC-04,01:00,Tri-weekly,High
TRN-36558,Suburban,Secunderabad-SEC-07,18:15,Daily,Medium
TRN-65932,Superfast,Secunderabad-SEC-07,03:00,Tri-weekly,Low
TRN-91645,MEMU,Guntur-SEC-05,00:15,Daily,Medium
TRN-69931,MEMU,Hyderabad-SEC-05,19:15,Daily,Medium
TRN-71878,Superfast,Guntur-SEC-06,13:15,Daily,Low
TRN-70530,Suburban,Guntur-SEC-05,19:15,Daily,Low
TRN-86798,Express,Guntur-SEC-08,17:15,Tri-weekly,Low
TRN-17282,Superfast,Guntur-SEC-07,19:00,Daily,Medium
TRN-75483,Express,Guntakal-SEC-01,12:30,Weekly,Medium
TRN-57878,Superfast,Guntur-SEC-05,12:15,Daily,Medium
TRN-38192,Express,Vijayawada-SEC-05,03:00,Daily,Medium
TRN-51906,Passenger,Vijayawada-SEC-04,10:45,Daily,Low
TRN-31494,Express,Guntakal-SEC-03,09:15,Weekly,High
TRN-75545,Express,Guntakal-SEC-08,12:00,Daily,Low
TRN-66436,Superfast,Vijayawada-SEC-02,19:00,Daily,Medium
TRN-14396,Suburban,Guntakal-SEC-03,12:45,Daily,High
TRN-91796,Passenger,Hyderabad-SEC-02,01:00,Daily,Medium
TRN-43301,Passenger,Guntur-SEC-08,19:00,Daily,Medium
TRN-19480,Superfast,Vijayawada-SEC-03,15:45,Daily,Low
TRN-36798,Passenger,Guntur-SEC-08,10:00,Weekly,Medium
TRN-62133,Passenger,Vijayawada-SEC-08,05:00,Tri-weekly,Medium
TRN-76375,Express,Vijayawada-SEC-03,06:45,Weekly,Medium
TRN-20755,MEMU,Hyderabad-SEC-06,14:00,Daily,Medium
TRN-88590,MEMU,Guntur-SEC-03,12:00,Tri-weekly,Medium
TRN-66569,Superfast,Secunderabad-SEC-08,18:45,Tri-weekly,Medium
TRN-59763,Express,Hyderabad-SEC-02,02:45,Daily,Medium
TRN-57655,Passenger,Secunderabad-SEC-05,13:15,Daily,High
TRN-24547,Suburban,Guntur-SEC-05,06:15,Weekly,High
TRN-56441,Express,Secunderabad-SEC-05,21:15,Daily,Medium
TRN-62835,Superfast,Guntur-SEC-05,20:00,Tri-weekly,Medium
TRN-43120,Express,Secunderabad-SEC-07,13:45,Weekly,Medium
TRN-78103,Passenger,Hyderabad-SEC-04,08:15,Daily,High
TRN-49352,Express,Guntur-SEC-05,16:30,Daily,Low
TRN-26600,Passenger,Secunderabad-SEC-08,04:00,Tri-weekly,Medium
TRN-45455,Express,Guntur-SEC-07,07:45,Daily,Medium
TRN-58104,Express,Hyderabad-SEC-01,14:45,Daily,Low
TRN-74572,MEMU,Hyderabad-SEC-07,23:15,Daily,High
TRN-40630,Superfast,Vijayawada-SEC-02,21:30,Daily,Low
TRN-97217,MEMU,Hyderabad-SEC-05,02:45,Daily,Medium
TRN-18871,Express,Guntur-SEC-03,08:15,Daily,Medium
TRN-18680,Superfast,Guntur-SEC-02,02:00,Tri-weekly,Medium
TRN-96288,Passenger,Vijayawada-SEC-02,15:45,Weekly,High
TRN-66081,Suburban,Hyderabad-SEC-05,17:15,Tri-weekly,Medium
TRN-50254,MEMU,Vijayawada-SEC-07,05:45,Weekly,High
TRN-21400,Express,Guntur-SEC-03,14:45,Daily,High
TRN-90404,Passenger,Vijayawada-SEC-05,10:15,Daily,High
TRN-63227,Superfast,Secunderabad-SEC-03,14:00,Daily,Medium
TRN-50315,Passenger,Guntur-SEC-02,13:30,Daily,High
TRN-25428,Suburban,Guntakal-SEC-05,12:30,Daily,Medium
TRN-15814,Suburban,Guntur-SEC-02,12:45,Tri-weekly,Medium
TRN-36515,Passenger,Guntur-SEC-08,04:30,Weekly,Medium
TRN-44143,Express,Guntur-SEC-03,00:00,Tri-weekly,High
TRN-92135,MEMU,Hyderabad-SEC-04,02:00,Daily,Medium
TRN-94093,Suburban,Guntakal-SEC-08,21:00,Daily,High
TRN-72236,Suburban,Vijayawada-SEC-02,13:15,Daily,Medium
TRN-64967,Suburban,Guntakal-SEC-03,06:15,Daily,High
TRN-33897,Suburban,Hyderabad-SEC-04,08:45,Daily,High
TRN-87990,MEMU,Hyderabad-SEC-02,06:45,Tri-weekly,High
TRN-17129,MEMU,Guntakal-SEC-07,16:45,Tri-weekly,High
TRN-53029,Express,Secunderabad-SEC-02,15:00,Daily,High
TRN-23890,Suburban,Secunderabad-SEC-02,13:45,Daily,Medium
TRN-12961,Passenger,Hyderabad-SEC-08,10:15,Daily,Medium
TRN-95990,MEMU,Guntakal-SEC-02,03:30,Weekly,Medium
TRN-64365,Passenger,Secunderabad-SEC-02,14:30,Daily,Medium
TRN-82735,Express,Vijayawada-SEC-08,18:15,Tri-weekly,Medium
TRN-18093,Superfast,Guntakal-SEC-04,05:30,Tri-weekly,Medium
TRN-20386,Superfast,Guntur-SEC-02,11:30,Daily,High
TRN-28087,Superfast,Guntur-SEC-04,01:00,Daily,Medium
TRN-88161,Passenger,Guntakal-SEC-06,22:45,Daily,Medium
TRN-22745,MEMU,Vijayawada-SEC-01,09:15,Tri-weekly,Medium
TRN-61020,Passenger,Secunderabad-SEC-05,09:00,Daily,Medium
TRN-90340,Passenger,Hyderabad-SEC-04,12:00,Daily,Low
TRN-39140,MEMU,Secunderabad-SEC-08,22:00,Tri-weekly,Medium
TRN-21822,Passenger,Guntur-SEC-06,11:45,Daily,High
TRN-98905,Passenger,Hyderabad-SEC-01,15:45,Daily,Medium
TRN-96431,Superfast,Guntur-SEC-07,02:45,Daily,Low
TRN-76519,Passenger,Secunderabad-SEC-04,08:00,Weekly,High
TRN-52936,Passenger,Hyderabad-SEC-02,22:15,Daily,High
TRN-20990,Superfast,Vijayawada-SEC-04,14:00,Daily,Medium
TRN-86393,MEMU,Secunderabad-SEC-05,04:30,Tri-weekly,High
TRN-47773,Superfast,Guntakal-SEC-06,06:15,Daily,Low
TRN-15937,Suburban,Guntur-SEC-03,12:15,Daily,Low
TRN-90401,MEMU,Guntur-SEC-02,13:00,Daily,High
TRN-20111,Express,Hyderabad-SEC-04,10:30,Tri-weekly,Medium
TRN-59260,Express,Secunderabad-SEC-02,02:30,Tri-weekly,Low
TRN-70778,Superfast,Guntakal-SEC-06,11:30,Weekly,Medium
TRN-16788,Express,Secunderabad-SEC-06,20:30,Daily,Medium
TRN-66595,Passenger,Hyderabad-SEC-02,17:45,Daily,Medium
TRN-51984,Suburban,Hyderabad-SEC-08,00:30,Daily,High
TRN-60395,MEMU,Secunderabad-SEC-07,23:30,Daily,High
TRN-83309,MEMU,Vijayawada-SEC-05,15:15,Daily,High
TRN-79891,Passenger,Vijayawada-SEC-06,02:30,Daily,High
TRN-51631,Express,Guntur-SEC-04,16:00,Daily,Low
TRN-34145,Passenger,Guntakal-SEC-06,18:45,Tri-weekly,Medium
TRN-28286,Passenger,Guntur-SEC-08,01:00,Daily,High
TRN-80935,Superfast,Vijayawada-SEC-05,04:00,Daily,High
TRN-99861,Express,Secunderabad-SEC-03,22:45,Daily,Medium
TRN-52500,Passenger,Guntur-SEC-04,02:15,Tri-weekly,High
TRN-93205,Passenger,Secunderabad-SEC-01,06:45,Tri-weekly,Medium
TRN-90593,Superfast,Secunderabad-SEC-08,04:00,Weekly,Medium
TRN-99686,Passenger,Secunderabad-SEC-03,01:45,Daily,Low
TRN-34696,Passenger,Guntakal-SEC-08,11:30,Daily,High
TRN-90828,MEMU,Guntur-SEC-03,09:45,Daily,High
TRN-96976,Superfast,Guntakal-SEC-06,14:30,Tri-weekly,Medium
TRN-88184,Superfast,Secunderabad-SEC-08,19:00,Daily,Low
TRN-26798,MEMU,Guntakal-SEC-07,12:00,Daily,Low
TRN-17175,Superfast,Guntur-SEC-02,04:30,Daily,Medium
TRN-41299,MEMU,Vijayawada-SEC-08,00:45,Daily,Low
TRN-72968,Passenger,Vijayawada-SEC-03,08:45,Daily,Medium
TRN-65693,Superfast,Guntur-SEC-03,17:45,Weekly,High
TRN-95952,Express,Hyderabad-SEC-01,01:00,Daily,Medium
TRN-79099,Express,Guntur-SEC-04,15:15,Daily,High
TRN-47119,Passenger,Guntur-SEC-05,01:15,Tri-weekly,High
TRN-95559,Express,Secunderabad-SEC-05,21:00,Daily,Medium
TRN-79984,Passenger,Guntur-SEC-08,20:00,Daily,High
TRN-73932,Express,Guntakal-SEC-04,18:30,Daily,Medium
TRN-54191,MEMU,Guntur-SEC-04,06:45,Daily,Medium
TRN-59260,Superfast,Vijayawada-SEC-04,16:45,Weekly,Medium
TRN-57694,Suburban,Vijayawada-SEC-07,08:00,Daily,Medium
TRN-16453,Passenger,Secunderabad-SEC-07,20:45,Daily,Low
TRN-13378,MEMU,Vijayawada-SEC-06,22:15,Daily,High
TRN-46167,Passenger,Guntur-SEC-02,18:45,Daily,Medium
TRN-63266,Express,Hyderabad-SEC-04,05:45,Tri-weekly,Low
TRN-86189,Express,Vijayawada-SEC-08,19:15,Tri-weekly,High
TRN-72088,Express,Vijayawada-SEC-02,08:00,Daily,Medium
TRN-73375,Express,Vijayawada-SEC-05,13:45,Tri-weekly,Low
TRN-86056,Express,Secunderabad-SEC-05,03:30,Weekly,High
TRN-85731,Passenger,Guntur-SEC-04,23:15,Daily,High
TRN-40488,Passenger,Vijayawada-SEC-05,19:30,Daily,Medium
TRN-78206,MEMU,Hyderabad-SEC-05,17:45,Weekly,Medium
TRN-39521,Express,Guntakal-SEC-06,19:30,Daily,Medium
TRN-42668,Passenger,Guntakal-SEC-07,12:45,Daily,Medium
TRN-30398,Passenger,Secunderabad-SEC-03,19:45,Daily,Medium
TRN-35997,Passenger,Hyderabad-SEC-01,11:00,Daily,High
TRN-35144,Passenger,Hyderabad-SEC-08,02:30,Daily,High
TRN-72500,Express,Guntakal-SEC-06,08:00,Tri-weekly,High
TRN-57704,Express,Guntakal-SEC-01,13:30,Daily,High
TRN-34022,Suburban,Vijayawada-SEC-01,15:00,Weekly,High
TRN-48482,Superfast,Guntakal-SEC-04,08:00,Daily,Medium
TRN-34791,Passenger,Hyderabad-SEC-07,21:45,Weekly,Medium
TRN-31694,Passenger,Guntakal-SEC-03,10:15,Tri-weekly,Medium
TRN-11567,MEMU,Guntur-SEC-04,13:00,Tri-weekly,Low
TRN-81041,Superfast,Secunderabad-SEC-02,23:15,Tri-weekly,High
TRN-21378,Suburban,Guntur-SEC-07,04:00,Daily,High
TRN-18138,MEMU,Guntur-SEC-06,09:30,Daily,High
TRN-97929,Suburban,Vijayawada-SEC-08,20:00,Daily,High
TRN-67967,Express,Guntur-SEC-03,09:15,Daily,Medium
TRN-37367,Passenger,Guntakal-SEC-07,01:15,Daily,Medium
TRN-34585,Express,Guntakal-SEC-02,19:30,Daily,Medium
TRN-30665,MEMU,Guntur-SEC-07,15:30,Daily,Medium
TRN-41628,Passenger,Secunderabad-SEC-05,12:30,Tri-weekly,High
TRN-15238,Express,Guntakal-SEC-07,09:45,Daily,High
TRN-54322,Passenger,Guntakal-SEC-08,11:30,Weekly,Medium
TRN-45100,Express,Hyderabad-SEC-02,18:00,Daily,Medium
TRN-82727,MEMU,Guntakal-SEC-01,08:30,Daily,Medium
TRN-17164,Express,Secunderabad-SEC-07,03:00,Tri-weekly,Low
TRN-23721,MEMU,Vijayawada-SEC-02,23:00,Tri-weekly,Medium
TRN-56722,Passenger,Secunderabad-SEC-07,20:45,Weekly,Medium
TRN-23094,MEMU,Hyderabad-SEC-05,14:15,Daily,High
TRN-22349,Express,Hyderabad-SEC-07,16:15,Daily,Medium
TRN-17240,Express,Vijayawada-SEC-02,20:00,Weekly,High
TRN-11253,Express,Hyderabad-SEC-08,17:45,Daily,Medium
TRN-82892,MEMU,Secunderabad-SEC-03,08:15,Tri-weekly,High
TRN-95941,Passenger,Guntur-SEC-01,13:45,Daily,Low
TRN-41670,Express,Hyderabad-SEC-08,07:45,Tri-weekly,Low
TRN-85105,MEMU,Vijayawada-SEC-06,12:30,Daily,Medium
TRN-83805,Superfast,Guntakal-SEC-04,13:30,Weekly,High
TRN-37835,Express,Guntakal-SEC-08,09:30,Daily,Medium
TRN-91180,Superfast,Secunderabad-SEC-06,13:15,Daily,Low
TRN-57769,Superfast,Guntur-SEC-07,05:45,Daily,Low
TRN-69258,Passenger,Secunderabad-SEC-03,19:45,Weekly,Low
TRN-27732,Express,Guntakal-SEC-06,01:45,Tri-weekly,High
TRN-78011,Passenger,Hyderabad-SEC-04,09:00,Daily,High
TRN-87689,Passenger,Guntur-SEC-07,04:30,Daily,Low
TRN-76206,Passenger,Guntur-SEC-08,16:30,Tri-weekly,Low
TRN-40520,Suburban,Vijayawada-SEC-06,08:00,Daily,Low
TRN-98579,Suburban,Guntur-SEC-02,14:45,Daily,Medium
TRN-28557,Suburban,Vijayawada-SEC-05,14:45,Daily,High
TRN-85371,Superfast,Guntur-SEC-03,14:00,Weekly,Medium
TRN-21561,MEMU,Guntur-SEC-02,23:30,Daily,Low
TRN-35817,Suburban,Guntur-SEC-07,16:15,Daily,High
TRN-81061,Suburban,Hyderabad-SEC-08,23:45,Daily,High
TRN-98604,Superfast,Vijayawada-SEC-02,12:15,Daily,Medium
TRN-67694,MEMU,Secunderabad-SEC-05,08:45,Weekly,High
TRN-80286,Express,Hyderabad-SEC-05,23:30,Daily,Medium
TRN-35301,Superfast,Secunderabad-SEC-01,17:00,Daily,Medium
TRN-18524,Superfast,Guntur-SEC-01,09:30,Daily,Medium
TRN-40165,MEMU,Guntakal-SEC-07,04:30,Daily,High
TRN-52068,Express,Vijayawada-SEC-04,11:30,Daily,High
TRN-72337,Suburban,Vijayawada-SEC-05,01:45,Tri-weekly,High
TRN-36073,Express,Vijayawada-SEC-04,15:45,Weekly,High
TRN-75654,MEMU,Secunderabad-SEC-08,20:30,Tri-weekly,Medium
TRN-91787,Superfast,Vijayawada-SEC-06,01:15,Daily,Low
TRN-45568,Passenger,Hyderabad-SEC-02,23:45,Daily,Medium
TRN-28014,Express,Secunderabad-SEC-02,09:15,Tri-weekly,Medium
TRN-15208,Express,Secunderabad-SEC-08,14:30,Daily,High
TRN-61092,Superfast,Guntur-SEC-06,02:00,Daily,Medium
TRN-25960,Express,Guntakal-SEC-07,02:15,Tri-weekly,High
TRN-12046,Suburban,Hyderabad-SEC-05,13:45,Daily,Medium
TRN-80593,Superfast,Hyderabad-SEC-04,23:45,Weekly,High
TRN-22960,Passenger,Secunderabad-SEC-05,01:45,Daily,Medium
TRN-52651,Passenger,Hyderabad-SEC-07,08:00,Tri-weekly,Medium
TRN-88575,Express,Hyderabad-SEC-01,19:15,Daily,Medium
TRN-47316,Superfast,Guntur-SEC-07,01:30,Weekly,High
TRN-37041,Express,Guntakal-SEC-08,13:15,Daily,Low
TRN-86134,Passenger,Vijayawada-SEC-08,03:45,Daily,High
TRN-17741,Superfast,Vijayawada-SEC-01,21:30,Tri-weekly,Medium
TRN-35637,Suburban,Guntakal-SEC-01,03:30,Daily,High
TRN-35955,Superfast,Guntakal-SEC-08,04:00,Daily,Low
TRN-14469,Superfast,Secunderabad-SEC-02,11:45,Tri-weekly,High
TRN-10286,Passenger,Vijayawada-SEC-01,21:15,Weekly,High
TRN-18687,Superfast,Guntur-SEC-08,16:15,Tri-weekly,Medium
TRN-62786,MEMU,Guntakal-SEC-01,04:30,Daily,Medium
TRN-80179,Superfast,Guntakal-SEC-07,20:45,Daily,High
TRN-25384,MEMU,Vijayawada-SEC-03,06:15,Daily,Low
TRN-98338,Superfast,Vijayawada-SEC-05,01:15,Daily,High
TRN-32292,Suburban,Secunderabad-SEC-06,02:30,Tri-weekly,Medium
TRN-17249,MEMU,Secunderabad-SEC-04,16:00,Daily,Low
TRN-23284,Passenger,Secunderabad-SEC-05,14:45,Daily,Medium
TRN-38729,Express,Hyderabad-SEC-01,18:15,Daily,Medium
TRN-36941,MEMU,Vijayawada-SEC-01,21:15,Daily,High
TRN-60894,Passenger,Guntur-SEC-07,21:45,Daily,High
TRN-95385,Passenger,Guntakal-SEC-02,05:45,Daily,Medium
TRN-43356,Express,Secunderabad-SEC-02,15:45,Tri-weekly,Medium
TRN-34544,Express,Guntakal-SEC-05,01:15,Daily,High
TRN-16116,MEMU,Secunderabad-SEC-08,03:30,Tri-weekly,Medium
TRN-34412,Suburban,Guntakal-SEC-03,10:30,Daily,Medium
TRN-43233,MEMU,Guntakal-SEC-01,02:15,Daily,Medium
TRN-70912,Passenger,Hyderabad-SEC-07,09:45,Daily,High
TRN-77924,Superfast,Hyderabad-SEC-01,21:45,Tri-weekly,Low
TRN-41960,Express,Vijayawada-SEC-04,20:15,Tri-weekly,Low
TRN-49079,Express,Guntur-SEC-05,00:30,Weekly,Medium
TRN-51523,Express,Secunderabad-SEC-05,15:00,Daily,Low
TRN-55889,Passenger,Vijayawada-SEC-03,03:30,Weekly,High
TRN-76206,MEMU,Hyderabad-SEC-05,19:15,Daily,High
TRN-78522,MEMU,Secunderabad-SEC-07,12:00,Weekly,Medium
TRN-18584,MEMU,Secunderabad-SEC-05,03:15,Daily,Medium
TRN-25517,Passenger,Secunderabad-SEC-04,18:00,Daily,Medium
TRN-64840,Passenger,Hyderabad-SEC-05,12:45,Tri-weekly,Medium
TRN-84891,Express,Guntur-SEC-05,16:00,Tri-weekly,High
TRN-49836,Superfast,Vijayawada-SEC-07,23:15,Daily,Medium
TRN-67649,Passenger,Guntur-SEC-05,09:00,Daily,Low
TRN-53825,Express,Secunderabad-SEC-06,15:45,Daily,Medium
TRN-44313,Express,Guntur-SEC-01,08:15,Tri-weekly,Medium
TRN-79856,Passenger,Vijayawada-SEC-07,03:00,Daily,Medium
TRN-94578,Superfast,Hyderabad-SEC-06,19:15,Daily,Medium
TRN-66449,Superfast,Guntakal-SEC-01,06:00,Daily,Low
TRN-55524,Express,Hyderabad-SEC-01,04:30,Daily,Medium
TRN-96336,Express,Vijayawada-SEC-06,17:00,Daily,Medium
TRN-33955,Superfast,Guntur-SEC-05,07:15,Daily,Medium
TRN-86735,Passenger,Guntakal-SEC-06,21:15,Daily,Low
TRN-34894,Superfast,Guntur-SEC-02,15:15,Daily,Medium
TRN-76855,Suburban,Guntur-SEC-05,05:00,Daily,Low
TRN-47895,Express,Guntakal-SEC-01,01:45,Daily,Medium
TRN-46195,Superfast,Hyderabad-SEC-04,11:45,Daily,Low
TRN-54526,Superfast,Hyderabad-SEC-02,22:45,Daily,Low
TRN-47592,Suburban,Guntur-SEC-07,01:00,Weekly,Low
TRN-58202,Express,Vijayawada-SEC-01,21:45,Daily,Medium
TRN-40714,Superfast,Vijayawada-SEC-03,01:00,Daily,Medium
TRN-66641,Superfast,Hyderabad-SEC-02,23:00,Daily,Medium
TRN-80703,Express,Vijayawada-SEC-08,17:15,Daily,Medium
TRN-43067,Suburban,Secunderabad-SEC-06,05:30,Tri-weekly,Low
TRN-24114,Suburban,Guntakal-SEC-08,07:00,Daily,Medium
TRN-62444,MEMU,Secunderabad-SEC-04,14:15,Daily,Low
TRN-43884,Passenger,Guntur-SEC-03,20:15,Weekly,High
TRN-57797,Passenger,Secunderabad-SEC-01,18:45,Daily,High
TRN-56743,MEMU,Vijayawada-SEC-02,07:15,Daily,Medium
TRN-68198,Suburban,Guntakal-SEC-08,10:45,Daily,Medium
TRN-11016,MEMU,Secunderabad-SEC-08,03:15,Daily,Medium
TRN-41958,Passenger,Guntakal-SEC-05,21:30,Daily,Medium
TRN-88063,Express,Secunderabad-SEC-02,15:30,Daily,Medium
TRN-57376,Superfast,Guntur-SEC-05,00:45,Daily,High
TRN-35554,Passenger,Guntakal-SEC-07,19:15,Daily,High
TRN-11649,Passenger,Vijayawada-SEC-01,07:15,Daily,Medium
TRN-19918,Passenger,Secunderabad-SEC-03,12:15,Daily,Low
TRN-86566,Passenger,Hyderabad-SEC-03,13:15,Daily,Low
TRN-53673,Passenger,Guntakal-SEC-06,08:15,Weekly,Medium
TRN-38591,Express,Secunderabad-SEC-05,04:30,Tri-weekly,High
TRN-42985,MEMU,Secunderabad-SEC-04,11:45,Tri-weekly,Medium
TRN-81695,MEMU,Secunderabad-SEC-06,18:15,Daily,High
TRN-84316,Passenger,Vijayawada-SEC-07,23:15,Weekly,High
TRN-49937,MEMU,Guntur-SEC-03,04:15,Daily,Medium
TRN-82477,Suburban,Hyderabad-SEC-05,23:15,Tri-weekly,Medium
TRN-78321,Passenger,Vijayawada-SEC-08,06:15,Daily,Medium
TRN-82018,Passenger,Vijayawada-SEC-07,10:00,Daily,Medium
TRN-76031,Superfast,Hyderabad-SEC-06,16:30,Daily,Low
TRN-53815,Suburban,Hyderabad-SEC-03,00:30,Daily,Medium
TRN-33977,Passenger,Guntur-SEC-08,08:45,Daily,High
TRN-15001,Passenger,Guntur-SEC-03,07:45,Daily,Medium
TRN-92069,Passenger,Secunderabad-SEC-04,09:15,Daily,High
TRN-91334,Superfast,Hyderabad-SEC-03,19:00,Daily,Medium
TRN-96327,Express,Guntur-SEC-05,13:15,Daily,Medium
TRN-68772,Suburban,Hyderabad-SEC-05,07:00,Tri-weekly,High
TRN-11432,Passenger,Secunderabad-SEC-01,06:45,Weekly,Medium
TRN-71334,Superfast,Hyderabad-SEC-06,03:45,Daily,Medium
TRN-12681,Express,Hyderabad-SEC-06,21:45,Daily,Medium
TRN-65333,Suburban,Guntur-SEC-08,23:00,Daily,Low
TRN-19416,Passenger,Guntakal-SEC-05,11:45,Weekly,High
TRN-38894,Express,Vijayawada-SEC-02,04:15,Tri-weekly,Medium
TRN-66803,Superfast,Guntur-SEC-04,19:00,Tri-weekly,Low
TRN-86241,Express,Secunderabad-SEC-01,19:30,Daily,Low
TRN-83063,Suburban,Vijayawada-SEC-03,08:00,Daily,Medium
TRN-84259,Superfast,Guntakal-SEC-01,11:15,Weekly,Low
TRN-55782,Suburban,Secunderabad-SEC-05,20:00,Daily,Low
TRN-47473,Passenger,Secunderabad-SEC-01,11:15,Daily,Low
TRN-71750,MEMU,Vijayawada-SEC-06,01:00,Tri-weekly,Medium
TRN-19374,Passenger,Vijayawada-SEC-07,08:30,Tri-weekly,Medium
TRN-49384,Passenger,Secunderabad-SEC-02,15:15,Tri-weekly,Low
TRN-27279,Superfast,Vijayawada-SEC-08,23:15,Daily,Medium
TRN-13842,MEMU,Hyderabad-SEC-05,02:45,Daily,Low
TRN-28224,Express,Guntur-SEC-07,03:30,Daily,Medium
TRN-36159,Suburban,Vijayawada-SEC-03,23:15,Weekly,Low
TRN-83670,Express,Guntur-SEC-04,03:45,Daily,Medium
TRN-74513,Passenger,Hyderabad-SEC-04,06:30,Daily,High
TRN-52032,Superfast,Guntakal-SEC-07,04:30,Daily,Medium
TRN-19369,Passenger,Hyderabad-SEC-03,06:30,Tri-weekly,Low
TRN-61765,Passenger,Vijayawada-SEC-05,20:30,Daily,Low
TRN-86585,Passenger,Guntakal-SEC-03,00:00,Daily,Medium
TRN-32465,MEMU,Guntakal-SEC-04,07:00,Daily,Medium
TRN-71117,Express,Hyderabad-SEC-08,02:00,Daily,Medium
TRN-41023,MEMU,Secunderabad-SEC-03,12:30,Daily,Medium
TRN-63100,Passenger,Secunderabad-SEC-01,00:45,Tri-weekly,Medium
TRN-12904,Passenger,Vijayawada-SEC-05,05:00,Daily,High
TRN-78411,Passenger,Guntakal-SEC-02,14:00,Weekly,Low
TRN-36367,Suburban,Hyderabad-SEC-01,10:00,Daily,High
TRN-17001,Express,Guntakal-SEC-06,00:15,Tri-weekly,Medium
TRN-18506,Passenger,Hyderabad-SEC-04,21:45,Tri-weekly,High
TRN-59152,Passenger,Guntur-SEC-01,19:30,Daily,High
TRN-27649,Superfast,Vijayawada-SEC-01,18:00,Daily,Medium
TRN-74610,Superfast,Guntakal-SEC-06,16:15,Daily,Medium
TRN-78275,Express,Guntur-SEC-07,16:45,Tri-weekly,High
TRN-42866,Superfast,Hyderabad-SEC-06,18:45,Daily,High
TRN-28435,Passenger,Guntakal-SEC-01,16:00,Daily,Medium
TRN-71091,Express,Secunderabad-SEC-08,14:30,Daily,High
TRN-64813,Superfast,Guntakal-SEC-07,01:15,Tri-weekly,Low
TRN-66021,Passenger,Hyderabad-SEC-01,03:30,Daily,Medium
TRN-25170,Superfast,Hyderabad-SEC-07,23:45,Daily,High
TRN-70373,Superfast,Hyderabad-SEC-05,00:00,Tri-weekly,Medium
TRN-53549,Suburban,Guntur-SEC-05,12:30,Daily,Low
TRN-35843,MEMU,Secunderabad-SEC-03,17:30,Tri-weekly,High
TRN-22041,Passenger,Hyderabad-SEC-05,06:00,Daily,High
TRN-63441,Superfast,Guntakal-SEC-04,17:15,Daily,Medium
TRN-82140,MEMU,Guntur-SEC-03,05:00,Daily,Low
TRN-58004,Express,Guntakal-SEC-04,07:15,Tri-weekly,High
TRN-76034,Passenger,Guntakal-SEC-03,06:45,Daily,Medium
TRN-46917,Passenger,Vijayawada-SEC-08,16:00,Daily,Low
TRN-68680,Suburban,Vijayawada-SEC-03,20:30,Daily,High
TRN-55149,Express,Hyderabad-SEC-02,07:30,Daily,High
TRN-71793,Suburban,Vijayawada-SEC-05,18:00,Daily,High
TRN-84538,Superfast,Guntakal-SEC-01,07:15,Daily,Medium
TRN-28939,Express,Vijayawada-SEC-04,04:15,Daily,Medium
TRN-95266,Express,Secunderabad-SEC-01,21:15,Daily,Medium
TRN-98880,MEMU,Hyderabad-SEC-03,19:45,Daily,Medium
TRN-28211,Superfast,Guntur-SEC-04,00:00,Daily,Low
TRN-13168,Express,Secunderabad-SEC-08,00:30,Tri-weekly,Medium
TRN-94248,Passenger,Hyderabad-SEC-06,21:45,Daily,High
TRN-93866,Express,Vijayawada-SEC-01,07:45,Daily,High
TRN-67965,Express,Guntur-SEC-02,23:30,Daily,Medium
TRN-97138,Passenger,Guntur-SEC-07,05:15,Weekly,Low
TRN-21766,Passenger,Guntakal-SEC-02,22:15,Daily,Medium
TRN-16948,Superfast,Vijayawada-SEC-04,23:15,Tri-weekly,Medium
TRN-20830,Superfast,Guntur-SEC-04,19:00,Daily,Medium
TRN-53137,Passenger,Hyderabad-SEC-03,03:45,Tri-weekly,Medium
TRN-11279,Passenger,Guntakal-SEC-05,20:15,Tri-weekly,High
TRN-38732,Superfast,Secunderabad-SEC-08,01:15,Tri-weekly,Medium
TRN-19002,Suburban,Hyderabad-SEC-04,12:30,Daily,Medium
TRN-82329,Express,Guntur-SEC-08,15:00,Daily,Medium
TRN-96543,Suburban,Secunderabad-SEC-05,21:15,Weekly,Medium
TRN-66599,MEMU,Guntakal-SEC-01,18:00,Tri-weekly,Medium
TRN-95267,Express,Guntur-SEC-04,16:45,Daily,Medium
TRN-56208,Passenger,Secunderabad-SEC-05,01:00,Daily,Medium
TRN-12994,Passenger,Guntur-SEC-08,08:30,Tri-weekly,Low
TRN-45087,Express,Secunderabad-SEC-06,22:45,Daily,Medium
TRN-78932,Express,Secunderabad-SEC-02,15:15,Daily,High
TRN-13238,Express,Guntur-SEC-07,07:45,Daily,Medium
TRN-70564,Superfast,Guntur-SEC-02,04:00,Daily,Low
TRN-57906,MEMU,Hyderabad-SEC-07,07:00,Tri-weekly,Medium
TRN-67068,Suburban,Vijayawada-SEC-04,22:00,Daily,High
TRN-99071,Superfast,Guntakal-SEC-07,12:15,Daily,High
TRN-86743,Superfast,Vijayawada-SEC-01,08:15,Daily,Low
TRN-86659,Passenger,Vijayawada-SEC-05,08:15,Tri-weekly,Medium
TRN-10839,Superfast,Guntakal-SEC-04,08:30,Daily,Low
TRN-79440,Superfast,Guntakal-SEC-08,09:30,Daily,High
TRN-32161,Passenger,Hyderabad-SEC-07,07:45,Daily,Low
TRN-80426,Passenger,Guntakal-SEC-05,20:45,Weekly,Medium
TRN-70195,Superfast,Vijayawada-SEC-05,09:30,Tri-weekly,High
TRN-56088,Passenger,Secunderabad-SEC-07,14:00,Daily,High
TRN-36434,Express,Guntur-SEC-04,09:45,Daily,Low
TRN-68457,Express,Guntakal-SEC-03,04:00,Daily,Low
TRN-55751,MEMU,Hyderabad-SEC-05,13:45,Daily,Medium
TRN-70757,Superfast,Guntakal-SEC-04,07:30,Weekly,Medium
TRN-84563,Express,Guntur-SEC-01,23:15,Daily,Medium
TRN-10685,Express,Guntur-SEC-05,17:45,Tri-weekly,Low
TRN-73166,MEMU,Hyderabad-SEC-08,15:45,Tri-weekly,Medium
TRN-13995,Superfast,Guntakal-SEC-01,01:30,Daily,Low
TRN-89137,MEMU,Hyderabad-SEC-07,05:30,Weekly,Low
TRN-33262,Passenger,Secunderabad-SEC-06,11:30,Daily,High
TRN-43869,Passenger,Hyderabad-SEC-04,03:15,Daily,High
TRN-89769,Passenger,Guntakal-SEC-02,13:45,Daily,High
TRN-17049,MEMU,Vijayawada-SEC-08,18:30,Daily,Low
TRN-60501,Superfast,Hyderabad-SEC-04,12:15,Daily,Medium
TRN-14462,Express,Secunderabad-SEC-07,08:00,Daily,Low
TRN-19294,Express,Guntur-SEC-05,16:30,Daily,Low
TRN-73760,Passenger,Secunderabad-SEC-05,02:00,Daily,Medium
TRN-94153,Passenger,Guntakal-SEC-05,05:15,Weekly,Low
TRN-54861,Express,Guntur-SEC-06,13:00,Daily,High
TRN-78074,Express,Guntur-SEC-07,06:30,Daily,Low
TRN-12732,Express,Guntakal-SEC-07,04:00,Daily,Medium
TRN-23293,Superfast,Guntur-SEC-03,15:45,Daily,Medium
TRN-77750,Express,Guntur-SEC-01,09:30,Daily,High
TRN-49535,MEMU,Secunderabad-SEC-08,01:45,Daily,High
TRN-70008,Passenger,Vijayawada-SEC-05,02:00,Daily,Medium
TRN-45401,Passenger,Vijayawada-SEC-08,18:45,Weekly,High
TRN-84554,MEMU,Guntur-SEC-07,11:45,Daily,High
TRN-99706,Superfast,Guntur-SEC-06,04:00,Daily,High
TRN-91023,Express,Guntakal-SEC-08,02:15,Daily,Low
TRN-62456,Suburban,Guntakal-SEC-07,10:30,Daily,Medium
TRN-81781,Passenger,Secunderabad-SEC-01,09:45,Daily,Low
TRN-70140,Suburban,Secunderabad-SEC-07,04:00,Daily,High
TRN-19686,Passenger,Secunderabad-SEC-08,12:15,Daily,High
TRN-54974,Passenger,Vijayawada-SEC-05,01:00,Tri-weekly,Medium
TRN-52838,Express,Vijayawada-SEC-01,14:00,Daily,High
TRN-96501,MEMU,Hyderabad-SEC-03,13:15,Tri-weekly,High
TRN-88490,MEMU,Guntur-SEC-01,04:30,Daily,Medium
TRN-74956,Superfast,Guntur-SEC-01,19:00,Daily,High
TRN-73028,Superfast,Secunderabad-SEC-05,17:15,Daily,Medium
TRN-59173,Express,Guntakal-SEC-07,06:15,Daily,High
TRN-82739,Passenger,Hyderabad-SEC-07,11:00,Daily,High
TRN-91100,Passenger,Hyderabad-SEC-06,05:45,Tri-weekly,Medium
TRN-84558,Superfast,Guntur-SEC-03,16:45,Daily,Medium
TRN-78241,Passenger,Vijayawada-SEC-05,14:30,Tri-weekly,Medium
TRN-28749,Passenger,Hyderabad-SEC-02,10:45,Daily,Medium
TRN-82415,Passenger,Vijayawada-SEC-06,22:30,Weekly,Medium
TRN-53226,Express,Guntakal-SEC-02,16:00,Weekly,Medium
TRN-59171,Superfast,Hyderabad-SEC-01,09:15,Weekly,High
TRN-16618,MEMU,Secunderabad-SEC-01,05:15,Daily,High
TRN-78581,MEMU,Hyderabad-SEC-06,10:45,Daily,Medium
TRN-68662,MEMU,Guntakal-SEC-07,04:45,Daily,Low
TRN-12127,Passenger,Hyderabad-SEC-03,05:45,Daily,Medium
TRN-10584,Passenger,Secunderabad-SEC-03,12:15,Weekly,High
TRN-22898,MEMU,Guntur-SEC-07,23:15,Daily,Low
TRN-52717,Superfast,Hyderabad-SEC-03,22:00,Weekly,Medium
TRN-42124,Superfast,Guntur-SEC-01,20:15,Daily,High
TRN-54578,Passenger,Guntur-SEC-08,22:15,Daily,Medium
TRN-19139,Express,Secunderabad-SEC-04,02:45,Daily,High
TRN-61688,Express,Vijayawada-SEC-02,14:15,Daily,High
TRN-39187,Superfast,Guntakal-SEC-03,21:00,Weekly,Medium
TRN-12062,Suburban,Guntur-SEC-05,07:15,Daily,Medium
TRN-86736,Passenger,Guntur-SEC-02,07:30,Daily,Medium
TRN-86215,Passenger,Guntur-SEC-01,13:15,Tri-weekly,Low
TRN-68776,Superfast,Guntur-SEC-04,12:15,Daily,Medium
TRN-92303,Passenger,Guntur-SEC-04,06:15,Daily,High
TRN-39164,Express,Hyderabad-SEC-02,00:00,Daily,High
TRN-18697,Express,Guntur-SEC-03,00:15,Daily,High
TRN-87165,Express,Vijayawada-SEC-08,12:00,Daily,Medium
TRN-92789,Passenger,Hyderabad-SEC-04,18:30,Daily,Medium
TRN-99339,MEMU,Hyderabad-SEC-06,14:30,Tri-weekly,High
TRN-67591,Superfast,Hyderabad-SEC-02,21:30,Daily,High
TRN-27431,Express,Guntur-SEC-01,14:00,Tri-weekly,Medium
TRN-41223,Superfast,Guntur-SEC-05,22:00,Daily,Medium
TRN-89118,Suburban,Guntur-SEC-02,09:30,Daily,High
TRN-34779,Superfast,Vijayawada-SEC-07,07:30,Daily,Low
TRN-11710,MEMU,Guntur-SEC-04,11:00,Daily,Low
TRN-79897,Superfast,Secunderabad-SEC-05,16:30,Daily,Medium
TRN-98534,Express,Guntakal-SEC-04,10:00,Daily,High
TRN-36595,Superfast,Guntur-SEC-06,18:00,Daily,Medium
TRN-61841,Passenger,Secunderabad-SEC-03,12:00,Daily,High
TRN-64080,Express,Guntur-SEC-08,09:45,Daily,High
TRN-73098,Passenger,Secunderabad-SEC-03,13:45,Tri-weekly,Medium
TRN-88013,Passenger,Vijayawada-SEC-05,17:45,Daily,Medium
TRN-26402,Superfast,Guntur-SEC-05,06:30,Daily,Low
TRN-89311,Express,Secunderabad-SEC-02,23:15,Daily,Low
TRN-87644,Superfast,Vijayawada-SEC-05,23:45,Tri-weekly,High
TRN-63238,Passenger,Guntakal-SEC-04,04:00,Daily,Low
TRN-51572,Passenger,Vijayawada-SEC-07,11:15,Weekly,Medium
TRN-95205,Passenger,Vijayawada-SEC-04,19:00,Weekly,High
TRN-12164,Express,Vijayawada-SEC-05,12:00,Tri-weekly,Medium
TRN-13012,Express,Secunderabad-SEC-02,23:30,Daily,Medium
TRN-83093,Express,Hyderabad-SEC-08,10:00,Tri-weekly,High
TRN-64744,Passenger,Guntakal-SEC-02,13:15,Weekly,Medium
TRN-53691,Superfast,Vijayawada-SEC-01,00:30,Tri-weekly,High
TRN-74998,Express,Guntur-SEC-08,23:15,Daily,High
TRN-80887,Superfast,Guntur-SEC-06,09:15,Daily,Medium
TRN-74450,Superfast,Hyderabad-SEC-06,22:30,Tri-weekly,Medium
TRN-59064,Passenger,Guntakal-SEC-05,02:30,Daily,Low
TRN-34213,MEMU,Secunderabad-SEC-08,12:00,Daily,Medium
TRN-85015,Superfast,Hyderabad-SEC-01,18:30,Daily,Low
TRN-74729,Superfast,Hyderabad-SEC-08,09:00,Daily,Medium
TRN-75817,MEMU,Guntakal-SEC-07,04:15,Daily,Medium
TRN-96790,Passenger,Vijayawada-SEC-03,06:00,Tri-weekly,High
TRN-95616,Express,Vijayawada-SEC-02,11:15,Daily,Low
TRN-97850,Passenger,Hyderabad-SEC-02,19:00,Daily,Medium
TRN-51410,Passenger,Secunderabad-SEC-03,17:45,Daily,Medium
TRN-76105,MEMU,Secunderabad-SEC-01,18:45,Tri-weekly,Medium
TRN-25439,Express,Guntur-SEC-04,02:45,Daily,Low
TRN-34088,Passenger,Guntur-SEC-06,16:00,Daily,Low
TRN-28344,Passenger,Hyderabad-SEC-08,16:45,Daily,High
TRN-50845,Passenger,Vijayawada-SEC-07,16:30,Daily,High
TRN-58236,Passenger,Hyderabad-SEC-05,23:30,Weekly,Medium
TRN-11370,Passenger,Secunderabad-SEC-05,21:00,Daily,Low
TRN-35218,Passenger,Guntakal-SEC-04,20:00,Daily,High
TRN-40047,Express,Guntakal-SEC-06,02:15,Daily,Low
TRN-15207,MEMU,Hyderabad-SEC-02,03:45,Daily,Medium
TRN-17648,Express,Guntakal-SEC-08,12:00,Weekly,High
TRN-56094,Passenger,Secunderabad-SEC-04,14:45,Daily,Low
TRN-65683,Superfast,Guntakal-SEC-03,23:00,Daily,Low
TRN-55489,Suburban,Secunderabad-SEC-04,10:30,Daily,Low
TRN-28366,MEMU,Hyderabad-SEC-01,05:45,Daily,Medium
TRN-65408,Express,Hyderabad-SEC-03,19:00,Weekly,Medium
TRN-45364,Express,Guntakal-SEC-03,19:45,Daily,High
TRN-82279,Passenger,Vijayawada-SEC-02,10:30,Daily,High
TRN-85838,Passenger,Vijayawada-SEC-07,06:45,Tri-weekly,High
TRN-37153,MEMU,Guntakal-SEC-08,17:15,Daily,High
TRN-60231,Superfast,Guntur-SEC-08,03:45,Tri-weekly,Medium
TRN-92350,MEMU,Guntur-SEC-04,17:15,Tri-weekly,Medium
TRN-53225,Passenger,Guntur-SEC-06,13:00,Daily,Medium
TRN-52434,Express,Guntakal-SEC-07,20:00,Tri-weekly,Medium
TRN-23622,Suburban,Guntur-SEC-04,15:45,Daily,Medium
TRN-87345,Superfast,Secunderabad-SEC-01,13:15,Daily,High
TRN-52267,Passenger,Vijayawada-SEC-04,15:15,Daily,Medium
TRN-23721,Passenger,Hyderabad-SEC-06,18:45,Daily,Medium
TRN-62098,Superfast,Vijayawada-SEC-08,21:15,Tri-weekly,Low
TRN-18787,Suburban,Hyderabad-SEC-08,18:45,Daily,High
TRN-19859,Passenger,Secunderabad-SEC-08,11:45,Daily,Low
TRN-90883,Suburban,Guntakal-SEC-02,10:30,Daily,High
TRN-21040,MEMU,Hyderabad-SEC-08,14:45,Weekly,High
TRN-52677,MEMU,Vijayawada-SEC-02,12:30,Tri-weekly,High
TRN-27679,MEMU,Guntakal-SEC-08,04:15,Weekly,Medium
TRN-69624,Passenger,Guntur-SEC-08,06:00,Daily,Medium
TRN-67083,Express,Guntakal-SEC-02,10:15,Daily,Medium
TRN-39100,Superfast,Secunderabad-SEC-05,14:30,Daily,Medium
TRN-87807,Express,Guntakal-SEC-07,20:15,Tri-weekly,Medium
TRN-74406,MEMU,Secunderabad-SEC-01,11:30,Daily,Medium
TRN-10593,Suburban,Guntur-SEC-03,17:45,Daily,Low
TRN-55261,Express,Guntur-SEC-03,20:15,Tri-weekly,Medium
TRN-85847,Express,Vijayawada-SEC-07,12:30,Daily,High
TRN-96540,Express,Hyderabad-SEC-03,05:45,Daily,Medium
TRN-12572,Express,Hyderabad-SEC-04,05:45,Tri-weekly,Medium
TRN-49295,Passenger,Hyderabad-SEC-03,14:15,Daily,Medium
TRN-64455,Suburban,Guntakal-SEC-01,17:00,Tri-weekly,High
TRN-78010,Express,Secunderabad-SEC-01,08:15,Daily,Low
TRN-70795,MEMU,Guntur-SEC-08,06:00,Daily,Low
TRN-94036,Passenger,Vijayawada-SEC-03,21:45,Tri-weekly,High
TRN-28162,Express,Hyderabad-SEC-03,21:45,Daily,Medium
TRN-52949,Superfast,Secunderabad-SEC-06,08:00,Tri-weekly,Medium
TRN-66049,Express,Hyderabad-SEC-03,00:30,Tri-weekly,Medium
TRN-82775,Passenger,Guntakal-SEC-08,19:30,Tri-weekly,Medium
TRN-94555,Express,Vijayawada-SEC-05,22:30,Daily,Low
TRN-81171,Passenger,Vijayawada-SEC-04,17:30,Daily,Medium
TRN-72887,Superfast,Vijayawada-SEC-02,04:00,Daily,Low
TRN-81492,Express,Secunderabad-SEC-03,17:15,Daily,High
TRN-72913,Superfast,Vijayawada-SEC-06,06:30,Daily,Low
TRN-81122,Passenger,Hyderabad-SEC-08,07:15,Daily,Medium
TRN-98165,Superfast,Guntakal-SEC-03,10:30,Daily,Medium
TRN-28449,Passenger,Hyderabad-SEC-02,03:15,Tri-weekly,Medium
TRN-75494,Superfast,Secunderabad-SEC-07,22:00,Tri-weekly,Medium
TRN-42684,Superfast,Guntakal-SEC-02,14:30,Tri-weekly,Medium
TRN-31683,Suburban,Guntur-SEC-01,07:15,Daily,High
TRN-73664,Passenger,Guntur-SEC-02,21:45,Daily,Medium
TRN-69044,Suburban,Guntakal-SEC-04,05:30,Tri-weekly,High
TRN-98097,Passenger,Vijayawada-SEC-01,06:45,Daily,Medium
TRN-28541,Superfast,Guntur-SEC-04,07:45,Tri-weekly,High
TRN-19533,Express,Guntakal-SEC-07,09:45,Daily,Medium
TRN-80328,Superfast,Secunderabad-SEC-06,23:15,Weekly,Medium
TRN-44099,Superfast,Guntur-SEC-05,06:00,Tri-weekly,Low
TRN-98270,Superfast,Hyderabad-SEC-05,08:15,Daily,High
TRN-10823,MEMU,Hyderabad-SEC-03,10:00,Daily,High
TRN-94439,Express,Guntakal-SEC-05,20:15,Daily,Medium
TRN-90135,Passenger,Guntur-SEC-03,02:15,Daily,Low
TRN-52539,Superfast,Hyderabad-SEC-04,23:30,Tri-weekly,Medium
TRN-71714,Passenger,Vijayawada-SEC-07,00:00,Daily,Low
TRN-54341,Passenger,Hyderabad-SEC-02,01:00,Daily,Low
TRN-55358,Superfast,Guntur-SEC-03,06:15,Daily,High
TRN-52886,Express,Guntakal-SEC-08,07:45,Daily,High
TRN-78234,MEMU,Guntakal-SEC-05,08:00,Weekly,Medium
TRN-33844,Superfast,Vijayawada-SEC-03,03:45,Daily,Medium
TRN-98720,Express,Vijayawada-SEC-01,04:15,Daily,Medium
TRN-19731,Passenger,Guntur-SEC-07,03:30,Daily,High
TRN-68196,Express,Guntur-SEC-05,09:15,Daily,Medium
TRN-11688,Superfast,Guntur-SEC-01,14:30,Daily,Medium
TRN-86786,Suburban,Guntakal-SEC-04,14:45,Daily,Medium
TRN-21465,Express,Vijayawada-SEC-05,11:45,Daily,Low
TRN-60150,Superfast,Secunderabad-SEC-04,17:30,Daily,High
TRN-34172,Passenger,Secunderabad-SEC-02,21:30,Daily,Medium
TRN-93528,Express,Secunderabad-SEC-08,17:00,Weekly,Medium
TRN-41361,Superfast,Secunderabad-SEC-05,20:30,Daily,High
TRN-34520,Superfast,Guntakal-SEC-03,22:30,Daily,Medium
TRN-70250,Passenger,Secunderabad-SEC-03,00:45,Daily,Medium
TRN-69729,MEMU,Guntakal-SEC-06,04:15,Daily,Medium
TRN-19208,MEMU,Guntur-SEC-08,14:30,Daily,Low
TRN-97682,Passenger,Secunderabad-SEC-01,22:00,Weekly,Low
TRN-65627,Express,Guntur-SEC-04,16:30,Tri-weekly,Low
TRN-86855,Passenger,Vijayawada-SEC-06,13:00,Daily,High
TRN-31252,Passenger,Guntakal-SEC-06,19:45,Daily,Medium
TRN-49881,Superfast,Hyderabad-SEC-04,03:30,Tri-weekly,Medium
TRN-74002,Express,Vijayawada-SEC-08,16:00,Daily,Low
TRN-70586,Superfast,Guntakal-SEC-03,13:00,Daily,High
TRN-44443,Passenger,Guntur-SEC-03,08:00,Weekly,High
TRN-96626,Express,Hyderabad-SEC-05,18:00,Weekly,Medium
TRN-96706,Passenger,Vijayawada-SEC-05,04:15,Daily,Medium
TRN-48971,Express,Hyderabad-SEC-01,00:00,Daily,Medium
TRN-42042,Passenger,Secunderabad-SEC-03,18:45,Daily,Low
TRN-66504,Express,Guntur-SEC-01,15:30,Daily,Medium
TRN-91793,Express,Guntur-SEC-01,14:00,Tri-weekly,Low
TRN-81370,Passenger,Guntur-SEC-07,09:00,Daily,Low
TRN-11822,MEMU,Guntakal-SEC-05,00:30,Daily,Medium
TRN-48405,Suburban,Vijayawada-SEC-06,12:00,Daily,Low
TRN-93364,Express,Guntur-SEC-08,03:30,Daily,Medium
TRN-16873,MEMU,Hyderabad-SEC-04,22:15,Daily,Medium
TRN-15111,Express,Vijayawada-SEC-03,09:00,Daily,High
TRN-61782,Passenger,Guntakal-SEC-02,11:30,Daily,Low
TRN-21156,Express,Vijayawada-SEC-08,18:30,Daily,High
TRN-30590,Superfast,Guntakal-SEC-06,16:30,Daily,Medium
TRN-70854,MEMU,Guntakal-SEC-04,14:15,Daily,Low
TRN-59202,Passenger,Secunderabad-SEC-06,18:15,Daily,Medium
TRN-72197,Express,Guntur-SEC-07,19:45,Daily,Low
TRN-70790,Passenger,Secunderabad-SEC-05,19:15,Daily,Medium
TRN-24393,Express,Secunderabad-SEC-08,13:30,Daily,High
TRN-31373,Express,Guntur-SEC-05,12:00,Daily,Medium
TRN-81284,Passenger,Secunderabad-SEC-07,13:30,Daily,Medium
TRN-45669,Express,Vijayawada-SEC-03,20:45,Daily,Medium
TRN-86367,Superfast,Vijayawada-SEC-05,19:45,Daily,High
TRN-77890,MEMU,Secunderabad-SEC-03,02:30,Daily,Low
TRN-33593,Superfast,Vijayawada-SEC-03,06:45,Daily,Medium
TRN-52165,Suburban,Hyderabad-SEC-07,12:45,Daily,Medium
TRN-78955,Passenger,Secunderabad-SEC-08,02:45,Weekly,Medium
TRN-13817,Suburban,Secunderabad-SEC-07,02:30,Daily,Medium
TRN-99841,Superfast,Hyderabad-SEC-04,03:00,Daily,High
TRN-99645,Passenger,Guntur-SEC-02,20:00,Weekly,Medium
TRN-67187,Express,Vijayawada-SEC-04,20:00,Daily,Medium
TRN-13193,Passenger,Guntakal-SEC-02,23:15,Weekly,Medium
TRN-28080,Passenger,Vijayawada-SEC-08,23:15,Tri-weekly,Low
TRN-99034,Express,Guntur-SEC-04,18:00,Daily,Low
TRN-18497,MEMU,Hyderabad-SEC-02,14:15,Daily,Low
TRN-90422,Superfast,Vijayawada-SEC-05,21:00,Tri-weekly,Medium
TRN-73107,Express,Secunderabad-SEC-06,13:00,Daily,Medium
TRN-37227,Express,Guntakal-SEC-06,15:00,Daily,Medium
TRN-11296,MEMU,Secunderabad-SEC-06,15:00,Daily,Medium
TRN-24234,Express,Guntakal-SEC-05,21:30,Tri-weekly,Medium
TRN-17466,Suburban,Hyderabad-SEC-02,18:00,Daily,Low
TRN-27180,Express,Hyderabad-SEC-06,19:30,Daily,Medium
TRN-32429,Passenger,Vijayawada-SEC-05,20:15,Daily,High
TRN-10952,Express,Secunderabad-SEC-06,05:30,Daily,Medium
TRN-92441,Express,Vijayawada-SEC-05,07:00,Daily,High
TRN-95113,MEMU,Guntur-SEC-08,13:00,Daily,Medium
TRN-40141,Suburban,Guntakal-SEC-01,09:45,Daily,Medium
TRN-68312,MEMU,Hyderabad-SEC-01,03:00,Weekly,Medium
TRN-59919,Passenger,Secunderabad-SEC-01,23:45,Daily,Medium
TRN-35058,Superfast,Vijayawada-SEC-06,06:30,Tri-weekly,Medium
TRN-15163,Express,Guntur-SEC-06,16:30,Tri-weekly,Medium
TRN-62262,Express,Hyderabad-SEC-01,21:00,Tri-weekly,High
TRN-12878,Express,Vijayawada-SEC-06,15:30,Daily,High
TRN-96543,Passenger,Guntakal-SEC-08,03:00,Tri-weekly,Medium
TRN-40798,Superfast,Guntakal-SEC-03,11:45,Daily,Low
TRN-96785,Express,Guntakal-SEC-07,07:00,Daily,Low
TRN-34451,MEMU,Secunderabad-SEC-01,05:45,Weekly,Medium
TRN-69020,Suburban,Hyderabad-SEC-08,19:15,Daily,Medium
TRN-11846,Superfast,Secunderabad-SEC-02,04:15,Daily,Medium
TRN-34434,Express,Guntakal-SEC-06,02:00,Daily,Medium
TRN-71322,Passenger,Guntakal-SEC-01,00:45,Tri-weekly,Medium
TRN-56523,Passenger,Guntakal-SEC-07,20:45,Daily,Medium
TRN-67894,MEMU,Hyderabad-SEC-02,21:00,Daily,Low
TRN-29014,MEMU,Secunderabad-SEC-03,07:15,Tri-weekly,High
TRN-81410,Express,Vijayawada-SEC-04,23:15,Daily,High
TRN-40189,MEMU,Vijayawada-SEC-01,02:15,Tri-weekly,Low
TRN-59201,Superfast,Secunderabad-SEC-04,09:15,Daily,High
TRN-86197,Superfast,Vijayawada-SEC-01,19:15,Daily,Medium
TRN-69376,Express,Vijayawada-SEC-04,00:15,Daily,High
TRN-37774,Passenger,Vijayawada-SEC-04,10:30,Daily,Low
TRN-93597,Express,Secunderabad-SEC-01,13:15,Tri-weekly,High
TRN-74676,Passenger,Hyderabad-SEC-02,15:30,Tri-weekly,High
TRN-73965,Express,Vijayawada-SEC-07,11:45,Daily,High
TRN-93175,MEMU,Hyderabad-SEC-06,15:45,Daily,High
TRN-73672,Suburban,Vijayawada-SEC-08,19:45,Weekly,High
TRN-22401,Suburban,Hyderabad-SEC-04,02:15,Daily,Low
TRN-90734,MEMU,Vijayawada-SEC-07,15:30,Weekly,High
TRN-13803,MEMU,Guntakal-SEC-04,07:00,Daily,Medium
TRN-90254,Express,Hyderabad-SEC-04,15:30,Daily,Medium
TRN-86831,Express,Vijayawada-SEC-05,23:45,Daily,Low
TRN-80367,Express,Vijayawada-SEC-04,17:30,Daily,Medium
TRN-75760,Superfast,Hyderabad-SEC-01,11:45,Daily,Medium
TRN-16694,Express,Guntakal-SEC-06,04:00,Daily,High
TRN-57141,Suburban,Secunderabad-SEC-06,12:30,Tri-weekly,Low
TRN-72524,Passenger,Guntakal-SEC-08,11:45,Tri-weekly,High
TRN-90419,Express,Vijayawada-SEC-01,03:45,Daily,High
TRN-40373,Express,Hyderabad-SEC-04,17:30,Daily,Medium
TRN-19057,Superfast,Guntakal-SEC-01,00:15,Daily,Medium
TRN-92290,Express,Secunderabad-SEC-03,13:00,Daily,Medium
TRN-47636,Passenger,Guntur-SEC-01,04:15,Daily,High
TRN-57832,Passenger,Guntur-SEC-04,10:30,Daily,Medium
TRN-21011,Superfast,Vijayawada-SEC-01,07:30,Weekly,High
TRN-88001,Passenger,Guntakal-SEC-02,22:30,Daily,Medium
TRN-46466,Suburban,Guntakal-SEC-07,18:30,Daily,Medium
TRN-75584,Express,Guntakal-SEC-05,07:45,Daily,High
TRN-89783,Passenger,Secunderabad-SEC-01,13:45,Tri-weekly,Medium
TRN-69665,Superfast,Guntur-SEC-01,00:15,Weekly,High
TRN-48833,Express,Guntur-SEC-05,02:00,Daily,Low
TRN-98240,Suburban,Vijayawada-SEC-02,06:15,Tri-weekly,Medium
TRN-81090,Express,Hyderabad-SEC-08,20:00,Daily,Low
TRN-89180,Passenger,Secunderabad-SEC-07,09:30,Daily,Medium
TRN-33631,Superfast,Guntakal-SEC-06,08:00,Daily,Medium
TRN-17749,Suburban,Vijayawada-SEC-02,19:45,Daily,Medium
TRN-25706,MEMU,Vijayawada-SEC-08,17:15,Daily,High
TRN-83190,Superfast,Hyderabad-SEC-08,10:15,Daily,Medium
TRN-66358,Passenger,Vijayawada-SEC-02,06:45,Tri-weekly,Medium
TRN-82957,Superfast,Guntakal-SEC-08,18:30,Daily,Medium
TRN-68281,Passenger,Guntur-SEC-07,20:30,Weekly,Low
TRN-46993,Superfast,Secunderabad-SEC-06,16:45,Tri-weekly,Low
TRN-66815,Express,Hyderabad-SEC-02,23:45,Daily,Medium
TRN-30022,Suburban,Hyderabad-SEC-03,14:30,Tri-weekly,Medium
TRN-60515,Express,Guntur-SEC-05,23:15,Tri-weekly,High
TRN-90672,Suburban,Guntur-SEC-03,02:30,Daily,Medium
TRN-92568,Express,Guntur-SEC-07,22:45,Tri-weekly,Low
TRN-92465,Passenger,Hyderabad-SEC-03,04:00,Weekly,Low
TRN-46524,Express,Guntakal-SEC-05,22:45,Daily,High
TRN-24231,Superfast,Vijayawada-SEC-02,08:30,Tri-weekly,High
TRN-20723,Passenger,Secunderabad-SEC-05,09:00,Tri-weekly,Medium
TRN-99805,Superfast,Guntakal-SEC-06,08:30,Tri-weekly,High
TRN-17419,Passenger,Guntakal-SEC-04,06:15,Daily,Medium
TRN-55698,Suburban,Hyderabad-SEC-07,18:15,Daily,High
TRN-91397,MEMU,Secunderabad-SEC-05,11:30,Tri-weekly,Medium
TRN-47142,Passenger,Vijayawada-SEC-01,22:15,Daily,High
TRN-68467,Passenger,Vijayawada-SEC-01,14:00,Daily,Medium
TRN-28717,Passenger,Secunderabad-SEC-05,08:45,Daily,Low
TRN-27260,Express,Secunderabad-SEC-07,15:00,Daily,High
TRN-69911,Suburban,Guntakal-SEC-03,02:45,Daily,Medium
TRN-23794,Suburban,Vijayawada-SEC-02,22:00,Daily,High
TRN-61567,MEMU,Vijayawada-SEC-03,09:30,Daily,High
TRN-14982,Passenger,Vijayawada-SEC-03,15:00,Daily,Medium
TRN-94279,MEMU,Secunderabad-SEC-02,05:45,Tri-weekly,High
TRN-89678,Express,Secunderabad-SEC-06,11:15,Tri-weekly,Medium
TRN-64593,Suburban,Guntur-SEC-08,03:45,Tri-weekly,Medium
TRN-41556,Passenger,Guntur-SEC-02,22:00,Daily,Medium
TRN-54312,Superfast,Guntur-SEC-02,08:45,Daily,High
TRN-64351,Express,Guntakal-SEC-05,12:45,Weekly,High
TRN-92801,Suburban,Guntakal-SEC-07,07:45,Daily,Medium
TRN-18800,Superfast,Guntakal-SEC-04,19:15,Daily,Low
TRN-36435,MEMU,Guntur-SEC-07,02:00,Weekly,Medium
TRN-40465,Suburban,Guntakal-SEC-07,09:15,Daily,High
TRN-67251,Superfast,Vijayawada-SEC-02,21:45,Tri-weekly,High
TRN-84864,MEMU,Guntakal-SEC-04,15:15,Tri-weekly,Medium
TRN-21722,Superfast,Secunderabad-SEC-02,08:45,Daily,High
TRN-25155,Superfast,Vijayawada-SEC-06,07:45,Daily,Low
TRN-70663,Express,Guntakal-SEC-06,22:00,Daily,High
TRN-88318,MEMU,Guntur-SEC-04,08:30,Daily,High
TRN-95013,Passenger,Guntakal-SEC-05,15:45,Daily,Low
TRN-15715,Passenger,Guntur-SEC-01,18:15,Daily,High
TRN-46803,Suburban,Guntur-SEC-03,06:30,Daily,Medium
TRN-48915,Passenger,Guntakal-SEC-06,03:45,Daily,High
TRN-95039,Passenger,Hyderabad-SEC-02,17:15,Daily,High
TRN-70269,Passenger,Guntakal-SEC-07,10:15,Daily,Medium
TRN-90961,Passenger,Secunderabad-SEC-04,12:00,Daily,Medium
TRN-11351,Suburban,Guntakal-SEC-03,06:00,Daily,High
TRN-62807,Express,Guntakal-SEC-05,19:30,Daily,High
TRN-24785,Passenger,Guntakal-SEC-01,16:45,Tri-weekly,Medium
TRN-39539,Suburban,Secunderabad-SEC-04,15:15,Daily,Medium
TRN-91419,Express,Secunderabad-SEC-04,19:15,Daily,High
TRN-60048,Express,Hyderabad-SEC-02,19:15,Daily,Low
TRN-35287,Passenger,Hyderabad-SEC-05,16:30,Daily,Low
TRN-43694,Suburban,Vijayawada-SEC-07,21:45,Weekly,Medium
TRN-66015,Express,Guntur-SEC-03,20:00,Daily,Low
TRN-29350,Suburban,Hyderabad-SEC-02,23:15,Daily,High
TRN-70075,Passenger,Vijayawada-SEC-03,05:15,Daily,Medium
TRN-27309,Passenger,Vijayawada-SEC-01,14:00,Tri-weekly,Medium
TRN-63634,Express,Secunderabad-SEC-05,17:45,Daily,Medium
TRN-70974,Passenger,Guntur-SEC-05,15:45,Daily,Medium
TRN-77159,MEMU,Guntur-SEC-07,03:15,Daily,Low
TRN-15165,Express,Hyderabad-SEC-01,06:45,Daily,Medium
TRN-83841,Passenger,Vijayawada-SEC-01,19:30,Daily,Medium
TRN-93751,Passenger,Guntur-SEC-05,09:15,Daily,Medium
TRN-11077,Suburban,Hyderabad-SEC-05,22:45,Daily,Medium
TRN-83182,Passenger,Guntakal-SEC-04,20:00,Daily,High
TRN-10829,Suburban,Vijayawada-SEC-06,02:30,Daily,Medium
TRN-49647,Superfast,Hyderabad-SEC-03,06:30,Daily,Medium
TRN-62120,Passenger,Hyderabad-SEC-04,09:15,Daily,Low
TRN-49533,Suburban,Secunderabad-SEC-05,23:45,Daily,Low
TRN-78381,Express,Guntur-SEC-05,12:00,Tri-weekly,High
TRN-60384,Suburban,Guntakal-SEC-07,15:00,Daily,Medium
TRN-98373,Express,Vijayawada-SEC-07,20:30,Tri-weekly,Medium
TRN-34083,Express,Hyderabad-SEC-06,06:45,Daily,Low
TRN-41692,Express,Secunderabad-SEC-02,08:00,Weekly,Medium
TRN-76708,Superfast,Hyderabad-SEC-04,18:00,Tri-weekly,High
TRN-57455,MEMU,Vijayawada-SEC-04,08:30,Daily,Medium
TRN-56519,Passenger,Vijayawada-SEC-07,09:15,Daily,High
TRN-53752,MEMU,Vijayawada-SEC-02,17:45,Daily,Medium
TRN-16451,Express,Vijayawada-SEC-07,23:15,Daily,Medium
TRN-15626,Express,Hyderabad-SEC-04,11:15,Daily,Medium
TRN-34034,Express,Guntakal-SEC-06,19:00,Tri-weekly,Medium
TRN-21085,Passenger,Guntur-SEC-06,00:30,Tri-weekly,Medium
TRN-12399,MEMU,Vijayawada-SEC-02,08:15,Daily,Medium
TRN-52713,MEMU,Guntakal-SEC-05,16:30,Weekly,High
TRN-93855,Passenger,Vijayawada-SEC-07,19:45,Weekly,High
TRN-97038,Express,Guntakal-SEC-07,11:00,Daily,Medium
TRN-98685,Passenger,Guntakal-SEC-08,18:00,Weekly,Low
TRN-51756,Suburban,Guntakal-SEC-05,06:30,Daily,Low
TRN-42411,Passenger,Guntur-SEC-06,05:00,Daily,Medium
TRN-60969,Passenger,Hyderabad-SEC-04,16:15,Daily,Low
TRN-73351,Passenger,Secunderabad-SEC-07,11:15,Weekly,Medium
TRN-46047,Passenger,Hyderabad-SEC-03,02:00,Daily,Medium
TRN-81130,Superfast,Secunderabad-SEC-02,11:15,Tri-weekly,High
TRN-32014,MEMU,Hyderabad-SEC-05,00:00,Daily,Medium
TRN-70753,Passenger,Hyderabad-SEC-02,14:15,Daily,High
TRN-14087,Express,Vijayawada-SEC-06,00:15,Weekly,Medium
TRN-57901,Passenger,Vijayawada-SEC-08,20:30,Daily,High
TRN-99777,Passenger,Guntakal-SEC-01,00:00,Daily,Medium
TRN-91838,Suburban,Secunderabad-SEC-04,22:45,Tri-weekly,High
TRN-51881,Passenger,Guntur-SEC-08,02:45,Daily,High
TRN-44100,Passenger,Secunderabad-SEC-05,23:30,Daily,High
TRN-12898,MEMU,Vijayawada-SEC-06,05:15,Tri-weekly,Medium
TRN-13897,Superfast,Secunderabad-SEC-05,11:15,Daily,Low
TRN-12736,Superfast,Guntur-SEC-05,15:45,Tri-weekly,High
TRN-52264,Express,Secunderabad-SEC-03,00:45,Tri-weekly,Low
TRN-20181,Passenger,Secunderabad-SEC-05,14:45,Daily,High
TRN-33312,Suburban,Hyderabad-SEC-03,20:00,Daily,Medium
TRN-94050,Superfast,Vijayawada-SEC-07,13:00,Daily,High
TRN-57030,Express,Secunderabad-SEC-02,13:45,Daily,Medium
TRN-83064,Express,Guntakal-SEC-05,04:45,Daily,High
TRN-30815,Superfast,Secunderabad-SEC-07,05:30,Daily,Low
TRN-24408,MEMU,Hyderabad-SEC-01,22:45,Daily,High
TRN-19243,Passenger,Guntakal-SEC-03,21:30,Daily,Low
TRN-44288,Express,Secunderabad-SEC-06,06:45,Daily,Medium
TRN-39457,Passenger,Guntakal-SEC-03,19:45,Daily,Medium
TRN-41726,Superfast,Vijayawada-SEC-01,20:45,Daily,Low
TRN-59823,Superfast,Secunderabad-SEC-08,18:00,Daily,Medium
TRN-17180,Passenger,Guntakal-SEC-02,17:00,Daily,Medium
TRN-75596,Superfast,Vijayawada-SEC-01,23:45,Weekly,Low
TRN-87998,Passenger,Secunderabad-SEC-04,14:15,Daily,Medium
TRN-64724,Express,Vijayawada-SEC-07,00:15,Tri-weekly,High
TRN-76874,Express,Vijayawada-SEC-02,00:30,Daily,Medium
TRN-71394,Passenger,Hyderabad-SEC-04,03:15,Daily,Low
TRN-39285,MEMU,Guntur-SEC-05,10:15,Daily,Medium
TRN-78742,Express,Secunderabad-SEC-03,06:15,Daily,High
TRN-51822,Passenger,Guntakal-SEC-05,01:15,Daily,High
TRN-89817,MEMU,Hyderabad-SEC-05,20:45,Daily,Medium
TRN-12168,MEMU,Guntur-SEC-03,09:45,Daily,High
TRN-57096,Express,Guntakal-SEC-06,12:15,Daily,Medium
TRN-23503,Passenger,Guntakal-SEC-01,04:00,Daily,Medium
TRN-84448,Express,Guntur-SEC-08,11:30,Tri-weekly,High
TRN-49463,Passenger,Guntakal-SEC-01,18:00,Tri-weekly,Medium
TRN-95901,Passenger,Vijayawada-SEC-02,19:15,Daily,Medium
TRN-96476,Suburban,Guntur-SEC-04,12:00,Daily,Medium
TRN-90330,Passenger,Guntur-SEC-05,01:00,Tri-weekly,Medium
TRN-15169,Express,Secunderabad-SEC-01,00:45,Daily,High
TRN-70902,Passenger,Vijayawada-SEC-05,03:30,Daily,Medium
TRN-91186,Express,Vijayawada-SEC-04,03:45,Tri-weekly,High
TRN-56577,Passenger,Guntakal-SEC-01,23:30,Weekly,High
TRN-77123,Passenger,Guntur-SEC-04,10:30,Daily,Medium
TRN-86661,Superfast,Guntakal-SEC-08,19:15,Daily,Low
TRN-75552,Passenger,Secunderabad-SEC-08,09:15,Daily,Medium
TRN-35163,Express,Vijayawada-SEC-02,05:00,Weekly,Medium
TRN-49580,Express,Vijayawada-SEC-06,13:00,Daily,Low
TRN-24308,MEMU,Vijayawada-SEC-04,07:15,Tri-weekly,High
TRN-37811,Passenger,Secunderabad-SEC-03,08:00,Tri-weekly,Medium
TRN-73367,Express,Hyderabad-SEC-01,09:15,Daily,Medium
TRN-41944,Superfast,Guntur-SEC-03,13:00,Tri-weekly,High
TRN-38627,Superfast,Guntakal-SEC-02,19:00,Weekly,Low
TRN-14669,MEMU,Vijayawada-SEC-08,18:15,Weekly,Medium
TRN-36408,Superfast,Guntur-SEC-07,04:00,Daily,Medium
TRN-41194,Superfast,Guntur-SEC-03,15:45,Daily,Medium
TRN-13427,Express,Hyderabad-SEC-03,04:45,Tri-weekly,Medium
TRN-98005,Express,Secunderabad-SEC-05,16:00,Daily,Medium
TRN-98434,Passenger,Hyderabad-SEC-06,08:15,Weekly,High
TRN-19535,Passenger,Guntakal-SEC-07,09:45,Daily,Medium
TRN-30527,Suburban,Guntur-SEC-02,19:15,Daily,Low
TRN-92353,Express,Secunderabad-SEC-05,22:00,Daily,Low
TRN-13766,Passenger,Hyderabad-SEC-05,02:45,Daily,Low
TRN-25158,Passenger,Hyderabad-SEC-02,05:45,Daily,Medium
TRN-83529,Suburban,Guntur-SEC-08,16:30,Daily,Medium
TRN-74128,Superfast,Secunderabad-SEC-08,04:00,Tri-weekly,Medium
TRN-59492,Passenger,Guntakal-SEC-01,09:00,Daily,High
TRN-79851,Passenger,Guntur-SEC-07,10:15,Daily,High
TRN-33715,MEMU,Hyderabad-SEC-03,03:00,Daily,Medium
TRN-34800,Passenger,Hyderabad-SEC-01,08:30,Daily,Medium
TRN-49924,Superfast,Secunderabad-SEC-03,14:00,Tri-weekly,Low
TRN-66541,Express,Secunderabad-SEC-06,06:00,Weekly,Medium
TRN-44379,Suburban,Guntur-SEC-08,09:00,Daily,High
TRN-85364,Superfast,Guntakal-SEC-02,06:00,Daily,Medium
TRN-86914,Express,Vijayawada-SEC-04,13:30,Daily,High
TRN-35569,MEMU,Hyderabad-SEC-06,04:45,Daily,Low
TRN-38611,Express,Secunderabad-SEC-03,19:30,Tri-weekly,Medium
TRN-30461,MEMU,Secunderabad-SEC-06,21:15,Daily,Low
TRN-29827,Superfast,Guntur-SEC-04,03:30,Daily,High
TRN-30625,Suburban,Hyderabad-SEC-03,15:30,Daily,Medium
TRN-38440,Suburban,Hyderabad-SEC-01,06:00,Daily,Medium
TRN-13774,Passenger,Guntur-SEC-08,00:15,Daily,Low
TRN-58424,MEMU,Hyderabad-SEC-03,02:30,Daily,Low
TRN-44959,Suburban,Vijayawada-SEC-02,20:45,Daily,Low
TRN-72758,Express,Secunderabad-SEC-07,17:45,Tri-weekly,Low
TRN-31270,Passenger,Guntakal-SEC-05,04:45,Tri-weekly,Medium
TRN-30062,Express,Guntur-SEC-01,17:30,Daily,Medium
TRN-29484,MEMU,Guntakal-SEC-07,21:45,Daily,Medium
TRN-16956,MEMU,Vijayawada-SEC-03,21:00,Daily,Low
TRN-20751,Express,Guntur-SEC-02,03:00,Daily,High
TRN-47972,Passenger,Secunderabad-SEC-07,15:00,Tri-weekly,Medium
TRN-16460,Passenger,Guntur-SEC-07,07:45,Daily,High
TRN-75480,Express,Guntur-SEC-06,23:00,Weekly,Medium
TRN-39817,Passenger,Guntur-SEC-07,01:00,Weekly,Medium
TRN-69174,Suburban,Hyderabad-SEC-06,10:00,Daily,Medium
TRN-43579,MEMU,Guntur-SEC-08,13:45,Daily,Medium
TRN-82014,Passenger,Secunderabad-SEC-04,12:30,Weekly,Low
TRN-50901,MEMU,Hyderabad-SEC-02,17:30,Daily,High
TRN-76464,Superfast,Guntakal-SEC-06,01:30,Daily,High
TRN-48392,Superfast,Guntakal-SEC-07,07:45,Daily,High
TRN-65258,MEMU,Guntakal-SEC-06,05:45,Weekly,Medium
TRN-51420,Passenger,Vijayawada-SEC-08,03:30,Tri-weekly,High
TRN-21615,Suburban,Guntur-SEC-06,17:15,Daily,Medium
TRN-13130,Passenger,Hyderabad-SEC-03,03:45,Tri-weekly,Medium
TRN-87312,Passenger,Guntakal-SEC-04,10:30,Daily,Medium
TRN-59357,Superfast,Secunderabad-SEC-01,09:30,Daily,Low
TRN-40966,Suburban,Hyderabad-SEC-04,05:45,Daily,Low
TRN-79535,Superfast,Vijayawada-SEC-04,06:30,Tri-weekly,Medium
TRN-20759,Express,Secunderabad-SEC-01,00:30,Tri-weekly,Medium
TRN-62820,Passenger,Guntur-SEC-07,05:30,Daily,High
TRN-81907,Express,Secunderabad-SEC-05,20:30,Daily,Low
TRN-24898,Express,Hyderabad-SEC-01,14:30,Daily,Medium
TRN-59216,Express,Guntur-SEC-06,03:15,Weekly,Medium
TRN-34126,Express,Guntur-SEC-06,20:15,Weekly,High
TRN-89919,Passenger,Secunderabad-SEC-07,03:15,Daily,High
TRN-35451,Express,Guntur-SEC-07,09:00,Daily,Low
TRN-92573,MEMU,Vijayawada-SEC-03,07:30,Daily,Medium
TRN-95872,Suburban,Guntur-SEC-04,07:15,Daily,Medium
TRN-90060,Passenger,Guntur-SEC-05,09:00,Daily,High
TRN-89747,Express,Guntakal-SEC-05,10:45,Daily,Medium
TRN-25262,Suburban,Guntakal-SEC-04,15:30,Tri-weekly,High
TRN-82938,Passenger,Vijayawada-SEC-04,08:15,Daily,Medium
TRN-54409,Express,Hyderabad-SEC-06,18:15,Daily,Medium
TRN-45535,Express,Guntur-SEC-04,17:30,Daily,Medium
TRN-70898,Superfast,Secunderabad-SEC-02,16:30,Weekly,Medium
TRN-28200,Superfast,Guntur-SEC-05,04:00,Daily,Medium
TRN-99605,Suburban,Secunderabad-SEC-05,09:00,Daily,Medium
TRN-23125,Superfast,Guntakal-SEC-01,01:45,Weekly,High
TRN-55031,Passenger,Secunderabad-SEC-08,16:30,Daily,Low
TRN-31611,Passenger,Vijayawada-SEC-03,03:45,Daily,Medium
TRN-95809,Passenger,Secunderabad-SEC-06,03:00,Daily,High
TRN-20712,Express,Hyderabad-SEC-04,20:30,Daily,High
TRN-42254,MEMU,Guntakal-SEC-08,18:30,Daily,Medium
TRN-65066,Express,Guntur-SEC-07,18:30,Weekly,Low
TRN-59208,Express,Secunderabad-SEC-07,14:45,Daily,High
TRN-99844,Passenger,Guntakal-SEC-06,07:15,Daily,Medium
TRN-18232,Superfast,Guntur-SEC-01,07:45,Tri-weekly,Medium
TRN-84503,Passenger,Vijayawada-SEC-06,13:30,Daily,Medium
TRN-33613,Superfast,Secunderabad-SEC-04,11:30,Daily,High
TRN-34473,Passenger,Hyderabad-SEC-06,05:45,Weekly,Medium
TRN-64360,MEMU,Guntakal-SEC-02,00:30,Tri-weekly,Medium
TRN-53229,Passenger,Vijayawada-SEC-08,23:00,Weekly,Medium
TRN-43325,Superfast,Secunderabad-SEC-01,23:45,Daily,Low
TRN-45359,MEMU,Guntur-SEC-07,13:30,Daily,Medium
TRN-40254,Suburban,Vijayawada-SEC-02,10:30,Daily,Medium
TRN-81635,Passenger,Hyderabad-SEC-01,12:30,Daily,High
TRN-61135,Passenger,Secunderabad-SEC-01,21:45,Daily,High
TRN-90776,Superfast,Guntur-SEC-08,21:30,Daily,Medium
TRN-40374,MEMU,Guntur-SEC-07,08:15,Daily,Medium
TRN-41228,Passenger,Vijayawada-SEC-02,17:15,Daily,Medium
TRN-90376,Express,Vijayawada-SEC-08,14:30,Tri-weekly,Medium
TRN-18498,Suburban,Guntur-SEC-07,11:15,Daily,Medium
TRN-89869,Passenger,Vijayawada-SEC-05,19:30,Daily,High
TRN-38536,Passenger,Guntur-SEC-02,12:00,Daily,High
TRN-29499,Express,Secunderabad-SEC-07,03:45,Daily,High
TRN-55785,Passenger,Guntakal-SEC-05,15:30,Tri-weekly,High
TRN-39737,Superfast,Guntur-SEC-04,20:00,Daily,High
TRN-32534,Passenger,Hyderabad-SEC-02,00:30,Daily,Medium
TRN-91955,Superfast,Hyderabad-SEC-08,20:15,Tri-weekly,High
TRN-38127,Superfast,Guntur-SEC-08,17:30,Daily,Low
TRN-36855,Passenger,Guntur-SEC-02,03:45,Tri-weekly,High
TRN-49314,Express,Guntur-SEC-06,11:00,Daily,Medium
TRN-82994,Superfast,Guntur-SEC-05,18:45,Daily,High
TRN-22984,Passenger,Secunderabad-SEC-04,04:15,Daily,Medium
TRN-92355,Superfast,Hyderabad-SEC-04,02:30,Weekly,Medium
TRN-93131,Express,Guntakal-SEC-04,06:00,Daily,High
TRN-49416,Express,Secunderabad-SEC-01,19:30,Daily,Medium
TRN-79305,Superfast,Guntakal-SEC-03,02:00,Daily,Low
TRN-64028,MEMU,Vijayawada-SEC-07,13:00,Daily,Low
TRN-20426,Suburban,Guntakal-SEC-01,01:30,Tri-weekly,High
TRN-58974,Express,Guntakal-SEC-07,14:15,Daily,Medium
TRN-26165,Express,Hyderabad-SEC-05,03:15,Daily,High
TRN-82157,Suburban,Vijayawada-SEC-01,19:45,Daily,Medium
TRN-26949,Passenger,Guntakal-SEC-06,09:00,Daily,High
TRN-16406,Passenger,Guntakal-SEC-07,04:00,Daily,Medium
TRN-61959,Passenger,Vijayawada-SEC-03,09:45,Weekly,Medium
TRN-21220,Suburban,Guntur-SEC-07,18:15,Daily,Medium
TRN-56066,Express,Secunderabad-SEC-05,07:45,Tri-weekly,Medium
TRN-81061,MEMU,Guntur-SEC-05,19:45,Weekly,Low
TRN-77111,Express,Hyderabad-SEC-04,15:30,Weekly,Low
TRN-38260,Superfast,Guntur-SEC-07,19:15,Daily,High
TRN-34271,MEMU,Guntakal-SEC-04,23:30,Daily,High
TRN-80827,Express,Guntakal-SEC-05,05:00,Weekly,High
TRN-79977,Express,Guntakal-SEC-01,13:00,Tri-weekly,Medium
TRN-37741,Express,Hyderabad-SEC-06,23:15,Daily,High
TRN-52406,Express,Guntakal-SEC-03,18:15,Daily,Medium
TRN-73917,Superfast,Vijayawada-SEC-01,23:30,Tri-weekly,High
TRN-82859,Passenger,Guntakal-SEC-02,03:45,Weekly,Low
TRN-19262,Superfast,Secunderabad-SEC-07,00:15,Daily,Low
TRN-71362,Suburban,Guntakal-SEC-02,00:15,Tri-weekly,Medium
TRN-82850,Passenger,Vijayawada-SEC-01,03:00,Daily,Medium
TRN-94770,Express,Guntakal-SEC-02,07:00,Daily,High
TRN-29220,Express,Hyderabad-SEC-05,03:15,Tri-weekly,High
TRN-19066,MEMU,Guntakal-SEC-03,02:30,Daily,Medium
TRN-20362,Suburban,Guntur-SEC-03,23:30,Daily,Low
TRN-53269,Suburban,Hyderabad-SEC-07,19:30,Daily,Low
TRN-20083,Passenger,Secunderabad-SEC-05,20:15,Daily,Low
TRN-40452,Passenger,Hyderabad-SEC-07,07:00,Daily,Low
TRN-37240,MEMU,Hyderabad-SEC-02,20:15,Daily,Medium
TRN-72690,MEMU,Guntur-SEC-02,07:30,Tri-weekly,High
TRN-23651,MEMU,Guntur-SEC-04,05:30,Tri-weekly,Medium
TRN-31809,Passenger,Vijayawada-SEC-07,18:00,Daily,Low
TRN-72310,Express,Guntur-SEC-05,23:15,Tri-weekly,Medium
TRN-15292,Passenger,Secunderabad-SEC-01,07:45,Daily,Medium
TRN-45279,Express,Guntakal-SEC-07,21:30,Weekly,Medium
TRN-18466,Passenger,Guntur-SEC-01,21:45,Daily,Medium
TRN-30583,MEMU,Guntur-SEC-08,22:30,Daily,Low
TRN-53523,Passenger,Vijayawada-SEC-06,20:45,Daily,High
TRN-19483,Express,Guntakal-SEC-01,18:15,Tri-weekly,Medium
TRN-11634,Passenger,Secunderabad-SEC-01,06:15,Daily,Medium
TRN-36392,MEMU,Vijayawada-SEC-01,21:15,Daily,Low
TRN-87788,Express,Guntakal-SEC-08,12:45,Tri-weekly,Low
TRN-82009,Superfast,Secunderabad-SEC-03,12:45,Daily,Medium
TRN-63291,Suburban,Hyderabad-SEC-08,08:00,Tri-weekly,Medium
TRN-22323,Passenger,Guntur-SEC-03,11:00,Daily,Medium
TRN-78909,Suburban,Vijayawada-SEC-07,01:00,Daily,Low
TRN-44973,Suburban,Guntakal-SEC-02,18:15,Tri-weekly,Medium
TRN-32471,MEMU,Secunderabad-SEC-03,15:30,Tri-weekly,Medium
TRN-73946,Express,Vijayawada-SEC-02,17:00,Weekly,Medium
TRN-10481,Express,Guntakal-SEC-02,00:00,Tri-weekly,Medium
TRN-16605,Passenger,Hyderabad-SEC-02,18:45,Daily,Low
TRN-27608,Passenger,Guntur-SEC-04,08:45,Weekly,High
TRN-78606,MEMU,Secunderabad-SEC-08,12:45,Daily,High
TRN-69482,Superfast,Hyderabad-SEC-01,13:45,Weekly,Medium
TRN-34604,Superfast,Guntakal-SEC-03,16:30,Tri-weekly,Medium
TRN-51400,Superfast,Vijayawada-SEC-01,21:15,Daily,Low
TRN-69989,Superfast,Guntur-SEC-02,01:30,Daily,Medium
TRN-13104,Passenger,Guntakal-SEC-05,14:30,Daily,Medium
TRN-33540,Passenger,Guntakal-SEC-04,09:45,Daily,Medium
TRN-14971,Passenger,Vijayawada-SEC-08,15:30,Tri-weekly,High
TRN-77961,Express,Secunderabad-SEC-01,21:15,Daily,Medium
TRN-72736,Superfast,Secunderabad-SEC-04,14:45,Daily,Low
TRN-17606,Passenger,Vijayawada-SEC-08,04:15,Daily,High
TRN-30810,Passenger,Guntakal-SEC-08,23:30,Daily,High
TRN-14845,Passenger,Vijayawada-SEC-08,22:15,Daily,Low
TRN-79579,Superfast,Guntakal-SEC-03,04:45,Daily,Low
TRN-29542,Express,Vijayawada-SEC-03,01:00,Daily,Medium
TRN-20305,Superfast,Hyderabad-SEC-08,20:00,Tri-weekly,High
TRN-76979,Express,Guntakal-SEC-06,12:45,Daily,High
TRN-87571,Superfast,Vijayawada-SEC-01,22:15,Tri-weekly,Medium
TRN-61637,Express,Guntur-SEC-07,22:45,Daily,High
TRN-26005,Superfast,Hyderabad-SEC-06,23:00,Daily,Medium
TRN-73676,MEMU,Secunderabad-SEC-08,16:15,Daily,Low
TRN-93713,Superfast,Vijayawada-SEC-05,03:45,Tri-weekly,Medium
TRN-79567,Express,Guntakal-SEC-02,07:30,Daily,Medium
TRN-98519,Superfast,Guntakal-SEC-08,20:45,Tri-weekly,Low
TRN-28644,Suburban,Guntakal-SEC-08,02:30,Daily,Medium
TRN-49694,Express,Guntakal-SEC-01,10:15,Daily,High
TRN-95742,Express,Guntur-SEC-03,07:45,Daily,Medium
TRN-35522,MEMU,Guntakal-SEC-04,00:15,Daily,Medium
TRN-57270,Superfast,Guntakal-SEC-08,10:30,Daily,Medium
TRN-12075,MEMU,Secunderabad-SEC-01,22:30,Daily,Medium
TRN-28630,Superfast,Guntakal-SEC-03,04:00,Tri-weekly,Medium
TRN-16202,Passenger,Vijayawada-SEC-08,19:45,Daily,Low
TRN-12891,Superfast,Secunderabad-SEC-06,01:45,Weekly,Medium
TRN-10567,Superfast,Secunderabad-SEC-06,22:15,Daily,High
TRN-39331,Superfast,Vijayawada-SEC-03,07:30,Daily,Medium
TRN-53905,MEMU,Guntakal-SEC-01,10:15,Daily,Medium
TRN-32569,MEMU,Guntur-SEC-01,15:30,Daily,Medium
TRN-60167,Passenger,Hyderabad-SEC-01,05:30,Weekly,High
TRN-80443,Express,Vijayawada-SEC-07,19:45,Tri-weekly,High
TRN-87138,Superfast,Guntur-SEC-04,23:00,Daily,High
TRN-20398,Superfast,Guntur-SEC-06,18:15,Daily,Low
TRN-19140,Superfast,Guntakal-SEC-07,20:00,Daily,High
TRN-58544,MEMU,Hyderabad-SEC-02,02:45,Daily,Low
TRN-18261,Superfast,Hyderabad-SEC-05,22:30,Tri-weekly,Medium
TRN-90877,Express,Vijayawada-SEC-05,20:15,Daily,High
TRN-46060,Express,Guntakal-SEC-08,07:30,Daily,Medium
TRN-99472,Superfast,Secunderabad-SEC-06,10:15,Daily,High
TRN-92026,Express,Guntur-SEC-03,08:45,Daily,Medium
TRN-98635,Suburban,Hyderabad-SEC-06,18:15,Daily,Medium
TRN-89310,Superfast,Hyderabad-SEC-08,20:45,Tri-weekly,Low
TRN-90992,MEMU,Hyderabad-SEC-06,13:15,Daily,Medium
TRN-65224,Express,Hyderabad-SEC-01,00:00,Daily,Medium
TRN-68466,Passenger,Vijayawada-SEC-05,01:00,Daily,Low
TRN-50231,Superfast,Vijayawada-SEC-03,23:30,Daily,Medium
TRN-57645,Express,Hyderabad-SEC-03,02:15,Daily,High
TRN-80347,Passenger,Guntur-SEC-02,23:00,Daily,Medium
TRN-66852,Express,Hyderabad-SEC-07,14:15,Daily,High
TRN-26925,Express,Guntur-SEC-02,13:00,Daily,High
TRN-33676,Express,Guntur-SEC-03,11:00,Daily,High
TRN-22690,Passenger,Secunderabad-SEC-01,23:15,Tri-weekly,Medium
TRN-75532,Express,Hyderabad-SEC-08,15:00,Daily,Low
TRN-44309,Passenger,Vijayawada-SEC-06,16:45,Daily,High
TRN-48943,MEMU,Vijayawada-SEC-02,01:45,Daily,Medium
TRN-19954,Express,Vijayawada-SEC-05,11:30,Tri-weekly,High
TRN-96249,Passenger,Hyderabad-SEC-07,09:00,Daily,Low
TRN-11677,MEMU,Secunderabad-SEC-08,16:45,Daily,Medium
TRN-18556,Suburban,Secunderabad-SEC-03,19:15,Tri-weekly,Low
TRN-33700,Express,Guntakal-SEC-08,19:15,Daily,Medium
TRN-75271,MEMU,Hyderabad-SEC-02,09:00,Daily,High
TRN-41776,Passenger,Vijayawada-SEC-08,08:00,Tri-weekly,High
TRN-13369,Passenger,Vijayawada-SEC-01,16:45,Daily,High
TRN-65440,Express,Vijayawada-SEC-05,06:15,Tri-weekly,Low
TRN-63839,Superfast,Hyderabad-SEC-06,05:00,Tri-weekly,Medium
TRN-92006,Suburban,Secunderabad-SEC-03,12:30,Daily,Medium
TRN-40937,Passenger,Secunderabad-SEC-05,04:45,Tri-weekly,Medium
TRN-11102,MEMU,Secunderabad-SEC-02,10:15,Daily,Medium
TRN-36230,Suburban,Secunderabad-SEC-02,21:30,Tri-weekly,High
TRN-80302,Passenger,Guntur-SEC-07,07:00,Daily,Medium
TRN-56051,Express,Guntur-SEC-06,14:30,Daily,Medium
TRN-95767,Suburban,Secunderabad-SEC-03,18:30,Weekly,High
TRN-42472,Superfast,Vijayawada-SEC-05,05:30,Weekly,High
TRN-78968,Superfast,Guntakal-SEC-05,00:45,Tri-weekly,Low
TRN-44835,Express,Vijayawada-SEC-08,06:00,Daily,High
TRN-61597,MEMU,Vijayawada-SEC-04,15:00,Daily,Medium
TRN-81693,MEMU,Hyderabad-SEC-04,11:45,Daily,Medium
TRN-75571,Superfast,Hyderabad-SEC-07,05:45,Daily,Medium
TRN-23520,Superfast,Vijayawada-SEC-02,15:00,Daily,High
TRN-75116,MEMU,Secunderabad-SEC-04,12:15,Daily,Medium
TRN-54145,Passenger,Guntakal-SEC-05,10:30,Daily,High
TRN-80529,Suburban,Secunderabad-SEC-06,08:15,Daily,Low
TRN-93619,Express,Guntakal-SEC-05,00:30,Daily,High
TRN-14417,Passenger,Guntakal-SEC-07,16:00,Daily,High
TRN-55128,Superfast,Secunderabad-SEC-07,21:00,Daily,Medium
TRN-23337,Superfast,Guntakal-SEC-04,23:15,Daily,Low
TRN-79177,Superfast,Hyderabad-SEC-01,22:00,Daily,Medium
TRN-56730,Suburban,Guntur-SEC-02,22:15,Daily,Medium
TRN-45749,Passenger,Vijayawada-SEC-02,12:15,Daily,Medium
TRN-83034,Passenger,Hyderabad-SEC-04,05:30,Daily,Medium
TRN-75382,Passenger,Guntakal-SEC-05,17:30,Daily,High
TRN-12938,Passenger,Secunderabad-SEC-03,03:00,Weekly,Medium
TRN-74770,Passenger,Guntakal-SEC-04,21:45,Daily,High
TRN-71074,Superfast,Vijayawada-SEC-04,01:15,Daily,Medium
TRN-68041,Superfast,Guntakal-SEC-06,11:30,Daily,High
TRN-60079,MEMU,Vijayawada-SEC-07,03:15,Daily,High
TRN-33454,Express,Guntur-SEC-02,05:30,Daily,Medium
TRN-85289,Express,Vijayawada-SEC-07,17:45,Daily,Medium
TRN-42733,Passenger,Hyderabad-SEC-06,06:45,Weekly,Medium
TRN-38397,Suburban,Vijayawada-SEC-01,15:30,Daily,Low
TRN-13045,Express,Guntakal-SEC-05,16:45,Daily,Low
TRN-71069,Passenger,Hyderabad-SEC-02,18:30,Weekly,Medium
TRN-44097,Passenger,Guntakal-SEC-04,20:00,Weekly,High
TRN-38614,Express,Vijayawada-SEC-06,08:00,Tri-weekly,High
TRN-81198,Superfast,Guntur-SEC-03,22:15,Daily,Medium
TRN-10804,Superfast,Guntur-SEC-02,14:15,Daily,Medium
TRN-54631,Express,Guntakal-SEC-02,14:30,Daily,High
TRN-63652,Express,Guntur-SEC-07,10:00,Daily,Medium
TRN-68435,Passenger,Secunderabad-SEC-03,08:45,Daily,Low
TRN-33117,Superfast,Vijayawada-SEC-01,07:45,Daily,Medium
TRN-77977,MEMU,Guntakal-SEC-08,15:45,Daily,High
TRN-91057,Express,Hyderabad-SEC-08,13:30,Tri-weekly,Medium
TRN-20698,Passenger,Secunderabad-SEC-04,19:30,Daily,Medium
TRN-65373,Passenger,Guntakal-SEC-01,23:00,Daily,Medium
TRN-54068,Express,Hyderabad-SEC-02,18:45,Tri-weekly,Medium
TRN-43384,Superfast,Guntur-SEC-04,00:00,Daily,High
TRN-23898,Superfast,Hyderabad-SEC-03,07:30,Daily,Medium
TRN-13209,Superfast,Guntur-SEC-07,01:45,Daily,Medium
TRN-95834,Express,Guntakal-SEC-01,11:15,Tri-weekly,Medium
TRN-72898,Passenger,Vijayawada-SEC-05,08:00,Daily,Medium
TRN-17753,Express,Secunderabad-SEC-06,04:00,Daily,High
TRN-17193,MEMU,Hyderabad-SEC-02,01:00,Daily,Medium
TRN-24001,Suburban,Guntakal-SEC-07,06:45,Tri-weekly,High
TRN-65520,Suburban,Guntur-SEC-03,00:00,Daily,Medium
TRN-78434,Express,Guntakal-SEC-02,10:45,Daily,Medium
TRN-48589,Passenger,Guntakal-SEC-01,04:00,Daily,Medium
TRN-83559,MEMU,Vijayawada-SEC-01,21:00,Daily,Low
TRN-12852,Express,Guntur-SEC-04,11:30,Daily,Low
TRN-32815,Express,Guntakal-SEC-03,16:00,Weekly,High
TRN-18225,MEMU,Guntur-SEC-06,03:45,Daily,Medium
TRN-11975,Express,Guntur-SEC-03,14:15,Tri-weekly,Low
TRN-68224,Superfast,Guntakal-SEC-04,03:30,Daily,Medium
TRN-97808,MEMU,Vijayawada-SEC-06,16:15,Daily,High
TRN-62390,Suburban,Vijayawada-SEC-08,11:30,Daily,High
TRN-70044,MEMU,Hyderabad-SEC-04,10:30,Daily,High
TRN-61136,MEMU,Hyderabad-SEC-05,07:30,Weekly,High
TRN-88220,Express,Secunderabad-SEC-02,21:15,Daily,Medium
TRN-65173,Express,Guntur-SEC-07,08:15,Daily,Low
TRN-25720,Passenger,Guntur-SEC-07,05:15,Daily,Medium
TRN-33785,Express,Hyderabad-SEC-01,10:00,Daily,Medium
TRN-24299,Express,Secunderabad-SEC-01,19:00,Daily,Medium
TRN-23389,Express,Hyderabad-SEC-06,21:00,Daily,High
TRN-82985,Superfast,Vijayawada-SEC-07,18:30,Daily,High
TRN-10113,Passenger,Vijayawada-SEC-06,19:00,Daily,Medium
TRN-87977,Express,Secunderabad-SEC-05,17:45,Daily,High
TRN-92540,Passenger,Guntakal-SEC-05,01:30,Daily,High
TRN-62401,Passenger,Secunderabad-SEC-03,05:30,Daily,Medium
TRN-29508,Passenger,Vijayawada-SEC-06,19:45,Daily,Medium
TRN-94373,Passenger,Hyderabad-SEC-01,07:00,Daily,High
TRN-35809,Suburban,Vijayawada-SEC-06,16:15,Daily,High
TRN-60323,Passenger,Secunderabad-SEC-03,02:15,Tri-weekly,Medium
TRN-32682,Passenger,Vijayawada-SEC-03,04:45,Daily,Medium
TRN-22867,Express,Secunderabad-SEC-05,19:30,Daily,Low
TRN-29629,Superfast,Guntur-SEC-01,04:45,Daily,Medium
TRN-50357,Passenger,Vijayawada-SEC-06,02:30,Tri-weekly,Medium
TRN-36124,Passenger,Secunderabad-SEC-03,09:15,Weekly,Medium
TRN-71876,Express,Guntur-SEC-04,17:00,Daily,High
TRN-61435,Suburban,Hyderabad-SEC-03,23:45,Daily,High
TRN-58481,Express,Guntakal-SEC-08,00:00,Daily,Medium
TRN-24414,Passenger,Secunderabad-SEC-06,09:00,Tri-weekly,Low
TRN-42111,Passenger,Secunderabad-SEC-06,22:00,Daily,Medium
TRN-40652,Express,Secunderabad-SEC-06,06:45,Tri-weekly,Low
TRN-85104,Superfast,Hyderabad-SEC-06,20:45,Daily,High
TRN-81020,Passenger,Secunderabad-SEC-07,01:00,Tri-weekly,Low
TRN-32842,Superfast,Hyderabad-SEC-01,10:00,Daily,Medium
TRN-87011,Passenger,Vijayawada-SEC-02,03:45,Tri-weekly,Medium
TRN-78862,Passenger,Vijayawada-SEC-07,17:15,Daily,Medium
TRN-95438,Express,Guntur-SEC-04,02:45,Daily,High
TRN-52861,Express,Guntur-SEC-03,00:30,Weekly,Low
TRN-63216,Passenger,Hyderabad-SEC-08,00:45,Daily,Low
TRN-12660,Passenger,Guntakal-SEC-01,00:45,Daily,Low
TRN-61834,Passenger,Guntur-SEC-06,00:00,Weekly,Medium
TRN-59170,MEMU,Guntakal-SEC-04,21:45,Daily,Medium
TRN-67067,Passenger,Guntakal-SEC-07,01:45,Daily,Medium
TRN-81214,Suburban,Hyderabad-SEC-05,23:15,Tri-weekly,Medium
TRN-61484,Express,Guntakal-SEC-05,18:15,Daily,High
TRN-86938,Express,Guntur-SEC-05,01:45,Daily,Medium
TRN-48750,Express,Secunderabad-SEC-08,03:45,Tri-weekly,High
TRN-69801,Passenger,Vijayawada-SEC-05,09:15,Daily,Medium
TRN-16196,Superfast,Guntur-SEC-05,06:00,Daily,Medium
TRN-99341,Superfast,Secunderabad-SEC-01,05:45,Daily,Medium
TRN-77271,Suburban,Guntakal-SEC-07,08:00,Weekly,Medium
TRN-87315,Express,Guntur-SEC-02,19:00,Tri-weekly,High
TRN-50909,Express,Secunderabad-SEC-08,01:00,Daily,High
TRN-50621,Superfast,Hyderabad-SEC-05,06:00,Tri-weekly,High
TRN-72510,Express,Guntur-SEC-04,11:00,Tri-weekly,Medium
TRN-68162,MEMU,Secunderabad-SEC-06,06:45,Daily,Medium
TRN-68000,MEMU,Hyderabad-SEC-07,10:15,Daily,Low
TRN-60088,Superfast,Secunderabad-SEC-04,12:15,Daily,High
TRN-93426,MEMU,Hyderabad-SEC-02,02:45,Tri-weekly,High
TRN-99210,Express,Guntur-SEC-08,03:15,Daily,Medium
TRN-37899,Passenger,Vijayawada-SEC-03,10:00,Daily,High
TRN-33983,Superfast,Secunderabad-SEC-08,05:00,Daily,Medium
TRN-50719,Passenger,Vijayawada-SEC-03,18:00,Tri-weekly,Medium
TRN-22238,Express,Guntakal-SEC-05,09:15,Daily,Medium
TRN-46193,Express,Guntakal-SEC-07,20:30,Daily,High
TRN-71146,Express,Hyderabad-SEC-08,05:15,Daily,Medium
TRN-13892,Superfast,Secunderabad-SEC-08,00:30,Tri-weekly,Medium
TRN-16898,Superfast,Hyderabad-SEC-07,22:30,Tri-weekly,Medium
TRN-38037,Express,Secunderabad-SEC-06,12:45,Daily,High
TRN-77240,Passenger,Secunderabad-SEC-07,23:00,Daily,Medium
TRN-72567,Passenger,Vijayawada-SEC-06,09:15,Tri-weekly,Medium
TRN-10793,MEMU,Secunderabad-SEC-05,11:30,Tri-weekly,Medium
TRN-63727,Passenger,Secunderabad-SEC-07,14:30,Daily,Medium
TRN-52745,Suburban,Secunderabad-SEC-03,03:45,Daily,Low
TRN-14643,Express,Secunderabad-SEC-01,00:45,Daily,Medium
TRN-29505,Passenger,Secunderabad-SEC-07,05:15,Daily,Medium
TRN-87807,Passenger,Guntur-SEC-01,03:00,Daily,Medium
TRN-75765,Passenger,Guntakal-SEC-03,04:15,Daily,Medium
TRN-50317,Superfast,Hyderabad-SEC-05,22:00,Daily,Medium
TRN-51007,MEMU,Vijayawada-SEC-05,00:15,Daily,High
TRN-16620,Superfast,Vijayawada-SEC-04,07:15,Tri-weekly,Medium
TRN-92569,Passenger,Vijayawada-SEC-03,08:15,Weekly,Medium
TRN-20989,MEMU,Vijayawada-SEC-02,04:00,Tri-weekly,Medium
TRN-81069,Superfast,Secunderabad-SEC-07,01:00,Daily,Low
TRN-39694,Superfast,Guntur-SEC-01,13:30,Daily,Low
TRN-22805,Passenger,Guntakal-SEC-02,01:00,Daily,Medium
TRN-87682,Passenger,Hyderabad-SEC-04,12:00,Daily,High
TRN-73031,Superfast,Guntakal-SEC-04,08:45,Daily,Medium
TRN-91103,Passenger,Guntakal-SEC-06,05:15,Daily,Medium
TRN-40038,Passenger,Hyderabad-SEC-03,18:45,Daily,Medium
TRN-20803,Superfast,Secunderabad-SEC-04,14:45,Daily,Medium
TRN-19564,Superfast,Hyderabad-SEC-04,14:00,Daily,Low
TRN-54051,Express,Guntakal-SEC-07,01:45,Daily,Medium
TRN-46272,Express,Guntur-SEC-04,14:30,Daily,Medium
TRN-92325,Superfast,Guntakal-SEC-07,20:00,Tri-weekly,High
TRN-37413,MEMU,Vijayawada-SEC-01,20:30,Weekly,Medium
TRN-25090,Express,Hyderabad-SEC-03,20:30,Daily,Medium
TRN-65107,Passenger,Hyderabad-SEC-01,20:00,Tri-weekly,Medium
TRN-97280,Passenger,Guntakal-SEC-08,05:00,Daily,Medium
TRN-94383,Express,Hyderabad-SEC-05,18:15,Daily,Medium
TRN-37080,Suburban,Guntakal-SEC-02,12:30,Weekly,Medium
TRN-78928,Express,Guntakal-SEC-08,13:00,Daily,Medium
TRN-22277,MEMU,Hyderabad-SEC-08,14:45,Daily,Medium
TRN-81407,Superfast,Secunderabad-SEC-08,00:15,Daily,Medium
TRN-53622,MEMU,Vijayawada-SEC-04,17:15,Daily,High
TRN-69868,Passenger,Vijayawada-SEC-08,02:00,Daily,Low
TRN-34148,MEMU,Vijayawada-SEC-03,10:30,Daily,Low
TRN-69515,MEMU,Guntur-SEC-01,11:15,Daily,Low
TRN-63319,Passenger,Guntur-SEC-01,01:15,Tri-weekly,Medium
TRN-96631,MEMU,Hyderabad-SEC-01,02:00,Daily,Low
TRN-67889,Express,Secunderabad-SEC-04,21:45,Daily,Medium
TRN-87279,MEMU,Guntakal-SEC-08,11:45,Tri-weekly,High
TRN-31610,Passenger,Guntakal-SEC-01,23:00,Tri-weekly,High
TRN-63553,Passenger,Guntur-SEC-03,02:15,Tri-weekly,Low
TRN-30867,Passenger,Guntur-SEC-01,10:45,Tri-weekly,Medium
TRN-33351,Express,Hyderabad-SEC-07,13:45,Tri-weekly,Medium
TRN-15665,Passenger,Hyderabad-SEC-08,14:45,Daily,Medium
TRN-84748,Passenger,Guntur-SEC-08,16:15,Daily,Low
TRN-89391,Express,Vijayawada-SEC-02,22:30,Daily,Low
TRN-32321,Passenger,Guntakal-SEC-08,15:00,Daily,Medium
TRN-66105,Passenger,Vijayawada-SEC-04,17:15,Tri-weekly,Medium
TRN-57313,Passenger,Guntakal-SEC-06,02:30,Daily,Medium
TRN-87948,Suburban,Secunderabad-SEC-05,08:15,Weekly,Low
TRN-41066,Passenger,Vijayawada-SEC-07,05:00,Daily,Medium
TRN-97116,Express,Guntakal-SEC-08,21:15,Daily,Low
TRN-97640,MEMU,Guntakal-SEC-08,08:15,Daily,High
TRN-32732,Passenger,Guntur-SEC-08,03:00,Daily,High
TRN-97363,Superfast,Guntur-SEC-04,19:45,Daily,Medium
TRN-26411,Superfast,Guntur-SEC-07,03:45,Daily,Low
TRN-77763,Superfast,Secunderabad-SEC-03,19:45,Daily,Low
TRN-71669,Passenger,Vijayawada-SEC-08,20:15,Daily,Medium
TRN-18404,Passenger,Guntakal-SEC-08,01:00,Daily,Medium
TRN-11035,Express,Secunderabad-SEC-04,00:45,Weekly,Low
TRN-59341,Express,Hyderabad-SEC-07,16:30,Daily,High
TRN-51929,Superfast,Guntur-SEC-02,02:30,Daily,Low
TRN-92415,MEMU,Hyderabad-SEC-07,06:30,Daily,Medium
TRN-72226,Express,Vijayawada-SEC-08,17:30,Daily,Medium
TRN-21459,MEMU,Secunderabad-SEC-02,07:15,Daily,High
TRN-15675,Passenger,Vijayawada-SEC-02,12:00,Tri-weekly,Medium
TRN-45827,MEMU,Secunderabad-SEC-06,15:45,Tri-weekly,Medium
TRN-49112,MEMU,Guntur-SEC-08,00:30,Weekly,High
TRN-11215,Passenger,Secunderabad-SEC-03,20:00,Weekly,High
TRN-34259,Superfast,Vijayawada-SEC-02,13:00,Daily,High
TRN-80268,MEMU,Hyderabad-SEC-08,19:00,Daily,Low
TRN-31395,MEMU,Hyderabad-SEC-07,01:00,Daily,Low
TRN-50459,Passenger,Guntur-SEC-03,07:30,Daily,Medium
TRN-48476,Superfast,Guntakal-SEC-01,01:45,Tri-weekly,Medium
TRN-18204,Express,Hyderabad-SEC-07,04:15,Weekly,Medium
TRN-64191,Passenger,Guntakal-SEC-05,04:00,Weekly,Low
TRN-65066,Express,Vijayawada-SEC-08,10:15,Weekly,Low
TRN-54927,Express,Hyderabad-SEC-01,06:45,Daily,Low
TRN-65535,Superfast,Guntakal-SEC-04,09:00,Daily,High
TRN-77789,Superfast,Guntakal-SEC-05,23:30,Tri-weekly,Medium
TRN-94783,Passenger,Guntakal-SEC-02,15:00,Daily,High
TRN-32375,Passenger,Secunderabad-SEC-07,15:30,Daily,Medium
TRN-57975,Superfast,Hyderabad-SEC-03,02:30,Daily,High
TRN-69670,Passenger,Secunderabad-SEC-06,20:30,Daily,High
TRN-94003,Suburban,Secunderabad-SEC-02,03:45,Daily,Medium
TRN-65159,Passenger,Secunderabad-SEC-06,03:15,Daily,High
TRN-53167,Superfast,Hyderabad-SEC-02,16:15,Daily,High
